"template_id","segment_id","lifecycle_stage","goal_id","theme","message_title_en","message_title_hi","message_body_en","message_body_hi","cta_text_en","cta_text_hi","tone_used","hook_type","feature_reference","iteration"
"Inactive_Socialite_Day_1_Unpredictability_T1","0","inactive","Day 1","Unpredictability","Your Rank Awaits! See Where You Stand.","Aapka rank wait kar raha hai! Dekho kahan ho.","Check the leaderboards now to see your latest position and progress.","Leaderboard par apna latest position aur progress check karo.","Check My Rank","Rank Dekho","Encouraging","leaderboards_social","leaderboards","0"
"Inactive_Socialite_Day_1_Unpredictability_T2","0","inactive","Day 1","Unpredictability","Challenge Accepted? See Your Rivals!","Challenge accept kiya? Rivals dekho!","Friends are climbing the ranks. Find out if you're still ahead!","Friends ranks climb kar rahe hain. Dekho kya tum abhi bhi aage ho!","View Leaderboard","Leaderboard Dekho","Motivational","leaderboards_social","leaderboards","0"
"Inactive_Socialite_Day_1_Unpredictability_T3","0","inactive","Day 1","Unpredictability","Guess Who's Topping The Charts?","Guess karo top par kaun hai?","Your friends are active! See if your position has shifted on the global leaderboard.","Tumhare friends active hain! Dekho kya tumhari position badli hai.","Reveal Rankings","Rankings Dekho","Friendly","leaderboards_social","leaderboards","0"
"Inactive_Socialite_Day_1_Unpredictability_T4","0","inactive","Day 1","Unpredictability","Friends Are Competing! Join The Fun.","Friends compete kar rahe hain! Masti mein join karo.","Others are making progress. Don't miss out on seeing your current standing!","Sab progress kar rahe hain. Apna current standing dekhna miss mat karo!","See Friend Ranks","Friends Ke Ranks Dekho","Celebratory","leaderboards_social","leaderboards","0"
"Inactive_Socialite_Day_1_Unpredictability_T5","0","inactive","Day 1","Unpredictability","Rank Update: See Your New Position!","Rank Update: Apni nayi position dekho!","Quickly check your global leaderboard standing. Your progress matters!","Jaldi se apna global leaderboard standing check karo. Tumhara progress important hai!","Check My Spot","Apna Spot Dekho","Supportive","leaderboards_social","leaderboards","0"
"Inactive_Socialite_Day_7_Unpredictability_T1","0","inactive","Day 7","Unpredictability","Unlock Your First Achievement Badge!","Apna Pehla Achievement Badge Unlock Karo!","Complete a quick challenge today and earn a special badge. Share your success!","Aaj ek quick challenge complete karo aur special badge paao. Apni success share karo!","Start Challenge","Challenge Shuru Karo","Motivational","badges_achievements","badges_achievements","0"
"Inactive_Socialite_Day_7_Unpredictability_T2","0","inactive","Day 7","Unpredictability","A Mystery Badge Awaits!","Ek Mystery Badge Wait Kar Raha Hai!","Dive back in! Complete a fun challenge to discover your next achievement and share it with friends.","Wapas aao! Ek fun challenge complete karo aur apna naya achievement dekho, friends ke saath share bhi karo.","Discover Now","Abhi Dekho","Friendly","badges_achievements","badges_achievements","0"
"Inactive_Socialite_Day_7_Unpredictability_T3","0","inactive","Day 7","Unpredictability","Curious About Your Next Badge?","Apne Next Badge Ke Baare Mein Curious Ho?","A quick challenge holds the key to a new achievement. Earn it and show off to your friends!","Ek quick challenge mein tumhara naya achievement chhupa hai. Jeeto aur friends ko dikhao!","Find Out Now","Abhi Pata Karo","Encouraging","badges_achievements","badges_achievements","0"
"Inactive_Socialite_Day_7_Unpredictability_T4","0","inactive","Day 7","Unpredictability","Don't Miss Out: Earn Your Unique Badge!","Miss Mat Karo: Apna Unique Badge Jeeto!","Your friends are earning awesome badges. Complete a challenge, get yours, and share the celebration!","Tumhare friends kamaal ke badges jeet rahe hain. Challenge complete karo, apna paao, aur celebrate karo!","Join The Fun","Maza Lo","Celebratory","badges_achievements","badges_achievements","0"
"Inactive_Socialite_Day_7_Unpredictability_T5","0","inactive","Day 7","Unpredictability","New Challenge, Surprise Badge!","Naya Challenge, Surprise Badge!","Quick practice equals a cool achievement. Share your win!","Quick practice se milega cool achievement. Apni jeet share karo!","Practice & Earn","Practice Karo","Supportive","badges_achievements","badges_achievements","0"
"Inactive_Socialite_Day_14_Unpredictability_T1","0","inactive","Day 14","Unpredictability","Unlock Daily Rewards!","Roz ke rewards paao!","Chat with Sia to earn coins & keep your streak alive.","Sia se chat karo, coins jeeto aur streak maintain karo.","Chat Now","Abhi Chat Karo","Friendly","coins_economy","sia_chat","0"
"Inactive_Socialite_Day_14_Unpredictability_T2","0","inactive","Day 14","Unpredictability","Don't Break Your Streak!","Apna streak mat todo!","A quick chat with Sia keeps it going & brings a delightful surprise.","Ek quick chat ise banaye rakhega aur ek delightful surprise dega.","Continue Streak","Streak Banao","Encouraging","streak_system","sia_chat","0"
"In'active_Socialite_Day_14_Unpredictability_T3","0","inactive","Day 14","Unpredictability","What's Sia Chatting About?","Sia aaj kya baat kar rahi hai?","Discover new topics, earn coins, and maintain your amazing streak today!","Naye topics discover karo, coins kamao aur apna amazing streak rakho!","Explore Now","Abhi Explore Karo","Motivational","discovery","sia_chat","0"
"Inactive_Socialite_Day_14_Unpredictability_T4","0","inactive","Day 14","Unpredictability","See What You're Missing!","Dekho kya miss kar rahe ho!","Everyone's enjoying fun chats with Sia and claiming their daily mystery rewards.","Sab Sia ke fun chats enjoy kar rahe hain aur daily mystery rewards pa rahe hain.","Join The Fun","Fun Join Karo","Celebratory","rewards_system","sia_chat","0"
"Inactive_Socialite_Day_14_Unpredictability_T5","0","inactive","Day 14","Unpredictability","Sia's Waiting For You!","Sia aapka intezaar kar rahi hai!","Quick chat, earn coins, and keep your streak. Unexpected fun awaits!","Quick chat karo, coins kamao, streak rakho. Unexpected fun wait kar raha hai!","Chat With Sia","Sia Se Chat Karo","Supportive","ai_tutor_sia","sia_chat","0"
"Inactive_Socialite_Day_30_Unpredictability_T1","0","inactive","Day 30","Unpredictability","Level Up Your Speaking Skills Today!","Apni English Improve Karo, Abhi!","Challenge Sia, our AI Tutor, with new conversation scenarios and climb the leaderboards.","Sia AI Tutor ke saath naye scenarios mein baat karo aur leaderboards mein top pe aao.","Start AI Challenge","Challenge Lo","Motivational","nan","ai_tutor","0"
"Inactive_Socialite_Day_30_Unpredictability_T2","0","inactive","Day 30","Unpredictability","Conquer Your Speaking Fears with Sia!","English Bolne Ka Dar Khatam Karo!","Our AI Tutor helps you practice real conversations, build confidence, and shine socially.","Sia AI Tutor se baat karke confidence badhao, naye scenarios mein practice karo.","Practice Confidently","Abhi Practice Karein","Empathetic","nan","ai_tutor","0"
"Inactive_Socialite_Day_30_Unpredictability_T3","0","inactive","Day 30","Unpredictability","Ready for a New AI Conversation Challenge?","Naye AI Challenge ke liye Ready Ho?","See how high you can climb the leaderboards by refining your speaking skills with Sia.","Sia ke saath apni speaking skills refine karo aur dekho leaderboards mein kahan ho.","Discover Your Rank","Apna Rank Dekho","Friendly","nan","ai_tutor","0"
"Inactive_Socialite_Day_30_Unpredictability_T4","0","inactive","Day 30","Unpredictability","Don't Miss Out! Others Are Mastering English!","Peeche Mat Raho! Sab English Seekh Rahe Hain!","Join the challenge! Practice with our AI Tutor Sia and climb the ranks.","Sia AI Tutor ke saath practice karo, challenge lo aur leaderboards mein aage badho.","Join The Challenge","Challenge Join Karo","Encouraging","nan","ai_tutor","0"
"Inactive_Socialite_Day_30_Unpredictability_T5","0","inactive","Day 30","Unpredictability","Challenge Sia. Speak Better.","Sia Ko Challenge Karo. Better Bolo.","Refine your speaking skills with AI Tutor conversations and see your progress.","AI Tutor se baat karo, apni speaking skills sudharo aur progress dekho.","Start Now","Abhi Shuru Karo","Supportive","nan","ai_tutor","0"
"Inactive_Social_Learners_Day_1_Social_Influence_T1","1","inactive","Day 1","Social_Influence","Unlock Your Speaking Potential Today!","Apni speaking potential unlock karo!","Complete your daily lesson to refine your skills and impress everyone with your fluency.","Aaj ka daily lesson complete karo, skills improve karo aur sabko impress karo.","Start Lesson","Lesson Shuru Karo","Motivational","daily_lessons","daily_lessons","0"
"Inactive_Social_Learners_Day_1_Social_Influence_T2","1","inactive","Day 1","Social_Influence","Missing That Confident Spark?","Confidence ki kami mehsoos ho rahi hai?","Sia's daily lessons help you speak effortlessly, so you can shine in every conversation.","Sia ke daily lessons se confidently bolo, har conversation mein shine karo.","Chat with Sia","Sia se baat karo","Empathetic","ai_tutor_sia","daily_lessons","0"
"Inactive_Social_Learners_Day_1_Social_Influence_T3","1","inactive","Day 1","Social_Influence","What's New in Your Learning Journey?","Aapki learning journey mein kya naya hai?","A quick daily lesson will show you your progress and what your friends are up to!","Ek quick daily lesson se apni progress dekho aur friends se connect karo!","Check Progress","Progress Dekho","Friendly","progress_reports","daily_lessons","0"
"Inactive_Social_Learners_Day_1_Social_Influence_T4","1","inactive","Day 1","Social_Influence","Your Friends Are On The Leaderboard!","Aapke friends leaderboard par hain!","Start your daily lesson now to join the competition and climb to the top!","Abhi daily lesson shuru karo, competition join karo aur top par pahuncho!","Join The Race","Race Join Karo","Encouraging","leaderboards","daily_lessons","0"
"Inactive_Social_Learners_Day_1_Social_Influence_T5","1","inactive","Day 1","Social_Influence","Ready for a Quick Win?","Ek quick win ke liye ready ho?","Your daily lesson with pronunciation feedback is waiting to make you sound amazing.","Daily lesson aur pronunciation feedback se apni awaaz behtar banao!","Practice Now","Abhi Practice Karo","Supportive","pronunciation_coach","daily_lessons","0"
"Inactive_Social_Learners_Day_7_Social_Influence_T1","1","inactive","Day 7","Social_Influence","Climb the Leaderboard, Boost Your Confidence!","Leaderboard pe upar aao!","See your rank among friends and challenge yourself to reach the top. Practice now!","Friends mein apni rank dekho aur top pe pahunchne ka challenge lo. Abhi practice karo!","Check My Rank","Rank Dekho","Motivational","leaderboards","leaderboards","0"
"Inactive_Social_Learners_Day_7_Social_Influence_T2","1","inactive","Day 7","Social_Influence","Your Friends Are Ahead!","Dosto se peeche mat raho!","Don't miss out on the fun! See where you stand on the leaderboard and catch up.","Leaderboard pe apni jagah dekho aur jaldi aage badho. Competition ka time hai!","See Rankings","Rank Dekho","Friendly","daily_lessons","leaderboards","0"
"Inactive_Social_Learners_Day_7_Social_Influence_T3","1","inactive","Day 7","Social_Influence","What's Your Leaderboard Rank Today?","Aaj Leaderboard pe kahaan ho?","Curious about your spot? Check the weekly leaderboard and improve your score by learning more.","Apni rank jaan’na chahte ho? Weekly leaderboard dekho aur score badhaao.","View My Rank","Rank Dekho","Encouraging","progress_reports","leaderboards","0"
"Inactive_Social_Learners_Day_7_Social_Influence_T4","1","inactive","Day 7","Social_Influence","Others Are Climbing Fast!","Sab aage badh rahe hain!","Your friends are actively practicing and improving their leaderboard position. Join the challenge!","Tumhare friends leaderboard pe rank badha rahe hain. Tum bhi challenge mein shaamil ho jao!","Join The Race","Race Join Karo","Supportive","vocabulary_builder","leaderboards","0"
"Inactive_Social_Learners_Day_7_Social_Influence_T5","1","inactive","Day 7","Social_Influence","Top The Leaderboard!","Leaderboard pe top karo!","Your chance to shine is now. Practice and claim your spot.","Abhi practice karo aur apni jagah banao.","Start Practicing","Practice Karo","Celebratory","ai_tutor_sia","leaderboards","0"
"Inactive_Social_Learners_Day_14_Social_Influence_T1","1","inactive","Day 14","Social_Influence","Your Progress Report is Ready!","Aapki Progress Report aa gayi hai!","See your amazing improvement & share your success with friends!","Apni amazing improvement dekho aur friends ke saath success share karo!","View My Report","Report Dekho","Celebratory","progress_reports","progress_reports","0"
"Inactive_Social_Learners_Day_14_Social_Influence_T2","1","inactive","Day 14","Social_Influence","Ready to Level Up?","Level Up karne ke liye ready ho?","Your progress report reveals key insights to boost your skills and rank higher.","Progress report se apni skills boost karo aur rank upar karo.","Check My Progress","Meri Progress Dekho","Motivational","leaderboards","progress_reports","0"
"Inactive_Social_Learners_Day_14_Social_Influence_T3","1","inactive","Day 14","Social_Influence","Curious About Your Growth?","Apni growth janne ke liye curious ho?","See how much you've improved and inspire others!","Dekho daily lessons ke baad kitna improve kiya aur inspire karo!","Explore Report","Report Dekho","Friendly","daily_lessons","progress_reports","0"
"Inactive_Social_Learners_Day_14_Social_Influence_T4","1","inactive","Day 14","Social_Influence","Others are Shining! Your Turn?","Baaki sab chamak rahe hain! Ab aapki baari?","Your personalized report shows your grammar mastery. See what's next.","Apni grammar mastery report mein dekho. Next step kya hai?","See My Strengths","Apni Strengths Dekho","Encouraging","grammar_guardian","progress_reports","0"
"Inactive_Social_Learners_Day_14_Social_Influence_T5","1","inactive","Day 14","Social_Influence","Your Progress Report is Here.","Aapki Progress Report aa gayi hai.","Review your improvement. Join the conversation confidently.","Apni improvement review karo. Confidently conversation join karo.","View Report","Report Dekho","Professional","pronunciation_coach","progress_reports","0"
"Inactive_Social_Learners_Day_30_Social_Influence_T1","1","inactive","Day 30","Social_Influence","Speak English Confidently with Sia!","Sia ke saath confidently English bolo!","Get instant feedback and improve your fluency for real-life conversations.","Instant feedback paao aur apni fluency badhao real conversations ke liye.","Chat with Sia","Sia se Baat Karo","Encouraging","ai_tutor_sia","ai_tutor","0"
"Inactive_Social_Learners_Day_30_Social_Influence_T2","1","inactive","Day 30","Social_Influence","Feeling shy to speak English?","English bolne mein sharma rahe ho?","Sia provides a judgment-free space to practice anytime, build confidence.","Sia ke saath bina jhijhak practice karo, confidence badhao.","Start Chatting","Chat Shuru Karo","Empathetic","sia_chat","ai_tutor","0"
"Inactive_Social_Learners_Day_30_Social_Influence_T3","1","inactive","Day 30","Social_Influence","Want to ace that English interview?","English interview crack karna hai?","Practice real-world scenarios with Sia and master your communication skills.","Sia ke saath real scenarios practice karo aur apni communication skills master karo.","Ask Sia Now","Abhi Sia se Puchho","Friendly","role_based_practice","ai_tutor","0"
"Inactive_Social_Learners_Day_30_Social_Influence_T4","1","inactive","Day 30","Social_Influence","Your friends are speaking confidently!","Aapke friends confidently bol rahe hain!","Don't miss out on improving your English. Practice with Sia today.","English improve karne ka mauka miss mat karo. Sia ke saath practice karo.","Join the Conversation","Conversation Join Karo","Motivational","leaderboards","ai_tutor","0"
"Inactive_Social_Learners_Day_30_Social_Influence_T5","1","inactive","Day 30","Social_Influence","Boost your English speaking confidence!","Apni English speaking confidence badhao!","Sia is ready to help you make real progress today.","Sia aapki progress ke liye ready hai.","Practice Now","Abhi Practice Karo","Supportive","progress_reports","ai_tutor","0"
"Paid_Social_Achiever_Week_1_Creativity_and_Feedback_T1","2","paid","Week 1","Creativity_and_Feedback","See Your Rank, Boost Your Skills!","Apna Rank Dekho, Skills Badhao!","Your weekly progress includes your leaderboard position. Compete, get feedback, and climb higher.","Aapki weekly progress mein leaderboard rank bhi hai. Compete karo, feedback lo, aur upar chadho.","Check Leaderboards","Leaderboard Dekho","Motivational","progress_reports","leaderboards","0"
"Paid_Social_Achiever_Week_1_Creativity_and_Feedback_T2","2","paid","Week 1","Creativity_and_Feedback","Reach the Top, Earn Your Glory!","Top Par Pahucho, Glory Kamao!","Imagine the thrill of seeing your name on top. Your next achievement awaits on the leaderboards.","Socho top par apna naam dekhne ka thrill. Aapka next achievement leaderboards par wait kar raha hai.","Climb Ranks Now","Abhi Ranks Climb Karo","Encouraging","badges_achievements","leaderboards","0"
"Paid_Social_Achiever_Week_1_Creativity_and_Feedback_T3","2","paid","Week 1","Creativity_and_Feedback","Where Do You Stand This Week?","Is Week Aap Kahan Ho?","Check the leaderboards to see your current rank and how many coins you can earn by competing.","Leaderboards dekho apna current rank aur kitne coins jeet sakte ho compete karke.","Find My Rank","Apna Rank Dekho","Friendly","coins","leaderboards","0"
"Paid_Social_Achiever_Week_1_Creativity_and_Feedback_T4","2","paid","Week 1","Creativity_and_Feedback","Others Are Climbing! Don't Miss Out!","Baaki Log Rank Badha Rahe Hain!","Your peers are actively engaging in daily lessons and competing for top spots. Join the fun!","Aapke friends daily lessons kar rahe hain aur top spots ke liye compete kar rahe hain. Join karo!","See Live Ranks","Live Ranks Dekho","Celebratory","daily_lessons","leaderboards","0"
"Paid_Social_Achiever_Week_1_Creativity_and_Feedback_T5","2","paid","Week 1","Creativity_and_Feedback","See Your Current Rank!","Apna Rank Abhi Dekho!","Boost your vocabulary, boost your rank! Check where you stand among peers.","Vocabulary badhao, rank badhao! Dekho peers mein kahan ho.","View Leaderboard","Leaderboard Dekho","Supportive","vocabulary_builder","leaderboards","0"
"Paid_Social_Achiever_Week_2_Creativity_and_Feedback_T1","2","paid","Week 2","Creativity_and_Feedback","You've Earned Your First Achievement Badge!","Badhai ho! Aapne apna pehla badge jeet liya!","Celebrate your milestone! See what new skills you've mastered and claim your reward.","Apni mehnat celebrate karo! Dekho kya naye skills seekhe aur reward claim karo.","Claim Your Badge","Badge Claim Karo","Celebratory","badges_achievements","badges_achievements","0"
"Paid_Social_Achiever_Week_2_Creativity_and_Feedback_T2","2","paid","Week 2","Creativity_and_Feedback","Create Your Success Story, Daily!","Apni success story har din banao!","Every lesson brings you closer to earning your next achievement badge. Keep building your skills!","Har lesson aapko naye achievement badge ke paas laata hai. Skills banate raho!","Start Today's Lesson","Aaj Ka Lesson Karo","Motivational","daily_lessons","badges_achievements","0"
"Paid_Social_Achiever_Week_2_Creativity_and_Feedback_T3","2","paid","Week 2","Creativity_and_Feedback","Guess What Achievements Await You?","Kaun se achievements aapka intezaar kar rahe hain?","Your progress report is ready! Discover your latest milestones and see new badges.","Aapki progress report ready hai! Apne latest milestones aur naye badges dekho.","Check My Progress","Progress Dekho","Friendly","progress_reports","badges_achievements","0"
"Paid_Social_Achiever_Week_2_Creativity_and_Feedback_T4","2","paid","Week 2","Creativity_and_Feedback","Don't Miss Out: Earn Badges & Coins!","Miss mat karo: Badges aur Coins kamao!","Many users are earning their first achievement badges. Complete your milestone to join them!","Bahut users apna pehla achievement badge kama rahe hain. Milestone complete karke join karo!","Earn My Rewards","Rewards Kamao","Encouraging","coins","badges_achievements","0"
"Paid_Social_Achiever_Week_2_Creativity_and_Feedback_T5","2","paid","Week 2","Creativity_and_Feedback","Build Vocab, Earn Badge!","Vocab banao, badge paao!","Quick vocabulary practice helps you unlock your next achievement.","Thodi vocabulary practice aapko agla achievement unlock karne mein help karegi.","Practice Now","Abhi Practice Karo","Supportive","vocabulary_builder","badges_achievements","0"
"Paid_Social_Achiever_Week_4_Creativity_and_Feedback_T1","2","paid","Week 4","Creativity_and_Feedback","Your Monthly Progress Report is Ready!","Aapki Monthly Progress Report aa gayi hai!","See your amazing growth, identify strengths, and plan your next steps to fluency. Share your success!","Apni growth dekho, strengths pehchano, aur fluency ke liye next steps plan karo. Share bhi karna!","View Report Now","Abhi Report Dekho","Motivational","progress_reports","progress_reports","0"
"Paid_Social_Achiever_Week_4_Creativity_and_Feedback_T2","2","paid","Week 4","Creativity_and_Feedback","Celebrate Your Month of Mastery!","Apni Month of Mastery Celebrate karo!","Your hard work has paid off. Check your progress report and feel proud of your achievements.","Aapki mehnat rang laayi hai. Progress report dekho aur apni achievements par proud feel karo.","See Your Success","Success Dekho","Celebratory","badges_achievements","progress_reports","0"
"Paid_Social_Achiever_Week_4_Creativity_and_Feedback_T3","2","paid","Week 4","Creativity_and_Feedback","Wondering How Far You've Come?","Soch rahe ho kitna aage badhe ho?","Your monthly progress report holds all the answers! Discover your learning journey insights.","Aapki monthly progress report mein saare answers hain! Apni learning journey ke insights dekho.","Explore My Progress","Progress Dekho","Friendly","daily_lessons","progress_reports","0"
"Paid_Social_Achiever_Week_4_Creativity_and_Feedback_T4","2","paid","Week 4","Creativity_and_Feedback","Inspire Others With Your Progress!","Apni Progress se doosron ko inspire karo!","Your monthly report is ready to be shared. Show the world what consistent learning achieves.","Aapki monthly report ready hai share karne ke liye. Dikhao duniya ko consistent learning kya kar sakti hai.","Share My Report","Report Share Karo","Encouraging","progress_reports","progress_reports","0"
"Paid_Social_Achiever_Week_4_Creativity_and_Feedback_T5","2","paid","Week 4","Creativity_and_Feedback","Your Monthly Performance Review.","Aapki Monthly Performance Review.","Access your comprehensive progress report now. See your skills evolve.","Apni progress report abhi dekho. Dekho kaise aapke skills evolve hue.","View Report","Report Dekho","Professional","ai_tutor_sia","progress_reports","0"
"Inactive_Socialite_Day_1_Scarcity_and_Impatience_T1","3","inactive","Day 1","Scarcity_and_Impatience","See Your Leaderboard Rank Now!","अभी अपना लीडरबोर्ड रैंक देखो!","Check where you stand among others and strategize your climb. Don't miss your chance!","देखो तुम दूसरों में कहाँ हो और अपनी चढ़ाई की स्ट्रैटेजी बनाओ। मौका मत छोड़ो!","View Ranking","रैंकिंग देखो","Motivational","leaderboards","leaderboards","0"
"Inactive_Socialite_Day_1_Scarcity_and_Impatience_T2","3","inactive","Day 1","Scarcity_and_Impatience","Ready to Challenge Yourself?","खुद को चैलेंज करने को तैयार हो?","Your leaderboard spot is waiting. See your current standing and feel inspired to improve.","तुम्हारी लीडरबोर्ड की जगह इंतज़ार कर रही है। अपनी करेंट स्टैंडिंग देखो और इंप्रूव करने के लिए इंस्पायर हो जाओ।","Check Your Rank","अपनी रैंक देखो","Encouraging","leaderboards","leaderboards","0"
"Inactive_Socialite_Day_1_Scarcity_and_Impatience_T3","3","inactive","Day 1","Scarcity_and_Impatience","Curious About Your Rank?","अपनी रैंक के बारे में जानना है?","The leaderboard is live! See your current position before it changes. Don't wait!","लीडरबोर्ड लाइव है! अपनी करेंट पोजीशन देखो इससे पहले कि वो बदल जाए। इंतज़ार मत करो!","Find Out Now","अभी पता करो","Friendly","leaderboards","leaderboards","0"
"Inactive_Socialite_Day_1_Scarcity_and_Impatience_T4","3","inactive","Day 1","Scarcity_and_Impatience","Don't Miss Out on Your Spot!","अपनी जगह मिस मत करो!","Your friends are climbing the ranks! See where you stand among them right now.","तुम्हारे दोस्त रैंक में ऊपर चढ़ रहे हैं! अभी देखो तुम उनके बीच कहाँ हो।","See Leaderboard","लीडरबोर्ड देखो","Supportive","leaderboards","leaderboards","0"
"Inactive_Socialite_Day_1_Scarcity_and_Impatience_T5","3","inactive","Day 1","Scarcity_and_Impatience","Leaderboard Update: Check Your Rank!","लीडरबोर्ड अपडेट: अपनी रैंक देखो!","Your current ranking is ready. See it now and plan your next move.","तुम्हारी करेंट रैंकिंग तैयार है। अभी देखो और अपना अगला कदम प्लान करो।","View My Rank","मेरी रैंक देखो","Professional","leaderboards","leaderboards","0"
"Inactive_Socialite_Day_7_Scarcity_and_Impatience_T1","3","inactive","Day 7","Scarcity_and_Impatience","Don't Miss Out: New Badges Await!","Miss mat karo: Naye Badges hain!","Complete a challenge today and instantly earn your next achievement badge. Start now!","Aaj challenge pura karo aur apna next achievement badge paao. Abhi shuru karo!","Earn Your Badge","Badge Kamao","Encouraging","leaderboards","badges_achievements","0"
"Inactive_Socialite_Day_7_Scarcity_and_Impatience_T2","3","inactive","Day 7","Scarcity_and_Impatience","Your Achievements Are Waiting!","Tumhari achievements wait kar rahi hain!","Feel the pride of earning new badges. Chat with Sia to discover your next challenge today!","Naye badges jeetne ka pride feel karo. Sia se baat karke apna next challenge dhoondo!","Chat with Sia","Sia se Chat Karo","Motivational","sia_chat","badges_achievements","0"
"Inactive_Socialite_Day_7_Scarcity_and_Impatience_T3","3","inactive","Day 7","Scarcity_and_Impatience","What's Your Next Badge?","Tumhara next badge kya hai?","A new achievement badge is just a challenge away. See what you can unlock today!","Ek naya achievement badge bas ek challenge door hai. Dekho kya unlock kar sakte ho aaj!","Discover Badges","Badges Dekho","Friendly","leaderboards","badges_achievements","0"
"Inactive_Socialite_Day_7_Scarcity_and_Impatience_T4","3","inactive","Day 7","Scarcity_and_Impatience","Don't Miss Out: Badges Are Flying!","Miss mat karo: Badges mil rahe hain!","Learners are earning amazing badges daily. Chat with Sia to grab yours before time runs out!","Students daily amazing badges kama rahe hain. Sia se chat karo aur apna badge lo, time kam hai!","Get Your Badge","Apna Badge Lo","Celebratory","sia_chat","badges_achievements","0"
"Inactive_Socialite_Day_7_Scarcity_and_Impatience_T5","3","inactive","Day 7","Scarcity_and_Impatience","Your Next Badge Awaits!","Tumhara next badge wait kar raha hai!","Complete a quick challenge now to earn your next achievement. Don't wait!","Abhi ek quick challenge pura karo aur apna achievement paao. Der mat karo!","Start Challenge","Challenge Shuru Karo","Supportive","leaderboards","badges_achievements","0"
"Inactive_Socialite_Day_14_Scarcity_and_Impatience_T1","3","inactive","Day 14","Scarcity_and_Impatience","Unlock Instant Practice Now!","Instant practice unlock karo!","Sia Chat gives real-time feedback for fluent conversations. Don't wait to improve!","Sia Chat se real-time feedback milega, fluent bolo. Improve hone ka wait mat karo!","Chat with Sia","Sia se baat karo","Friendly","sia_chat","sia_chat","0"
"Inactive_Socialite_Day_14_Scarcity_and_Impatience_T2","3","inactive","Day 14","Scarcity_and_Impatience","Speak Confidently, Starting Today!","Aaj se confidence se bolo!","Sia Chat helps overcome hesitation quickly. Don't delay your fluency journey. Start now!","Sia Chat se hesitation jaldi khatam karo. Apni fluency journey delay mat karo. Abhi shuru!","Practice Now","Abhi Practice Karo","Motivational","sia_chat","sia_chat","0"
"Inactive_Socialite_Day_14_Scarcity_and_Impatience_T3","3","inactive","Day 14","Scarcity_and_Impatience","Curious about your fluency potential?","Apni fluency potential jaanna chahte ho?","Sia Chat offers personalized practice sessions. Discover your true speaking power now!","Sia Chat personalized practice sessions deta hai. Apni speaking power abhi discover karo!","Explore Sia Chat","Sia Chat dekho","Encouraging","sia_chat","sia_chat","0"
"Inactive_Socialite_Day_14_Scarcity_and_Impatience_T4","3","inactive","Day 14","Scarcity_and_Impatience","Don't Fall Behind Your Friends!","Doston se peeche mat raho!","See who's topping the leaderboard! Boost your rank with daily Sia Chat practice. Start today!","Leaderboard pe kaun top kar raha hai dekho! Sia Chat practice se rank badhao. Aaj hi shuru karo!","Check Leaderboard","Leaderboard dekho","Supportive","leaderboards","sia_chat","0"
"Inactive_Socialite_Day_14_Scarcity_and_Impatience_T5","3","inactive","Day 14","Scarcity_and_Impatience","Stuck? Get Instant Help!","Stuck ho? Instant help lo!","Sia Chat offers quick, pressure-free conversational practice. Don't waste another minute!","Sia Chat quick, pressure-free practice deta hai. Ek minute bhi waste mat karo!","Get Help Now","Abhi Help Lo","Empathetic","sia_chat","sia_chat","0"
"Inactive_Socialite_Day_30_Scarcity_and_Impatience_T1","3","inactive","Day 30","Scarcity_and_Impatience","Protect Your Streak, Unlock a Bonus!","Apna Streak Bachao, Bonus Pao!","Don't lose your progress. Maintain your 7-day streak for an exclusive reward.","Progress mat gawaao. 7-day streak rakho aur exclusive reward unlock karo.","Practice Now","Abhi Practice Karo","Encouraging","leaderboards","streaks","0"
"Inactive_Socialite_Day_30_Scarcity_and_Impatience_T2","3","inactive","Day 30","Scarcity_and_Impatience","Don't Break Your Flow!","Apna Flow Mat Todna!","Your 7-day streak is almost there. Keep that learning momentum going strong.","7-day streak complete hone wala hai. Learning momentum strong rakho.","Continue Learning","Seekhna Jaari Rakho","Supportive","sia_chat","streaks","0"
"Inactive_Socialite_Day_30_Scarcity_and_Impatience_T3","3","inactive","Day 30","Scarcity_and_Impatience","What's Your Longest Streak?","Aapka Sabse Lamba Streak Kya Hai?","Don't let your hard work vanish! A 7-day streak protects your progress.","Apni mehnat waste mat hone do! 7-day streak se progress safe rehti hai.","Find Out","Abhi Dekho","Motivational","leaderboards","streaks","0"
"Inactive_Socialite_Day_30_Scarcity_and_Impatience_T4","3","inactive","Day 30","Scarcity_and_Impatience","Everyone's Chasing Streaks!","Sab Log Streaks Bana Rahe Hain!","Don't miss your bonus reward. Keep your 7-day streak alive and join the fun.","Apna bonus reward miss mat karo. 7-day streak complete karo aur fun join karo.","Join the Challenge","Challenge Join Karo","Friendly","sia_chat","streaks","0"
"Inactive_Socialite_Day_30_Scarcity_and_Impatience_T5","3","inactive","Day 30","Scarcity_and_Impatience","Protect Your Streak Today!","Apna Streak Bachao Aaj!","Don't lose progress. Your 7-day streak matters.","Progress mat gawaao. 7-day streak important hai.","Practice Now","Abhi Practice Karo","Empathetic","leaderboards","streaks","0"
"Dormant_Social_Day_1_Unpredictability_T1","4","inactive","Day 1","Unpredictability","Your New Ranking Awaits!","Aapki Nayi Ranking Ka Intezaar!","Check the leaderboards now to see your latest position and challenge friends.","Leaderboards par apna latest score dekho aur friends ko challenge karo.","Check Leaderboards","Leaderboards Dekho","Motivational","leaderboards_social","leaderboards","0"
"Dormant_Social_Day_1_Unpredictability_T2","4","inactive","Day 1","Unpredictability","Ready for a Challenge?","Challenge Ke Liye Ready?","Ignite your competitive spirit! See your scores and climb higher today.","Apna competitive spirit jagaao! Scores dekho aur upar jaao.","View Challenges","Challenges Dekho","Encouraging","competition_challenge","leaderboards","0"
"Dormant_Social_Day_1_Unpredictability_T3","4","inactive","Day 1","Unpredictability","Where Do You Stand Today?","Aaj Aap Kahan Ho?","Your friends are making moves! Find out your current rank on the leaderboards.","Aapke friends aage badh rahe hain! Leaderboards par apni current rank dekho.","See Your Rank","Apni Rank Dekho","Friendly","ranking_status","leaderboards","0"
"Dormant_Social_Day_1_Unpredictability_T4","4","inactive","Day 1","Unpredictability","Friends are Crushing It!","Friends Dhamal Macha Rahe Hain!","Don't miss out on the action. See how you compare to others on the leaderboard.","Action miss mat karo. Dekho doosron se kaise compare karte ho.","Compare Scores","Scores Compare Karo","Celebratory","social_comparison","leaderboards","0"
"Dormant_Social_Day_1_Unpredictability_T5","4","inactive","Day 1","Unpredictability","Track Your Progress!","Apni Progress Track Karo!","See your leaderboard position. Every practice counts.","Leaderboard par apni position dekho. Har practice important hai.","Track Now","Abhi Track Karo","Supportive","progress_tracking","leaderboards","0"
"Dormant_Social_Day_7_Unpredictability_T1","4","inactive","Day 7","Unpredictability","Keep Your Streak Alive, Unlock New Rewards!","Apni Streak Bachao, Naye Rewards Unlock Karo!","Every lesson adds to your progress and unlocks unexpected benefits. Don't break the chain!","Har lesson aapki progress badhayega aur unexpected benefits unlock karega. Chain mat todo!","Start Practicing","Abhi Practice Karo","Encouraging","nan","streaks","0"
"Dormant_Social_Day_7_Unpredictability_T2","4","inactive","Day 7","Unpredictability","Your Learning Journey Awaits!","Aapki Learning Journey Wait Kar Rahi Hai!","Maintain your streak and witness the incredible progress you can make. What will you achieve next?","Apni streak banaye rakho aur dekho aap kitni incredible progress kar sakte ho. Aage kya achieve karoge?","Continue Learning","Seekhna Jari Rakho","Motivational","nan","streaks","0"
"Dormant_Social_Day_7_Unpredictability_T3","4","inactive","Day 7","Unpredictability","Curious What a Longer Streak Can Unlock?","Janna Hai Lambi Streak Kya Unlock Kar Sakti Hai?","Daily practice reveals surprising milestones and boosts your learning. Discover your potential today!","Daily practice se surprising milestones aur learning boost hoti hai. Aaj hi apni potential discover karo!","Explore Benefits","Benefits Dekho","Friendly","nan","streaks","0"
"Dormant_Social_Day_7_Unpredictability_T4","4","inactive","Day 7","Unpredictability","Don't Let Your Streak Disappear!","Apni Streak Ko Gayab Mat Hone Do!","Many are building amazing streaks and discovering new skills. Join them and see what you can achieve!","Bahut se log amazing streaks bana rahe hain aur naye skills discover kar rahe hain. Join karo aur dekho!","Keep Streak Alive","Streak Bachao","Supportive","nan","streaks","0"
"Dormant_Social_Day_7_Unpredictability_T5","4","inactive","Day 7","Unpredictability","One Lesson, Keep Your Streak!","Ek Lesson, Streak Bachao!","Just a quick practice to protect your progress and uncover more learning surprises.","Bas thodi practice, apni progress bachao aur naye learning surprises dekho.","Practice Now","Abhi Practice Karo","Empathetic","nan","streaks","0"
"Dormant_Social_Day_14_Unpredictability_T1","4","inactive","Day 14","Unpredictability","Unlock Your Next Big Achievement!","Apna Next Big Achievement Unlock Karo!","Earn exclusive badges and rewards by completing new learning challenges today.","Naye learning challenges poore karke exclusive badges aur rewards jeeto.","Explore Badges","Badges Dekho","Encouraging","nan","badges_achievements","0"
"Dormant_Social_Day_14_Unpredictability_T2","4","inactive","Day 14","Unpredictability","Celebrate Your Learning Journey!","Apni Learning Journey Celebrate Karo!","There's a special new badge waiting for you to discover and claim.","Ek special naya badge aapka wait kar raha hai, jise discover karke claim kar sakte ho.","Claim Your Badge","Apna Badge Claim Karo","Celebratory","nan","badges_achievements","0"
"Dormant_Social_Day_14_Unpredictability_T3","4","inactive","Day 14","Unpredictability","What New Badge Will You Earn Today?","Aaj Kaun Sa Naya Badge Milega?","Dive back in to find out! Exciting challenges are ready for you.","Wapas aao aur pata karo! Exciting challenges aapka wait kar rahe hain.","Start a Challenge","Challenge Shuru Karo","Friendly","nan","badges_achievements","0"
"Dormant_Social_Day_14_Unpredictability_T4","4","inactive","Day 14","Unpredictability","Others Are Earning New Badges!","Sab Naye Badges Jeet Rahe Hain!","Join the fun and unlock your own unique achievements. Don't miss out!","Aap bhi apni unique achievements unlock karo. Miss mat karna!","See New Badges","Naye Badges Dekho","Motivational","nan","badges_achievements","0"
"Dormant_Social_Day_14_Unpredictability_T5","4","inactive","Day 14","Unpredictability","New Badges Await You.","Naye Badges Aapka Wait Kar Rahe Hain.","Complete a challenge, earn a new achievement today.","Ek challenge complete karo, naya achievement paao.","Earn a Badge","Badge Jeeto","Professional","nan","badges_achievements","0"
"Dormant_Social_Day_30_Unpredictability_T1","4","inactive","Day 30","Unpredictability","See Your Amazing Progress Report!","Apna Amazing Progress Report Dekho!","Unlock hidden speaking insights and track your incredible improvement over time.","Hidden speaking insights unlock karo aur apni incredible improvement track karo.","View My Report","Report Dekho","Encouraging","nan","progress_reports","0"
"Dormant_Social_Day_30_Unpredictability_T2","4","inactive","Day 30","Unpredictability","Ready to See Your Growth?","Apni Growth Dekhne Ke Liye Ready Ho?","Your practice has paid off! Discover your new speaking strengths and potential.","Tumhari practice kaam aayi! Apni new speaking strengths discover karo.","Check My Progress","Progress Check Karo","Motivational","nan","progress_reports","0"
"Dormant_Social_Day_30_Unpredictability_T3","4","inactive","Day 30","Unpredictability","What Have You Achieved Lately?","Kya Kamaal Kar Diya Tumne Lately?","Your personalized report is ready. See surprising improvements in your speaking skills!","Tumhara personalized report ready hai. Speaking skills mein surprising improvement dekho!","Reveal My Progress","Progress Reveal Karo","Friendly","nan","progress_reports","0"
"Dormant_Social_Day_30_Unpredictability_T4","4","inactive","Day 30","Unpredictability","Your Success Story is Waiting!","Tumhari Success Story Wait Kar Rahi Hai!","See how far you've come and inspire others with your unique learning journey.","Dekho kitni door aa gaye ho aur doosron ko inspire karo.","Share My Progress","Progress Share Karo","Celebratory","nan","progress_reports","0"
"Dormant_Social_Day_30_Unpredictability_T5","4","inactive","Day 30","Unpredictability","Your Progress Report is Here!","Tumhara Progress Report Aa Gaya!","Discover amazing insights into your speaking improvement.","Apni speaking improvement ke amazing insights discover karo.","View Report Now","Report Abhi Dekho","Supportive","nan","progress_reports","0"
"Dormant_Achiever_Day_1_Scarcity_and_Impatience_T1","5","inactive","Day 1","Scarcity_and_Impatience","Your Exclusive Welcome Back Badge Awaits!","Aapka Special Welcome Back Badge wait kar raha hai!","Complete a quick challenge today to claim your achievement and restart your journey.","Aaj ek quick challenge complete karo aur apna achievement claim karke journey restart karo.","Claim Your Badge","Badge Claim Karo","Encouraging","nan","badges_achievements","0"
"Dormant_Achiever_Day_1_Scarcity_and_Impatience_T2","5","inactive","Day 1","Scarcity_and_Impatience","Celebrate Your Comeback! Special Badge Awaits!","Apni comeback celebrate karo! Special badge pao!","Earn your unique Welcome Back badge with a quick challenge. Don't miss this!","Ek quick challenge se apna unique Welcome Back badge jeeto. Yeh chance miss mat karo!","Get My Badge","Apna Badge Lo","Celebratory","nan","badges_achievements","0"
"Dormant_Achiever_Day_1_Scarcity_and_Impatience_T3","5","inactive","Day 1","Scarcity_and_Impatience","Ready to Discover Your Special Badge?","Apna special badge discover karne ready ho?","A quick 'Welcome Back' challenge awaits to unlock a unique achievement just for you.","Ek quick 'Welcome Back' challenge aapke liye unique achievement unlock karega.","See My Challenge","Apna Challenge Dekho","Friendly","nan","badges_achievements","0"
"Dormant_Achiever_Day_1_Scarcity_and_Impatience_T4","5","inactive","Day 1","Scarcity_and_Impatience","Don't Miss Out! Your Welcome Back Badge Awaits.","Miss mat karo! Welcome Back Badge wait kar raha hai.","Many are earning their exclusive re-engagement badge. Complete your challenge now!","Bahut log exclusive re-engagement badge jeet rahe hain. Challenge pura karo abhi!","Start Challenge Now","Abhi Challenge Shuru Karo","Motivational","nan","badges_achievements","0"
"Dormant_Achiever_Day_1_Scarcity_and_Impatience_T5","5","inactive","Day 1","Scarcity_and_Impatience","Your Welcome Back Badge: Claim Now!","Aapka Welcome Back Badge: Abhi Claim Karo!","Complete a quick challenge today to earn your exclusive re-engagement achievement.","Aaj hi ek quick challenge complete karke apna exclusive badge jeeto.","Claim Badge","Badge Claim Karein","Professional","nan","badges_achievements","0"
"Dormant_Achiever_Day_7_Scarcity_and_Impatience_T1","5","inactive","Day 7","Scarcity_and_Impatience","Your Progress Report Awaits! Don't Miss Out.","Aapka Progress Report Ready Hai! Miss Mat Karna.","See your amazing improvements and unlock new goals. Your learning journey is waiting.","Apni incredible improvements dekho aur naye goals set karo. Aapki journey wait kar rahi hai.","View Report Now","Report Dekho","Motivational","nan","progress_reports","0"
"Dormant_Achiever_Day_7_Scarcity_and_Impatience_T2","5","inactive","Day 7","Scarcity_and_Impatience","Reclaim Your Achievements: See How Far You've Come!","Apni Mehnat Dekho: Kitni Door Aa Chuke Ho!","Don't let your hard work fade. Your personalized report highlights every milestone.","Apni mehnat ko waste mat hone do. Apni report mein har milestone dekho.","Check Your Progress","Progress Dekho","Encouraging","nan","progress_reports","0"
"Dormant_Achiever_Day_7_Scarcity_and_Impatience_T3","5","inactive","Day 7","Scarcity_and_Impatience","What's New In Your Progress Report?","Aapke Progress Report Mein Kya Naya Hai?","Discover your latest strengths and areas for growth before they're old news!","Apni latest strengths aur growth areas dekho, kahin miss na ho jaye!","Explore Your Report","Report Check Karo","Friendly","nan","progress_reports","0"
"Dormant_Achiever_Day_7_Scarcity_and_Impatience_T4","5","inactive","Day 7","Scarcity_and_Impatience","Don't Miss Your Moment to Shine!","Apni Jeet Celebrate Karne Ka Mauka Mat Chhodo!","Many are celebrating their progress. See your own growth and join them!","Sab apni progress celebrate kar rahe hain. Apni growth dekho aur join karo!","Celebrate Your Wins","Apni Wins Dekho","Celebratory","nan","progress_reports","0"
"Dormant_Achiever_Day_7_Scarcity_and_Impatience_T5","5","inactive","Day 7","Scarcity_and_Impatience","Your Progress Awaits. Don't Delay!","Aapka Progress Wait Kar Raha Hai. Abhi Dekho!","Quick look at your improvements. It's time to shine.","Apni improvements par ek quick look. Shine karne ka time hai.","See My Report","Meri Report Dekho","Supportive","nan","progress_reports","0"
"Dormant_Achiever_Day_14_Scarcity_and_Impatience_T1","5","inactive","Day 14","Scarcity_and_Impatience","Unlock Your 'Consistent Learner' Badge This Week!","Iss week apna 'Consistent Learner' badge paao!","Complete 10 lessons and earn your well-deserved badge before the week ends.","10 lessons poore karo aur week khatam hone se pehle badge jeeto.","Start Learning","Abhi Seekho","Encouraging","nan","badges_achievements","0"
"Dormant_Achiever_Day_14_Scarcity_and_Impatience_T2","5","inactive","Day 14","Scarcity_and_Impatience","Don't Miss Out: Your Achievement Awaits!","Miss mat karo: Tumhari achievement wait kar rahi hai!","Feel the pride of earning your 'Consistent Learner' badge this week. Just 10 lessons!","Iss week apna 'Consistent Learner' badge paakar proud feel karo. Bas 10 lessons!","Claim Your Badge","Apna Badge Jeeto","Motivational","nan","badges_achievements","0"
"Dormant_Achiever_Day_14_Scarcity_and_Impatience_T3","5","inactive","Day 14","Scarcity_and_Impatience","Curious What You're Missing?","Kya tum kuch miss kar rahe ho?","Your 'Consistent Learner' badge is within reach this week. How many lessons have you done?","Iss week apna 'Consistent Learner' badge paane ka chance hai. Kitne lessons complete kiye?","Check Progress","Progress Dekho","Friendly","nan","badges_achievements","0"
"Dormant_Achiever_Day_14_Scarcity_and_Impatience_T4","5","inactive","Day 14","Scarcity_and_Impatience","Others Are Earning It – Don't Miss Your Badge!","Log kama rahe hain – apna badge miss mat karo!","Join learners earning their 'Consistent Learner' badge. Only a few days left this week!","Aur learners ki tarah apna 'Consistent Learner' badge paao. Iss week bas kuch din bache hain!","Start Now","Abhi Shuru Karo","Supportive","nan","badges_achievements","0"
"Dormant_Achiever_Day_14_Scarcity_and_Impatience_T5","5","inactive","Day 14","Scarcity_and_Impatience","Badge Alert! Weekly Goal Ends Soon!","Badge Alert! Weekly Goal khatam hone wala hai!","Earn your 'Consistent Learner' badge. 10 lessons this week!","Apna 'Consistent Learner' badge jeeto. Iss week 10 lessons!","Get Your Badge","Apna Badge Paao","Celebratory","nan","badges_achievements","0"
"Dormant_Achiever_Day_30_Scarcity_and_Impatience_T1","5","inactive","Day 30","Scarcity_and_Impatience","Don't Miss Your Climb!","Apna Rank Miss Mat Karo!","Your leaderboard rank is waiting. Check it now to set your goal for next month's top spot!","Leaderboard par tumhara rank wait kar raha hai. Abhi check karo aur next month ka goal set karo!","See My Rank","Rank Dekho","Motivational","nan","leaderboards","0"
"Dormant_Achiever_Day_30_Scarcity_and_Impatience_T2","5","inactive","Day 30","Scarcity_and_Impatience","Ready to Claim Your Spot?","Apna Spot Claim Karne Ko Ready?","Your potential is huge! Check the leaderboards to see where you stand and conquer next month.","Tumhara potential bahut bada hai! Leaderboards dekho aur next month conquer karo.","View Leaderboards","Leaderboards Dekho","Encouraging","nan","leaderboards","0"
"Dormant_Achiever_Day_30_Scarcity_and_Impatience_T3","5","inactive","Day 30","Scarcity_and_Impatience","What's Your Current Rank?","Tumhara Current Rank Kya Hai?","Curious about your position? Check the leaderboards now and plan your climb for next month!","Apni position janne ke liye curious ho? Abhi leaderboards dekho aur next month ka climb plan karo!","Check My Rank","Rank Check Karo","Friendly","nan","leaderboards","0"
"Dormant_Achiever_Day_30_Scarcity_and_Impatience_T4","5","inactive","Day 30","Scarcity_and_Impatience","The Race is On!","Race Shuru Ho Gayi Hai!","Your peers are setting new records. See the leaderboards to join the competition and set your goal!","Tumhare dost naye records bana rahe hain. Leaderboards dekho aur apna goal set karo!","Compete Now","Abhi Compete Karo","Celebratory","nan","leaderboards","0"
"Dormant_Achiever_Day_30_Scarcity_and_Impatience_T5","5","inactive","Day 30","Scarcity_and_Impatience","Your Rank Awaits!","Tumhara Rank Wait Kar Raha Hai!","See your leaderboard position. Set your goal for next month!","Leaderboard par apni position dekho. Next month ka goal set karo!","View Rank","Rank Dekho","Supportive","nan","leaderboards","0"
"Dormant_Scholar_Day_1_Creativity_and_Feedback_T1","6","inactive","Day 1","Creativity_and_Feedback","Boost Your Fluency Today!","Apni Fluency Badhao Aaj!","Start your daily lesson to refresh skills and get instant AI feedback.","Daily lesson shuru karo skills refresh karne aur instant AI feedback paane ke liye.","Start Lesson","Lesson Shuru Karo","Motivational","daily_lessons","daily_lessons","0"
"Dormant_Scholar_Day_1_Creativity_and_Feedback_T2","6","inactive","Day 1","Creativity_and_Feedback","Feeling Stuck? Sia Can Help!","Stuck Feel Kar Rahe Ho? Sia Help Karegi!","Your daily lesson is ready with Sia's personalized feedback to guide your progress.","Aapki daily lesson Sia ke personalized feedback ke saath ready hai, aapki progress guide karne ke liye.","Meet Sia","Sia Se Milo","Empathetic","ai_tutor_sia","daily_lessons","0"
"Dormant_Scholar_Day_1_Creativity_and_Feedback_T3","6","inactive","Day 1","Creativity_and_Feedback","Want to Sound More Confident?","Aur Confident Bolna Chahte Ho?","Our Pronunciation Coach in today's daily lesson offers instant feedback to refine your speech.","Aaj ki daily lesson mein Pronunciation Coach se instant feedback pao, apni speech sudharne ke liye.","Improve Pronunciation","Pronunciation Sudharo","Friendly","pronunciation_coach","daily_lessons","0"
"Dormant_Scholar_Day_1_Creativity_and_Feedback_T4","6","inactive","Day 1","Creativity_and_Feedback","Don't Miss Your Progress!","Apni Progress Miss Mat Karo!","Complete your daily lesson to unlock personalized progress reports and see your improvement.","Daily lesson poori karo personalized progress reports unlock karne aur improvement dekho.","View Progress","Progress Dekho","Encouraging","progress_reports","daily_lessons","0"
"Dormant_Scholar_Day_1_Creativity_and_Feedback_T5","6","inactive","Day 1","Creativity_and_Feedback","Master Grammar, Fast!","Grammar Mein Master Bano, Jaldi!","Start your daily lesson for instant grammar feedback and speak perfectly.","Daily lesson shuru karo instant grammar feedback aur perfect bolo.","Fix My Grammar","Grammar Theek Karo","Supportive","grammar_guardian","daily_lessons","0"
"Dormant_Scholar_Day_7_Creativity_and_Feedback_T1","6","inactive","Day 7","Creativity_and_Feedback","Speak Confidently, Instantly!","Confidence se bolo, abhi!","Get real-time pronunciation and grammar corrections with Sia. Practice makes perfect!","Sia ke saath real-time pronunciation aur grammar corrections paao. Practice se perfection aayegi.","Start Chatting","Baat Karo","Motivational","ai_tutor_sia","ai_tutor","0"
"Dormant_Scholar_Day_7_Creativity_and_Feedback_T2","6","inactive","Day 7","Creativity_and_Feedback","Hesitant to Speak?","Bolne mein jhijhak hai?","Sia understands. Practice English conversations in a safe space, get instant corrections.","Sia samajhti hai. Bina jhijhak practice karo, instant corrections paao.","Chat with Sia","Sia se Baat Karein","Empathetic","sia_chat","ai_tutor","0"
"Dormant_Scholar_Day_7_Creativity_and_Feedback_T3","6","inactive","Day 7","Creativity_and_Feedback","How Clear is Your English?","Aapki English kitni clear hai?","Discover your pronunciation strengths and get instant feedback from Sia, your AI coach.","Apni pronunciation check karo aur Sia se instant feedback paao, your AI coach.","Check Pronunciation","Pronunciation Check Karo","Friendly","pronunciation_coach","ai_tutor","0"
"Dormant_Scholar_Day_7_Creativity_and_Feedback_T4","6","inactive","Day 7","Creativity_and_Feedback","Don't Let Grammar Hold You Back!","Grammar ko apni weakness mat banne do!","Get instant, contextual corrections from Sia, your Grammar Guardian. Perfect your English now.","Sia se instant grammar corrections paao. Abhi apni English perfect karo.","Fix My Grammar","Grammar Sudharo","Encouraging","grammar_guardian","ai_tutor","0"
"Dormant_Scholar_Day_7_Creativity_and_Feedback_T5","6","inactive","Day 7","Creativity_and_Feedback","Master Real-World English.","Real life English master karo.","Practice practical scenarios with Sia. Get immediate feedback and build confidence.","Sia ke saath practical scenarios practice karo. Instant feedback paao.","Practice Now","Abhi Practice Karo","Supportive","role_based_practice","ai_tutor","0"
"Dormant_Scholar_Day_14_Creativity_and_Feedback_T1","6","inactive","Day 14","Creativity_and_Feedback","Unlock Your Learning Potential!","Apni learning potential unlock karo!","Your personalized progress report is ready. See your growth and master new skills.","Tumhari personalized progress report ready hai. Apni growth dekho aur naye skills master karo.","View Report","Report Dekho","Motivational","progress_reports","progress_reports","0"
"Dormant_Scholar_Day_14_Creativity_and_Feedback_T2","6","inactive","Day 14","Creativity_and_Feedback","Celebrate Your Journey!","Apni journey celebrate karo!","Remember your hard work? Your progress report shows how far you've come.","Yaad hai kitni mehnat ki thi? Tumhari progress report dikhaegi kitna aage badhe ho.","See Your Progress","Progress Dekho","Celebratory","vocabulary_builder","progress_reports","0"
"Dormant_Scholar_Day_14_Creativity_and_Feedback_T3","6","inactive","Day 14","Creativity_and_Feedback","Curious About Your Growth?","Apni growth ke baare mein curious ho?","Your latest progress report reveals key insights into your learning journey.","Tumhari latest progress report mein learning journey ke insights hain.","Discover More","Aur Jaano","Friendly","grammar_guardian","progress_reports","0"
"Dormant_Scholar_Day_14_Creativity_and_Feedback_T4","6","inactive","Day 14","Creativity_and_Feedback","Don't Miss Your Insights!","Apne insights miss mat karo!","Your personalized progress report is waiting. See where you're excelling and how to improve.","Tumhari personalized progress report wait kar rahi hai. Dekho kahan improve kar sakte ho.","Get Feedback Now","Feedback Dekho","Empathetic","daily_lessons","progress_reports","0"
"Dormant_Scholar_Day_14_Creativity_and_Feedback_T5","6","inactive","Day 14","Creativity_and_Feedback","Your Progress Awaits!","Tumhara progress wait kar raha hai!","See your amazing learning journey in your detailed report.","Apni amazing learning journey detail report mein dekho.","View Report","Report Dekho","Encouraging","pronunciation_coach","progress_reports","0"
"Dormant_Scholar_Day_30_Creativity_and_Feedback_T1","6","inactive","Day 30","Creativity_and_Feedback","Boost Your Professional Communication Skills","Apni Professional Skills Boost Karein","Practice real-world scenarios in Role-Based Practice. Get immediate feedback to refine your skills.","Role-Based Practice mein real-world scenarios practice karein. Immediate feedback se skills refine karein.","Start Practicing","Practice Karein","Professional","role_based_practice","role_based_practice","0"
"Dormant_Scholar_Day_30_Creativity_and_Feedback_T2","6","inactive","Day 30","Creativity_and_Feedback","Conquer Your Professional Goals!","Apne Professional Goals Poore Karein!","Sia helps you master professional communication. Practice interactive role-play scenarios with confidence.","Sia aapko professional communication master karne mein help karegi. Confidence se interactive role-play scenarios practice karein.","Practice with Sia","Sia Ke Saath Practice","Motivational","ai_tutor_sia","role_based_practice","0"
"Dormant_Scholar_Day_30_Creativity_and_Feedback_T3","6","inactive","Day 30","Creativity_and_Feedback","How's Your Professional Growth?","Aapki Professional Growth Kaisi Hai?","Discover how Role-Based Practice can instantly boost your communication skills. See your improvement!","Dekhein kaise Role-Based Practice aapki communication skills instant boost kar sakti hai. Apni improvement dekhein!","Check Your Progress","Progress Dekhein","Friendly","progress_reports","role_based_practice","0"
"Dormant_Scholar_Day_30_Creativity_and_Feedback_T4","6","inactive","Day 30","Creativity_and_Feedback","Don't Miss Out on Skill Mastery!","Skill Mastery Miss Mat Karein!","Top learners are acing interviews with Role-Based Practice. Start your professional scenario today!","Top learners Role-Based Practice se interviews crack kar rahe hain. Aaj hi apna professional scenario shuru karein!","Practice Now","Abhi Practice Karein","Encouraging","daily_lessons","role_based_practice","0"
"Dormant_Scholar_Day_30_Creativity_and_Feedback_T5","6","inactive","Day 30","Creativity_and_Feedback","Master Professional Roles.","Professional Roles Master Karein.","Practice scenarios, get feedback, grow confidently. Perfect your communication.","Scenarios practice karein, feedback paayein, confidence se badhein.","Start Role-Play","Role-Play Shuru Karein","Supportive","pronunciation_coach","role_based_practice","0"
"Paid_Competitive_Week_1_Ownership_and_Possession_T1","7","paid","Week 1","Ownership_and_Possession","Don't Break Your Streak, Boost Your Coins!","Streak Mat Todo, Coins Badhao!","Every day you practice, your streak grows, and so do your daily coin rewards.","Har din practice se streak badhegi, aur daily coins bhi milenge.","Practice Now","Abhi Practice Karo","Motivational","coins","streaks","0"
"Paid_Competitive_Week_1_Ownership_and_Possession_T2","7","paid","Week 1","Ownership_and_Possession","Your Streak is a Badge of Honor!","Aapki Streak, Aapka Samman!","Celebrate your consistent effort! Maintain your streak to earn exclusive achievement badges.","Apni mehnat celebrate karo! Streak maintain karke special badges jeeto.","See Your Progress","Progress Dekho","Celebratory","badges_achievements","streaks","0"
"Paid_Competitive_Week_1_Ownership_and_Possession_T3","7","paid","Week 1","Ownership_and_Possession","Where Does Your Streak Rank?","Aapki Streak Kahan Rank Karti Hai?","Your daily streak isn't just progress; it's your spot on the leaderboard! Check it out.","Aapki daily streak sirf progress nahi, leaderboard pe aapki jagah hai! Dekho.","View Leaderboard","Leaderboard Dekho","Friendly","leaderboards","streaks","0"
"Paid_Competitive_Week_1_Ownership_and_Possession_T4","7","paid","Week 1","Ownership_and_Possession","Don't Miss Your Daily Coins!","Daily Coins Miss Mat Karo!","Keep your streak alive to secure your valuable daily coin rewards. Others are earning theirs!","Apni streak barkarar rakho aur daily coins pao. Sab kama rahe hain!","Secure Coins Now","Abhi Coins Secure Karo","Encouraging","coins","streaks","0"
"Paid_Competitive_Week_1_Ownership_and_Possession_T5","7","paid","Week 1","Ownership_and_Possession","Protect Your Streak. Practice!","Apni Streak Bachao. Practice Karo!","A quick practice with Sia helps maintain your streak and progress. Don't break it!","Sia ke saath quick practice se streak aur progress bani rahegi.","Practice with Sia","Sia Ke Saath Practice","Supportive","sia_chat","streaks","0"
"Paid_Competitive_Week_2_Ownership_and_Possession_T1","7","paid","Week 2","Ownership_and_Possession","You Just Unlocked a New Badge!","Badhai ho! Naya Badge aapka hua!","Claim your reward and see what challenges await for your next achievement.","Apna reward claim karo aur dekho next achievement ke liye kya challenges hain.","Claim Badge Now","Badge Claim Karo","Celebratory","badges_achievements","badges_achievements","0"
"Paid_Competitive_Week_2_Ownership_and_Possession_T2","7","paid","Week 2","Ownership_and_Possession","Power Up Your Progress!","Apni Progress ko Power Up karo!","Every challenge completed earns you coins. Unlock exclusive rewards with your achievements!","Har challenge complete karne par coins milenge. Achievements se exclusive rewards unlock karo!","Earn More Coins","Aur Coins Kamao","Motivational","coins","badges_achievements","0"
"Paid_Competitive_Week_2_Ownership_and_Possession_T3","7","paid","Week 2","Ownership_and_Possession","How's Your Badge Collection Growing?","Aapke Badges kitne badhe?","See how your achievements stack up against others on the leaderboard this week!","Dekho is week leaderboard par aapki achievements dusron se kitni aage hain!","Check Your Rank","Apna Rank Dekho","Friendly","leaderboards","badges_achievements","0"
"Paid_Competitive_Week_2_Ownership_and_Possession_T4","7","paid","Week 2","Ownership_and_Possession","Learners Are Earning New Badges!","Sab naye Badges kama rahe hain!","Don't miss out! Complete your challenges today to earn your next achievement.","Miss mat karna! Aaj hi challenges poore karo aur apna agla achievement paao.","Start Earning Badges","Badges Kamao","Encouraging","badges_achievements","badges_achievements","0"
"Paid_Competitive_Week_2_Ownership_and_Possession_T5","7","paid","Week 2","Ownership_and_Possession","Master Skills, Earn Badges.","Skills Master karo, Badges paao.","Practice with Sia to complete challenges and unlock exclusive achievements.","Sia ke saath practice karo, challenges poore karo aur achievements unlock karo.","Chat with Sia","Sia se Baat Karo","Professional","sia_chat","badges_achievements","0"
"Paid_Competitive_Week_4_Ownership_and_Possession_T1","7","paid","Week 4","Ownership_and_Possession","Climb Higher, Own Your Spot!","Top Par Aao, Apni Jagah Pakki Karo!","Your leaderboard rank is waiting. See where you stand and improve your position today!","Leaderboard mein aapka rank wait kar raha hai. Dekho kahan ho aur aage badho!","Check Leaderboard","Leaderboard Dekho","Motivational","leaderboards","leaderboards","0"
"Paid_Competitive_Week_4_Ownership_and_Possession_T2","7","paid","Week 4","Ownership_and_Possession","Boost Your Score, Earn More Coins!","Score Badhao, Aur Coins Kamao!","Every correct answer earns you coins. Use them to dominate the leaderboards!","Har sahi jawab se coins milenge. Leaderboards mein top pe aane ke liye use karo!","Earn Coins Now","Abhi Coins Kamao","Encouraging","coins","leaderboards","0"
"Paid_Competitive_Week_4_Ownership_and_Possession_T3","7","paid","Week 4","Ownership_and_Possession","What's Your Next Big Achievement?","Agla Badge Kaun Sa Milega?","Compete on leaderboards to unlock exclusive badges and show off your mastery.","Leaderboards pe compete karke naye badges unlock karo aur apna skill dikhao.","See Achievements","Achievements Dekho","Friendly","badges_achievements","leaderboards","0"
"Paid_Competitive_Week_4_Ownership_and_Possession_T4","7","paid","Week 4","Ownership_and_Possession","Your Rivals Are Climbing. Are You?","Competitors Aage Badh Rahe Hain, Aap Kahan Ho?","The weekly leaderboard is dynamic. Ensure your position by practicing now.","Weekly leaderboard change ho raha hai. Apna spot maintain karne ke liye abhi practice karo.","View Rankings","Rankings Dekho","Professional","leaderboards","leaderboards","0"
"Paid_Competitive_Week_4_Ownership_and_Possession_T5","7","paid","Week 4","Ownership_and_Possession","Top Performer! Keep the Edge.","Top Performer! Edge Maintain Rakho.","Your skills are sharp. Practice with Sia to stay ahead of the competition.","Aapke skills sharp hain. Competition se aage rehne ke liye Sia ke saath practice karo.","Chat with Sia","Sia Se Baat Karo","Celebratory","sia_chat","leaderboards","0"
"Inactive_Socialite_Day_1_Unpredictability_T1","0","inactive","Day_1","unpredictability","Ace Your Next Big Conversation!","Apni next big conversation ace karo!","Practice real-world scenarios for interviews or presentations. Boost your career confidence!","Interviews ya presentations ke liye real-world scenarios practice karo. Career confidence badhao!","Start Role Practice","Role Practice Shuru Karo","Motivational","Role-Based Practice","role_based_practice","1"
"Inactive_Socialite_Day_1_Unpredictability_T2","0","inactive","Day_1","unpredictability","Challenge Accepted? See Your Rivals!","Challenge accept kiya? Rivals dekho!","Friends are climbing the ranks. Find out if you're still ahead!","Friends ranks climb kar rahe hain. Dekho kya tum abhi bhi aage ho!","View Leaderboard","Leaderboard Dekho","Motivational","leaderboards_social","leaderboards","0"
"Inactive_Socialite_Day_1_Unpredictability_T3","0","inactive","Day_1","unpredictability","Your next step to fluency is waiting!","Fluency ka next step ready hai!","A quick daily lesson can reignite your English journey. Start now!","Ek quick daily lesson aapki English journey phir shuru karega. Abhi shuru karo!","Start Lesson","Lesson Shuru Karo","Encouraging","Daily Lessons","daily_lessons","1"
"Inactive_Socialite_Day_1_Unpredictability_T4","0","inactive","Day_1","unpredictability","Friends Are Competing! Join The Fun.","Friends compete kar rahe hain! Masti mein join karo.","Others are making progress. Don't miss out on seeing your current standing!","Sab progress kar rahe hain. Apna current standing dekhna miss mat karo!","See Friend Ranks","Friends Ke Ranks Dekho","Celebratory","leaderboards_social","leaderboards","0"
"Inactive_Socialite_Day_1_Unpredictability_T5","0","inactive","Day_1","unpredictability","Rank Update: See Your New Position!","Rank Update: Apni nayi position dekho!","Quickly check your global leaderboard standing. Your progress matters!","Jaldi se apna global leaderboard standing check karo. Tumhara progress important hai!","Check My Spot","Apna Spot Dekho","Supportive","leaderboards_social","leaderboards","0"
"Inactive_Socialite_Day_7_Unpredictability_T1","0","inactive","Day_7","unpredictability","Your Rank Changed? See Now!","Kya aapka rank badla? Abhi dekho!","The leaderboard is live! See your new position & challenge others to climb.","Leaderboard live hai! Apni nayi position dekho, aur dusro ko challenge karo.","Climb Higher!","Upar Chadho!","Motivational","leaderboards_social","leaderboards","1"
"Inactive_Socialite_Day_7_Unpredictability_T2","0","inactive","Day_7","unpredictability","Need a practice partner?","Practice partner chahiye?","Sia is here 24/7. Practice English without pressure!","Sia hai 24/7. Bina tension ke English practice karo!","Chat with Sia","Sia se baat karein","Supportive","Sia Chat","sia_chat","1"
"Inactive_Socialite_Day_7_Unpredictability_T3","0","inactive","Day_7","unpredictability","Who's Ruling the Leaderboard?","Leaderboard pe Top pe kaun?","Your friends are racing ahead! See if they've passed your rank.","Tumhare friends aage nikal gaye hain! Dekho, kya tumhari rank unse peeche reh gayi?","View Rankings Now","Abhi Rankings Dekho","Friendly","leaderboards_social","leaderboards","1"
"Inactive_Socialite_Day_7_Unpredictability_T4","0","inactive","Day_7","unpredictability","Friends Are Competing! Join The Fun.","Friends compete kar rahe hain! Masti mein join karo.","Others are making progress. Don't miss out on seeing your current standing!","Sab progress kar rahe hain. Apna current standing dekhna miss mat karo!","See Friend Ranks","Friends Ke Ranks Dekho","Celebratory","leaderboards_social","leaderboards","0"
"Inactive_Socialite_Day_7_Unpredictability_T5","0","inactive","Day_7","unpredictability","Rank Update: See Your New Position!","Rank Update: Apni nayi position dekho!","Quickly check your global leaderboard standing. Your progress matters!","Jaldi se apna global leaderboard standing check karo. Tumhara progress important hai!","Check My Spot","Apna Spot Dekho","Supportive","leaderboards_social","leaderboards","0"
"Inactive_Socialite_Day_14_Unpredictability_T1","0","inactive","Day_14","unpredictability","Your Rank Just Changed! See Who's Ahead.","Aapka rank badal gaya! Dekho kaun aage hai.","Your position on the leaderboard is dynamic. Check now to climb higher!","Leaderboard par aapki position badalti rehti hai. Abhi check karke aage badho!","Check My Rank","Apna Rank Dekho","Encouraging","Leaderboards","leaderboards","1"
"Inactive_Socialite_Day_14_Unpredictability_T2","0","inactive","Day_14","unpredictability","Challenge Accepted? See Your Rivals!","Challenge accept kiya? Rivals dekho!","Friends are climbing the ranks. Find out if you're still ahead!","Friends ranks climb kar rahe hain. Dekho kya tum abhi bhi aage ho!","View Leaderboard","Leaderboard Dekho","Motivational","leaderboards_social","leaderboards","0"
"Inactive_Socialite_Day_14_Unpredictability_T3","0","inactive","Day_14","unpredictability","Major Leaderboard Shake-Up!","Leaderboard mein halchal!","Your friends are climbing fast! See if your global rank is safe.","Tumhare friends speed pakad rahe hain! Dekho global rank kahan hai.","Reveal My New Rank","Naya Rank Dekho","Friendly","Leaderboards","leaderboards","1"
"Inactive_Socialite_Day_14_Unpredictability_T4","0","inactive","Day_14","unpredictability","Friends Are Rising! See Your Rank.","Friends aage badh rahe hain! Apna Rank dekho.","Your friends are moving up the leaderboard. Don't miss your current standing!","Aapke friends leaderboard par aage badh rahe hain. Apna current standing miss mat karo!","Check Ranks Now","Ranks Abhi Dekho","Motivational","leaderboards","leaderboards","1"
"Inactive_Socialite_Day_14_Unpredictability_T5","0","inactive","Day_14","unpredictability","Your personal AI friend is waiting!","Aapka AI dost wait kar raha hai!","Sia is always here for fun, pressure-free English conversations. Come say hi!","Sia hamesha available hai, fun aur pressure-free English conversations ke liye. Aao, hi bolo!","Chat with Sia","Sia se chat karo","Friendly","Sia Chat","sia_chat","1"
"Inactive_Socialite_Day_30_Unpredictability_T1","0","inactive","Day_30","unpredictability","Missed practice? Sia is here to chat!","Practice chhuti? Sia chat ke liye ready!","No pressure, just fun practice. Restart your fluency journey anytime.","Koi pressure nahi, bas fun practice. Apni fluency journey abhi shuru karo.","Chat with Sia Now","Sia se chat karo","Supportive","Sia Chat","sia_chat","1"
"Inactive_Socialite_Day_30_Unpredictability_T2","0","inactive","Day_30","unpredictability","Friends Are Surging! Where's Your Rank?","Friends aage nikal rahe hain! Tumhara rank kahaan?","They're climbing the leaderboard fast. See if you've been left behind!","Leaderboard par tezi se upar ja rahe hain. Dekho kahin peeche toh nahi reh gaye!","Check Ranks Now","Rank Dekho Abhi","Motivational","Leaderboards","leaderboards","1"
"Inactive_Socialite_Day_30_Unpredictability_T3","0","inactive","Day_30","unpredictability","Leaderboard Shake-Up? See Your Rank!","Leaderboard mein kya badla?","Your friends are active! Don't lose your spot on the global leaderboard. Check now!","Friends active hain! Global leaderboard mein apni jagah mat gavao. Abhi dekho!","View Leaderboard","Leaderboard Dekho","Friendly","leaderboards_social","leaderboards","1"
"Inactive_Socialite_Day_30_Unpredictability_T4","0","inactive","Day_30","unpredictability","Friends Are Competing! Join The Fun.","Friends compete kar rahe hain! Masti mein join karo.","Others are making progress. Don't miss out on seeing your current standing!","Sab progress kar rahe hain. Apna current standing dekhna miss mat karo!","See Friend Ranks","Friends Ke Ranks Dekho","Celebratory","leaderboards_social","leaderboards","0"
"Inactive_Socialite_Day_30_Unpredictability_T5","0","inactive","Day_30","unpredictability","Leaderboard Update: Climb Higher!","Leaderboard Update: Aur Upar Chado!","Your rank just changed! See where you stand. Challenge peers.","Tumhara rank badal gaya hai! Dekho kahan ho. Doston ko challenge karo.","See My Rank","Rank Dekho","Motivational","leaderboards_social","leaderboards","1"
"Inactive_Social_Learners_Day_1_Social_Influence_T1","1","inactive","Day_1","social_influence","Unlock Your Speaking Potential Today!","Apni speaking potential unlock karo!","Complete your daily lesson to refine your skills and impress everyone with your fluency.","Aaj ka daily lesson complete karo, skills improve karo aur sabko impress karo.","Start Lesson","Lesson Shuru Karo","Motivational","daily_lessons","daily_lessons","0"
"Inactive_Social_Learners_Day_1_Social_Influence_T2","1","inactive","Day_1","social_influence","Feeling Stuck with English Speaking?","English bolne mein atak rahe ho?","Sia's instant feedback helps you speak fluently, shine in every chat. Try it now!","Sia ka instant feedback aapko confidently bolne mein help karega, har conversation mein shine karo. Abhi try karo!","Chat with Sia","Sia se baat karo","Empathetic","ai_tutor_sia","ai_tutor_sia","1"
"Inactive_Social_Learners_Day_1_Social_Influence_T3","1","inactive","Day_1","social_influence","Friends Are Active! See Your Rank.","Dost active hain! Apna rank dekho.","Your friends are scoring high! See your spot on the leaderboard in minutes.","Aapke dost high score kar rahe hain! Leaderboard par apni jagah dekho.","Climb The Leaderboard","Leaderboard Par Aage Badho","Motivational","Leaderboards","leaderboards","1"
"Inactive_Social_Learners_Day_1_Social_Influence_T4","1","inactive","Day_1","social_influence","Your friends are shining on the leaderboard!","Aapke friends leaderboard par chamak rahe hain!","They're making progress! Start your lesson to join the fun and climb up.","Wo aage badh rahe hain! Apna lesson shuru karo aur competition join karo.","Challenge Friends","Friends ko Challenge karo","Encouraging","Leaderboards","daily_lessons","1"
"Inactive_Social_Learners_Day_1_Social_Influence_T5","1","inactive","Day_1","social_influence","Ready for a Quick Win?","Ek quick win ke liye ready ho?","Your daily lesson with pronunciation feedback is waiting to make you sound amazing.","Daily lesson aur pronunciation feedback se apni awaaz behtar banao!","Practice Now","Abhi Practice Karo","Supportive","pronunciation_coach","daily_lessons","0"
"Inactive_Social_Learners_Day_7_Social_Influence_T1","1","inactive","Day_7","social_influence","Unlock Your Speaking Potential Today!","Apni speaking potential unlock karo!","Complete your daily lesson to refine your skills and impress everyone with your fluency.","Aaj ka daily lesson complete karo, skills improve karo aur sabko impress karo.","Start Lesson","Lesson Shuru Karo","Motivational","daily_lessons","daily_lessons","0"
"Inactive_Social_Learners_Day_7_Social_Influence_T2","1","inactive","Day_7","social_influence","Missing That Confident Spark?","Confidence ki kami mehsoos ho rahi hai?","Sia's daily lessons help you speak effortlessly, so you can shine in every conversation.","Sia ke daily lessons se confidently bolo, har conversation mein shine karo.","Chat with Sia","Sia se baat karo","Empathetic","ai_tutor_sia","daily_lessons","0"
"Inactive_Social_Learners_Day_7_Social_Influence_T3","1","inactive","Day_7","social_influence","Don't Miss Out!","Miss mat karo!","Your friends are climbing the leaderboard. Jump back in and rise!","Aapke friends leaderboard pe aage badh rahe hain. Come back & rise!","See Ranks","Rank dekho","Motivational","Leaderboards","leaderboard","1"
"Inactive_Social_Learners_Day_7_Social_Influence_T4","1","inactive","Day_7","social_influence","Your Friends Are Dominating!","Aapke friends top par hain!","They're climbing the leaderboard. Start your quick lesson now to join them and compete!","Leaderboard pe aage badh rahe hain. Abhi quick lesson shuru karo, unhe join karo!","Compete Now","Abhi Compete Karo","Motivational","leaderboards","daily_lessons","1"
"Inactive_Social_Learners_Day_7_Social_Influence_T5","1","inactive","Day_7","social_influence","Boost Your Speaking Confidence Today!","Apni speaking confidence badhao!","Get instant pronunciation feedback to sound clearer and impress everyone in conversations.","Instant pronunciation feedback se apni awaaz sudharo aur sabko impress karo.","Practice Now","Abhi Practice Karein","Motivational","Pronunciation Coach","pronunciation_coach","1"
"Inactive_Social_Learners_Day_14_Social_Influence_T1","1","inactive","Day_14","social_influence","Unlock Your Speaking Potential Today!","Apni speaking potential unlock karo!","Complete your daily lesson to refine your skills and impress everyone with your fluency.","Aaj ka daily lesson complete karo, skills improve karo aur sabko impress karo.","Start Lesson","Lesson Shuru Karo","Motivational","daily_lessons","daily_lessons","0"
"Inactive_Social_Learners_Day_14_Social_Influence_T2","1","inactive","Day_14","social_influence","Your Spot on the Leaderboard Awaits!","Leaderboard pe aapki jagah intezaar kar rahi hai!","Don't let others overtake you. Practice daily to climb ranks & shine!","Peeche mat raho! Daily practice karo, rank badhao aur shine karo.","Check Your Rank","Apni Rank dekho","Motivational","Leaderboards","leaderboards","1"
"Inactive_Social_Learners_Day_14_Social_Influence_T3","1","inactive","Day_14","social_influence","Friends Are Topping The Leaderboard!","Dosto ne leaderboard par top kiya!","A quick lesson will boost your score. See where you stand among them!","Ek quick lesson se score badhao. Dekho, apne friends se aage niklo!","Check Your Rank!","Apna Rank Dekho!","Motivational","Leaderboards","leaderboard","1"
"Inactive_Social_Learners_Day_14_Social_Influence_T4","1","inactive","Day_14","social_influence","Sia Misses You! Ready to Chat?","Sia ko aapki yaad aa rahi hai! Chat karein?","Our AI tutor is waiting to help you practice English, anytime. No pressure!","Hamari AI tutor aapka wait kar rahi hai English practice ke liye, kabhi bhi. No pressure!","Chat with Sia Now","Sia se baat karein","Friendly","AI Tutor (Sia)","ai_tutor","1"
"Inactive_Social_Learners_Day_14_Social_Influence_T5","1","inactive","Day_14","social_influence","Is Pronunciation Holding You Back?","Kya pronunciation rok rahi hai?","We know pronunciation can be tough. Our AI coach helps you speak clearly, confidently.","Pronunciation mushkil lagti hai? Hamara AI coach aapko clear aur confident bolna sikhaega.","Speak Clearly Today","Saaf Bolo Abhi","Empathetic","Pronunciation Coach","pronunciation_coach","1"
"Inactive_Social_Learners_Day_30_Social_Influence_T1","1","inactive","Day_30","social_influence","Unlock Your Speaking Potential Today!","Apni speaking potential unlock karo!","Complete your daily lesson to refine your skills and impress everyone with your fluency.","Aaj ka daily lesson complete karo, skills improve karo aur sabko impress karo.","Start Lesson","Lesson Shuru Karo","Motivational","daily_lessons","daily_lessons","0"
"Inactive_Social_Learners_Day_30_Social_Influence_T2","1","inactive","Day_30","social_influence","Silent in group chats?","Group chats mein chup ho jaate ho?","Sia's instant feedback builds confidence for effortless conversations.","Sia ki instant feedback se confidently bolo, har baat mein chamko.","Practice with Sia","Sia ke saath practice karo","Empathetic","Sia Chat","sia_chat","1"
"Inactive_Social_Learners_Day_30_Social_Influence_T3","1","inactive","Day_30","social_influence","What's New in Your Learning Journey?","Aapki learning journey mein kya naya hai?","A quick daily lesson will show you your progress and what your friends are up to!","Ek quick daily lesson se apni progress dekho aur friends se connect karo!","Check Progress","Progress Dekho","Friendly","progress_reports","daily_lessons","0"
"Inactive_Social_Learners_Day_30_Social_Influence_T4","1","inactive","Day_30","social_influence","Level Up Your English!","Apni English level up karo!","See your rank on the weekly leaderboard. Challenge yourself & rise!","Weekly leaderboard par apni rank dekho. Khud ko challenge karo & aage badho!","Check Rankings","Rank dekho","Motivational","Leaderboards","leaderboard","1"
"Inactive_Social_Learners_Day_30_Social_Influence_T5","1","inactive","Day_30","social_influence","Reclaim Your Top Spot!","Apni jagah wapas pao!","Your friends are climbing the leaderboard. Practice now to boost your rank!","Aapke dost leaderboard pe aage badh rahe hain. Abhi practice karo, rank badhao!","See My Rank","Meri Rank Dekho","Motivational","Leaderboards","leaderboards","1"
"Paid_Social_Achiever_Week_1_Creativity_and_Feedback_T1","2","paid","Week_1","accomplishment","See Your Rank, Boost Your Skills!","Apna Rank Dekho, Skills Badhao!","Your weekly progress includes your leaderboard position. Compete, get feedback, and climb higher.","Aapki weekly progress mein leaderboard rank bhi hai. Compete karo, feedback lo, aur upar chadho.","Check Leaderboards","Leaderboard Dekho","Motivational","progress_reports","leaderboards","0"
"Paid_Social_Achiever_Week_1_Creativity_and_Feedback_T2","2","paid","Week_1","accomplishment","Need a practice buddy?","Practice buddy chahiye?","Sia is ready to chat 24/7. Practice English anytime, no pressure!","Sia 24/7 chat ke liye ready hai. Bina pressure English bolo.","Chat with Sia now!","Sia se chat karo!","Friendly","Sia Chat","sia_chat","1"
"Paid_Social_Achiever_Week_1_Creativity_and_Feedback_T3","2","paid","Week_1","accomplishment","Level Up Your Career!","Career mein aage badho!","Master real-world English scenarios. Practice for job interviews & presentations.","Real-world English scenarios mein expert bano. Interview aur presentations ki practice karo.","Start Practicing Now","Abhi Practice Karein","Motivational","Role-Based Practice","role_based_practice","1"
"Paid_Social_Achiever_Week_1_Creativity_and_Feedback_T4","2","paid","Week_1","accomplishment","Unlock Your Career Potential!","Career mein aage badho!","Practice real-world scenarios like interviews. Speak confidently for success.","Interviews jaise real scenarios practice karo. Confidently bolo, success paao.","Start Role Practice","Role Practice shuru karo","Motivational","Role-Based Practice","role_based_practice","1"
"Paid_Social_Achiever_Week_1_Creativity_and_Feedback_T5","2","paid","Week_1","accomplishment","See Your Current Rank!","Apna Rank Abhi Dekho!","Boost your vocabulary, boost your rank! Check where you stand among peers.","Vocabulary badhao, rank badhao! Dekho peers mein kahan ho.","View Leaderboard","Leaderboard Dekho","Supportive","vocabulary_builder","leaderboards","0"
"Paid_Social_Achiever_Week_2_Creativity_and_Feedback_T1","2","paid","Week_2","accomplishment","Amazing! You Earned a New Badge!","Shaandaar! Aapne naya badge jeeta!","Celebrate your progress! See your latest achievement & claim your reward.","Apni progress celebrate karein! Apna naya achievement dekhein aur reward paayein.","Claim Your Badge","Apna Badge Lein","Celebratory","Badges & Achievements","badges_achievements","1"
"Paid_Social_Achiever_Week_2_Creativity_and_Feedback_T2","2","paid","Week_2","accomplishment","Reach the Top, Earn Your Glory!","Top Par Pahucho, Glory Kamao!","Imagine the thrill of seeing your name on top. Your next achievement awaits on the leaderboards.","Socho top par apna naam dekhne ka thrill. Aapka next achievement leaderboards par wait kar raha hai.","Climb Ranks Now","Abhi Ranks Climb Karo","Encouraging","badges_achievements","leaderboards","0"
"Paid_Social_Achiever_Week_2_Creativity_and_Feedback_T3","2","paid","Week_2","accomplishment","Leaderboard Live! Your Rank Awaits","Leaderboard Live! Apna Rank Dekho","See where you stand against others. Compete to earn coins and climb the ranks!","Dekho kahan ho tum sabse aage. Coins jeeto aur upar chadho!","Check My Leaderboard","Leaderboard Dekho","Motivational","Leaderboards","leaderboards","1"
"Paid_Social_Achiever_Week_2_Creativity_and_Feedback_T4","2","paid","Week_2","accomplishment","Unlock Career Success: Practice Real-World English!","Career mein aage badho: Real-world English practice!","Master job interviews, presentations. Speak confidently for your future. Start now!","Job interviews, presentations mein master bano. Future ke liye confidently bolo. Abhi shuru karo!","Start Role-Play Practice","Role-Play Practice Shuru Karein","Motivational","Role-Based Practice","role_based_practice","1"
"Paid_Social_Achiever_Week_2_Creativity_and_Feedback_T5","2","paid","Week_2","accomplishment","See Your Current Rank!","Apna Rank Abhi Dekho!","Boost your vocabulary, boost your rank! Check where you stand among peers.","Vocabulary badhao, rank badhao! Dekho peers mein kahan ho.","View Leaderboard","Leaderboard Dekho","Supportive","vocabulary_builder","leaderboards","0"
"Paid_Social_Achiever_Week_4_Creativity_and_Feedback_T1","2","paid","Week_4","accomplishment","You're on the Leaderboard!","Aap Leaderboard par ho!","Celebrate your progress! See your rank and inspire others.","Apni progress celebrate karo! Rank dekho aur doosron ko inspire karo.","See My Rank","Meri Rank Dekho","Celebratory","Leaderboards","leaderboards","1"
"Paid_Social_Achiever_Week_4_Creativity_and_Feedback_T2","2","paid","Week_4","accomplishment","Awesome! New Achievement Unlocked!","Jabardast! Naya Achievement Unlock Hua!","You've earned a special badge! Check it out & celebrate your progress.","Aapne ek special badge jeeta hai! Dekho aur apni progress celebrate karo.","See Your Badge!","Apna Badge Dekho!","Celebratory","Badges & Achievements","badges_achievements","1"
"Paid_Social_Achiever_Week_4_Creativity_and_Feedback_T3","2","paid","Week_4","accomplishment","Where Do You Stand This Week?","Is Week Aap Kahan Ho?","Check the leaderboards to see your current rank and how many coins you can earn by competing.","Leaderboards dekho apna current rank aur kitne coins jeet sakte ho compete karke.","Find My Rank","Apna Rank Dekho","Friendly","coins","leaderboards","0"
"Paid_Social_Achiever_Week_4_Creativity_and_Feedback_T4","2","paid","Week_4","accomplishment","Climb the Ranks!","Rank Badhao!","Your friends are making progress. See your live rank & join the climb!","Aapke dost aage badh rahe hain. Abhi apna rank dekho aur competition mein aao!","See Live Ranks","Live Ranks Dekho","Celebratory","leaderboards","leaderboards","1"
"Paid_Social_Achiever_Week_4_Creativity_and_Feedback_T5","2","paid","Week_4","accomplishment","Leaderboard's Live! Check Your Rank Now.","Leaderboard Live Hai! Apna Rank Dekho.","The competition is live! See your rank & challenge yourself to climb higher.","Competition chal rahi hai! Apna rank dekho aur upar aane ka challenge lo.","Check Leaderboard Now","Abhi Leaderboard Dekho","Motivational","leaderboards","leaderboards","1"
"Inactive_Socialite_Day_1_Scarcity_and_Impatience_T1","3","inactive","Day_1","scarcity","See Your Leaderboard Rank Now!","अभी अपना लीडरबोर्ड रैंक देखो!","Check where you stand among others and strategize your climb. Don't miss your chance!","देखो तुम दूसरों में कहाँ हो और अपनी चढ़ाई की स्ट्रैटेजी बनाओ। मौका मत छोड़ो!","View Ranking","रैंकिंग देखो","Motivational","leaderboards","leaderboards","0"
"Inactive_Socialite_Day_1_Scarcity_and_Impatience_T2","3","inactive","Day_1","scarcity","Leaderboard's Live! Climb Higher!","लीडरबोर्ड लाइव है! ऊपर चढ़ो!","Your current rank is waiting. Challenge yourself, overtake peers, and secure your spot today!","तुम्हारी करेंट रैंक इंतज़ार कर रही है। खुद को चैलेंज करो, दोस्तों को पछाड़ो, और आज ही अपनी जगह पक्की करो!","Check Your Rank","अपनी रैंक देखो","Encouraging","Leaderboards","leaderboards","1"
"Inactive_Socialite_Day_1_Scarcity_and_Impatience_T3","3","inactive","Day_1","scarcity","Curious About Your Rank?","अपनी रैंक के बारे में जानना है?","The leaderboard is live! See your current position before it changes. Don't wait!","लीडरबोर्ड लाइव है! अपनी करेंट पोजीशन देखो इससे पहले कि वो बदल जाए। इंतज़ार मत करो!","Find Out Now","अभी पता करो","Friendly","leaderboards","leaderboards","0"
"Inactive_Socialite_Day_1_Scarcity_and_Impatience_T4","3","inactive","Day_1","scarcity","Your Daily English Boost Awaits!","आपका डेली इंग्लिश बूस्ट है तैयार!","Just 15 minutes can sharpen your speaking skills. Start today!","बस 15 मिनट आपकी इंग्लिश स्पीकिंग सुधार सकते हैं। आज ही शुरू करें!","Start Lesson Now","अभी लेसन शुरू करें","Encouraging","Daily Lessons","daily_lessons","1"
"Inactive_Socialite_Day_1_Scarcity_and_Impatience_T5","3","inactive","Day_1","scarcity","Leaderboard Update: Climb Higher!","लीडरबोर्ड अपडेट: और ऊपर चढ़ो!","Your new rank is live! See how you compare & plan your climb to the top.","तुम्हारी नई रैंक लाइव है! देखो तुम कहाँ हो और टॉप पर पहुँचने का प्लान बनाओ।","Climb the Leaderboard","लीडरबोर्ड पर चढ़ो","Motivational","leaderboards","leaderboards","1"
"Inactive_Socialite_Day_7_Scarcity_and_Impatience_T1","3","inactive","Day_7","scarcity","Time to Reclaim Your Rank!","अपनी रैंक वापस पाने का समय!","Don't let others pass you. Check this week's leaderboard & strategize your comeback.","दूसरों को आगे निकलने मत दो। इस हफ़्ते का लीडरबोर्ड देखो और अपनी वापसी की स्ट्रैटेजी बनाओ।","View Leaderboard","लीडरबोर्ड देखो","Motivational","Leaderboards","leaderboards","1"
"Inactive_Socialite_Day_7_Scarcity_and_Impatience_T2","3","inactive","Day_7","scarcity","Leaderboard Challenge: Reach Top 10!","लीडरबोर्ड चैलेंज: टॉप 10 में आओ!","Your rivals are climbing. Check your rank now and start your comeback!","तुम्हारे प्रतिद्वंद्वी आगे बढ़ रहे हैं। अभी अपनी रैंक देखो और वापसी करो!","Climb the Leaderboard","लीडरबोर्ड पर चढ़ो","Encouraging","leaderboards","leaderboards","1"
"Inactive_Socialite_Day_7_Scarcity_and_Impatience_T3","3","inactive","Day_7","scarcity","Your Leaderboard Rank is Waiting!","आपकी लीडरबोर्ड रैंक इंतज़ार कर रही है!","The weekly rankings are LIVE. See if you're still ahead or if others have passed you!","वीकली रैंकिंग्स LIVE हैं। देखो, क्या आप अभी भी आगे हो या कोई आपसे आगे निकल गया है!","Check My Rank","मेरी रैंक देखो","Motivational","leaderboards","leaderboards","1"
"Inactive_Socialite_Day_7_Scarcity_and_Impatience_T4","3","inactive","Day_7","scarcity","Friends are climbing! See your rank.","दोस्त आगे बढ़ रहे हैं! अपनी रैंक देखो।","Your friends are gaining ranks fast. A quick practice can boost yours today!","तुम्हारे दोस्त तेज़ी से रैंक बढ़ा रहे हैं. आज ही प्रैक्टिस करके अपनी रैंक ऊपर लाओ!","View Leaderboard Now","अभी लीडरबोर्ड देखो","Supportive","leaderboards","leaderboards","1"
"Inactive_Socialite_Day_7_Scarcity_and_Impatience_T5","3","inactive","Day_7","scarcity","Ready to Chat? Sia's Waiting!","Baat karne ko ready? Sia wait kar rahi hai!","Practice English without pressure. Your AI friend is always here.","Bina pressure English practice karo. Tumhari AI friend hamesha yahan hai.","Chat with Sia","Sia se baat karo","Friendly","Sia Chat","sia_chat","1"
"Inactive_Socialite_Day_14_Scarcity_and_Impatience_T1","3","inactive","Day_14","scarcity","Your Rank is Dropping! Act Fast!","आपका रैंक गिर रहा है! जल्दी करो!","The weekly leaderboard resets soon. See your position & climb up!","साप्ताहिक लीडरबोर्ड जल्द ही रीसेट होगा। अपनी पोजीशन देखो और ऊपर चढ़ो!","Check Ranking Now","अभी रैंकिंग देखो","Motivational","Leaderboards","leaderboards","1"
"Inactive_Socialite_Day_14_Scarcity_and_Impatience_T2","3","inactive","Day_14","scarcity","Ready to Climb? Check Your Leaderboard Now!","ऊपर चढ़ने को तैयार? अपना लीडरबोर्ड अभी देखो!","See your rank, challenge friends. Boost your English with quick practice.","अपनी रैंक देखो, दोस्तों को चैलेंज करो। फ़टाफ़ट प्रैक्टिस से इंग्लिश सुधारो।","View Leaderboard","लीडरबोर्ड देखो","Motivational","leaderboards","leaderboards","1"
"Inactive_Socialite_Day_14_Scarcity_and_Impatience_T3","3","inactive","Day_14","scarcity","Ready to Climb? Check Leaderboard Now!","ऊपर चढ़ने को तैयार? लीडरबोर्ड देखो!","Your skills can take you to the top. See your rank and challenge yourself!","आपकी स्किल्स आपको टॉप पर ले जा सकती हैं। अपनी रैंक देखो और खुद को चैलेंज करो!","View My Rank","मेरी रैंक देखें","Motivational","Leaderboards","leaderboards","1"
"Inactive_Socialite_Day_14_Scarcity_and_Impatience_T4","3","inactive","Day_14","scarcity","Ready to Climb? Your Rank Awaits!","अपनी रैंक बढ़ाएं! तैयार हैं?","See your position on the leaderboard. Challenge yourself to reach new heights this week.","लीडरबोर्ड पर अपनी जगह देखें। इस हफ़्ते और ऊपर चढ़ें!","View Leaderboard","लीडरबोर्ड देखें","Motivational","Leaderboards","leaderboards","1"
"Inactive_Socialite_Day_14_Scarcity_and_Impatience_T5","3","inactive","Day_14","scarcity","Leaderboard Update: Your New Rank!","लीडरबोर्ड अपडेट: अपनी नई रैंक!","See your updated weekly rank! Don't miss your chance to climb up. Practice now.","अपनी अपडेटेड हफ़्ते की रैंक देखो! ऊपर चढ़ने का मौका मत छोड़ो। अभी प्रैक्टिस करो।","View My Rank","अपनी रैंक देखो","Motivational","Leaderboards","leaderboards","1"
"Inactive_Socialite_Day_30_Scarcity_and_Impatience_T1","3","inactive","Day_30","scarcity","See Your Leaderboard Rank Now!","अभी अपना लीडरबोर्ड रैंक देखो!","Check where you stand among others and strategize your climb. Don't miss your chance!","देखो तुम दूसरों में कहाँ हो और अपनी चढ़ाई की स्ट्रैटेजी बनाओ। मौका मत छोड़ो!","View Ranking","रैंकिंग देखो","Motivational","leaderboards","leaderboards","0"
"Inactive_Socialite_Day_30_Scarcity_and_Impatience_T2","3","inactive","Day_30","scarcity","Climb the Leaderboard! Your Spot Awaits.","लीडरबोर्ड पर चढ़ो! तुम्हारा स्पॉट इंतज़ार कर रहा है।","Your rivals are climbing too. Check your rank and reach the top!","तुम्हारे rivals भी आगे बढ़ रहे हैं। अपनी रैंक देखो और टॉप पर पहुंचो!","View Leaderboard","लीडरबोर्ड देखो","Motivational","Leaderboards","leaderboards","1"
"Inactive_Socialite_Day_30_Scarcity_and_Impatience_T3","3","inactive","Day_30","scarcity","Curious About Your Rank?","अपनी रैंक के बारे में जानना है?","The leaderboard is live! See your current position before it changes. Don't wait!","लीडरबोर्ड लाइव है! अपनी करेंट पोजीशन देखो इससे पहले कि वो बदल जाए। इंतज़ार मत करो!","Find Out Now","अभी पता करो","Friendly","leaderboards","leaderboards","0"
"Inactive_Socialite_Day_30_Scarcity_and_Impatience_T4","3","inactive","Day_30","scarcity","Don't Miss Out on Your Spot!","अपनी जगह मिस मत करो!","Your friends are climbing the ranks! See where you stand among them right now.","तुम्हारे दोस्त रैंक में ऊपर चढ़ रहे हैं! अभी देखो तुम उनके बीच कहाँ हो।","See Leaderboard","लीडरबोर्ड देखो","Supportive","leaderboards","leaderboards","0"
"Inactive_Socialite_Day_30_Scarcity_and_Impatience_T5","3","inactive","Day_30","scarcity","Leaderboard Update: Check Your Rank!","लीडरबोर्ड अपडेट: अपनी रैंक देखो!","Your current ranking is ready. See it now and plan your next move.","तुम्हारी करेंट रैंकिंग तैयार है। अभी देखो और अपना अगला कदम प्लान करो।","View My Rank","मेरी रैंक देखो","Professional","leaderboards","leaderboards","0"
"Dormant_Social_Day_1_Unpredictability_T1","4","inactive","Day_1","unpredictability","Your New Ranking Awaits!","Aapki Nayi Ranking Ka Intezaar!","Check the leaderboards now to see your latest position and challenge friends.","Leaderboards par apna latest score dekho aur friends ko challenge karo.","Check Leaderboards","Leaderboards Dekho","Motivational","leaderboards_social","leaderboards","0"
"Dormant_Social_Day_1_Unpredictability_T2","4","inactive","Day_1","unpredictability","Sia misses talking to you!","Sia ko aapki yaad aa rahi hai!","Practice English stress-free. Your AI friend is ready for a chat right now.","Bina tension English practice karein. Aapka AI dost chat ke liye ready hai.","Chat with Sia","Sia se Baat Karein","Friendly","Sia Chat","sia_chat","1"
"Dormant_Social_Day_1_Unpredictability_T3","4","inactive","Day_1","unpredictability","Your safe space to practice speaking.","English practice ka safe space.","Sia is ready for a judgment-free chat. Improve your English today.","Sia hai aapke liye, bina judgment. Aaj hi apni English behtar karein.","Practice with Sia","Sia ke saath practice karein","Supportive","Sia Chat","sia_chat","1"
"Dormant_Social_Day_1_Unpredictability_T4","4","inactive","Day_1","unpredictability","Missed practicing? Sia is here, no pressure!","Practice chhoot gaya? Sia hai yahaan, no pressure!","Chat freely, get instant feedback. Your safe space to speak English.","Free hokar baat karo, instant feedback paao. Aapki safe space English bolne ke liye.","Chat with Sia","Sia se chat karo","Empathetic","Sia Chat","sia_chat","1"
"Dormant_Social_Day_1_Unpredictability_T5","4","inactive","Day_1","unpredictability","Your Rank: Surprise Awaits!","Aapka Rank: Surprise Hai!","Weekly leaderboard is live. See if you've climbed or dropped!","Weekly leaderboard live hai. Dekho, upar gaye ya neeche!","Check My Rank","Mera Rank Dekho","Motivational","Leaderboards","leaderboards","1"
"Dormant_Social_Day_7_Unpredictability_T1","4","inactive","Day_7","unpredictability","Your Rank Just Changed!","Aapki Rank Badal Gayi!","Curious? See your new position & challenge friends on the leaderboard.","Jaanna hai? Leaderboard par apni nayi position dekho aur friends ko challenge karo.","Check Leaderboard","Leaderboard Dekho","Friendly","Leaderboards","leaderboards","1"
"Dormant_Social_Day_7_Unpredictability_T2","4","inactive","Day_7","unpredictability","Leaderboard Live! Can You Top The Charts?","Leaderboard Live! Top Par Aaoge Kya?","Your rival's score just updated. See where you stand & challenge them today!","Aapke rival ka score badla hai. Dekho kahan ho aur challenge karo aaj!","Beat Your Rival","Rival Ko Harao","Encouraging","competition_challenge","leaderboards","1"
"Dormant_Social_Day_7_Unpredictability_T3","4","inactive","Day_7","unpredictability","Where Do You Stand Today?","Aaj Aap Kahan Ho?","Your friends are making moves! Find out your current rank on the leaderboards.","Aapke friends aage badh rahe hain! Leaderboards par apni current rank dekho.","See Your Rank","Apni Rank Dekho","Friendly","ranking_status","leaderboards","0"
"Dormant_Social_Day_7_Unpredictability_T4","4","inactive","Day_7","unpredictability","Friends are Crushing It!","Friends Dhamal Macha Rahe Hain!","Don't miss out on the action. See how you compare to others on the leaderboard.","Action miss mat karo. Dekho doosron se kaise compare karte ho.","Compare Scores","Scores Compare Karo","Celebratory","social_comparison","leaderboards","0"
"Dormant_Social_Day_7_Unpredictability_T5","4","inactive","Day_7","unpredictability","Your Rank is a Mystery!","Aapka Rank Ek Raaz Hai!","Leaderboard positions change daily. Log in to see your current spot and compete!","Leaderboard par ranks daily badalte hain. Abhi dekho aur compete karo!","Reveal My Rank","Rank Reveal Karo","Friendly","leaderboards","leaderboards","1"
"Dormant_Social_Day_14_Unpredictability_T1","4","inactive","Day_14","unpredictability","Your New Ranking Awaits!","Aapki Nayi Ranking Ka Intezaar!","Check the leaderboards now to see your latest position and challenge friends.","Leaderboards par apna latest score dekho aur friends ko challenge karo.","Check Leaderboards","Leaderboards Dekho","Motivational","leaderboards_social","leaderboards","0"
"Dormant_Social_Day_14_Unpredictability_T2","4","inactive","Day_14","unpredictability","Who's Leading? Check Your Spot!","Kaun Hai Aage? Apni Rank Dekho!","The leaderboard just shuffled! See if you're still in the race. Practice now.","Leaderboard badal gaya hai! Dekho kya tum abhi bhi race mein ho. Abhi practice karo.","View Rankings","Rankings Dekho","Encouraging","leaderboards","leaderboards","1"
"Dormant_Social_Day_14_Unpredictability_T3","4","inactive","Day_14","unpredictability","Unlock Your Speaking Potential!","Apni English Power Badhao!","Just 15 minutes to sharpen your English. Start your daily lesson now.","Sirf 15 min mein English improve karo. Apna daily lesson shuru karo.","Start Learning","Abhi Seekho","Motivational","Daily Lessons","daily_lessons","1"
"Dormant_Social_Day_14_Unpredictability_T4","4","inactive","Day_14","unpredictability","Unlock Your Career Potential!","Apni Career Potential Unlock Karein!","Practice real-world scenarios like job interviews. Boost your confidence today!","Job interviews jaise real scenarios practice karein. Confidence badhayein aaj hi!","Start Practice","Practice Shuru Karein","Motivational","Role-Based Practice","role_based_practice","1"
"Dormant_Social_Day_14_Unpredictability_T5","4","inactive","Day_14","unpredictability","Your Rank: Still on Top?","Aapki Rank: Ab Kahan Ho?","Leaderboard positions are always changing. See your current rank and challenge yourself!","Leaderboard ki positions badalti rehti hain. Apni rank dekho aur challenge lo!","See My Rank","Apni Rank Dekho","Motivational","Leaderboards","leaderboards","1"
"Dormant_Social_Day_30_Unpredictability_T1","4","inactive","Day_30","unpredictability","Your AI friend is waiting!","Aapka AI dost wait kar raha hai!","Sia is ready to chat. Practice English without any pressure, anytime!","Sia chat ke liye ready hai. Bina pressure English practice karo, anytime!","Chat with Sia","Sia se chat karein","Friendly","Sia Chat","Sia Chat","1"
"Dormant_Social_Day_30_Unpredictability_T2","4","inactive","Day_30","unpredictability","Guess Who's Topping the Leaderboard?","Leaderboard Par Kaun Top Kar Raha Hai?","A new challenge just dropped. See your rivals' scores and climb to the top!","Naya challenge aaya hai. Rivals ke scores dekho aur top par pahuncho!","View Leaderboard Now","Leaderboard Abhi Dekho","Encouraging","competition_challenge","leaderboards","1"
"Dormant_Social_Day_30_Unpredictability_T3","4","inactive","Day_30","unpredictability","Don't Fall Behind!","पीछे मत रहो!","Your friends are climbing the leaderboard. See if you're still in the race!","आपके दोस्त आगे बढ़ रहे हैं। देखो क्या आप अभी भी रेस में हो?","Check Your Rank","अपनी रैंक देखो","Motivational","Leaderboards","leaderboards","1"
"Dormant_Social_Day_30_Unpredictability_T4","4","inactive","Day_30","unpredictability","Leaderboard Shake-Up! Who's Ahead?","Leaderboard Mein Dhamaka! Kaun Aage?","Your friends are making moves! Check your rank now before it changes again.","Aapke dost aage nikal rahe hain! Abhi apna rank dekho, kahin badal na jaaye.","See Rankings","Rank Dekho","Celebratory","social_comparison","leaderboards","1"
"Dormant_Social_Day_30_Unpredictability_T5","4","inactive","Day_30","unpredictability","Track Your Progress!","Apni Progress Track Karo!","See your leaderboard position. Every practice counts.","Leaderboard par apni position dekho. Har practice important hai.","Track Now","Abhi Track Karo","Supportive","progress_tracking","leaderboards","0"
"Dormant_Achiever_Day_1_Scarcity_and_Impatience_T1","5","inactive","Day_1","scarcity","Your Exclusive Welcome Back Badge Awaits!","Aapka Special Welcome Back Badge wait kar raha hai!","Complete a quick challenge today to claim your achievement and restart your journey.","Aaj ek quick challenge complete karo aur apna achievement claim karke journey restart karo.","Claim Your Badge","Badge Claim Karo","Encouraging","nan","badges_achievements","0"
"Dormant_Achiever_Day_1_Scarcity_and_Impatience_T2","5","inactive","Day_1","scarcity","Your Exclusive Comeback Badge Is Here!","Aapka Exclusive Comeback Badge Aa Gaya Hai!","Claim your unique badge with a quick challenge. It's waiting just for you, but not forever!","Ek quick challenge se apna unique badge pao. Yeh bas aapke liye hai, jaldi karo!","Claim My Badge","Apna Badge Lo","Celebratory","Badges & Achievements","badges_achievements","1"
"Dormant_Achiever_Day_1_Scarcity_and_Impatience_T3","5","inactive","Day_1","scarcity","Ready to Discover Your Special Badge?","Apna special badge discover karne ready ho?","A quick 'Welcome Back' challenge awaits to unlock a unique achievement just for you.","Ek quick 'Welcome Back' challenge aapke liye unique achievement unlock karega.","See My Challenge","Apna Challenge Dekho","Friendly","nan","badges_achievements","0"
"Dormant_Achiever_Day_1_Scarcity_and_Impatience_T4","5","inactive","Day_1","scarcity","Don't Miss Out! Your Welcome Back Badge Awaits.","Miss mat karo! Welcome Back Badge wait kar raha hai.","Many are earning their exclusive re-engagement badge. Complete your challenge now!","Bahut log exclusive re-engagement badge jeet rahe hain. Challenge pura karo abhi!","Start Challenge Now","Abhi Challenge Shuru Karo","Motivational","nan","badges_achievements","0"
"Dormant_Achiever_Day_1_Scarcity_and_Impatience_T5","5","inactive","Day_1","scarcity","Unlock Your Special Badge: Don't Miss Out!","Apna Special Badge Unlock Karein: Miss Mat Karo!","Complete just one quick lesson to earn your exclusive Welcome Back Badge. Hurry!","Bas ek quick lesson poora karke apna exclusive Welcome Back Badge paayein. Jaldi karein!","Claim My Badge Now","Mera Badge Abhi Claim Karein","Motivational","Badges & Achievements","badges_achievements","1"
"Dormant_Achiever_Day_7_Scarcity_and_Impatience_T1","5","inactive","Day_7","scarcity","Your Welcome Back Badge Expires Soon!","Aapka Welcome Back Badge expire hone wala hai!","Don't miss out! Complete a quick challenge today to claim your exclusive achievement.","Miss mat karo! Aaj ek quick challenge complete karke apna exclusive achievement pao.","Claim Your Badge","Badge Claim Karein","Encouraging","Badges & Achievements","badges_achievements","1"
"Dormant_Achiever_Day_7_Scarcity_and_Impatience_T2","5","inactive","Day_7","scarcity","No pressure, just practice.","Koi pressure nahi, bas practice.","Sia is ready for a friendly chat. Start speaking English confidently again.","Sia aapke liye ready hai. Phir se confidence se English bolo.","Chat with Sia","Sia se baat karo","Empathetic","Sia Chat","sia_chat","1"
"Dormant_Achiever_Day_7_Scarcity_and_Impatience_T3","5","inactive","Day_7","scarcity","Your Special Badge Awaits! Limited Time!","Aapka Special Badge! Bas Kuch Waqt Hai!","Unlock your exclusive 'Comeback Champion' badge. Complete a quick challenge before it's gone.","Apna exclusive 'Comeback Champion' badge unlock karo. Mauka nikalne se pehle challenge poora karo.","Claim My Badge","Apna Badge Lo","Motivational","Badges & Achievements","badges_achievements","1"
"Dormant_Achiever_Day_7_Scarcity_and_Impatience_T4","5","inactive","Day_7","scarcity","Don't Miss Out! Your Exclusive Welcome Back Badge.","Miss Mat Karo! Aapka Exclusive Welcome Back Badge.","Other users are claiming this special badge. Complete your quick challenge today!","Baaki users yeh special badge le rahe hain. Apna quick challenge aaj hi poora karo!","Claim Your Badge","Apna Badge Paao","Motivational","Badges & Achievements","badges_achievements","1"
"Dormant_Achiever_Day_7_Scarcity_and_Impatience_T5","5","inactive","Day_7","scarcity","Your Special Welcome Back Badge!","Aapka Khaas Welcome Back Badge!","This exclusive badge expires soon. Complete a short challenge to claim it now!","Yeh exclusive badge jald expire ho jayega. Ek chhota challenge poora kar ke abhi paao!","Claim Your Badge","Apna Badge Paayein","Motivational","badges_achievements","badges_achievements","1"
"Dormant_Achiever_Day_14_Scarcity_and_Impatience_T1","5","inactive","Day_14","scarcity","Missing practice? Sia is here to help!","Practice miss kar rahe ho? Sia hai help ke liye!","No pressure, just practice. Restart your English journey with real-time AI feedback.","Koi pressure nahi, bas practice. Sia ke saath English journey restart karo.","Chat with Sia","Sia se baat karo","Empathetic","AI Tutor (Sia)","ai_tutor","1"
"Dormant_Achiever_Day_14_Scarcity_and_Impatience_T2","5","inactive","Day_14","scarcity","Exclusive Badge: Last Chance!","Exclusive Badge: Aaj Last Chance!","Complete a 1-min challenge to earn your special 'Comeback Star' badge.","Sirf 1-min challenge poora karo aur apna 'Comeback Star' badge jeeto.","Claim My Badge","Apna Badge Lo","Celebratory","Badges & Achievements","badges_achievements","1"
"Dormant_Achiever_Day_14_Scarcity_and_Impatience_T3","5","inactive","Day_14","scarcity","Ready to Discover Your Special Badge?","Apna special badge discover karne ready ho?","A quick 'Welcome Back' challenge awaits to unlock a unique achievement just for you.","Ek quick 'Welcome Back' challenge aapke liye unique achievement unlock karega.","See My Challenge","Apna Challenge Dekho","Friendly","nan","badges_achievements","0"
"Dormant_Achiever_Day_14_Scarcity_and_Impatience_T4","5","inactive","Day_14","scarcity","Last Chance: Your Exclusive Welcome Back Badge!","Aakhri Mauka: Aapka Exclusive Welcome Back Badge!","Don't miss this unique re-engagement reward. Complete your challenge before it's gone!","Yeh khaas re-engagement reward miss mat karo. Challenge poora karo, isse pehle ki yeh chala jaye!","Claim Your Badge Now!","Abhi Badge Claim Karo!","Motivational","Badges & Achievements","badges_achievements","1"
"Dormant_Achiever_Day_14_Scarcity_and_Impatience_T5","5","inactive","Day_14","scarcity","Missed practicing? Sia's here to chat!","Practice chhoot gaya? Sia hai yahaan!","No pressure, just friendly practice. Your AI friend is ready for you.","Koi pressure nahi. Bas friendly practice. Aapka AI dost ready hai.","Chat with Sia","Sia se baat karein","Empathetic","Sia Chat","sia_chat","1"
"Dormant_Achiever_Day_30_Scarcity_and_Impatience_T1","5","inactive","Day_30","scarcity","Your Exclusive Welcome Badge: Last Chance!","Aapka Exclusive Welcome Badge: Last Chance!","This special badge is for a limited time! Complete a quick practice to claim it.","Yeh special badge limited time ke liye hai! Ek quick practice karke abhi claim karein.","Claim Your Badge Now!","Abhi Claim Karein!","Encouraging","Badges & Achievements","badges_achievements","1"
"Dormant_Achiever_Day_30_Scarcity_and_Impatience_T2","5","inactive","Day_30","scarcity","Celebrate Your Comeback! Special Badge Awaits!","Apni comeback celebrate karo! Special badge pao!","Earn your unique Welcome Back badge with a quick challenge. Don't miss this!","Ek quick challenge se apna unique Welcome Back badge jeeto. Yeh chance miss mat karo!","Get My Badge","Apna Badge Lo","Celebratory","nan","badges_achievements","0"
"Dormant_Achiever_Day_30_Scarcity_and_Impatience_T3","5","inactive","Day_30","scarcity","Ready to Discover Your Special Badge?","Apna special badge discover karne ready ho?","A quick 'Welcome Back' challenge awaits to unlock a unique achievement just for you.","Ek quick 'Welcome Back' challenge aapke liye unique achievement unlock karega.","See My Challenge","Apna Challenge Dekho","Friendly","nan","badges_achievements","0"
"Dormant_Achiever_Day_30_Scarcity_and_Impatience_T4","5","inactive","Day_30","scarcity","Unlock Your Exclusive Welcome Back Badge Today!","Special Welcome Back Badge unlock karein, aaj hi!","Many are earning this special badge. Complete your first 5-min lesson to claim it!","Yeh special badge bahut log jeet rahe hain. Apna pehla 5-min lesson pura kar paayein!","Start 5-min Lesson","Pehla Lesson Shuru Karo","Motivational","Badges & Achievements","badges_achievements","1"
"Dormant_Achiever_Day_30_Scarcity_and_Impatience_T5","5","inactive","Day_30","scarcity","Your Exclusive Welcome Back Badge Awaits!","Aapka Exclusive Welcome Back Badge Hai Taiyaar!","Complete a quick task today to instantly reclaim your progress & special reward.","Aaj ek quick task poora karke apni progress aur special reward turant paayein.","Start Challenge Now","Abhi Challenge Shuru Karein","Motivational","Badges & Achievements","badges_achievements","1"
"Dormant_Scholar_Day_1_Creativity_and_Feedback_T1","6","inactive","Day_1","accomplishment","Missing your English practice?","English practice miss kar rahe ho?","Sia is waiting to chat! Practice anytime, no pressure.","Sia aapka wait kar rahi hai! Bina pressure ke practice karo.","Chat Now","Ab Chat Karo","Friendly","Sia Chat","sia_chat","1"
"Dormant_Scholar_Day_1_Creativity_and_Feedback_T2","6","inactive","Day_1","accomplishment","Feeling Stuck? Sia is here to help!","Stuck feel kar rahe ho? Sia aapki madad ke liye hai!","Get instant, personalized feedback on your daily lesson to speak confidently today.","Apni daily lesson mein instant, personalized feedback paao aur aaj hi confidence se bolo.","Practice with Sia","Sia ke saath practice karo","Empathetic","ai_tutor_sia","ai_tutor_sia","1"
"Dormant_Scholar_Day_1_Creativity_and_Feedback_T3","6","inactive","Day_1","accomplishment","Want to Sound More Confident?","Aur Confident Bolna Chahte Ho?","Our Pronunciation Coach in today's daily lesson offers instant feedback to refine your speech.","Aaj ki daily lesson mein Pronunciation Coach se instant feedback pao, apni speech sudharne ke liye.","Improve Pronunciation","Pronunciation Sudharo","Friendly","pronunciation_coach","daily_lessons","0"
"Dormant_Scholar_Day_1_Creativity_and_Feedback_T4","6","inactive","Day_1","accomplishment","Unlock Your Fluent Voice!","Apni Fluent Awaaz Unlock Karo!","Practice confidently with Sia, your AI Tutor. Get instant feedback, speak better today.","Sia ke saath confidently practice karo. Instant feedback paao, aaj hi behtar bolo.","Chat with Sia","Sia se baat karo","Motivational","AI Tutor (Sia)","ai_tutor","1"
"Dormant_Scholar_Day_1_Creativity_and_Feedback_T5","6","inactive","Day_1","accomplishment","Master Grammar, Fast!","Grammar Mein Master Bano, Jaldi!","Start your daily lesson for instant grammar feedback and speak perfectly.","Daily lesson shuru karo instant grammar feedback aur perfect bolo.","Fix My Grammar","Grammar Theek Karo","Supportive","grammar_guardian","daily_lessons","0"
"Dormant_Scholar_Day_7_Creativity_and_Feedback_T1","6","inactive","Day_7","accomplishment","Boost Your Fluency Today!","Apni Fluency Badhao Aaj!","Start your daily lesson to refresh skills and get instant AI feedback.","Daily lesson shuru karo skills refresh karne aur instant AI feedback paane ke liye.","Start Lesson","Lesson Shuru Karo","Motivational","daily_lessons","daily_lessons","0"
"Dormant_Scholar_Day_7_Creativity_and_Feedback_T2","6","inactive","Day_7","accomplishment","Struggling to Speak? Sia Can Help!","Bolne mein dikkat? Sia karegi help!","Get instant corrections & boost your confidence. Your practice with Sia awaits!","Instant corrections pao, confidence badhao. Sia ke saath practice ready hai!","Chat with Sia Now","Sia se abhi baat karo","Empathetic","AI Tutor (Sia)","ai_tutor_sia","1"
"Dormant_Scholar_Day_7_Creativity_and_Feedback_T3","6","inactive","Day_7","accomplishment","Unlock Confident Speech Now!","Ab Confident Bolna Seekho!","Our Pronunciation Coach gives instant, personalized feedback. Speak flawlessly today!","Pronunciation Coach se pao instant feedback. Aaj hi flawless English bolo!","Start Your Lesson!","Abhi Practice Karein!","Motivational","Pronunciation Coach","pronunciation_coach","1"
"Dormant_Scholar_Day_7_Creativity_and_Feedback_T4","6","inactive","Day_7","accomplishment","Boost Your Career English!","Apni Career English Badhao!","Practice job interviews & presentations. Sound confident in real-world scenarios.","Job interviews aur presentations practice karo. Real-world mein confident lago.","Start Practicing","Practice Shuru Karo","Motivational","Role-Based Practice","role_based_practice","1"
"Dormant_Scholar_Day_7_Creativity_and_Feedback_T5","6","inactive","Day_7","accomplishment","Master Grammar, Fast!","Grammar Mein Master Bano, Jaldi!","Start your daily lesson for instant grammar feedback and speak perfectly.","Daily lesson shuru karo instant grammar feedback aur perfect bolo.","Fix My Grammar","Grammar Theek Karo","Supportive","grammar_guardian","daily_lessons","0"
"Dormant_Scholar_Day_14_Creativity_and_Feedback_T1","6","inactive","Day_14","accomplishment","Boost Your Fluency Today!","Apni Fluency Badhao Aaj!","Start your daily lesson to refresh skills and get instant AI feedback.","Daily lesson shuru karo skills refresh karne aur instant AI feedback paane ke liye.","Start Lesson","Lesson Shuru Karo","Motivational","daily_lessons","daily_lessons","0"
"Dormant_Scholar_Day_14_Creativity_and_Feedback_T2","6","inactive","Day_14","accomplishment","Stuck with English? Get Sia's Instant Feedback!","English mein atke ho? Sia se instant feedback lo!","Don't let hesitation stop you. Sia gives instant, personalized feedback for confident English.","Jhijhak chhodo! Sia degi instant feedback, confident English ke liye.","Chat with Sia Now","Sia se abhi chat karein","Empathetic","AI Tutor (Sia)","ai_tutor_sia","1"
"Dormant_Scholar_Day_14_Creativity_and_Feedback_T3","6","inactive","Day_14","accomplishment","Unlock Confident English Speaking Today!","Aaj hi confident English bolo!","Get instant feedback from our Pronunciation Coach to refine your accent in minutes.","Pronunciation Coach se turant feedback pao, kuch hi minutes mein accent sudharo.","Start Practicing Now","Abhi Practice Karein","Motivational","Pronunciation Coach","pronunciation_coach","1"
"Dormant_Scholar_Day_14_Creativity_and_Feedback_T4","6","inactive","Day_14","accomplishment","Don't Miss Your Progress!","Apni Progress Miss Mat Karo!","Complete your daily lesson to unlock personalized progress reports and see your improvement.","Daily lesson poori karo personalized progress reports unlock karne aur improvement dekho.","View Progress","Progress Dekho","Encouraging","progress_reports","daily_lessons","0"
"Dormant_Scholar_Day_14_Creativity_and_Feedback_T5","6","inactive","Day_14","accomplishment","Boost Your English Today!","Apni English Ko Boost Karein!","Practice with Sia. Get instant feedback to speak fluently.","Sia ke saath practice karein. Instant feedback paakar, fluent bole.","Chat with Sia","Sia se chat karein","Motivational","AI Tutor (Sia)","ai_tutor","1"
"Dormant_Scholar_Day_30_Creativity_and_Feedback_T1","6","inactive","Day_30","accomplishment","Your Fluency Awaits!","Apni Fluency Unlock Karo!","Just 15 mins to practice & get instant AI feedback. Improve today!","Sirf 15 min practice karo aur instant AI feedback pao. Aaj hi behtar bano!","Start Lesson","Lesson Shuru Karo","Encouraging","Daily Lessons","daily_lessons","1"
"Dormant_Scholar_Day_30_Creativity_and_Feedback_T2","6","inactive","Day_30","accomplishment","Feeling Stuck? Sia Can Help!","Stuck Feel Kar Rahe Ho? Sia Help Karegi!","Your daily lesson is ready with Sia's personalized feedback to guide your progress.","Aapki daily lesson Sia ke personalized feedback ke saath ready hai, aapki progress guide karne ke liye.","Meet Sia","Sia Se Milo","Empathetic","ai_tutor_sia","daily_lessons","0"
"Dormant_Scholar_Day_30_Creativity_and_Feedback_T3","6","inactive","Day_30","accomplishment","Want to Sound More Confident?","Aur Confident Bolna Chahte Ho?","Our Pronunciation Coach in today's daily lesson offers instant feedback to refine your speech.","Aaj ki daily lesson mein Pronunciation Coach se instant feedback pao, apni speech sudharne ke liye.","Improve Pronunciation","Pronunciation Sudharo","Friendly","pronunciation_coach","daily_lessons","0"
"Dormant_Scholar_Day_30_Creativity_and_Feedback_T4","6","inactive","Day_30","accomplishment","Track Your Speaking Progress Now!","Apni Speaking Progress Dekho!","Complete your daily lesson to see your improved fluency and pronunciation scores.","Aaj ka lesson complete karo aur apni fluency & pronunciation scores mein sudhaar dekho.","View My Progress","Progress Dekho Abhi","Motivational","Progress Reports","daily_lessons","1"
"Dormant_Scholar_Day_30_Creativity_and_Feedback_T5","6","inactive","Day_30","accomplishment","Master Grammar, Fast!","Grammar Mein Master Bano, Jaldi!","Start your daily lesson for instant grammar feedback and speak perfectly.","Daily lesson shuru karo instant grammar feedback aur perfect bolo.","Fix My Grammar","Grammar Theek Karo","Supportive","grammar_guardian","daily_lessons","0"
"Paid_Competitive_Week_1_Ownership_and_Possession_T1","7","paid","Week_1","ownership","Your Daily Lesson Awaits!","Apka Daily Lesson Ready Hai!","Your next step to fluency is ready. Start practicing to grow!","Fluency ka agla step. Abhi practice karke improve karo!","Start Lesson","Lesson Shuru Karein","Encouraging","Daily Lessons","daily_lessons","1"
"Paid_Competitive_Week_1_Ownership_and_Possession_T2","7","paid","Week_1","ownership","Unlock Your Career Potential!","Career Mein Aage Badho!","Practice job interviews & presentations. Speak confidently for real-world success.","Interviews aur presentations practice karo. Real life mein confidence se bolo.","Start Practicing Now","Abhi Practice Karein","Motivational","Role-Based Practice","role_based_practice","1"
"Paid_Competitive_Week_1_Ownership_and_Possession_T3","7","paid","Week_1","ownership","Where Does Your Streak Rank?","Aapki Streak Kahan Rank Karti Hai?","Your daily streak isn't just progress; it's your spot on the leaderboard! Check it out.","Aapki daily streak sirf progress nahi, leaderboard pe aapki jagah hai! Dekho.","View Leaderboard","Leaderboard Dekho","Friendly","leaderboards","streaks","0"
"Paid_Competitive_Week_1_Ownership_and_Possession_T4","7","paid","Week_1","ownership","Your Daily Coins Await!","आपके डेली कॉइन्स आपका इंतज़ार कर रहे हैं!","Keep your streak strong! Earn valuable coins today for exclusive content.","अपनी स्ट्रीक पक्की रखो! आज ही valuable coins कमाओ exclusive content के लिए.","Claim Your Coins","अपने कॉइन्स अभी क्लेम करो","Encouraging","Coins","streaks","1"
"Paid_Competitive_Week_1_Ownership_and_Possession_T5","7","paid","Week_1","ownership","Fantastic Streak! Celebrate Your Progress.","Shaandaar Streak! Apni Progress Celebrate Karein.","You've built an amazing streak. Keep up the momentum for fluency!","Aapne zabardast streak banayi hai. Fluency ke liye momentum banaye rakhein!","Practice Today!","Aaj Practice Karein!","Celebratory","Streaks","streaks","1"
"Paid_Competitive_Week_2_Ownership_and_Possession_T1","7","paid","Week_2","ownership","Don't Break Your Streak, Boost Your Coins!","Streak Mat Todo, Coins Badhao!","Every day you practice, your streak grows, and so do your daily coin rewards.","Har din practice se streak badhegi, aur daily coins bhi milenge.","Practice Now","Abhi Practice Karo","Motivational","coins","streaks","0"
"Paid_Competitive_Week_2_Ownership_and_Possession_T2","7","paid","Week_2","ownership","Your Amazing Streak: New Badges Await!","Aapki Shandaar Streak: Naye Badges Hain Taiyaar!","Don't miss out! Extend your streak today to unlock exclusive fluency badges.","Miss mat karo! Apni streak aaj badhao aur exclusive fluency badges unlock karo.","Unlock Now","Abhi Unlock Karo","Celebratory","Badges & Achievements","streaks","1"
"Paid_Competitive_Week_2_Ownership_and_Possession_T3","7","paid","Week_2","ownership","Where Does Your Streak Rank?","Aapki Streak Kahan Rank Karti Hai?","Your daily streak isn't just progress; it's your spot on the leaderboard! Check it out.","Aapki daily streak sirf progress nahi, leaderboard pe aapki jagah hai! Dekho.","View Leaderboard","Leaderboard Dekho","Friendly","leaderboards","streaks","0"
"Paid_Competitive_Week_2_Ownership_and_Possession_T4","7","paid","Week_2","ownership","Don't Lose Your Daily Coins!","Apne Daily Coins mat gawaao!","Your streak is valuable! Secure today's coins before they expire. Others are claiming theirs!","Apni streak barkarar rakho, daily coins expire ho rahe hain. Sab le rahe hain!","Claim Coins Now","Abhi Coins Claim Karo","Encouraging","Coins","streaks","1"
"Paid_Competitive_Week_2_Ownership_and_Possession_T5","7","paid","Week_2","ownership","Protect Your Streak. Practice!","Apni Streak Bachao. Practice Karo!","A quick practice with Sia helps maintain your streak and progress. Don't break it!","Sia ke saath quick practice se streak aur progress bani rahegi.","Practice with Sia","Sia Ke Saath Practice","Supportive","sia_chat","streaks","0"
"Paid_Competitive_Week_4_Ownership_and_Possession_T1","7","paid","Week_4","ownership","Improve your English, effortlessly!","Apni English sudharo, easily!","Sia, your AI Tutor, gives instant feedback. Speak with confidence today.","Sia, aapka AI Tutor, instant feedback dega. Aaj hi confidence se bolo.","Chat with Sia","Sia se baat karo","Encouraging","AI Tutor (Sia)","ai_tutor","1"
"Paid_Competitive_Week_4_Ownership_and_Possession_T2","7","paid","Week_4","ownership","Speak English freely with Sia!","Sia ke saath English bolo!","Get instant feedback, build confidence. Your AI friend is ready to chat!","Instant feedback paayein, confidence badhaayein. Aapka AI dost ready hai!","Chat with Sia Now","Sia se baat karein","Friendly","Sia Chat","sia_chat","1"
"Paid_Competitive_Week_4_Ownership_and_Possession_T3","7","paid","Week_4","ownership","Your Streak: Ready to Dominate Leaderboard?","Aapki Streak: Leaderboard Pe Top Karein?","See your real-time rank. Push your streak, claim your top spot!","Apna real-time rank dekho. Streak badhao, top position paao!","Climb the Ranks","Rank Badhao","Motivational","Leaderboards","streaks","1"
"Paid_Competitive_Week_4_Ownership_and_Possession_T4","7","paid","Week_4","ownership","Don't Miss Your Daily Coins!","Daily Coins Miss Mat Karo!","Keep your streak alive to secure your valuable daily coin rewards. Others are earning theirs!","Apni streak barkarar rakho aur daily coins pao. Sab kama rahe hain!","Secure Coins Now","Abhi Coins Secure Karo","Encouraging","coins","streaks","0"
"Paid_Competitive_Week_4_Ownership_and_Possession_T5","7","paid","Week_4","ownership","Protect Your Streak! Practice with Sia","Apni Streak Bachao! Sia Ke Saath Practice.","Just a 5-min chat with Sia keeps your progress alive. Don't lose it today!","Bas 5-min ki Sia chat aapki progress zinda rakhegi. Aaj mat gawaao!","Chat with Sia","Sia Se Chat Karo","Supportive","Sia Chat","streaks","1"
