user_id,lifecycle_stage,days_since_signup,age_band,region,sessions_last_7d,exercises_completed_7d,streak_current,coins_balance,feature_ai_tutor_used,feature_leaderboard_viewed,feature_progress_checked,preferred_hour,notif_open_rate_30d,motivation_score,coins_balance_scaled,streak_scaled,time_window,sessions_last_7d_norm,exercises_completed_7d_norm,days_since_signup_norm,coins_balance_scaled_norm,streak_scaled_norm,notif_open_rate_30d_norm,motivation_score_norm,activeness_score,churn_risk,propensity_gamification,propensity_learning,propensity_achievement,propensity_social,dominant_drive
USR_000001,paid,36,18-24,tier2,8,6,26,285,True,True,True,15,0.495,0.75,3.5142653016454535,4.754887502163469,late_afternoon,0.34782608695652173,0.3,0.2,0.8834840621980133,0.9270082166367787,0.7304216867469879,0.7777777777777778,0.579,0.3554,0.9052,0.72,0.8667,0.91,social
USR_000002,paid,119,25-34,tier2,5,16,22,453,True,False,True,7,0.304,0.65,3.8013875221743656,4.523561956057013,early_morning,0.21739130434782608,0.8,0.6611111111111111,0.9556664058649598,0.8819092144288181,0.44277108433734935,0.6666666666666667,0.9227,0.3102,0.9188,0.92,0.8,0.21,learning
USR_000003,churned,126,25-34,tier2,0,0,0,5,False,False,True,18,0.111,0.37,1.1132827525593785,0.0,evening,0.0,0.0,0.7,0.27987857608405897,0.0,0.15210843373493976,0.3555555555555556,0.1172,0.8088,0.1399,0.0,0.6133,0.21,achievement
USR_000004,inactive,72,35-44,tier2,1,0,0,46,False,False,False,16,0.019,0.1,2.392231208153366,0.0,late_afternoon,0.043478260869565216,0.0,0.4,0.6014054045682358,0.0,0.013554216867469878,0.055555555555555566,0.1287,0.9128,0.3007,0.0,0.0333,0.21,gamification
USR_000005,trial,3,25-34,tier2,9,9,5,90,True,True,True,9,0.435,0.51,2.8027545962892497,2.584962500721156,mid_morning,0.391304347826087,0.45,0.016666666666666666,0.7046107233037799,0.5039617607727125,0.6400602409638554,0.5111111111111112,0.763,0.4936,0.6043,0.78,0.7067,0.91,social
USR_000006,trial,7,25-34,tier3,4,3,5,21,False,True,True,14,0.495,0.67,1.9205726604783713,2.584962500721156,afternoon,0.17391304347826086,0.15,0.03888888888888889,0.48283074559891703,0.5039617607727125,0.7304216867469879,0.688888888888889,0.2994,0.5838,0.4934,0.06,0.8133,0.82,social
USR_000007,paid,22,18-24,tier1,7,6,22,139,True,True,True,15,0.483,0.77,3.0704150712689535,4.523561956057013,late_afternoon,0.30434782608695654,0.3,0.12222222222222222,0.771900396514905,0.8819092144288181,0.7123493975903614,0.8,0.5529,0.3626,0.8269,0.72,0.88,1.0,social
USR_000008,churned,117,25-34,tier2,0,0,0,40,False,False,False,9,0.129,0.39,2.3073720570481235,0.0,mid_morning,0.0,0.0,0.65,0.5800718679402438,0.0,0.17921686746987953,0.3777777777777778,0.1172,0.7974,0.29,0.0,0.2267,0.21,gamification
USR_000009,trial,2,25-34,tier2,6,3,7,27,False,False,True,8,0.315,0.86,2.0704150712689535,3.0,early_morning,0.2608695652173913,0.15,0.011111111111111112,0.5205010323905325,0.5848770656813589,0.4593373493975903,0.9,0.3458,0.611,0.5527,0.06,0.94,0.21,achievement
USR_000010,trial,1,18-24,tier2,4,6,0,84,False,True,True,19,0.268,0.78,2.760374427722588,0.0,evening,0.17391304347826086,0.3,0.005555555555555556,0.6939563758746375,0.0,0.3885542168674699,0.8111111111111111,0.4735,0.5955,0.347,0.12,0.8867,0.91,social
USR_000011,paid,101,18-24,tier2,17,16,15,360,True,True,True,15,0.318,0.8,3.658965600870301,4.0,late_afternoon,0.7391304347826086,0.8,0.5611111111111111,0.9198616254117464,0.7798360875751452,0.463855421686747,0.8333333333333334,0.9771,0.2464,0.8498,0.92,0.9,0.91,learning
USR_000012,paid,98,25-34,tier1,13,6,26,262,True,True,True,9,0.349,0.84,3.4621739609392486,4.754887502163469,mid_morning,0.5652173913043478,0.3,0.5444444444444444,0.8703883322680874,0.9270082166367787,0.5105421686746987,0.8777777777777778,0.7006,0.3268,0.8987,0.72,0.9267,1.0,social
USR_000013,churned,54,35-44,tier1,1,0,0,6,True,False,False,6,0.102,0.31,1.2090619551221675,0.0,early_morning,0.043478260869565216,0.0,0.3,0.30395740670468363,0.0,0.13855421686746988,0.2888888888888889,0.1287,0.8249,0.152,0.6,0.1733,0.3,learning
USR_000014,trial,6,18-24,tier2,5,6,7,30,False,False,True,20,0.301,0.44,2.133656214977323,3.0,evening,0.21739130434782608,0.3,0.03333333333333333,0.5363998157053146,0.5848770656813589,0.4382530120481927,0.4333333333333334,0.5,0.6355,0.5606,0.12,0.66,0.21,achievement
USR_000015,inactive,35,35-44,tier3,0,0,0,18,False,True,False,20,0.069,0.25,1.8294828004351504,0.0,evening,0.0,0.0,0.19444444444444445,0.4599308127058732,0.0,0.08885542168674698,0.22222222222222227,0.1172,0.8574,0.23,0.0,0.1333,0.82,social
USR_000016,paid,79,45+,tier3,12,9,6,403,True,False,True,8,0.267,0.51,3.7288887204630723,2.807354922057604,early_morning,0.5217391304347826,0.45,0.4388888888888889,0.9374402532149616,0.5473191697130572,0.3870481927710843,0.5111111111111112,0.8157,0.3965,0.7424,0.78,0.7067,0.12,learning
USR_000017,inactive,79,25-34,tier1,0,0,0,39,False,False,False,11,0.052,0.21,2.292029674220179,0.0,mid_morning,0.0,0.0,0.4388888888888889,0.5762148026531458,0.0,0.06325301204819277,0.17777777777777776,0.1172,0.8745,0.2881,0.0,0.1067,0.3,social
USR_000018,trial,5,25-34,tier2,11,3,5,18,False,False,True,13,0.38,0.52,1.8294828004351504,2.584962500721156,afternoon,0.4782608695652174,0.15,0.027777777777777776,0.4599308127058732,0.5039617607727125,0.5572289156626505,0.5222222222222223,0.4735,0.5947,0.4819,0.06,0.7133,0.21,achievement
USR_000019,trial,1,25-34,tier2,3,3,1,27,False,False,True,8,0.489,0.87,2.0704150712689535,1.0,early_morning,0.13043478260869565,0.15,0.005555555555555556,0.5205010323905325,0.1949590218937863,0.7213855421686747,0.9111111111111111,0.2776,0.5775,0.3577,0.06,0.9467,0.21,achievement
USR_000020,paid,9,45+,tier2,13,10,25,293,False,True,False,16,0.295,0.49,3.5314066628037137,4.700439718141093,late_afternoon,0.5652173913043478,0.5,0.05,0.8877933894934262,0.9163931299194921,0.42921686746987947,0.48888888888888893,0.8632,0.4192,0.9021,0.2,0.2933,0.91,social
USR_000021,churned,97,18-24,tier2,1,0,0,16,False,False,True,16,0.029,0.12,1.7603744277225881,0.0,late_afternoon,0.043478260869565216,0.0,0.5388888888888889,0.4425570117502649,0.0,0.028614457831325303,0.07777777777777778,0.1287,0.9038,0.2213,0.0,0.4467,0.21,achievement
USR_000022,trial,0,25-34,tier3,4,9,4,90,True,True,False,15,0.16,0.47,2.8027545962892497,2.321928094887362,late_afternoon,0.17391304347826086,0.45,0.0,0.7046107233037799,0.4526808302869428,0.2259036144578313,0.4666666666666667,0.6542,0.6592,0.5786,0.78,0.28,0.82,social
USR_000023,inactive,59,35-44,tier3,0,0,0,10,False,False,False,7,0.078,0.22,1.4898961024049782,0.0,early_morning,0.0,0.0,0.3277777777777778,0.3745589327559926,0.0,0.10240963855421686,0.18888888888888888,0.1172,0.8637,0.1873,0.0,0.1133,0.12,gamification
USR_000024,inactive,17,35-44,tier3,0,0,0,24,False,False,False,7,0.057,0.14,2.0,0.0,early_morning,0.0,0.0,0.09444444444444444,0.5027987282487452,0.0,0.07078313253012047,0.10000000000000002,0.1172,0.894,0.2514,0.0,0.06,0.12,gamification
USR_000025,inactive,72,35-44,tier1,0,0,0,22,False,False,False,6,0.06,0.09,1.9481920934663797,0.0,early_morning,0.0,0.0,0.4,0.4897742534895781,0.0,0.0753012048192771,0.04444444444444444,0.1172,0.9081,0.2449,0.0,0.0267,0.3,social
USR_000026,paid,76,25-34,tier3,9,4,26,241,True,False,True,17,0.379,0.62,3.4104687628833497,4.754887502163469,late_afternoon,0.391304347826087,0.2,0.4222222222222222,0.8573896783549096,0.9270082166367787,0.555722891566265,0.6333333333333333,0.4823,0.4566,0.8922,0.68,0.78,0.12,gamification
USR_000027,paid,81,25-34,tier2,8,4,15,159,False,True,True,19,0.352,0.73,3.1533827903669653,4.0,evening,0.34782608695652173,0.2,0.45,0.7927584283389948,0.7798360875751452,0.5150602409638554,0.7555555555555555,0.4558,0.4438,0.7863,0.08,0.8533,0.91,social
USR_000028,inactive,29,35-44,tier2,1,0,0,43,False,False,False,13,0.074,0.14,2.3512492185517644,0.0,afternoon,0.043478260869565216,0.0,0.16111111111111112,0.5911025584418415,0.0,0.09638554216867469,0.10000000000000002,0.1287,0.8843,0.2956,0.0,0.06,0.21,gamification
USR_000029,churned,133,18-24,tier2,1,0,0,30,False,False,False,18,0.04,0.23,2.133656214977323,0.0,evening,0.043478260869565216,0.0,0.7388888888888889,0.5363998157053146,0.0,0.04518072289156626,0.2,0.1287,0.8675,0.2682,0.0,0.12,0.21,gamification
USR_000030,churned,51,45+,tier3,0,1,0,2,False,False,False,17,0.03,0.11,0.6826061944859854,0.0,late_afternoon,0.0,0.05,0.2833333333333333,0.17160676324113452,0.0,0.030120481927710836,0.06666666666666667,0.1454,0.8998,0.0858,0.02,0.04,0.12,social
USR_000031,trial,1,25-34,tier3,7,9,4,54,False,True,True,18,0.483,0.76,2.489896102404978,2.321928094887362,evening,0.30434782608695654,0.45,0.005555555555555556,0.6259582968803652,0.4526808302869428,0.7123493975903614,0.788888888888889,0.7224,0.4058,0.5393,0.18,0.8733,0.82,achievement
USR_000032,churned,162,18-24,tier3,1,1,0,48,False,False,False,19,0.048,0.14,2.418123910244335,0.0,evening,0.043478260869565216,0.05,0.9,0.6079148134093673,0.0,0.0572289156626506,0.10000000000000002,0.1591,0.88,0.304,0.02,0.06,0.12,gamification
USR_000033,inactive,78,25-34,tier3,0,0,0,49,False,False,False,20,0.026,0.09,2.4306765580733933,0.0,evening,0.0,0.0,0.43333333333333335,0.6110705410916697,0.0,0.024096385542168672,0.04444444444444444,0.1172,0.9183,0.3055,0.0,0.0267,0.12,gamification
USR_000034,paid,17,25-34,tier2,16,7,12,315,True,True,True,8,0.39,0.9,3.5762437116210197,3.700439718141092,early_morning,0.6956521739130435,0.35,0.09444444444444444,0.8990653950553105,0.7214341080257056,0.572289156626506,0.9444444444444445,0.8049,0.262,0.8102,0.74,0.9667,0.91,achievement
USR_000035,trial,6,25-34,tier1,6,7,6,77,False,False,False,22,0.224,0.39,2.7069753937264607,2.807354922057604,night,0.2608695652173913,0.35,0.03333333333333333,0.6805318926831553,0.5473191697130572,0.322289156626506,0.3777777777777778,0.5876,0.6388,0.6139,0.14,0.2267,0.3,gamification
USR_000036,inactive,83,45+,tier2,1,0,0,29,False,False,False,16,0.058,0.11,2.1132827525593787,0.0,late_afternoon,0.043478260869565216,0.0,0.46111111111111114,0.5312779402084316,0.0,0.07228915662650602,0.06666666666666667,0.1287,0.8981,0.2656,0.0,0.04,0.21,gamification
USR_000037,inactive,64,45+,tier2,1,0,0,21,False,False,False,8,0.04,0.14,1.9205726604783713,0.0,early_morning,0.043478260869565216,0.0,0.35555555555555557,0.48283074559891703,0.0,0.04518072289156626,0.10000000000000002,0.1287,0.8945,0.2414,0.0,0.06,0.21,gamification
USR_000038,churned,137,25-34,tier3,0,0,0,48,False,False,False,19,0.09,0.26,2.418123910244335,0.0,evening,0.0,0.0,0.7611111111111111,0.6079148134093673,0.0,0.12048192771084337,0.23333333333333336,0.1172,0.8481,0.304,0.0,0.14,0.12,gamification
USR_000039,trial,2,18-24,tier3,5,6,0,36,False,True,True,19,0.537,0.87,2.2435894449529292,0.0,evening,0.21739130434782608,0.3,0.011111111111111112,0.5640369598173204,0.0,0.7936746987951807,0.9111111111111111,0.5,0.4535,0.282,0.12,0.9467,0.82,achievement
USR_000040,churned,178,18-24,tier2,0,0,0,6,False,False,True,20,0.095,0.39,1.2090619551221675,0.0,evening,0.0,0.0,0.9888888888888889,0.30395740670468363,0.0,0.1280120481927711,0.3777777777777778,0.1172,0.8076,0.152,0.0,0.6267,0.21,achievement
USR_000041,churned,60,18-24,tier2,2,1,0,31,False,True,False,8,0.064,0.26,2.1533827903669653,0.0,early_morning,0.08695652173913043,0.05,0.3333333333333333,0.5413590642146222,0.0,0.08132530120481928,0.23333333333333336,0.1738,0.8333,0.2707,0.02,0.14,0.91,social
USR_000042,trial,7,45+,tier2,8,4,4,56,True,False,True,11,0.33,0.79,2.512088994921136,2.321928094887362,mid_morning,0.34782608695652173,0.2,0.03888888888888889,0.6315375759470078,0.4526808302869428,0.4819277108433735,0.8222222222222223,0.4558,0.5298,0.5421,0.68,0.8933,0.21,achievement
USR_000043,trial,1,35-44,tier3,4,5,4,50,False,True,True,10,0.318,0.62,2.4429806222085735,2.321928094887362,mid_morning,0.17391304347826086,0.25,0.005555555555555556,0.6141637749913994,0.4526808302869428,0.463855421686747,0.6333333333333333,0.4124,0.6644,0.5334,0.1,0.78,0.82,social
USR_000044,churned,100,18-24,tier3,1,1,0,28,False,False,False,18,0.09,0.17,2.0922185341675,0.0,evening,0.043478260869565216,0.05,0.5555555555555556,0.5259824090989363,0.0,0.12048192771084337,0.13333333333333336,0.1591,0.8584,0.263,0.02,0.08,0.12,gamification
USR_000045,churned,92,18-24,tier1,0,1,0,16,False,False,False,20,0.047,0.26,1.7603744277225881,0.0,evening,0.0,0.05,0.5111111111111111,0.4425570117502649,0.0,0.05572289156626505,0.23333333333333336,0.1454,0.8497,0.2213,0.02,0.14,0.3,social
USR_000046,trial,2,25-34,tier2,4,8,2,80,False,False,False,20,0.266,0.69,2.7304247779439415,1.5849625007211563,evening,0.17391304347826086,0.4,0.011111111111111112,0.6864270529645381,0.3090027388789262,0.38554216867469876,0.711111111111111,0.5962,0.5697,0.4977,0.16,0.4267,0.21,gamification
USR_000047,trial,4,18-24,tier2,3,2,2,24,False,False,True,8,0.288,0.87,2.0,1.5849625007211563,early_morning,0.13043478260869565,0.1,0.022222222222222223,0.5027987282487452,0.3090027388789262,0.41867469879518066,0.9111111111111111,0.2307,0.6164,0.4059,0.04,0.9467,0.21,achievement
USR_000048,paid,118,18-24,tier1,12,16,14,352,False,True,True,19,0.347,0.53,3.645041546250703,3.9068905956085187,evening,0.5217391304347826,0.8,0.6555555555555556,0.9163611269343465,0.761683569165869,0.5075301204819276,0.5333333333333334,0.9617,0.317,0.839,0.32,0.72,1.0,social
USR_000049,paid,87,25-34,tier2,8,11,15,246,False,False,True,18,0.485,0.7,3.423175441602233,4.0,evening,0.34782608695652173,0.55,0.48333333333333334,0.8605841293049696,0.7798360875751452,0.7153614457831324,0.7222222222222222,0.8262,0.2826,0.8202,0.22,0.8333,0.21,achievement
USR_000050,paid,38,18-24,tier1,7,5,3,188,True,True,True,20,0.516,0.7,3.256880538580124,2.0,evening,0.30434782608695654,0.25,0.2111111111111111,0.8187776964280872,0.3899180437875726,0.7620481927710843,0.7222222222222222,0.4911,0.3949,0.6043,0.7,0.8333,1.0,social
USR_000051,churned,180,35-44,tier3,1,1,0,19,False,False,False,6,0.035,0.24,1.8613531161467862,0.0,early_morning,0.043478260869565216,0.05,1.0,0.4679429898102215,0.0,0.03765060240963856,0.21111111111111114,0.1591,0.8539,0.234,0.02,0.1267,0.12,gamification
USR_000052,paid,64,35-44,tier3,6,12,19,354,True,True,True,5,0.455,0.83,3.6485519224500402,4.321928094887363,night,0.2608695652173913,0.6,0.35555555555555557,0.9172436332786973,0.8425988740745155,0.6701807228915663,0.8666666666666667,0.8312,0.2538,0.8799,0.84,0.92,0.82,achievement
USR_000053,trial,0,18-24,tier2,13,8,2,112,False,False,False,23,0.195,0.42,2.9372912009775383,1.5849625007211563,night,0.5652173913043478,0.4,0.0,0.7384331401738677,0.3090027388789262,0.27861445783132527,0.41111111111111115,0.7935,0.5977,0.5237,0.16,0.2467,0.21,gamification
USR_000054,paid,68,35-44,tier3,9,7,18,243,True,True,True,20,0.583,0.8,3.4155826595257293,4.247927513443585,evening,0.391304347826087,0.35,0.37777777777777777,0.8586753087190017,0.8281717930966652,0.8629518072289155,0.8333333333333334,0.6622,0.2882,0.8434,0.74,0.9,0.82,achievement
USR_000055,trial,6,18-24,tier1,11,8,0,96,False,True,True,20,0.359,0.83,2.8424277464575374,0.0,evening,0.4782608695652174,0.4,0.03333333333333333,0.7145845280288982,0.0,0.5256024096385542,0.8666666666666667,0.7565,0.3748,0.3573,0.16,0.92,1.0,social
USR_000056,churned,103,18-24,tier2,1,1,0,5,False,False,True,19,0.086,0.39,1.1132827525593785,0.0,evening,0.043478260869565216,0.05,0.5722222222222222,0.27987857608405897,0.0,0.1144578313253012,0.3777777777777778,0.1591,0.7936,0.1399,0.02,0.6267,0.21,achievement
USR_000057,trial,1,35-44,tier1,7,2,5,14,False,False,True,14,0.282,0.47,1.6826061944859854,2.584962500721156,afternoon,0.30434782608695654,0.1,0.005555555555555556,0.4230061273655071,0.5039617607727125,0.4096385542168674,0.4666666666666667,0.3145,0.7783,0.4635,0.04,0.68,0.3,achievement
USR_000058,paid,120,35-44,tier2,6,4,22,188,True,True,True,5,0.563,0.84,3.256880538580124,4.523561956057013,night,0.2608695652173913,0.2,0.6666666666666666,0.8187776964280872,0.8819092144288181,0.8328313253012046,0.8777777777777778,0.4038,0.3758,0.8503,0.68,0.9267,0.91,achievement
USR_000059,paid,105,25-34,tier2,13,10,12,397,False,True,True,19,0.276,0.58,3.7195917649476633,3.700439718141092,evening,0.5652173913043478,0.5,0.5833333333333334,0.9351030045100953,0.7214341080257056,0.4006024096385542,0.5888888888888889,0.8632,0.3581,0.8283,0.2,0.7533,0.91,social
USR_000060,paid,27,25-34,tier3,12,4,16,210,False,True,True,17,0.45,0.77,3.3252964231356783,4.08746284125034,late_afternoon,0.5217391304347826,0.2,0.15,0.8359774063013601,0.7968877575573631,0.6626506024096386,0.8,0.5617,0.3684,0.8164,0.08,0.88,0.82,achievement
USR_000061,inactive,47,45+,tier1,0,0,0,48,False,False,False,8,0.062,0.21,2.418123910244335,0.0,early_morning,0.0,0.0,0.2611111111111111,0.6079148134093673,0.0,0.07831325301204818,0.17777777777777776,0.1172,0.8715,0.304,0.0,0.1067,0.3,gamification
USR_000062,paid,38,25-34,tier2,15,17,31,380,True,True,True,20,0.461,0.84,3.692468860845251,5.0,evening,0.6521739130434783,0.85,0.2111111111111111,0.9282843236655425,0.9747951094689316,0.6792168674698795,0.8777777777777778,0.9779,0.1967,0.9515,0.94,0.9267,0.91,gamification
USR_000063,trial,5,35-44,tier2,6,3,2,36,True,True,False,12,0.398,0.7,2.2435894449529292,1.5849625007211563,afternoon,0.2608695652173913,0.15,0.027777777777777776,0.5640369598173204,0.3090027388789262,0.5843373493975903,0.7222222222222222,0.3458,0.5855,0.4365,0.66,0.4333,0.91,social
USR_000064,inactive,46,18-24,tier2,1,0,0,19,False,False,False,23,0.079,0.17,1.8613531161467862,0.0,night,0.043478260869565216,0.0,0.25555555555555554,0.4679429898102215,0.0,0.10391566265060241,0.13333333333333336,0.1287,0.8738,0.234,0.0,0.08,0.21,gamification
USR_000065,paid,116,25-34,tier2,10,18,27,516,True,True,True,19,0.264,0.55,3.882127310558344,4.807354922057604,evening,0.43478260869565216,0.9,0.6444444444444445,0.9759643373242284,0.9372372135006297,0.3825301204819277,0.5555555555555556,0.9709,0.3307,0.9566,0.96,0.7333,0.91,learning
USR_000066,trial,0,35-44,tier3,10,7,5,63,False,True,False,7,0.241,0.77,2.5840593484403582,2.584962500721156,early_morning,0.43478260869565216,0.35,0.0,0.6496308770575465,0.5039617607727125,0.3478915662650602,0.8,0.6855,0.507,0.5768,0.14,0.48,0.82,social
USR_000067,churned,65,25-34,tier2,1,1,0,47,False,False,False,7,0.048,0.19,2.405312426779558,0.0,early_morning,0.043478260869565216,0.05,0.3611111111111111,0.6046940146128323,0.0,0.0572289156626506,0.15555555555555559,0.1591,0.865,0.3023,0.02,0.0933,0.21,gamification
USR_000068,paid,120,18-24,tier3,21,12,30,319,True,True,True,21,0.579,0.87,3.5840593484403582,4.954196310386876,night,0.9130434782608695,0.6,0.6666666666666666,0.9010302411819191,0.9658652669428303,0.8569277108433734,0.9111111111111111,0.9604,0.163,0.9334,0.84,0.9467,0.82,achievement
USR_000069,paid,36,18-24,tier3,19,15,32,504,True,True,True,9,0.519,0.94,3.867535604316286,5.044394119358453,mid_morning,0.8260869565217391,0.75,0.2,0.9722959916534853,0.9834501435568916,0.766566265060241,0.9888888888888889,0.9763,0.1546,0.9779,0.9,0.9933,0.82,achievement
USR_000070,churned,125,25-34,tier2,0,0,0,44,False,False,False,7,0.117,0.37,2.3652123889719707,0.0,early_morning,0.0,0.0,0.6944444444444444,0.5946128906066416,0.0,0.16114457831325302,0.3555555555555556,0.1172,0.807,0.2973,0.0,0.2133,0.21,gamification
USR_000071,trial,0,25-34,tier1,5,5,0,55,True,True,False,19,0.512,0.8,2.5010916293423473,0.0,evening,0.21739130434782608,0.25,0.0,0.6287728452334571,0.0,0.7560240963855421,0.8333333333333334,0.4383,0.5173,0.3144,0.7,0.5,1.0,social
USR_000072,paid,91,25-34,tier3,6,10,14,274,True,True,True,22,0.637,0.93,3.4898961024049786,3.9068905956085187,night,0.2608695652173913,0.5,0.5055555555555555,0.8773576610047379,0.761683569165869,0.9442771084337349,0.9777777777777779,0.7499,0.2069,0.8195,0.8,0.9867,0.82,achievement
USR_000073,paid,58,45+,tier2,8,15,25,412,True,True,True,20,0.31,0.78,3.742578415995695,4.700439718141093,evening,0.34782608695652173,0.75,0.32222222222222224,0.9408818339669193,0.9163931299194921,0.4518072289156626,0.8111111111111111,0.9276,0.2718,0.9286,0.9,0.8867,0.91,gamification
USR_000074,inactive,84,35-44,tier1,0,0,0,8,False,False,True,19,0.018,0.11,1.3652123889719707,0.0,evening,0.0,0.0,0.4666666666666667,0.34321352648226905,0.0,0.012048192771084335,0.06666666666666667,0.1172,0.9147,0.1716,0.0,0.44,0.3,achievement
USR_000075,paid,118,35-44,tier1,4,3,20,207,True,True,True,18,0.413,0.52,3.3163988734606544,4.392317422778761,evening,0.17391304347826086,0.15,0.6555555555555556,0.8337405679707941,0.8563219085919834,0.6069277108433734,0.5222222222222223,0.2994,0.5403,0.845,0.66,0.7133,1.0,social
USR_000076,paid,65,25-34,tier2,13,18,4,602,False,True,True,22,0.325,0.85,3.9777348024845396,2.321928094887362,night,0.5652173913043478,0.9,0.3611111111111111,1.0,0.4526808302869428,0.47439759036144574,0.888888888888889,0.9787,0.2304,0.7263,0.36,0.9333,0.91,achievement
USR_000077,paid,64,18-24,tier3,6,5,21,261,True,True,True,16,0.558,0.53,3.4598069678497754,4.459431618637297,late_afternoon,0.2608695652173913,0.25,0.35555555555555557,0.8697932717105071,0.8694064265717518,0.8253012048192772,0.5333333333333334,0.4646,0.439,0.8696,0.7,0.72,0.82,gamification
USR_000078,paid,22,25-34,tier3,17,13,23,373,True,True,True,14,0.46,0.82,3.6809470882009596,4.584962500721157,afternoon,0.7391304347826086,0.65,0.12222222222222222,0.925387757349182,0.8938798045602853,0.677710843373494,0.8555555555555555,0.9531,0.2113,0.9096,0.86,0.9133,0.82,achievement
USR_000079,trial,2,18-24,tier2,10,6,0,78,False,False,True,12,0.162,0.44,2.7148905954742335,0.0,afternoon,0.43478260869565216,0.3,0.011111111111111112,0.6825217693694615,0.0,0.2289156626506024,0.4333333333333334,0.6298,0.681,0.3413,0.12,0.66,0.21,achievement
USR_000080,paid,119,25-34,tier2,15,15,27,482,False,True,True,17,0.374,0.82,3.8398602430745323,4.807354922057604,late_afternoon,0.6521739130434783,0.75,0.6611111111111111,0.9653384234353961,0.9372372135006297,0.5481927710843373,0.8555555555555555,0.9642,0.2305,0.9513,0.3,0.9133,0.91,gamification
USR_000081,churned,59,25-34,tier2,2,1,0,42,False,False,False,18,0.021,0.35,2.336965027750064,0.0,evening,0.08695652173913043,0.05,0.3277777777777778,0.5875115219572629,0.0,0.016566265060240965,0.33333333333333337,0.1738,0.8192,0.2938,0.02,0.2,0.21,gamification
USR_000082,churned,109,18-24,tier1,2,0,0,33,False,True,False,23,0.025,0.14,2.1910509857959815,0.0,night,0.08695652173913043,0.0,0.6055555555555555,0.5508288245931894,0.0,0.022590361445783132,0.10000000000000002,0.141,0.8941,0.2754,0.0,0.06,1.0,social
USR_000083,trial,5,25-34,tier2,6,4,6,48,False,True,False,7,0.195,0.7,2.418123910244335,2.807354922057604,early_morning,0.2608695652173913,0.2,0.027777777777777776,0.6079148134093673,0.5473191697130572,0.27861445783132527,0.7222222222222222,0.4038,0.627,0.5776,0.08,0.4333,0.91,social
USR_000084,churned,99,25-34,tier2,0,1,0,38,False,False,False,13,0.038,0.13,2.276298835653068,0.0,afternoon,0.0,0.05,0.55,0.572260079840231,0.0,0.04216867469879517,0.0888888888888889,0.1454,0.8914,0.2861,0.02,0.0533,0.21,gamification
USR_000085,trial,2,18-24,tier3,10,4,0,60,False,True,True,15,0.346,0.65,2.554229543378943,0.0,late_afternoon,0.43478260869565216,0.2,0.011111111111111112,0.6421316830331528,0.0,0.5060240963855421,0.6666666666666667,0.5089,0.5972,0.3211,0.08,0.8,0.82,social
USR_000086,churned,40,18-24,tier3,1,1,0,20,False,False,False,16,0.059,0.19,1.8916681496081529,0.0,late_afternoon,0.043478260869565216,0.05,0.2222222222222222,0.4755641699458181,0.0,0.07379518072289155,0.15555555555555559,0.1591,0.8617,0.2378,0.02,0.0933,0.12,gamification
USR_000087,trial,5,45+,tier2,3,7,1,49,False,True,True,8,0.268,0.62,2.4306765580733933,1.0,early_morning,0.13043478260869565,0.35,0.027777777777777776,0.6110705410916697,0.1949590218937863,0.3885542168674699,0.6333333333333333,0.5089,0.5831,0.403,0.14,0.78,0.91,social
USR_000088,trial,3,25-34,tier2,11,5,5,75,False,True,True,9,0.392,0.81,2.690835916581937,2.584962500721156,mid_morning,0.4782608695652174,0.25,0.016666666666666666,0.6764744383917222,0.5039617607727125,0.575301204819277,0.8444444444444446,0.5962,0.4811,0.5902,0.1,0.9067,0.91,social
USR_000089,trial,7,45+,tier2,8,7,2,49,False,False,True,17,0.393,0.77,2.4306765580733933,1.5849625007211563,late_afternoon,0.34782608695652173,0.35,0.03888888888888889,0.6110705410916697,0.3090027388789262,0.5768072289156626,0.8,0.638,0.4355,0.46,0.14,0.88,0.21,achievement
USR_000090,paid,109,25-34,tier2,9,5,17,239,True,True,True,7,0.552,0.64,3.405312426779558,4.169925001442312,early_morning,0.391304347826087,0.25,0.6055555555555555,0.8560933787372049,0.8129644996516386,0.8162650602409639,0.6555555555555556,0.5442,0.3823,0.8345,0.7,0.7933,0.91,social
USR_000091,paid,102,25-34,tier3,18,10,24,271,True,True,True,7,0.33,0.79,3.4830806600161606,4.643856189774724,early_morning,0.782608695652174,0.5,0.5666666666666667,0.8756442631219628,0.9053616605738856,0.4819277108433735,0.8222222222222223,0.9148,0.2683,0.8905,0.8,0.8933,0.82,achievement
USR_000092,paid,64,18-24,tier1,20,11,20,286,False,True,True,20,0.291,0.66,3.5164340121702913,4.392317422778761,evening,0.8695652173913043,0.55,0.35555555555555557,0.8840292746449274,0.8563219085919834,0.4231927710843373,0.6777777777777778,0.9445,0.3032,0.8702,0.22,0.8067,1.0,social
USR_000093,trial,4,25-34,tier2,9,7,6,105,True,False,True,14,0.53,0.84,2.8975576243628565,2.807354922057604,afternoon,0.391304347826087,0.35,0.022222222222222223,0.7284441442785498,0.5473191697130572,0.7831325301204819,0.8777777777777778,0.6622,0.3565,0.6379,0.74,0.9267,0.21,achievement
USR_000094,paid,47,25-34,tier3,13,13,11,479,False,False,False,21,0.288,0.56,3.8359889848529507,3.5849625007211565,night,0.5652173913043478,0.65,0.2611111111111111,0.9643651915801292,0.6989207826664989,0.41867469879518066,0.5666666666666668,0.93,0.3363,0.8316,0.26,0.34,0.12,gamification
USR_000095,paid,35,25-34,tier1,9,13,7,279,True,True,True,16,0.511,0.9,3.501091629342347,3.0,late_afternoon,0.391304347826087,0.65,0.19444444444444445,0.8801722093578295,0.5848770656813589,0.7545180722891566,0.9444444444444445,0.8967,0.1962,0.7325,0.86,0.9667,1.0,social
USR_000096,inactive,33,25-34,tier2,0,0,0,28,False,False,False,18,0.027,0.25,2.0922185341675,0.0,evening,0.0,0.0,0.18333333333333332,0.5259824090989363,0.0,0.025602409638554216,0.22222222222222227,0.1172,0.87,0.263,0.0,0.1333,0.21,gamification
USR_000097,paid,37,35-44,tier3,11,7,22,280,False,True,False,21,0.421,0.64,3.5033067294943647,4.523561956057013,night,0.4782608695652174,0.35,0.20555555555555555,0.8807290841275186,0.8819092144288181,0.6189759036144578,0.6555555555555556,0.708,0.3587,0.8813,0.14,0.3933,0.82,gamification
USR_000098,paid,33,25-34,tier1,16,5,9,166,False,True,True,20,0.581,0.75,3.179988350514463,3.3219280948873626,evening,0.6956521739130435,0.25,0.18333333333333332,0.7994470492422484,0.6476398521807292,0.8599397590361445,0.7777777777777778,0.7152,0.2831,0.7235,0.1,0.8667,1.0,social
USR_000099,churned,67,18-24,tier3,2,0,0,24,False,False,False,17,0.062,0.35,2.0,0.0,late_afternoon,0.08695652173913043,0.0,0.37222222222222223,0.5027987282487452,0.0,0.07831325301204818,0.33333333333333337,0.141,0.82,0.2514,0.0,0.2,0.12,gamification
USR_000100,inactive,26,25-34,tier1,1,0,0,28,False,False,False,8,0.055,0.08,2.0922185341675,0.0,early_morning,0.043478260869565216,0.0,0.14444444444444443,0.5259824090989363,0.0,0.0677710843373494,0.03333333333333333,0.1287,0.908,0.263,0.0,0.02,0.3,social
USR_000101,paid,35,35-44,tier1,14,9,19,282,True,True,True,5,0.405,0.63,3.507713378706925,4.321928094887363,night,0.6086956521739131,0.45,0.19444444444444445,0.8818369129374753,0.8425988740745155,0.5948795180722891,0.6444444444444445,0.8456,0.3161,0.8622,0.78,0.7867,1.0,social
USR_000102,trial,0,35-44,tier2,8,6,4,78,True,True,False,7,0.355,0.52,2.7148905954742335,2.321928094887362,early_morning,0.34782608695652173,0.3,0.0,0.6825217693694615,0.4526808302869428,0.519578313253012,0.5222222222222223,0.579,0.6071,0.5676,0.72,0.3133,0.91,social
USR_000103,inactive,78,18-24,tier2,1,0,0,4,False,False,False,21,0.036,0.27,1.0,0.0,night,0.043478260869565216,0.0,0.43333333333333335,0.2513993641243726,0.0,0.03915662650602409,0.2444444444444445,0.1287,0.8567,0.1257,0.0,0.1467,0.21,social
USR_000104,trial,5,25-34,tier2,4,5,2,35,False,False,False,16,0.232,0.72,2.226565505118757,1.5849625007211563,late_afternoon,0.17391304347826086,0.25,0.027777777777777776,0.5597571521681179,0.3090027388789262,0.33433734939759036,0.7444444444444445,0.4124,0.6044,0.4344,0.1,0.4467,0.21,achievement
USR_000105,trial,4,35-44,tier2,4,7,5,105,False,True,False,14,0.164,0.53,2.8975576243628565,2.584962500721156,afternoon,0.17391304347826086,0.35,0.022222222222222223,0.7284441442785498,0.5039617607727125,0.2319277108433735,0.5333333333333334,0.5354,0.6354,0.6162,0.14,0.32,0.91,social
USR_000106,trial,5,25-34,tier3,5,8,3,80,False,False,True,9,0.379,0.6,2.7304247779439415,2.0,mid_morning,0.21739130434782608,0.4,0.027777777777777776,0.6864270529645381,0.3899180437875726,0.555722891566265,0.611111111111111,0.6215,0.5035,0.5382,0.16,0.7667,0.12,achievement
USR_000107,inactive,68,25-34,tier3,0,0,0,27,False,False,False,13,0.052,0.19,2.0704150712689535,0.0,afternoon,0.0,0.0,0.37777777777777777,0.5205010323905325,0.0,0.06325301204819277,0.15555555555555559,0.1172,0.8805,0.2603,0.0,0.0933,0.12,gamification
USR_000108,trial,5,25-34,tier2,8,5,4,35,True,False,True,16,0.442,0.8,2.226565505118757,2.321928094887362,late_afternoon,0.34782608695652173,0.25,0.027777777777777776,0.5597571521681179,0.4526808302869428,0.6506024096385542,0.8333333333333334,0.5177,0.4624,0.5062,0.7,0.9,0.21,achievement
USR_000109,inactive,70,18-24,tier2,0,0,0,23,False,False,False,20,0.075,0.14,1.9746358687061647,0.0,evening,0.0,0.0,0.3888888888888889,0.49642220176990787,0.0,0.09789156626506024,0.10000000000000002,0.1172,0.8886,0.2482,0.0,0.06,0.21,gamification
USR_000110,paid,54,18-24,tier1,11,13,10,398,False,True,True,19,0.338,0.55,3.7211509500433038,3.4594316186372978,evening,0.4782608695652174,0.65,0.3,0.9354949826516915,0.6744474046779656,0.4939759036144578,0.5555555555555556,0.9148,0.3309,0.805,0.26,0.7333,1.0,social
USR_000111,trial,7,25-34,tier2,5,3,0,45,False,False,False,22,0.443,0.49,2.378868651539773,0.0,night,0.21739130434782608,0.15,0.03888888888888889,0.5980460663325026,0.0,0.6521084337349398,0.48888888888888893,0.3222,0.6504,0.299,0.06,0.2933,0.21,gamification
USR_000112,trial,4,18-24,tier2,12,8,7,96,False,False,True,14,0.217,0.72,2.8424277464575374,3.0,afternoon,0.5217391304347826,0.4,0.022222222222222223,0.7145845280288982,0.5848770656813589,0.3117469879518072,0.7444444444444445,0.7755,0.4496,0.6497,0.16,0.8467,0.21,achievement
USR_000113,trial,2,25-34,tier2,8,2,2,20,False,True,False,20,0.213,0.9,1.8916681496081529,1.5849625007211563,evening,0.34782608695652173,0.1,0.011111111111111112,0.4755641699458181,0.3090027388789262,0.30572289156626503,0.9444444444444445,0.3378,0.6372,0.3923,0.04,0.5667,0.91,social
USR_000114,paid,52,25-34,tier2,7,16,18,351,False,True,True,20,0.577,0.76,3.6432788927719435,4.247927513443585,evening,0.30434782608695654,0.8,0.28888888888888886,0.9159179969706148,0.8281717930966652,0.8539156626506023,0.788888888888889,0.9366,0.2018,0.872,0.32,0.8733,0.91,social
USR_000115,trial,5,18-24,tier3,12,6,2,36,True,False,True,20,0.322,0.44,2.2435894449529292,1.5849625007211563,evening,0.5217391304347826,0.3,0.027777777777777776,0.5640369598173204,0.3090027388789262,0.4698795180722891,0.4333333333333334,0.6778,0.5503,0.4365,0.72,0.66,0.12,learning
USR_000116,paid,27,18-24,tier3,8,14,30,355,False,True,True,11,0.583,0.65,3.650299701196199,4.954196310386876,mid_morning,0.34782608695652173,0.7,0.15,0.9176830237441116,0.9658652669428303,0.8629518072289155,0.6666666666666667,0.9091,0.2398,0.9418,0.28,0.8,0.82,gamification
USR_000117,churned,157,25-34,tier2,2,1,0,10,False,False,False,16,0.089,0.19,1.4898961024049782,0.0,late_afternoon,0.08695652173913043,0.05,0.8722222222222222,0.3745589327559926,0.0,0.11897590361445783,0.15555555555555559,0.1738,0.8468,0.1873,0.02,0.0933,0.21,social
USR_000118,paid,85,25-34,tier1,6,15,11,424,True,True,True,16,0.35,0.9,3.7603744277225886,3.5849625007211565,late_afternoon,0.2608695652173913,0.75,0.4722222222222222,0.9453557399990102,0.6989207826664989,0.5120481927710843,0.9444444444444445,0.912,0.2342,0.8221,0.9,0.9667,1.0,social
USR_000119,trial,0,25-34,tier1,5,4,4,28,False,True,True,17,0.244,0.5,2.0922185341675,2.321928094887362,late_afternoon,0.21739130434782608,0.2,0.0,0.5259824090989363,0.4526808302869428,0.3524096385542168,0.5000000000000001,0.3785,0.7505,0.4893,0.08,0.7,1.0,social
USR_000120,paid,47,25-34,tier2,13,5,14,248,True,True,True,12,0.483,0.71,3.42818623436064,3.9068905956085187,afternoon,0.5652173913043478,0.25,0.2611111111111111,0.8618438394181922,0.761683569165869,0.7123493975903614,0.7333333333333333,0.6462,0.3453,0.8118,0.7,0.84,0.91,social
USR_000121,paid,120,35-44,tier2,8,8,13,382,True,True,True,8,0.364,0.49,3.695721930760838,3.8073549220576037,early_morning,0.34782608695652173,0.4,0.6666666666666666,0.9291021433737732,0.7422781916068435,0.5331325301204819,0.48888888888888893,0.6931,0.4199,0.8357,0.76,0.6933,0.91,social
USR_000122,trial,1,45+,tier2,3,2,2,10,False,True,True,14,0.319,0.8,1.4898961024049782,1.5849625007211563,afternoon,0.13043478260869565,0.1,0.005555555555555556,0.3745589327559926,0.3090027388789262,0.4653614457831325,0.8333333333333334,0.2307,0.6864,0.3418,0.04,0.9,0.91,social
USR_000123,trial,7,18-24,tier2,8,3,7,42,False,True,True,19,0.396,0.47,2.336965027750064,3.0,evening,0.34782608695652173,0.15,0.03888888888888889,0.5875115219572629,0.5848770656813589,0.5813253012048193,0.4666666666666667,0.3953,0.6403,0.5862,0.06,0.68,0.91,social
USR_000124,trial,4,35-44,tier2,6,2,2,28,False,True,False,19,0.325,0.43,2.0922185341675,1.5849625007211563,evening,0.2608695652173913,0.1,0.022222222222222223,0.5259824090989363,0.3090027388789262,0.47439759036144574,0.4222222222222223,0.292,0.7224,0.4175,0.04,0.2533,0.91,social
USR_000125,paid,107,45+,tier3,11,6,3,160,True,True,True,9,0.529,0.61,3.1572540485885474,2.0,mid_morning,0.4782608695652174,0.3,0.5944444444444444,0.7937316601942618,0.3899180437875726,0.7816265060240963,0.6222222222222222,0.6542,0.357,0.5918,0.72,0.7733,0.82,social
USR_000126,paid,64,25-34,tier1,9,5,20,252,False,False,True,19,0.293,0.65,3.438088195871358,4.392317422778761,evening,0.391304347826087,0.25,0.35555555555555557,0.8643331862455707,0.8563219085919834,0.42620481927710835,0.6666666666666667,0.5442,0.4495,0.8603,0.1,0.8,0.3,gamification
USR_000127,trial,6,18-24,tier2,6,3,7,42,False,False,False,20,0.373,0.57,2.336965027750064,3.0,evening,0.2608695652173913,0.15,0.03333333333333333,0.5875115219572629,0.5848770656813589,0.5466867469879517,0.5777777777777777,0.3458,0.6367,0.5862,0.06,0.3467,0.21,gamification
USR_000128,paid,46,45+,tier2,7,15,9,393,True,True,True,8,0.549,0.56,3.7133156011339086,3.3219280948873626,early_morning,0.30434782608695654,0.75,0.25555555555555554,0.9335251809181769,0.6476398521807292,0.8117469879518072,0.5666666666666668,0.9201,0.2693,0.7906,0.9,0.74,0.91,social
USR_000129,trial,6,25-34,tier2,10,10,5,120,True,False,True,15,0.234,0.55,2.9797922048099563,2.584962500721156,late_afternoon,0.43478260869565216,0.5,0.03333333333333333,0.7491178655119852,0.5039617607727125,0.3373493975903614,0.5555555555555556,0.821,0.48,0.6265,0.8,0.7333,0.21,learning
USR_000130,trial,4,35-44,tier2,4,6,3,72,False,False,False,5,0.272,0.49,2.665812336096604,2.0,night,0.17391304347826086,0.3,0.022222222222222223,0.6701835261695945,0.3899180437875726,0.39457831325301207,0.48888888888888893,0.4735,0.6402,0.5301,0.12,0.2933,0.21,gamification
USR_000131,trial,2,35-44,tier1,5,8,5,48,True,False,True,17,0.435,0.55,2.418123910244335,2.584962500721156,late_afternoon,0.21739130434782608,0.4,0.011111111111111112,0.6079148134093673,0.5039617607727125,0.6400602409638554,0.5555555555555556,0.6215,0.5471,0.5559,0.76,0.7333,0.3,learning
USR_000132,churned,39,18-24,tier3,3,0,0,18,False,False,False,18,0.112,0.15,1.8294828004351504,0.0,evening,0.13043478260869565,0.0,0.21666666666666667,0.4599308127058732,0.0,0.1536144578313253,0.11111111111111112,0.1544,0.8596,0.23,0.0,0.0667,0.12,gamification
USR_000133,inactive,27,18-24,tier2,2,0,0,7,False,False,False,18,0.029,0.21,1.2920296742201791,0.0,evening,0.08695652173913043,0.0,0.15,0.32481543852877326,0.0,0.028614457831325303,0.17777777777777776,0.141,0.8719,0.1624,0.0,0.1067,0.21,social
USR_000134,trial,2,25-34,tier2,3,4,2,40,True,False,False,15,0.318,0.74,2.3073720570481235,1.5849625007211563,late_afternoon,0.13043478260869565,0.2,0.011111111111111112,0.5800718679402438,0.3090027388789262,0.463855421686747,0.7666666666666667,0.3299,0.6608,0.4445,0.68,0.46,0.21,learning
USR_000135,trial,2,25-34,tier1,6,9,0,81,False,True,True,17,0.333,0.56,2.738048615121517,0.0,late_afternoon,0.2608695652173913,0.45,0.011111111111111112,0.6883436807831683,0.0,0.4864457831325301,0.5666666666666668,0.7006,0.5422,0.3442,0.18,0.74,1.0,social
USR_000136,churned,60,25-34,tier1,1,0,0,23,False,False,False,18,0.13,0.36,1.9746358687061647,0.0,evening,0.043478260869565216,0.0,0.3333333333333333,0.49642220176990787,0.0,0.18072289156626506,0.3444444444444445,0.1287,0.8015,0.2482,0.0,0.2067,0.3,social
USR_000137,paid,27,18-24,tier1,12,18,13,400,False,True,True,22,0.57,0.82,3.724257631188365,3.8073549220576037,night,0.5217391304347826,0.9,0.15,0.936276000316097,0.7422781916068435,0.8433734939759034,0.8555555555555555,0.9763,0.1732,0.8393,0.36,0.9133,1.0,social
USR_000138,paid,80,25-34,tier1,6,14,26,423,True,True,False,15,0.47,0.56,3.7589107405096427,4.754887502163469,late_afternoon,0.2608695652173913,0.7,0.4444444444444444,0.9449877699643986,0.9270082166367787,0.6927710843373494,0.5666666666666668,0.8899,0.3015,0.936,0.88,0.34,1.0,social
USR_000139,inactive,30,25-34,tier1,0,0,0,37,False,False,False,20,0.061,0.16,2.2601593585085435,0.0,evening,0.0,0.0,0.16666666666666666,0.5682026255487976,0.0,0.07680722891566265,0.12222222222222223,0.1172,0.8868,0.2841,0.0,0.0733,0.3,social
USR_000140,trial,0,25-34,tier3,11,2,6,22,False,False,False,23,0.327,0.42,1.9481920934663797,2.807354922057604,night,0.4782608695652174,0.1,0.0,0.4897742534895781,0.5473191697130572,0.47740963855421686,0.41111111111111115,0.4124,0.7331,0.5185,0.04,0.2467,0.12,gamification
USR_000141,paid,56,35-44,tier2,10,12,19,254,True,True,True,15,0.458,0.7,3.442980622208573,4.321928094887363,late_afternoon,0.43478260869565216,0.6,0.3111111111111111,0.8655631391157719,0.8425988740745155,0.6746987951807228,0.7222222222222222,0.8828,0.2695,0.8541,0.84,0.8333,0.91,social
USR_000142,churned,169,45+,tier2,1,0,0,42,False,False,False,16,0.02,0.21,2.336965027750064,0.0,late_afternoon,0.043478260869565216,0.0,0.9388888888888889,0.5875115219572629,0.0,0.015060240963855422,0.17777777777777776,0.1287,0.8795,0.2938,0.0,0.1067,0.21,gamification
USR_000143,paid,10,35-44,tier3,7,4,17,128,True,False,True,5,0.411,0.63,3.019571222236049,4.169925001442312,night,0.30434782608695654,0.2,0.05555555555555555,0.7591182851983973,0.8129644996516386,0.6039156626506024,0.6444444444444445,0.4296,0.5159,0.786,0.68,0.7867,0.12,achievement
USR_000144,trial,5,45+,tier1,6,6,4,78,False,False,False,9,0.221,0.42,2.7148905954742335,2.321928094887362,mid_morning,0.2608695652173913,0.3,0.027777777777777776,0.6825217693694615,0.4526808302869428,0.31777108433734935,0.41111111111111115,0.5265,0.6568,0.5676,0.12,0.2467,0.3,gamification
USR_000145,inactive,68,35-44,tier3,1,0,0,11,False,False,False,13,0.03,0.19,1.5439593106327716,0.0,afternoon,0.043478260869565216,0.0,0.37777777777777777,0.3881503889269834,0.0,0.030120481927710836,0.15555555555555559,0.1287,0.8825,0.1941,0.0,0.0933,0.12,gamification
USR_000146,churned,106,25-34,tier3,2,0,0,21,False,False,False,15,0.041,0.12,1.9205726604783713,0.0,late_afternoon,0.08695652173913043,0.0,0.5888888888888889,0.48283074559891703,0.0,0.046686746987951805,0.07777777777777778,0.141,0.8953,0.2414,0.0,0.0467,0.12,gamification
USR_000147,paid,19,35-44,tier3,11,14,3,396,True,True,True,18,0.452,0.6,3.7180286573696626,2.0,evening,0.4782608695652174,0.7,0.10555555555555556,0.9347100402589279,0.3899180437875726,0.6656626506024096,0.611111111111111,0.9322,0.2804,0.6623,0.88,0.7667,0.82,learning
USR_000148,trial,0,35-44,tier2,4,3,4,24,False,False,False,17,0.306,0.73,2.0,2.321928094887362,late_afternoon,0.17391304347826086,0.15,0.0,0.5027987282487452,0.4526808302869428,0.4457831325301204,0.7555555555555555,0.2994,0.6833,0.4777,0.06,0.4533,0.21,gamification
USR_000149,paid,76,35-44,tier2,13,7,12,256,True,True,True,18,0.419,0.85,3.4478348260746787,3.700439718141092,evening,0.5652173913043478,0.35,0.4222222222222222,0.8667834828810409,0.7214341080257056,0.6159638554216866,0.888888888888889,0.7499,0.2874,0.7941,0.74,0.9333,0.91,achievement
USR_000150,trial,2,18-24,tier3,3,7,4,91,True,True,True,19,0.259,0.76,2.809545209613166,2.321928094887362,evening,0.13043478260869565,0.35,0.011111111111111112,0.706317879175427,0.4526808302869428,0.375,0.788888888888889,0.5089,0.5889,0.5795,0.74,0.8733,0.82,achievement
USR_000151,churned,155,25-34,tier2,3,1,0,34,False,False,False,16,0.11,0.15,2.2090619551221677,0.0,late_afternoon,0.13043478260869565,0.05,0.8611111111111112,0.5553567708290562,0.0,0.15060240963855423,0.11111111111111112,0.1896,0.8461,0.2777,0.02,0.0667,0.21,gamification
USR_000152,inactive,23,45+,tier2,1,0,0,23,False,False,False,5,0.044,0.14,1.9746358687061647,0.0,night,0.043478260869565216,0.0,0.12777777777777777,0.49642220176990787,0.0,0.051204819277108425,0.10000000000000002,0.1287,0.8933,0.2482,0.0,0.06,0.21,gamification
USR_000153,trial,7,25-34,tier3,8,2,3,30,True,False,True,12,0.321,0.61,2.133656214977323,2.0,afternoon,0.34782608695652173,0.1,0.03888888888888889,0.5363998157053146,0.3899180437875726,0.4683734939759036,0.6222222222222222,0.3378,0.6441,0.4632,0.64,0.7733,0.12,achievement
USR_000154,paid,20,45+,tier1,10,5,15,192,True,False,True,19,0.388,0.5,3.2698932641307286,4.0,evening,0.43478260869565216,0.25,0.1111111111111111,0.8220490873570342,0.7798360875751452,0.5692771084337349,0.5000000000000001,0.5704,0.4549,0.8009,0.7,0.7,0.3,gamification
USR_000155,trial,0,35-44,tier1,3,4,3,56,True,True,False,13,0.355,0.37,2.512088994921136,2.0,afternoon,0.13043478260869565,0.2,0.0,0.6315375759470078,0.3899180437875726,0.519578313253012,0.3555555555555556,0.3299,0.7806,0.5107,0.68,0.2133,1.0,social
USR_000156,inactive,19,45+,tier3,0,0,0,42,False,False,False,8,0.047,0.16,2.336965027750064,0.0,early_morning,0.0,0.0,0.10555555555555556,0.5875115219572629,0.0,0.05572289156626505,0.12222222222222223,0.1172,0.891,0.2938,0.0,0.0733,0.12,gamification
USR_000157,trial,3,35-44,tier2,7,7,4,91,True,True,True,19,0.278,0.57,2.809545209613166,2.321928094887362,evening,0.30434782608695654,0.35,0.016666666666666666,0.706317879175427,0.4526808302869428,0.4036144578313253,0.5777777777777777,0.6131,0.6004,0.5795,0.74,0.7467,0.91,social
USR_000158,trial,1,35-44,tier1,6,8,0,80,False,True,False,20,0.274,0.53,2.7304247779439415,0.0,evening,0.2608695652173913,0.4,0.005555555555555556,0.6864270529645381,0.0,0.39759036144578314,0.5333333333333334,0.6462,0.6004,0.3432,0.16,0.32,1.0,social
USR_000159,trial,7,18-24,tier3,5,7,2,42,False,True,False,16,0.223,0.49,2.336965027750064,1.5849625007211563,late_afternoon,0.21739130434782608,0.35,0.03888888888888889,0.5875115219572629,0.3090027388789262,0.3207831325301205,0.48888888888888893,0.5617,0.6176,0.4483,0.14,0.2933,0.82,social
USR_000160,trial,2,18-24,tier3,10,4,0,48,False,True,True,12,0.194,0.4,2.418123910244335,0.0,afternoon,0.43478260869565216,0.2,0.011111111111111112,0.6079148134093673,0.0,0.27710843373493976,0.38888888888888895,0.5089,0.7419,0.304,0.08,0.6333,0.82,social
USR_000161,paid,19,25-34,tier1,9,5,18,281,True,True,True,7,0.555,0.61,3.505513960712744,4.247927513443585,early_morning,0.391304347826087,0.25,0.10555555555555556,0.8812839806522946,0.8281717930966652,0.8207831325301205,0.6222222222222222,0.5442,0.3896,0.8547,0.7,0.7733,1.0,social
USR_000162,paid,42,25-34,tier1,9,10,4,350,True,True,True,11,0.355,0.66,3.641511224625038,2.321928094887362,mid_morning,0.391304347826087,0.5,0.23333333333333334,0.9154736063224999,0.4526808302869428,0.519578313253012,0.6777777777777778,0.8049,0.3362,0.6841,0.8,0.8067,1.0,social
USR_000163,paid,58,18-24,tier1,10,13,25,361,True,False,True,7,0.317,0.65,3.6606843708032817,4.700439718141093,early_morning,0.43478260869565216,0.65,0.32222222222222224,0.9202937230799739,0.9163931299194921,0.4623493975903614,0.6666666666666667,0.9061,0.3127,0.9183,0.86,0.8,0.3,gamification
USR_000164,paid,48,18-24,tier2,10,15,18,429,True,True,True,17,0.328,0.76,3.767641585823457,4.247927513443585,late_afternoon,0.43478260869565216,0.75,0.26666666666666666,0.9471826989245599,0.8281717930966652,0.47891566265060237,0.788888888888889,0.9406,0.2676,0.8877,0.9,0.8733,0.91,social
USR_000165,trial,7,35-44,tier1,9,3,4,27,True,False,False,17,0.215,0.7,2.0704150712689535,2.321928094887362,late_afternoon,0.391304347826087,0.15,0.03888888888888889,0.5205010323905325,0.4526808302869428,0.3087349397590361,0.7222222222222222,0.421,0.6128,0.4866,0.66,0.4333,0.3,learning
USR_000166,trial,6,25-34,tier3,3,9,3,90,False,False,False,17,0.41,0.6,2.8027545962892497,2.0,late_afternoon,0.13043478260869565,0.45,0.03333333333333333,0.7046107233037799,0.3899180437875726,0.6024096385542168,0.611111111111111,0.6298,0.4896,0.5473,0.18,0.3667,0.12,gamification
USR_000167,churned,51,35-44,tier2,0,0,0,21,False,False,False,17,0.114,0.14,1.9205726604783713,0.0,late_afternoon,0.0,0.0,0.2833333333333333,0.48283074559891703,0.0,0.1566265060240964,0.10000000000000002,0.1172,0.8769,0.2414,0.0,0.06,0.21,gamification
USR_000168,inactive,47,25-34,tier1,0,0,0,9,False,False,False,18,0.06,0.21,1.4306765580733933,0.0,evening,0.0,0.0,0.2611111111111111,0.35967117696729706,0.0,0.0753012048192771,0.17777777777777776,0.1172,0.8721,0.1798,0.0,0.1067,0.3,social
USR_000169,trial,6,18-24,tier1,11,2,6,12,True,True,False,19,0.296,0.77,1.5936926411670824,2.807354922057604,evening,0.4782608695652174,0.1,0.03333333333333333,0.4006533165990964,0.5473191697130572,0.430722891566265,0.8,0.4124,0.5668,0.474,0.64,0.48,1.0,social
USR_000170,paid,46,25-34,tier2,5,14,3,344,True,True,False,19,0.441,0.65,3.6307982879523655,2.0,evening,0.21739130434782608,0.7,0.25555555555555554,0.9127803808550853,0.3899180437875726,0.6490963855421686,0.6666666666666667,0.8791,0.289,0.6513,0.88,0.4,0.91,social
USR_000171,paid,59,45+,tier1,11,5,16,182,False,False,True,10,0.259,0.55,3.2368357378649284,4.08746284125034,mid_morning,0.4782608695652174,0.25,0.3277777777777778,0.8137384462742873,0.7968877575573631,0.375,0.5555555555555556,0.5962,0.4669,0.8053,0.1,0.7333,0.3,gamification
USR_000172,trial,1,25-34,tier3,10,6,2,66,True,False,True,22,0.244,0.5,2.6125224135125684,1.5849625007211563,night,0.43478260869565216,0.3,0.005555555555555556,0.6567864735177309,0.3090027388789262,0.3524096385542168,0.5000000000000001,0.6298,0.6299,0.4829,0.72,0.7,0.12,learning
USR_000173,paid,116,25-34,tier2,12,6,22,174,False,True,True,13,0.391,0.86,3.209061955122168,4.523561956057013,afternoon,0.5217391304347826,0.3,0.6444444444444445,0.8067561349534289,0.8819092144288181,0.5737951807228916,0.9,0.6778,0.3182,0.8443,0.12,0.94,0.91,achievement
USR_000174,paid,84,18-24,tier2,8,10,9,237,True,True,True,19,0.466,0.79,3.4001129409181488,3.3219280948873626,evening,0.34782608695652173,0.5,0.4666666666666667,0.854786231297873,0.6476398521807292,0.6867469879518072,0.8222222222222223,0.7876,0.2773,0.7512,0.8,0.8933,0.91,social
USR_000175,trial,5,25-34,tier1,10,5,1,60,False,False,True,16,0.376,0.56,2.554229543378943,1.0,late_afternoon,0.43478260869565216,0.25,0.027777777777777776,0.6421316830331528,0.1949590218937863,0.5512048192771084,0.5666666666666668,0.5704,0.5402,0.4185,0.1,0.74,0.3,achievement
USR_000176,paid,105,18-24,tier1,8,4,9,170,False,True,True,18,0.435,0.63,3.1946951894071214,3.3219280948873626,evening,0.34782608695652173,0.2,0.5833333333333334,0.8031443391881423,0.6476398521807292,0.6400602409638554,0.6444444444444445,0.4558,0.4483,0.7254,0.08,0.7867,1.0,social
USR_000177,churned,40,35-44,tier2,2,0,0,16,False,False,False,19,0.02,0.22,1.7603744277225881,0.0,evening,0.08695652173913043,0.0,0.2222222222222222,0.4425570117502649,0.0,0.015060240963855422,0.18888888888888888,0.141,0.8716,0.2213,0.0,0.1133,0.21,gamification
USR_000178,trial,1,35-44,tier2,9,3,5,24,False,False,False,7,0.21,0.66,2.0,2.584962500721156,early_morning,0.391304347826087,0.15,0.005555555555555556,0.5027987282487452,0.5039617607727125,0.3012048192771084,0.6777777777777778,0.421,0.6847,0.5034,0.06,0.4067,0.21,gamification
USR_000179,churned,166,35-44,tier2,0,1,0,6,False,False,False,21,0.095,0.29,1.2090619551221675,0.0,night,0.0,0.05,0.9222222222222223,0.30395740670468363,0.0,0.1280120481927711,0.26666666666666666,0.1454,0.8263,0.152,0.02,0.16,0.21,social
USR_000180,trial,0,35-44,tier2,11,8,0,96,True,False,False,18,0.414,0.79,2.8424277464575374,0.0,evening,0.4782608695652174,0.4,0.0,0.7145845280288982,0.0,0.6084337349397589,0.8222222222222223,0.7565,0.4034,0.3573,0.76,0.4933,0.21,learning
USR_000181,trial,6,25-34,tier2,7,7,6,70,False,True,False,14,0.422,0.45,2.6485519224500402,2.807354922057604,afternoon,0.30434782608695654,0.35,0.03333333333333333,0.6658442691543247,0.5473191697130572,0.6204819277108433,0.44444444444444453,0.6131,0.5425,0.6066,0.14,0.2667,0.91,social
USR_000182,paid,19,35-44,tier3,14,9,18,294,True,True,True,13,0.332,0.6,3.5335164608735274,4.247927513443585,afternoon,0.6086956521739131,0.45,0.10555555555555556,0.8883237913866082,0.8281717930966652,0.48493975903614456,0.611111111111111,0.8456,0.344,0.8582,0.78,0.7667,0.82,gamification
USR_000183,churned,174,18-24,tier2,2,1,0,10,True,False,False,9,0.126,0.33,1.4898961024049782,0.0,mid_morning,0.08695652173913043,0.05,0.9666666666666667,0.3745589327559926,0.0,0.1746987951807229,0.31111111111111117,0.1738,0.7937,0.1873,0.62,0.1867,0.21,learning
USR_000184,paid,33,18-24,tier3,21,18,29,333,False,False,True,17,0.298,0.64,3.6106649085878564,4.906890595608519,late_afternoon,0.9130434782608695,0.9,0.18333333333333332,0.9077188620851729,0.9566425910596553,0.4337349397590361,0.6555555555555556,0.9908,0.2901,0.9322,0.36,0.7933,0.12,gamification
USR_000185,paid,37,18-24,tier2,13,6,6,200,True,True,True,18,0.268,0.6,3.2951286079985542,2.807354922057604,evening,0.5652173913043478,0.3,0.20555555555555555,0.8283932367588654,0.5473191697130572,0.3885542168674699,0.611111111111111,0.7006,0.4134,0.6879,0.72,0.7667,0.91,social
USR_000186,inactive,23,25-34,tier1,0,0,0,41,False,False,False,20,0.066,0.07,2.322344707681546,0.0,evening,0.0,0.0,0.12777777777777777,0.5838359827887426,0.0,0.08433734939759036,0.02222222222222223,0.1172,0.9123,0.2919,0.0,0.0133,0.3,social
USR_000187,inactive,15,18-24,tier2,1,0,0,6,False,False,False,18,0.022,0.1,1.2090619551221675,0.0,evening,0.043478260869565216,0.0,0.08333333333333333,0.30395740670468363,0.0,0.018072289156626502,0.055555555555555566,0.1287,0.9119,0.152,0.0,0.0333,0.21,social
USR_000188,trial,5,18-24,tier3,12,4,1,20,True,False,False,19,0.393,0.54,1.8916681496081529,1.0,evening,0.5217391304347826,0.2,0.027777777777777776,0.4755641699458181,0.1949590218937863,0.5768072289156626,0.5444444444444445,0.5617,0.545,0.3353,0.68,0.3267,0.12,learning
USR_000189,churned,162,25-34,tier2,1,0,0,40,False,False,False,15,0.045,0.29,2.3073720570481235,0.0,late_afternoon,0.043478260869565216,0.0,0.9,0.5800718679402438,0.0,0.052710843373493965,0.26666666666666666,0.1287,0.848,0.29,0.0,0.16,0.21,gamification
USR_000190,paid,54,25-34,tier3,19,5,26,250,True,True,True,22,0.556,0.76,3.433156940347662,4.754887502163469,night,0.8260869565217391,0.25,0.3,0.8630934717425787,0.9270082166367787,0.822289156626506,0.788888888888889,0.7755,0.2655,0.8951,0.7,0.8733,0.82,gamification
USR_000191,trial,0,18-24,tier1,12,5,2,35,False,True,True,20,0.36,0.76,2.226565505118757,1.5849625007211563,evening,0.5217391304347826,0.25,0.0,0.5597571521681179,0.3090027388789262,0.5271084337349397,0.788888888888889,0.6215,0.4985,0.4344,0.1,0.8733,1.0,social
USR_000192,trial,3,18-24,tier2,13,3,2,24,False,False,False,16,0.313,0.69,2.0,1.5849625007211563,late_afternoon,0.5652173913043478,0.15,0.016666666666666666,0.5027987282487452,0.3090027388789262,0.45632530120481923,0.711111111111111,0.5265,0.5862,0.4059,0.06,0.4267,0.21,achievement
USR_000193,trial,7,18-24,tier2,9,2,5,20,True,True,True,8,0.34,0.73,1.8916681496081529,2.584962500721156,early_morning,0.391304347826087,0.1,0.03888888888888889,0.4755641699458181,0.5039617607727125,0.49698795180722893,0.7555555555555555,0.362,0.5876,0.4898,0.64,0.8533,0.91,social
USR_000194,paid,29,35-44,tier3,9,13,23,431,True,False,True,13,0.468,0.75,3.7705248157515285,4.584962500721157,afternoon,0.391304347826087,0.65,0.16111111111111112,0.9479075410951013,0.8938798045602853,0.6897590361445783,0.7777777777777778,0.8967,0.2483,0.9209,0.86,0.8667,0.12,gamification
USR_000195,paid,15,25-34,tier2,13,12,13,185,True,True,True,10,0.429,0.61,3.2469389675367015,3.8073549220576037,mid_morning,0.5652173913043478,0.6,0.08333333333333333,0.8162783917893736,0.7422781916068435,0.6310240963855421,0.6222222222222222,0.912,0.2912,0.7793,0.84,0.7733,0.91,social
USR_000196,trial,2,25-34,tier2,4,10,0,100,False,False,True,11,0.501,0.8,2.867535604316286,0.0,mid_morning,0.17391304347826086,0.5,0.011111111111111112,0.7208966275291128,0.0,0.7394578313253012,0.8333333333333334,0.708,0.3918,0.3604,0.2,0.9,0.21,achievement
USR_000197,trial,0,18-24,tier2,5,9,7,117,True,True,True,22,0.305,0.88,2.9641930189469203,3.0,night,0.21739130434782608,0.45,0.0,0.7451962401051601,0.5848770656813589,0.4442771084337349,0.9222222222222223,0.6778,0.448,0.665,0.78,0.9533,0.91,achievement
USR_000198,paid,108,25-34,tier2,10,13,16,309,True,True,True,21,0.556,0.77,3.564332773050716,4.08746284125034,night,0.43478260869565216,0.65,0.6,0.8960709926726116,0.7968877575573631,0.822289156626506,0.8,0.9061,0.2158,0.8465,0.86,0.88,0.91,social
USR_000199,trial,5,25-34,tier1,8,7,0,56,False,True,False,13,0.217,0.54,2.512088994921136,0.0,afternoon,0.34782608695652173,0.35,0.027777777777777776,0.6315375759470078,0.0,0.3117469879518072,0.5444444444444445,0.638,0.5695,0.3158,0.14,0.3267,1.0,social
USR_000200,paid,26,45+,tier3,13,4,23,231,True,True,True,20,0.32,0.77,3.384248208387679,4.584962500721157,evening,0.5652173913043478,0.2,0.14444444444444443,0.8507978476277096,0.8938798045602853,0.46686746987951805,0.8,0.5876,0.3941,0.8723,0.68,0.88,0.82,achievement
USR_000201,trial,0,35-44,tier1,5,8,1,72,False,False,False,18,0.238,0.45,2.665812336096604,1.0,evening,0.21739130434782608,0.4,0.0,0.6701835261695945,0.1949590218937863,0.34337349397590355,0.44444444444444453,0.6215,0.654,0.4326,0.16,0.2667,0.3,gamification
USR_000202,trial,1,45+,tier1,3,2,2,12,False,False,True,8,0.228,0.49,1.5936926411670824,1.5849625007211563,early_morning,0.13043478260869565,0.1,0.005555555555555556,0.4006533165990964,0.3090027388789262,0.32831325301204817,0.48888888888888893,0.2307,0.8308,0.3548,0.04,0.6933,0.3,achievement
USR_000203,trial,0,35-44,tier2,4,8,0,56,False,True,True,9,0.446,0.71,2.512088994921136,0.0,mid_morning,0.17391304347826086,0.4,0.0,0.6315375759470078,0.0,0.6566265060240963,0.7333333333333333,0.5962,0.4977,0.3158,0.16,0.84,0.91,social
USR_000204,trial,3,25-34,tier2,4,2,5,30,True,False,True,9,0.264,0.46,2.133656214977323,2.584962500721156,mid_morning,0.17391304347826086,0.1,0.016666666666666666,0.5363998157053146,0.5039617607727125,0.3825301204819277,0.45555555555555566,0.2501,0.8193,0.5202,0.64,0.6733,0.21,achievement
USR_000205,paid,41,25-34,tier2,19,5,31,125,True,False,True,20,0.519,0.59,3.0049509021675314,5.0,evening,0.8260869565217391,0.25,0.22777777777777777,0.755442746029877,0.9747951094689316,0.766566265060241,0.6,0.7755,0.3214,0.8651,0.7,0.76,0.21,gamification
USR_000206,inactive,69,18-24,tier3,1,0,0,2,False,False,False,16,0.074,0.22,0.6826061944859854,0.0,late_afternoon,0.043478260869565216,0.0,0.38333333333333336,0.17160676324113452,0.0,0.09638554216867469,0.18888888888888888,0.1287,0.8603,0.0858,0.0,0.1133,0.12,social
USR_000207,paid,71,25-34,tier2,11,12,4,267,True,True,True,17,0.473,0.63,3.473875529659355,2.321928094887362,late_afternoon,0.4782608695652174,0.6,0.39444444444444443,0.8733300992035798,0.4526808302869428,0.6972891566265059,0.6444444444444445,0.8934,0.2806,0.663,0.84,0.7867,0.91,social
USR_000208,churned,154,25-34,tier2,1,1,0,30,True,False,True,20,0.046,0.18,2.133656214977323,0.0,evening,0.043478260869565216,0.05,0.8555555555555555,0.5363998157053146,0.0,0.05421686746987951,0.14444444444444446,0.1591,0.8686,0.2682,0.62,0.4867,0.21,learning
USR_000209,paid,28,35-44,tier3,5,11,9,382,False,True,True,7,0.589,0.78,3.695721930760838,3.3219280948873626,early_morning,0.21739130434782608,0.55,0.15555555555555556,0.9291021433737732,0.6476398521807292,0.8719879518072288,0.8111111111111111,0.7755,0.2512,0.7884,0.22,0.8867,0.82,achievement
USR_000210,inactive,44,45+,tier1,0,0,0,12,True,False,False,13,0.05,0.22,1.5936926411670824,0.0,afternoon,0.0,0.0,0.24444444444444444,0.4006533165990964,0.0,0.060240963855421686,0.18888888888888888,0.1172,0.8721,0.2003,0.6,0.1133,0.3,learning
USR_000211,churned,168,35-44,tier3,0,0,0,8,False,False,True,20,0.036,0.15,1.3652123889719707,0.0,evening,0.0,0.0,0.9333333333333333,0.34321352648226905,0.0,0.03915662650602409,0.11111111111111112,0.1172,0.8973,0.1716,0.0,0.4667,0.12,achievement
USR_000212,trial,5,18-24,tier3,3,3,5,45,True,False,True,11,0.355,0.47,2.378868651539773,2.584962500721156,mid_morning,0.13043478260869565,0.15,0.027777777777777776,0.5980460663325026,0.5039617607727125,0.519578313253012,0.4666666666666667,0.2776,0.7056,0.551,0.66,0.68,0.12,achievement
USR_000213,paid,25,18-24,tier2,22,16,17,443,True,True,True,19,0.607,0.79,3.787548755585701,4.169925001442312,evening,0.9565217391304348,0.8,0.1388888888888889,0.9521873487443039,0.8129644996516386,0.8990963855421686,0.8222222222222223,0.9864,0.1677,0.8826,0.92,0.8933,0.91,learning
USR_000214,churned,105,35-44,tier2,0,1,0,39,False,False,False,5,0.09,0.36,2.292029674220179,0.0,night,0.0,0.05,0.5833333333333334,0.5762148026531458,0.0,0.12048192771084337,0.3444444444444445,0.1454,0.8068,0.2881,0.02,0.2067,0.21,gamification
USR_000215,trial,2,25-34,tier3,5,2,2,20,False,False,False,18,0.382,0.56,1.8916681496081529,1.5849625007211563,evening,0.21739130434782608,0.1,0.011111111111111112,0.4755641699458181,0.3090027388789262,0.5602409638554217,0.5666666666666668,0.2705,0.731,0.3923,0.04,0.34,0.12,gamification
USR_000216,paid,16,18-24,tier1,10,15,23,504,True,True,True,17,0.521,0.52,3.867535604316286,4.584962500721157,late_afternoon,0.43478260869565216,0.75,0.08888888888888889,0.9722959916534853,0.8938798045602853,0.7695783132530121,0.5222222222222223,0.9406,0.2803,0.9331,0.9,0.7133,1.0,social
USR_000217,paid,81,35-44,tier3,13,12,6,326,False,True,True,20,0.269,0.48,3.597504523887204,2.807354922057604,evening,0.5652173913043478,0.6,0.45,0.9044103497397968,0.5473191697130572,0.3900602409638554,0.4777777777777778,0.912,0.3695,0.7259,0.24,0.6867,0.82,social
USR_000218,trial,1,18-24,tier3,6,10,6,100,False,False,True,18,0.191,0.75,2.867535604316286,2.807354922057604,evening,0.2608695652173913,0.5,0.005555555555555556,0.7208966275291128,0.5473191697130572,0.27259036144578314,0.7777777777777778,0.7499,0.5013,0.6341,0.2,0.8667,0.12,achievement
USR_000219,trial,4,18-24,tier2,10,5,0,75,False,False,True,8,0.187,0.6,2.690835916581937,0.0,early_morning,0.43478260869565216,0.25,0.022222222222222223,0.6764744383917222,0.0,0.26656626506024095,0.611111111111111,0.5704,0.5893,0.3382,0.1,0.7667,0.21,achievement
USR_000220,paid,34,25-34,tier1,7,7,4,251,True,True,True,18,0.334,0.84,3.4356274602409247,2.321928094887362,evening,0.30434782608695654,0.35,0.18888888888888888,0.8637145588728016,0.4526808302869428,0.4879518072289157,0.8777777777777778,0.6131,0.3623,0.6582,0.74,0.9267,1.0,social
USR_000221,paid,13,25-34,tier1,8,9,8,407,True,True,True,7,0.372,0.59,3.7350102964287526,3.1699250014423126,early_morning,0.34782608695652173,0.45,0.07222222222222222,0.9389792135201728,0.6180054777578524,0.5451807228915663,0.6,0.7432,0.4141,0.7785,0.78,0.76,1.0,social
USR_000222,trial,6,18-24,tier2,13,8,7,112,True,True,True,22,0.179,0.69,2.9372912009775383,3.0,night,0.5652173913043478,0.4,0.03333333333333333,0.7384331401738677,0.5848770656813589,0.25451807228915657,0.711111111111111,0.7935,0.4641,0.6617,0.76,0.8267,0.91,social
USR_000223,inactive,32,35-44,tier2,0,0,0,27,False,False,False,13,0.086,0.28,2.0704150712689535,0.0,afternoon,0.0,0.0,0.17777777777777778,0.5205010323905325,0.0,0.1144578313253012,0.25555555555555565,0.1172,0.8433,0.2603,0.0,0.1533,0.21,gamification
USR_000224,trial,4,35-44,tier1,5,6,4,30,False,False,False,15,0.395,0.38,2.133656214977323,2.321928094887362,late_afternoon,0.21739130434782608,0.3,0.022222222222222223,0.5363998157053146,0.4526808302869428,0.5798192771084337,0.3666666666666667,0.5,0.6243,0.4945,0.12,0.22,0.3,gamification
USR_000225,churned,137,25-34,tier2,0,0,0,34,False,True,True,19,0.105,0.27,2.2090619551221677,0.0,evening,0.0,0.0,0.7611111111111111,0.5553567708290562,0.0,0.1430722891566265,0.2444444444444445,0.1172,0.8406,0.2777,0.0,0.5467,0.91,social
USR_000226,inactive,76,35-44,tier2,1,0,0,44,False,False,False,12,0.07,0.14,2.3652123889719707,0.0,afternoon,0.043478260869565216,0.0,0.4222222222222222,0.5946128906066416,0.0,0.09036144578313253,0.10000000000000002,0.1287,0.8855,0.2973,0.0,0.06,0.21,gamification
USR_000227,trial,5,25-34,tier3,3,8,2,96,False,False,True,20,0.195,0.54,2.8424277464575374,1.5849625007211563,evening,0.13043478260869565,0.4,0.027777777777777776,0.7145845280288982,0.3090027388789262,0.27861445783132527,0.5444444444444445,0.5704,0.6065,0.5118,0.16,0.7267,0.12,achievement
USR_000228,churned,52,18-24,tier3,0,0,0,19,False,False,False,19,0.036,0.32,1.8613531161467862,0.0,evening,0.0,0.0,0.28888888888888886,0.4679429898102215,0.0,0.03915662650602409,0.30000000000000004,0.1172,0.8463,0.234,0.0,0.18,0.12,gamification
USR_000229,churned,164,25-34,tier3,2,0,0,17,False,False,False,21,0.102,0.35,1.7958889470453636,0.0,night,0.08695652173913043,0.0,0.9111111111111111,0.4514853393251934,0.0,0.13855421686746988,0.33333333333333337,0.141,0.808,0.2257,0.0,0.2,0.12,gamification
USR_000230,paid,23,25-34,tier2,15,7,17,199,False,True,True,14,0.561,0.7,3.292029674220179,4.169925001442312,afternoon,0.6521739130434783,0.35,0.12777777777777777,0.8276141667775184,0.8129644996516386,0.8298192771084337,0.7222222222222222,0.7876,0.276,0.8203,0.14,0.8333,0.91,social
USR_000231,trial,3,25-34,tier1,10,6,4,42,False,True,False,19,0.154,0.51,2.336965027750064,2.321928094887362,evening,0.43478260869565216,0.3,0.016666666666666666,0.5875115219572629,0.4526808302869428,0.21686746987951805,0.5111111111111112,0.6298,0.6587,0.5201,0.12,0.3067,1.0,social
USR_000232,paid,40,25-34,tier1,13,16,21,487,True,True,True,16,0.368,0.78,3.8462592175991226,4.459431618637297,late_afternoon,0.5652173913043478,0.8,0.2222222222222222,0.9669471215619262,0.8694064265717518,0.539156626506024,0.8111111111111111,0.9654,0.2425,0.9182,0.92,0.8867,1.0,social
USR_000233,churned,160,25-34,tier1,2,1,0,17,False,False,False,16,0.055,0.26,1.7958889470453636,0.0,late_afternoon,0.08695652173913043,0.05,0.8888888888888888,0.4514853393251934,0.0,0.0677710843373494,0.23333333333333336,0.1738,0.836,0.2257,0.02,0.14,0.3,social
USR_000234,paid,99,35-44,tier2,18,12,7,325,True,True,True,18,0.414,0.69,3.5956015057546726,3.0,evening,0.782608695652174,0.6,0.55,0.9039319321913613,0.5848770656813589,0.6084337349397589,0.711111111111111,0.9463,0.2612,0.7444,0.84,0.8267,0.91,social
USR_000235,churned,96,25-34,tier3,2,0,0,40,False,False,False,19,0.094,0.27,2.3073720570481235,0.0,evening,0.08695652173913043,0.0,0.5333333333333333,0.5800718679402438,0.0,0.12650602409638553,0.2444444444444445,0.141,0.8344,0.29,0.0,0.1467,0.12,gamification
USR_000236,churned,159,35-44,tier2,0,0,0,11,False,False,False,17,0.079,0.25,1.5439593106327716,0.0,late_afternoon,0.0,0.0,0.8833333333333333,0.3881503889269834,0.0,0.10391566265060241,0.22222222222222227,0.1172,0.8544,0.1941,0.0,0.1333,0.21,social
USR_000237,inactive,42,35-44,tier2,0,0,0,40,False,False,False,19,0.044,0.23,2.3073720570481235,0.0,evening,0.0,0.0,0.23333333333333334,0.5800718679402438,0.0,0.051204819277108425,0.2,0.1172,0.8709,0.29,0.0,0.12,0.21,gamification
USR_000238,paid,32,45+,tier1,10,13,10,398,True,False,True,7,0.375,0.51,3.7211509500433038,3.4594316186372978,early_morning,0.43478260869565216,0.65,0.17777777777777778,0.9354949826516915,0.6744474046779656,0.5496987951807228,0.5111111111111112,0.9061,0.3348,0.805,0.86,0.7067,0.3,learning
USR_000239,trial,7,25-34,tier3,5,9,2,54,False,True,False,17,0.189,0.43,2.489896102404978,1.5849625007211563,late_afternoon,0.21739130434782608,0.45,0.03888888888888889,0.6259582968803652,0.3090027388789262,0.269578313253012,0.4222222222222223,0.6778,0.5975,0.4675,0.18,0.2533,0.82,social
USR_000240,trial,6,25-34,tier2,12,5,0,75,False,True,True,20,0.207,0.5,2.690835916581937,0.0,evening,0.5217391304347826,0.25,0.03333333333333333,0.6764744383917222,0.0,0.2966867469879518,0.5000000000000001,0.6215,0.5932,0.3382,0.1,0.7,0.91,social
USR_000241,trial,5,25-34,tier1,5,2,3,26,True,True,False,16,0.312,0.53,2.047818583457956,2.0,late_afternoon,0.21739130434782608,0.1,0.027777777777777776,0.5148202897234035,0.3899180437875726,0.4548192771084337,0.5333333333333334,0.2705,0.7031,0.4524,0.64,0.32,1.0,social
USR_000242,trial,5,35-44,tier3,10,5,4,40,False,False,True,7,0.427,0.43,2.3073720570481235,2.321928094887362,early_morning,0.43478260869565216,0.25,0.027777777777777776,0.5800718679402438,0.4526808302869428,0.628012048192771,0.4222222222222223,0.5704,0.5662,0.5164,0.1,0.6533,0.12,achievement
USR_000243,churned,123,25-34,tier1,2,1,0,1,False,False,False,7,0.03,0.28,0.43067655807339306,0.0,early_morning,0.08695652173913043,0.05,0.6833333333333333,0.10827181284292443,0.0,0.030120481927710836,0.25555555555555565,0.1738,0.8375,0.0541,0.02,0.1533,0.3,social
USR_000244,trial,1,18-24,tier2,9,6,1,84,False,True,False,20,0.266,0.75,2.760374427722588,1.0,evening,0.391304347826087,0.3,0.005555555555555556,0.6939563758746375,0.1949590218937863,0.38554216867469876,0.7777777777777778,0.6047,0.544,0.4445,0.12,0.4667,0.91,social
USR_000245,churned,160,25-34,tier3,2,0,0,45,False,False,False,17,0.036,0.13,2.378868651539773,0.0,late_afternoon,0.08695652173913043,0.0,0.8888888888888888,0.5980460663325026,0.0,0.03915662650602409,0.0888888888888889,0.141,0.8938,0.299,0.0,0.0533,0.12,gamification
USR_000246,paid,34,18-24,tier2,17,12,10,219,True,True,True,18,0.538,0.51,3.351249218551765,3.4594316186372978,evening,0.7391304347826086,0.6,0.18888888888888888,0.8425019225662141,0.6744474046779656,0.7951807228915663,0.5111111111111112,0.9406,0.2784,0.7585,0.84,0.7067,0.91,social
USR_000247,inactive,51,25-34,tier2,0,0,0,48,False,False,False,15,0.018,0.27,2.418123910244335,0.0,late_afternoon,0.0,0.0,0.2833333333333333,0.6079148134093673,0.0,0.012048192771084335,0.2444444444444445,0.1172,0.8667,0.304,0.0,0.1467,0.21,gamification
USR_000248,inactive,35,18-24,tier1,0,0,0,29,False,False,False,12,0.036,0.12,2.1132827525593787,0.0,afternoon,0.0,0.0,0.19444444444444445,0.5312779402084316,0.0,0.03915662650602409,0.07777777777777778,0.1172,0.9063,0.2656,0.0,0.0467,0.3,social
USR_000249,trial,6,25-34,tier3,8,8,0,112,True,False,True,15,0.376,0.75,2.9372912009775383,0.0,late_afternoon,0.34782608695652173,0.4,0.03333333333333333,0.7384331401738677,0.0,0.5512048192771084,0.7777777777777778,0.6931,0.4234,0.3692,0.76,0.8667,0.12,achievement
USR_000250,churned,121,18-24,tier2,2,1,0,4,False,False,False,22,0.069,0.32,1.0,0.0,night,0.08695652173913043,0.05,0.6722222222222223,0.2513993641243726,0.0,0.08885542168674698,0.30000000000000004,0.1738,0.8138,0.1257,0.02,0.18,0.21,social
USR_000251,trial,3,18-24,tier3,12,8,2,120,False,True,False,15,0.278,0.66,2.9797922048099563,1.5849625007211563,late_afternoon,0.5217391304347826,0.4,0.016666666666666666,0.7491178655119852,0.3090027388789262,0.4036144578313253,0.6777777777777778,0.7755,0.4901,0.5291,0.16,0.4067,0.82,social
USR_000252,paid,86,18-24,tier3,6,14,7,314,False,True,True,18,0.396,0.88,3.5742743440941385,3.0,evening,0.2608695652173913,0.7,0.4777777777777778,0.8985702973113253,0.5848770656813589,0.5813253012048193,0.9222222222222223,0.8899,0.2351,0.7417,0.28,0.9533,0.82,achievement
USR_000253,paid,112,25-34,tier2,8,10,25,283,False,True,True,16,0.5,0.7,3.5099050385968265,4.700439718141093,late_afternoon,0.34782608695652173,0.5,0.6222222222222222,0.8823878948401735,0.9163931299194921,0.7379518072289156,0.7222222222222222,0.7876,0.2925,0.8994,0.2,0.8333,0.91,social
USR_000254,paid,19,25-34,tier1,16,16,19,438,True,True,True,14,0.605,0.86,3.7805120446510583,4.321928094887363,afternoon,0.6956521739130435,0.8,0.10555555555555556,0.9504183240898076,0.8425988740745155,0.8960843373493975,0.9,0.9746,0.1536,0.8965,0.92,0.94,1.0,social
USR_000255,trial,5,35-44,tier2,8,2,5,12,False,False,False,8,0.303,0.48,1.5936926411670824,2.584962500721156,early_morning,0.34782608695652173,0.1,0.027777777777777776,0.4006533165990964,0.5039617607727125,0.4412650602409638,0.4777777777777778,0.3378,0.693,0.4523,0.04,0.2867,0.21,gamification
USR_000256,trial,6,18-24,tier1,4,7,1,77,True,True,False,20,0.223,0.87,2.7069753937264607,1.0,evening,0.17391304347826086,0.35,0.03333333333333333,0.6805318926831553,0.1949590218937863,0.3207831325301205,0.9111111111111111,0.5354,0.5037,0.4377,0.74,0.5467,1.0,social
USR_000257,trial,1,25-34,tier2,10,5,4,70,True,True,True,7,0.529,0.88,2.6485519224500402,2.321928094887362,early_morning,0.43478260869565216,0.25,0.005555555555555556,0.6658442691543247,0.4526808302869428,0.7816265060240963,0.9222222222222223,0.5704,0.419,0.5593,0.7,0.9533,0.91,achievement
USR_000258,paid,30,25-34,tier3,15,6,25,222,False,True,True,21,0.387,0.55,3.3596647187727533,4.700439718141093,night,0.6521739130434783,0.3,0.16666666666666666,0.8446175739705591,0.9163931299194921,0.5677710843373494,0.5555555555555556,0.7432,0.3795,0.8805,0.12,0.7333,0.82,gamification
USR_000259,paid,111,18-24,tier2,8,11,25,277,True,True,True,20,0.639,0.84,3.496637596401262,4.700439718141093,evening,0.34782608695652173,0.55,0.6166666666666667,0.8790524683086518,0.9163931299194921,0.947289156626506,0.8777777777777778,0.8262,0.2033,0.8977,0.82,0.9267,0.91,achievement
USR_000260,trial,2,25-34,tier2,12,7,7,98,False,True,True,14,0.321,0.65,2.855108491376949,3.0,afternoon,0.5217391304347826,0.35,0.011111111111111112,0.7177724592382616,0.5848770656813589,0.4683734939759036,0.6666666666666667,0.7295,0.5003,0.6513,0.14,0.8,0.91,social
USR_000261,inactive,82,25-34,tier2,0,0,0,10,True,False,False,9,0.063,0.18,1.4898961024049782,0.0,mid_morning,0.0,0.0,0.45555555555555555,0.3745589327559926,0.0,0.07981927710843373,0.14444444444444446,0.1172,0.8802,0.1873,0.6,0.0867,0.21,learning
USR_000262,inactive,21,25-34,tier1,1,0,0,47,False,False,False,19,0.065,0.06,2.405312426779558,0.0,evening,0.043478260869565216,0.0,0.11666666666666667,0.6046940146128323,0.0,0.08283132530120482,0.011111111111111106,0.1287,0.911,0.3023,0.0,0.0067,0.3,gamification
USR_000263,paid,109,25-34,tier2,17,8,21,194,True,True,True,13,0.52,0.92,3.276298835653068,4.459431618637297,afternoon,0.7391304347826086,0.4,0.6055555555555555,0.8236594439646034,0.8694064265717518,0.7680722891566265,0.9666666666666668,0.8546,0.2035,0.8465,0.76,0.98,0.91,achievement
USR_000264,trial,7,35-44,tier3,9,8,4,72,False,False,False,18,0.479,0.65,2.665812336096604,2.321928094887362,evening,0.391304347826087,0.4,0.03888888888888889,0.6701835261695945,0.4526808302869428,0.7063253012048192,0.6666666666666667,0.7152,0.4127,0.5614,0.16,0.4,0.12,gamification
USR_000265,paid,30,45+,tier1,12,4,3,116,True,True,False,5,0.392,0.51,2.958905030139053,2.0,night,0.5217391304347826,0.2,0.16666666666666666,0.7438668430813654,0.3899180437875726,0.575301204819277,0.5111111111111112,0.5617,0.4543,0.5669,0.68,0.3067,1.0,social
USR_000266,trial,4,18-24,tier1,7,6,2,66,True,True,True,11,0.354,0.79,2.6125224135125684,1.5849625007211563,mid_morning,0.30434782608695654,0.3,0.022222222222222223,0.6567864735177309,0.3090027388789262,0.5180722891566264,0.8222222222222223,0.5529,0.4792,0.4829,0.72,0.8933,1.0,social
USR_000267,paid,35,25-34,tier2,15,9,11,255,True,True,True,19,0.56,0.93,3.4454124645871445,3.5849625007211565,evening,0.6521739130434783,0.45,0.19444444444444445,0.8661745027433955,0.6989207826664989,0.8283132530120482,0.9777777777777779,0.859,0.1885,0.7825,0.78,0.9867,0.91,achievement
USR_000268,paid,87,35-44,tier2,8,4,25,265,False,True,True,17,0.277,0.63,3.4692213136307113,4.700439718141093,late_afternoon,0.34782608695652173,0.2,0.48333333333333334,0.8721600322534814,0.9163931299194921,0.40210843373493976,0.6444444444444445,0.4558,0.491,0.8943,0.08,0.7867,0.91,social
USR_000269,churned,79,25-34,tier1,0,0,0,13,False,False,False,9,0.094,0.37,1.6397385131955606,0.0,mid_morning,0.0,0.0,0.4388888888888889,0.41222921954760805,0.0,0.12650602409638553,0.3555555555555556,0.1172,0.8139,0.2061,0.0,0.2133,0.3,social
USR_000270,inactive,82,25-34,tier1,1,0,0,2,False,False,False,6,0.059,0.15,0.6826061944859854,0.0,early_morning,0.043478260869565216,0.0,0.45555555555555555,0.17160676324113452,0.0,0.07379518072289155,0.11111111111111112,0.1287,0.8858,0.0858,0.0,0.0667,0.3,social
USR_000271,trial,1,18-24,tier3,8,4,1,60,False,True,True,20,0.327,0.59,2.554229543378943,1.0,evening,0.34782608695652173,0.2,0.005555555555555556,0.6421316830331528,0.1949590218937863,0.47740963855421686,0.6,0.4558,0.6511,0.4185,0.08,0.76,0.82,social
USR_000272,churned,41,18-24,tier3,2,0,0,25,False,False,True,21,0.06,0.13,2.0243691992404753,0.0,night,0.08695652173913043,0.0,0.22777777777777777,0.5089251294420208,0.0,0.0753012048192771,0.0888888888888889,0.141,0.8866,0.2545,0.0,0.4533,0.12,achievement
USR_000273,churned,86,18-24,tier1,0,0,0,46,False,True,False,23,0.106,0.26,2.392231208153366,0.0,night,0.0,0.0,0.4777777777777778,0.6014054045682358,0.0,0.14457831325301204,0.23333333333333336,0.1172,0.8433,0.3007,0.0,0.14,1.0,social
USR_000274,paid,119,45+,tier1,10,4,2,188,True,False,True,16,0.559,0.62,3.256880538580124,1.5849625007211563,late_afternoon,0.43478260869565216,0.2,0.6611111111111111,0.8187776964280872,0.3090027388789262,0.8268072289156627,0.6333333333333333,0.5089,0.3985,0.5639,0.68,0.78,0.3,achievement
USR_000275,paid,28,25-34,tier2,8,13,10,502,False,True,True,19,0.563,0.55,3.865069986261086,3.4594316186372978,evening,0.34782608695652173,0.65,0.15555555555555556,0.9716761368422345,0.6744474046779656,0.8328313253012046,0.5555555555555556,0.8864,0.2804,0.8231,0.26,0.7333,0.91,social
USR_000276,trial,3,25-34,tier2,10,6,2,72,False,True,False,21,0.239,0.46,2.665812336096604,1.5849625007211563,night,0.43478260869565216,0.3,0.016666666666666666,0.6701835261695945,0.3090027388789262,0.3448795180722891,0.45555555555555566,0.6298,0.6461,0.4896,0.12,0.2733,0.91,social
USR_000277,trial,2,25-34,tier2,8,5,2,50,True,True,True,19,0.299,0.61,2.4429806222085735,1.5849625007211563,evening,0.34782608695652173,0.25,0.011111111111111112,0.6141637749913994,0.3090027388789262,0.43524096385542166,0.6222222222222222,0.5177,0.6243,0.4616,0.7,0.7733,0.91,social
USR_000278,trial,7,25-34,tier3,7,8,3,64,False,True,True,20,0.405,0.45,2.5936926411670824,2.0,evening,0.30434782608695654,0.4,0.03888888888888889,0.652052680723469,0.3899180437875726,0.5948795180722891,0.44444444444444453,0.6701,0.523,0.521,0.16,0.6667,0.82,social
USR_000279,trial,1,35-44,tier1,9,7,3,91,False,False,True,5,0.254,0.69,2.809545209613166,2.0,night,0.391304347826087,0.35,0.005555555555555556,0.706317879175427,0.3899180437875726,0.36746987951807225,0.711111111111111,0.6622,0.5423,0.5481,0.14,0.8267,0.3,achievement
USR_000280,paid,36,35-44,tier2,17,11,24,346,True,True,True,5,0.327,0.53,3.6343898293661976,4.643856189774724,night,0.7391304347826086,0.55,0.2,0.913683292082749,0.9053616605738856,0.47740963855421686,0.5333333333333334,0.9252,0.3355,0.9095,0.82,0.72,0.91,social
USR_000281,trial,2,18-24,tier2,11,6,2,60,False,True,True,10,0.213,0.51,2.554229543378943,1.5849625007211563,mid_morning,0.4782608695652174,0.3,0.011111111111111112,0.6421316830331528,0.3090027388789262,0.30572289156626503,0.5111111111111112,0.6542,0.6257,0.4756,0.12,0.7067,0.91,social
USR_000282,paid,13,35-44,tier3,17,7,19,297,False,False,True,15,0.331,0.66,3.5398032086178266,4.321928094887363,late_afternoon,0.7391304347826086,0.35,0.07222222222222222,0.8899042757719354,0.8425988740745155,0.483433734939759,0.6777777777777778,0.821,0.3743,0.8663,0.14,0.8067,0.12,gamification
USR_000283,paid,40,35-44,tier1,9,14,14,358,False,True,True,16,0.415,0.56,3.6555137312444637,3.9068905956085187,late_afternoon,0.391304347826087,0.7,0.2222222222222222,0.9189938275827707,0.761683569165869,0.6099397590361445,0.5666666666666668,0.9175,0.3065,0.8403,0.28,0.74,1.0,social
USR_000284,trial,3,18-24,tier2,5,3,4,36,False,True,True,12,0.418,0.81,2.2435894449529292,2.321928094887362,afternoon,0.21739130434782608,0.15,0.016666666666666666,0.5640369598173204,0.4526808302869428,0.6144578313253012,0.8444444444444446,0.3222,0.6033,0.5084,0.06,0.9067,0.91,social
USR_000285,trial,0,18-24,tier3,5,3,4,39,False,False,True,13,0.419,0.47,2.292029674220179,2.321928094887362,afternoon,0.21739130434782608,0.15,0.0,0.5762148026531458,0.4526808302869428,0.6159638554216866,0.4666666666666667,0.3222,0.7253,0.5144,0.06,0.68,0.12,achievement
USR_000286,inactive,16,25-34,tier2,1,0,0,26,False,False,False,16,0.026,0.29,2.047818583457956,0.0,late_afternoon,0.043478260869565216,0.0,0.08888888888888889,0.5148202897234035,0.0,0.024096385542168672,0.26666666666666666,0.1287,0.8537,0.2574,0.0,0.16,0.21,gamification
USR_000287,paid,31,35-44,tier3,12,10,6,201,False,True,True,12,0.33,0.73,3.2982121623896794,2.807354922057604,afternoon,0.5217391304347826,0.5,0.17222222222222222,0.8291684403720373,0.5473191697130572,0.4819277108433735,0.7555555555555555,0.8501,0.3077,0.6882,0.2,0.8533,0.82,achievement
USR_000288,paid,113,35-44,tier2,6,5,14,258,True,True,True,6,0.449,0.73,3.452651400075097,3.9068905956085187,early_morning,0.2608695652173913,0.25,0.6277777777777778,0.8679943665220041,0.761683569165869,0.661144578313253,0.7555555555555555,0.4646,0.4144,0.8148,0.7,0.8533,0.91,social
USR_000289,churned,140,35-44,tier3,1,0,0,47,False,False,False,12,0.081,0.23,2.405312426779558,0.0,afternoon,0.043478260869565216,0.0,0.7777777777777778,0.6046940146128323,0.0,0.1069277108433735,0.2,0.1287,0.8552,0.3023,0.0,0.12,0.12,gamification
USR_000290,inactive,68,35-44,tier2,0,0,0,50,False,False,False,7,0.063,0.25,2.4429806222085735,0.0,early_morning,0.0,0.0,0.37777777777777777,0.6141637749913994,0.0,0.07981927710843373,0.22222222222222227,0.1172,0.8592,0.3071,0.0,0.1333,0.21,gamification
USR_000291,trial,6,25-34,tier2,9,7,2,70,True,False,True,20,0.29,0.58,2.6485519224500402,1.5849625007211563,evening,0.391304347826087,0.35,0.03333333333333333,0.6658442691543247,0.3090027388789262,0.4216867469879517,0.5888888888888889,0.6622,0.5215,0.4874,0.74,0.7533,0.21,achievement
USR_000292,paid,34,45+,tier2,9,13,14,262,True,True,True,8,0.487,0.59,3.4621739609392486,3.9068905956085187,early_morning,0.391304347826087,0.65,0.18888888888888888,0.8703883322680874,0.761683569165869,0.7183734939759036,0.6,0.8967,0.2864,0.816,0.86,0.76,0.91,social
USR_000293,churned,71,25-34,tier2,0,1,0,5,False,False,True,15,0.093,0.34,1.1132827525593785,0.0,late_afternoon,0.0,0.05,0.39444444444444443,0.27987857608405897,0.0,0.125,0.3222222222222223,0.1454,0.8119,0.1399,0.02,0.5933,0.21,achievement
USR_000294,churned,52,25-34,tier2,0,0,0,38,False,False,False,17,0.086,0.11,2.276298835653068,0.0,late_afternoon,0.0,0.0,0.28888888888888886,0.572260079840231,0.0,0.1144578313253012,0.06666666666666667,0.1172,0.8943,0.2861,0.0,0.04,0.21,gamification
USR_000295,trial,7,35-44,tier1,5,3,3,21,True,True,False,15,0.245,0.69,1.9205726604783713,2.0,late_afternoon,0.21739130434782608,0.15,0.03888888888888889,0.48283074559891703,0.3899180437875726,0.35391566265060237,0.711111111111111,0.3222,0.6497,0.4364,0.66,0.4267,1.0,social
USR_000296,churned,70,25-34,tier2,0,0,0,35,False,False,True,19,0.123,0.3,2.226565505118757,0.0,evening,0.0,0.0,0.3888888888888889,0.5597571521681179,0.0,0.17018072289156627,0.2777777777777778,0.1172,0.8262,0.2799,0.0,0.5667,0.21,achievement
USR_000297,trial,5,35-44,tier3,5,7,1,91,False,True,True,7,0.354,0.79,2.809545209613166,1.0,early_morning,0.21739130434782608,0.35,0.027777777777777776,0.706317879175427,0.1949590218937863,0.5180722891566264,0.8222222222222223,0.5617,0.4753,0.4506,0.14,0.8933,0.82,achievement
USR_000298,trial,4,18-24,tier3,11,9,4,108,False,False,False,21,0.504,0.75,2.9148983294012183,2.321928094887362,night,0.4782608695652174,0.45,0.022222222222222223,0.7328035864986622,0.4526808302869428,0.7439759036144578,0.7777777777777778,0.7992,0.3345,0.5927,0.18,0.4667,0.12,gamification
USR_000299,churned,153,35-44,tier3,0,0,0,0,False,False,False,20,0.08,0.36,0.0,0.0,evening,0.0,0.0,0.85,0.0,0.0,0.10542168674698796,0.3444444444444445,0.1172,0.8211,0.0,0.0,0.2067,0.12,achievement
USR_000300,churned,132,18-24,tier2,2,1,0,43,False,False,False,15,0.133,0.38,2.3512492185517644,0.0,late_afternoon,0.08695652173913043,0.05,0.7333333333333333,0.5911025584418415,0.0,0.1852409638554217,0.3666666666666667,0.1738,0.7766,0.2956,0.02,0.22,0.21,gamification
USR_000301,inactive,44,18-24,tier3,1,0,0,43,False,False,False,12,0.071,0.1,2.3512492185517644,0.0,afternoon,0.043478260869565216,0.0,0.24444444444444444,0.5911025584418415,0.0,0.09186746987951805,0.055555555555555566,0.1287,0.8972,0.2956,0.0,0.0333,0.12,gamification
USR_000302,inactive,83,25-34,tier1,1,0,0,48,False,False,False,12,0.02,0.12,2.418123910244335,0.0,afternoon,0.043478260869565216,0.0,0.46111111111111114,0.6079148134093673,0.0,0.015060240963855422,0.07777777777777778,0.1287,0.9065,0.304,0.0,0.0467,0.3,gamification
USR_000303,inactive,87,18-24,tier1,0,0,0,7,True,False,False,21,0.044,0.28,1.2920296742201791,0.0,night,0.0,0.0,0.48333333333333334,0.32481543852877326,0.0,0.051204819277108425,0.25555555555555565,0.1172,0.8559,0.1624,0.6,0.1533,0.3,learning
USR_000304,churned,33,25-34,tier2,2,0,0,21,False,False,False,12,0.119,0.21,1.9205726604783713,0.0,afternoon,0.08695652173913043,0.0,0.18333333333333332,0.48283074559891703,0.0,0.16415662650602408,0.17777777777777776,0.141,0.8449,0.2414,0.0,0.1067,0.21,gamification
USR_000305,paid,97,25-34,tier1,15,8,13,328,True,False,True,20,0.514,0.67,3.601293163275533,3.8073549220576037,evening,0.6521739130434783,0.4,0.5388888888888889,0.9053628112729193,0.7422781916068435,0.7590361445783133,0.688888888888889,0.8262,0.2829,0.8238,0.76,0.8133,0.3,gamification
USR_000306,paid,102,25-34,tier1,6,14,7,380,False,False,True,19,0.541,0.69,3.692468860845251,3.0,evening,0.2608695652173913,0.7,0.5666666666666667,0.9282843236655425,0.5848770656813589,0.7996987951807228,0.711111111111111,0.8899,0.2473,0.7566,0.28,0.8267,0.3,achievement
USR_000307,paid,96,25-34,tier2,7,7,10,264,True,True,True,14,0.512,0.88,3.4668810662894636,3.4594316186372978,afternoon,0.30434782608695654,0.35,0.5333333333333333,0.8715716955599979,0.6744474046779656,0.7560240963855421,0.9222222222222223,0.6131,0.3034,0.773,0.74,0.9533,0.91,achievement
USR_000308,trial,3,18-24,tier3,9,7,4,42,True,True,True,21,0.351,0.89,2.336965027750064,2.321928094887362,night,0.391304347826087,0.35,0.016666666666666666,0.5875115219572629,0.4526808302869428,0.5135542168674698,0.9333333333333333,0.6622,0.4354,0.5201,0.74,0.96,0.82,achievement
USR_000309,paid,26,18-24,tier2,20,14,32,411,True,True,True,11,0.393,0.69,3.741072148749983,5.044394119358453,mid_morning,0.8695652173913043,0.7,0.14444444444444443,0.9405031593391459,0.9834501435568916,0.5768072289156626,0.711111111111111,0.9728,0.2574,0.962,0.88,0.8267,0.91,gamification
USR_000310,churned,131,25-34,tier2,0,0,0,46,False,False,False,9,0.019,0.21,2.392231208153366,0.0,mid_morning,0.0,0.0,0.7277777777777777,0.6014054045682358,0.0,0.013554216867469878,0.17777777777777776,0.1172,0.8844,0.3007,0.0,0.1067,0.21,gamification
USR_000311,trial,1,18-24,tier3,5,5,0,30,False,True,False,19,0.548,0.87,2.133656214977323,0.0,evening,0.21739130434782608,0.25,0.005555555555555556,0.5363998157053146,0.0,0.8102409638554217,0.9111111111111111,0.4383,0.4791,0.2682,0.1,0.5467,0.82,social
USR_000312,trial,6,18-24,tier2,6,4,2,40,True,False,True,20,0.46,0.71,2.3073720570481235,1.5849625007211563,evening,0.2608695652173913,0.2,0.03333333333333333,0.5800718679402438,0.3090027388789262,0.677710843373494,0.7333333333333333,0.4038,0.5362,0.4445,0.68,0.84,0.21,achievement
USR_000313,inactive,48,25-34,tier3,1,0,0,40,False,False,False,20,0.04,0.18,2.3073720570481235,0.0,evening,0.043478260869565216,0.0,0.26666666666666666,0.5800718679402438,0.0,0.04518072289156626,0.14444444444444446,0.1287,0.8825,0.29,0.0,0.0867,0.12,gamification
USR_000314,paid,77,18-24,tier2,9,6,13,284,True,True,True,21,0.324,0.69,3.512088994921136,3.8073549220576037,night,0.391304347826087,0.3,0.42777777777777776,0.8829369400713803,0.7422781916068435,0.47289156626506024,0.711111111111111,0.6047,0.4085,0.8126,0.72,0.8267,0.91,social
USR_000315,paid,104,25-34,tier2,12,4,15,201,True,True,True,15,0.451,0.63,3.2982121623896794,4.0,late_afternoon,0.5217391304347826,0.2,0.5777777777777777,0.8291684403720373,0.7798360875751452,0.664156626506024,0.6444444444444445,0.5617,0.4059,0.8045,0.68,0.7867,0.91,social
USR_000316,trial,6,25-34,tier2,5,2,4,26,False,False,False,12,0.378,0.66,2.047818583457956,2.321928094887362,afternoon,0.21739130434782608,0.1,0.03333333333333333,0.5148202897234035,0.4526808302869428,0.5542168674698795,0.6777777777777778,0.2705,0.6384,0.4838,0.04,0.4067,0.21,gamification
USR_000317,churned,76,25-34,tier3,0,0,0,1,False,False,False,8,0.123,0.24,0.43067655807339306,0.0,early_morning,0.0,0.0,0.4222222222222222,0.10827181284292443,0.0,0.17018072289156627,0.21111111111111114,0.1172,0.8442,0.0541,0.0,0.1267,0.12,achievement
USR_000318,trial,7,18-24,tier2,11,4,1,20,True,True,False,6,0.315,0.65,1.8916681496081529,1.0,early_morning,0.4782608695652174,0.2,0.03888888888888889,0.4755641699458181,0.1949590218937863,0.4593373493975903,0.6666666666666667,0.5354,0.546,0.3353,0.68,0.4,0.91,social
USR_000319,trial,0,35-44,tier3,4,4,3,32,False,True,True,5,0.426,0.44,2.1725022968909635,2.0,night,0.17391304347826086,0.2,0.0,0.5461656959971272,0.3899180437875726,0.6265060240963854,0.4333333333333334,0.3538,0.7184,0.468,0.08,0.66,0.82,social
USR_000320,paid,12,45+,tier1,6,11,4,311,True,True,False,19,0.324,0.65,3.568328509873247,2.321928094887362,evening,0.2608695652173913,0.55,0.06666666666666667,0.8970755183690042,0.4526808302869428,0.47289156626506024,0.6666666666666667,0.7935,0.3904,0.6749,0.82,0.4,1.0,social
USR_000321,paid,33,18-24,tier2,12,5,24,222,True,True,True,21,0.538,0.94,3.3596647187727533,4.643856189774724,night,0.5217391304347826,0.25,0.18333333333333332,0.8446175739705591,0.9053616605738856,0.7951807228915663,0.9888888888888889,0.6215,0.2772,0.875,0.7,0.9933,0.91,achievement
USR_000322,trial,7,18-24,tier3,10,3,5,15,False,False,True,23,0.382,0.52,1.7227062322935722,2.584962500721156,night,0.43478260869565216,0.15,0.03888888888888889,0.43308725137169773,0.5039617607727125,0.5602409638554217,0.5222222222222223,0.4471,0.6056,0.4685,0.06,0.7133,0.12,achievement
USR_000323,trial,1,25-34,tier3,4,3,6,30,False,False,True,9,0.419,0.79,2.133656214977323,2.807354922057604,mid_morning,0.17391304347826086,0.15,0.005555555555555556,0.5363998157053146,0.5473191697130572,0.6159638554216866,0.8222222222222223,0.2994,0.621,0.5419,0.06,0.8933,0.12,achievement
USR_000324,churned,142,18-24,tier1,1,1,0,35,False,False,False,22,0.084,0.27,2.226565505118757,0.0,night,0.043478260869565216,0.05,0.7888888888888889,0.5597571521681179,0.0,0.11144578313253013,0.2444444444444445,0.1591,0.8302,0.2799,0.02,0.1467,0.3,social
USR_000325,trial,4,25-34,tier2,8,5,5,50,False,False,False,14,0.366,0.65,2.4429806222085735,2.584962500721156,afternoon,0.34782608695652173,0.25,0.022222222222222223,0.6141637749913994,0.5039617607727125,0.5361445783132529,0.6666666666666667,0.5177,0.5369,0.5591,0.1,0.4,0.21,gamification
USR_000326,churned,129,25-34,tier2,0,1,0,2,False,False,False,7,0.083,0.15,0.6826061944859854,0.0,early_morning,0.0,0.05,0.7166666666666667,0.17160676324113452,0.0,0.10993975903614459,0.11111111111111112,0.1454,0.8719,0.0858,0.02,0.0667,0.21,social
USR_000327,churned,81,18-24,tier3,0,0,0,14,False,False,False,19,0.023,0.29,1.6826061944859854,0.0,evening,0.0,0.0,0.45,0.4230061273655071,0.0,0.019578313253012045,0.26666666666666666,0.1172,0.8592,0.2115,0.0,0.16,0.12,gamification
USR_000328,paid,34,18-24,tier3,16,18,28,316,True,True,True,22,0.559,0.71,3.5782068568072725,4.857980995127573,night,0.6956521739130435,0.9,0.18888888888888888,0.8995589285068182,0.9471072231886742,0.8268072289156627,0.7333333333333333,0.9844,0.203,0.9233,0.96,0.84,0.82,learning
USR_000329,paid,17,25-34,tier3,19,17,5,447,True,True,True,11,0.524,0.83,3.793121303562526,2.584962500721156,mid_morning,0.8260869565217391,0.85,0.09444444444444444,0.9535882837622303,0.5039617607727125,0.7740963855421686,0.8666666666666667,0.9854,0.1797,0.7288,0.94,0.92,0.82,learning
USR_000330,churned,177,25-34,tier1,1,0,0,38,False,False,False,14,0.037,0.35,2.276298835653068,0.0,afternoon,0.043478260869565216,0.0,0.9833333333333333,0.572260079840231,0.0,0.04066265060240963,0.33333333333333337,0.1287,0.8324,0.2861,0.0,0.2,0.3,social
USR_000331,paid,49,25-34,tier2,18,10,21,322,True,True,True,14,0.507,0.87,3.5898572281577388,4.459431618637297,afternoon,0.782608695652174,0.5,0.2722222222222222,0.9024878244561382,0.8694064265717518,0.7484939759036144,0.9111111111111111,0.9148,0.1989,0.8859,0.8,0.9467,0.91,achievement
USR_000332,inactive,18,25-34,tier2,2,0,0,44,False,False,False,20,0.011,0.3,2.3652123889719707,0.0,evening,0.08695652173913043,0.0,0.1,0.5946128906066416,0.0,0.0015060240963855407,0.2777777777777778,0.141,0.8503,0.2973,0.0,0.1667,0.21,gamification
USR_000333,churned,176,35-44,tier2,2,0,0,5,False,False,False,8,0.103,0.2,1.1132827525593785,0.0,early_morning,0.08695652173913043,0.0,0.9777777777777777,0.27987857608405897,0.0,0.14006024096385541,0.1666666666666667,0.141,0.8527,0.1399,0.0,0.1,0.21,social
USR_000334,paid,17,25-34,tier1,15,14,7,378,True,True,True,17,0.407,0.83,3.6891986694302155,3.0,late_afternoon,0.6521739130434783,0.7,0.09444444444444444,0.9274621996232375,0.5848770656813589,0.5978915662650601,0.8666666666666667,0.9546,0.2223,0.7562,0.88,0.92,1.0,social
USR_000335,churned,141,35-44,tier2,1,1,0,19,False,False,True,18,0.055,0.16,1.8613531161467862,0.0,evening,0.043478260869565216,0.05,0.7833333333333333,0.4679429898102215,0.0,0.0677710843373494,0.12222222222222223,0.1591,0.8719,0.234,0.02,0.4733,0.21,achievement
USR_000336,paid,49,18-24,tier2,14,8,5,302,True,True,True,18,0.379,0.83,3.550141798802271,2.584962500721156,evening,0.6086956521739131,0.4,0.2722222222222222,0.8925033907702472,0.5039617607727125,0.555722891566265,0.8666666666666667,0.8104,0.2818,0.6982,0.76,0.92,0.91,achievement
USR_000337,trial,0,18-24,tier2,9,4,3,56,False,False,True,14,0.288,0.62,2.512088994921136,2.0,afternoon,0.391304347826087,0.2,0.0,0.6315375759470078,0.3899180437875726,0.41867469879518066,0.6333333333333333,0.4823,0.6416,0.5107,0.08,0.78,0.21,achievement
USR_000338,trial,3,25-34,tier3,5,4,3,40,False,True,True,14,0.237,0.74,2.3073720570481235,2.0,afternoon,0.21739130434782608,0.2,0.016666666666666666,0.5800718679402438,0.3899180437875726,0.34186746987951805,0.7666666666666667,0.3785,0.6666,0.485,0.08,0.86,0.82,achievement
USR_000339,paid,52,18-24,tier2,16,20,17,318,True,False,True,17,0.497,0.57,3.5821146365724776,4.169925001442312,late_afternoon,0.6956521739130435,1.0,0.28888888888888886,0.9005413418549288,0.8129644996516386,0.7334337349397589,0.5777777777777777,0.9904,0.2554,0.8568,1.0,0.7467,0.21,learning
USR_000340,churned,67,18-24,tier2,3,1,0,13,True,False,True,14,0.08,0.31,1.6397385131955606,0.0,afternoon,0.13043478260869565,0.05,0.37222222222222223,0.41222921954760805,0.0,0.10542168674698796,0.2888888888888889,0.1896,0.8071,0.2061,0.62,0.5733,0.21,learning
USR_000341,paid,87,35-44,tier2,15,5,20,153,True,True,True,7,0.331,0.48,3.1296346156005392,4.392317422778761,early_morning,0.6521739130434783,0.25,0.48333333333333334,0.7867881523036008,0.8563219085919834,0.483433734939759,0.4777777777777778,0.6931,0.4315,0.8216,0.7,0.6867,0.91,social
USR_000342,paid,92,45+,tier1,7,12,16,286,True,False,True,7,0.412,0.72,3.5164340121702913,4.08746284125034,early_morning,0.30434782608695654,0.6,0.5111111111111111,0.8840292746449274,0.7968877575573631,0.6054216867469878,0.7444444444444445,0.8456,0.29,0.8405,0.84,0.8467,0.3,achievement
USR_000343,paid,33,25-34,tier1,11,9,26,329,True,True,True,15,0.294,0.48,3.6031788549643564,4.754887502163469,late_afternoon,0.4782608695652174,0.45,0.18333333333333332,0.9058368729644241,0.9270082166367787,0.4277108433734939,0.4777777777777778,0.7992,0.4033,0.9164,0.78,0.6867,1.0,social
USR_000344,paid,72,18-24,tier3,10,5,10,250,False,False,False,23,0.35,0.67,3.433156940347662,3.4594316186372978,night,0.43478260869565216,0.25,0.4,0.8630934717425787,0.6744474046779656,0.5120481927710843,0.688888888888889,0.5704,0.4193,0.7688,0.1,0.4133,0.12,gamification
USR_000345,churned,88,18-24,tier2,1,1,0,43,False,False,True,20,0.078,0.19,2.3512492185517644,0.0,evening,0.043478260869565216,0.05,0.4888888888888889,0.5911025584418415,0.0,0.10240963855421686,0.15555555555555559,0.1591,0.856,0.2956,0.02,0.4933,0.21,achievement
USR_000346,churned,164,35-44,tier2,2,0,0,46,False,False,True,6,0.079,0.31,2.392231208153366,0.0,early_morning,0.08695652173913043,0.0,0.9111111111111111,0.6014054045682358,0.0,0.10391566265060241,0.2888888888888889,0.141,0.8269,0.3007,0.0,0.5733,0.21,achievement
USR_000347,trial,0,18-24,tier3,10,9,3,72,False,False,False,23,0.247,0.61,2.665812336096604,2.0,night,0.43478260869565216,0.45,0.0,0.6701835261695945,0.3899180437875726,0.35692771084337344,0.6222222222222222,0.7816,0.5163,0.5301,0.18,0.3733,0.12,gamification
USR_000348,trial,4,18-24,tier3,9,7,4,84,True,True,False,12,0.409,0.52,2.760374427722588,2.321928094887362,afternoon,0.391304347826087,0.35,0.022222222222222223,0.6939563758746375,0.4526808302869428,0.6009036144578312,0.5222222222222223,0.6622,0.5021,0.5733,0.74,0.3133,0.82,social
USR_000349,churned,155,25-34,tier3,1,0,0,12,False,False,False,10,0.089,0.22,1.5936926411670824,0.0,mid_morning,0.043478260869565216,0.0,0.8611111111111112,0.4006533165990964,0.0,0.11897590361445783,0.18888888888888888,0.1287,0.8558,0.2003,0.0,0.1133,0.12,gamification
USR_000350,churned,142,18-24,tier3,2,1,0,20,False,False,True,21,0.059,0.24,1.8916681496081529,0.0,night,0.08695652173913043,0.05,0.7888888888888889,0.4755641699458181,0.0,0.07379518072289155,0.21111111111111114,0.1738,0.8408,0.2378,0.02,0.5267,0.12,achievement
USR_000351,paid,76,45+,tier2,11,14,21,368,True,False,True,21,0.445,0.66,3.6725844460200943,4.459431618637297,night,0.4782608695652174,0.7,0.4222222222222222,0.9232853944225128,0.8694064265717518,0.6551204819277108,0.6777777777777778,0.9322,0.266,0.8963,0.88,0.8067,0.21,gamification
USR_000352,paid,14,25-34,tier2,8,10,28,308,True,True,True,21,0.553,0.85,3.5623252270891825,4.857980995127573,night,0.34782608695652173,0.5,0.07777777777777778,0.8955662968944317,0.9471072231886742,0.8177710843373495,0.888888888888889,0.7876,0.264,0.9213,0.8,0.9333,0.91,achievement
USR_000353,churned,58,25-34,tier3,0,1,0,12,False,False,True,16,0.117,0.26,1.5936926411670824,0.0,late_afternoon,0.0,0.05,0.32222222222222224,0.4006533165990964,0.0,0.16114457831325302,0.23333333333333336,0.1454,0.8287,0.2003,0.02,0.54,0.12,achievement
USR_000354,inactive,34,18-24,tier2,1,0,0,10,False,False,False,21,0.045,0.16,1.4898961024049782,0.0,night,0.043478260869565216,0.0,0.18888888888888888,0.3745589327559926,0.0,0.052710843373493965,0.12222222222222223,0.1287,0.887,0.1873,0.0,0.0733,0.21,social
USR_000355,paid,50,25-34,tier3,13,13,7,435,True,True,True,13,0.593,0.89,3.7762514455480045,3.0,afternoon,0.5652173913043478,0.65,0.2777777777777778,0.9493472121845111,0.5848770656813589,0.878012048192771,0.9333333333333333,0.93,0.1648,0.7671,0.86,0.96,0.82,achievement
USR_000356,paid,33,18-24,tier1,5,15,3,541,True,True,True,18,0.357,0.72,3.911468689039852,2.0,evening,0.21739130434782608,0.75,0.18333333333333332,0.983340741217012,0.3899180437875726,0.5225903614457831,0.7444444444444445,0.9031,0.2841,0.6866,0.9,0.8467,1.0,social
USR_000357,paid,39,18-24,tier2,21,9,23,296,True,True,True,17,0.359,0.87,3.5377146858629342,4.584962500721157,late_afternoon,0.9130434782608695,0.45,0.21666666666666667,0.8893792224793962,0.8938798045602853,0.5256024096385542,0.9111111111111111,0.9201,0.2369,0.8916,0.78,0.9467,0.91,achievement
USR_000358,churned,42,18-24,tier3,0,2,0,47,False,False,False,19,0.119,0.19,2.405312426779558,0.0,evening,0.0,0.1,0.23333333333333334,0.6046940146128323,0.0,0.16415662650602408,0.15555555555555559,0.179,0.8357,0.3023,0.04,0.0933,0.12,gamification
USR_000359,paid,46,45+,tier1,7,13,20,444,False,True,True,6,0.563,0.68,3.7889465850494126,4.392317422778761,early_morning,0.30434782608695654,0.65,0.25555555555555554,0.9525387621826353,0.8563219085919834,0.8328313253012046,0.7000000000000001,0.8753,0.2493,0.9044,0.26,0.82,1.0,social
USR_000360,paid,15,18-24,tier1,6,14,20,396,True,True,True,7,0.425,0.94,3.7180286573696626,4.392317422778761,early_morning,0.2608695652173913,0.7,0.08333333333333333,0.9347100402589279,0.8563219085919834,0.6249999999999999,0.9888888888888889,0.8899,0.2111,0.8955,0.88,0.9933,1.0,social
USR_000361,paid,24,45+,tier2,12,9,20,173,False,False,True,8,0.336,0.65,3.205501286726878,4.392317422778761,early_morning,0.5217391304347826,0.45,0.13333333333333333,0.8058609851829953,0.8563219085919834,0.49096385542168675,0.6666666666666667,0.8157,0.3401,0.8311,0.18,0.8,0.21,gamification
USR_000362,paid,34,35-44,tier3,15,16,12,320,True,True,True,7,0.353,0.59,3.585997992554641,3.700439718141092,early_morning,0.6521739130434783,0.8,0.18888888888888888,0.9015176150795133,0.7214341080257056,0.516566265060241,0.6,0.9719,0.2955,0.8115,0.92,0.76,0.82,learning
USR_000363,trial,1,25-34,tier3,9,4,5,48,True,True,True,14,0.396,0.71,2.418123910244335,2.584962500721156,afternoon,0.391304347826087,0.2,0.005555555555555556,0.6079148134093673,0.5039617607727125,0.5813253012048193,0.7333333333333333,0.4823,0.5703,0.5559,0.68,0.84,0.82,achievement
USR_000364,churned,147,25-34,tier2,2,1,0,20,False,False,False,12,0.103,0.34,1.8916681496081529,0.0,afternoon,0.08695652173913043,0.05,0.8166666666666667,0.4755641699458181,0.0,0.14006024096385541,0.3222222222222223,0.1738,0.7976,0.2378,0.02,0.1933,0.21,gamification
USR_000365,paid,50,18-24,tier2,19,18,14,493,True,True,True,20,0.635,0.94,3.8538519996756264,3.9068905956085187,evening,0.8260869565217391,0.9,0.2777777777777778,0.9688559421478942,0.761683569165869,0.9412650602409638,0.9888888888888889,0.9886,0.1189,0.8653,0.96,0.9933,0.91,achievement
USR_000366,paid,98,35-44,tier3,16,12,9,258,False,True,False,9,0.405,0.49,3.452651400075097,3.3219280948873626,mid_morning,0.6956521739130435,0.6,0.5444444444444444,0.8679943665220041,0.6476398521807292,0.5948795180722891,0.48888888888888893,0.9344,0.322,0.7578,0.24,0.2933,0.82,social
USR_000367,paid,19,18-24,tier1,12,4,16,131,True,False,True,19,0.549,0.73,3.0338554130377493,4.08746284125034,evening,0.5217391304347826,0.2,0.10555555555555556,0.7627093216829759,0.7968877575573631,0.8117469879518072,0.7555555555555555,0.5617,0.3525,0.7798,0.68,0.8533,0.3,achievement
USR_000368,churned,63,45+,tier2,0,0,0,21,True,False,True,17,0.119,0.32,1.9205726604783713,0.0,late_afternoon,0.0,0.0,0.35,0.48283074559891703,0.0,0.16415662650602408,0.30000000000000004,0.1172,0.8214,0.2414,0.6,0.58,0.21,learning
USR_000369,paid,92,18-24,tier2,18,4,27,171,True,True,True,19,0.566,0.79,3.19831814389685,4.807354922057604,evening,0.782608695652174,0.2,0.5111111111111111,0.8040551476431116,0.9372372135006297,0.8373493975903613,0.8222222222222223,0.708,0.279,0.8706,0.68,0.8933,0.91,social
USR_000370,trial,1,18-24,tier1,5,5,2,50,False,True,True,11,0.328,0.47,2.4429806222085735,1.5849625007211563,mid_morning,0.21739130434782608,0.25,0.005555555555555556,0.6141637749913994,0.3090027388789262,0.47891566265060237,0.4666666666666667,0.4383,0.7023,0.4616,0.1,0.68,1.0,social
USR_000371,paid,94,18-24,tier1,6,9,5,318,True,False,True,20,0.425,0.68,3.5821146365724776,2.584962500721156,evening,0.2608695652173913,0.45,0.5222222222222223,0.9005413418549288,0.5039617607727125,0.6249999999999999,0.7000000000000001,0.7006,0.3494,0.7023,0.78,0.82,0.3,achievement
USR_000372,trial,1,18-24,tier3,12,8,3,96,False,False,True,18,0.349,0.47,2.8424277464575374,2.0,evening,0.5217391304347826,0.4,0.005555555555555556,0.7145845280288982,0.3899180437875726,0.5105421686746987,0.4666666666666667,0.7755,0.5329,0.5523,0.16,0.68,0.12,achievement
USR_000373,paid,86,45+,tier1,7,7,6,230,True,True,True,11,0.308,0.74,3.381564252013131,2.807354922057604,mid_morning,0.30434782608695654,0.35,0.4777777777777778,0.8501231027018107,0.5473191697130572,0.44879518072289154,0.7666666666666667,0.6131,0.3963,0.6987,0.74,0.86,1.0,social
USR_000374,paid,52,35-44,tier2,13,5,5,265,False,True,True,18,0.489,0.82,3.4692213136307113,2.584962500721156,evening,0.5652173913043478,0.25,0.28888888888888886,0.8721600322534814,0.5039617607727125,0.7213855421686747,0.8555555555555555,0.6462,0.314,0.6881,0.1,0.9133,0.91,achievement
USR_000375,trial,7,18-24,tier1,6,4,5,60,False,True,False,19,0.247,0.7,2.554229543378943,2.584962500721156,evening,0.2608695652173913,0.2,0.03888888888888889,0.6421316830331528,0.5039617607727125,0.35692771084337344,0.7222222222222222,0.4038,0.6098,0.573,0.08,0.4333,1.0,social
USR_000376,churned,154,25-34,tier3,0,1,0,38,False,False,False,17,0.085,0.13,2.276298835653068,0.0,late_afternoon,0.0,0.05,0.8555555555555555,0.572260079840231,0.0,0.11295180722891568,0.0888888888888889,0.1454,0.8773,0.2861,0.02,0.0533,0.12,gamification
USR_000377,churned,45,25-34,tier2,0,1,0,24,False,True,True,8,0.082,0.37,2.0,0.0,early_morning,0.0,0.05,0.25,0.5027987282487452,0.0,0.10843373493975904,0.3555555555555556,0.1454,0.8062,0.2514,0.02,0.6133,0.91,social
USR_000378,paid,120,25-34,tier1,9,11,26,290,False,True,False,14,0.295,0.61,3.5250339409435227,4.754887502163469,afternoon,0.391304347826087,0.55,0.6666666666666666,0.8861912912700327,0.9270082166367787,0.42921686746987947,0.6222222222222222,0.8409,0.3529,0.9066,0.22,0.3733,1.0,social
USR_000379,paid,55,18-24,tier2,21,20,3,571,False,True,True,9,0.436,0.75,3.944941859718847,2.0,mid_morning,0.9130434782608695,1.0,0.3055555555555556,0.9917558750409379,0.3899180437875726,0.641566265060241,0.7777777777777778,0.9944,0.2218,0.6908,0.4,0.8667,0.91,social
USR_000380,churned,84,25-34,tier2,2,0,0,8,False,False,True,23,0.089,0.22,1.3652123889719707,0.0,night,0.08695652173913043,0.0,0.4666666666666667,0.34321352648226905,0.0,0.11897590361445783,0.18888888888888888,0.141,0.8509,0.1716,0.0,0.5133,0.21,achievement
USR_000381,trial,7,25-34,tier1,8,9,0,126,False,False,False,18,0.416,0.45,3.0098626663592656,0.0,evening,0.34782608695652173,0.45,0.03888888888888889,0.7566775604244079,0.0,0.6114457831325301,0.44444444444444453,0.7432,0.4872,0.3783,0.18,0.2667,0.3,gamification
USR_000382,trial,7,25-34,tier2,6,3,3,42,False,False,False,12,0.402,0.4,2.336965027750064,2.0,afternoon,0.2608695652173913,0.15,0.03888888888888889,0.5875115219572629,0.3899180437875726,0.5903614457831325,0.38888888888888895,0.3458,0.6832,0.4887,0.06,0.2333,0.21,gamification
USR_000383,paid,98,45+,tier2,9,10,25,303,False,True,False,16,0.33,0.48,3.552189032728723,4.700439718141093,late_afternoon,0.391304347826087,0.5,0.5444444444444444,0.8930180640775711,0.9163931299194921,0.4819277108433735,0.4777777777777778,0.8049,0.3916,0.9047,0.2,0.2867,0.91,social
USR_000384,inactive,23,18-24,tier2,1,0,0,36,False,False,True,18,0.075,0.2,2.2435894449529292,0.0,evening,0.043478260869565216,0.0,0.12777777777777777,0.5640369598173204,0.0,0.09789156626506024,0.1666666666666667,0.1287,0.866,0.282,0.0,0.5,0.21,achievement
USR_000385,churned,105,25-34,tier3,0,0,0,3,False,False,True,16,0.037,0.32,0.8613531161467861,0.0,late_afternoon,0.0,0.0,0.5833333333333334,0.21654362568584887,0.0,0.04066265060240963,0.30000000000000004,0.1172,0.846,0.1083,0.0,0.58,0.12,achievement
USR_000386,churned,36,18-24,tier3,0,0,0,7,False,True,False,22,0.02,0.36,1.2920296742201791,0.0,night,0.0,0.0,0.2,0.32481543852877326,0.0,0.015060240963855422,0.3444444444444445,0.1172,0.8391,0.1624,0.0,0.2067,0.82,social
USR_000387,paid,92,35-44,tier3,10,13,9,271,True,True,True,10,0.313,0.73,3.4830806600161606,3.3219280948873626,mid_morning,0.43478260869565216,0.65,0.5111111111111111,0.8756442631219628,0.6476398521807292,0.45632530120481923,0.7555555555555555,0.9061,0.2922,0.7616,0.86,0.8533,0.82,learning
USR_000388,churned,128,35-44,tier2,0,0,0,10,False,False,False,18,0.028,0.15,1.4898961024049782,0.0,evening,0.0,0.0,0.7111111111111111,0.3745589327559926,0.0,0.02710843373493976,0.11111111111111112,0.1172,0.8997,0.1873,0.0,0.0667,0.21,social
USR_000389,paid,104,25-34,tier2,19,7,22,284,True,True,True,12,0.542,0.68,3.512088994921136,4.523561956057013,afternoon,0.8260869565217391,0.35,0.5777777777777777,0.8829369400713803,0.8819092144288181,0.8012048192771084,0.7000000000000001,0.8501,0.264,0.8824,0.74,0.82,0.91,social
USR_000390,inactive,82,25-34,tier1,1,0,0,25,False,False,False,8,0.059,0.27,2.0243691992404753,0.0,early_morning,0.043478260869565216,0.0,0.45555555555555555,0.5089251294420208,0.0,0.07379518072289155,0.2444444444444445,0.1287,0.8498,0.2545,0.0,0.1467,0.3,social
USR_000391,paid,94,25-34,tier1,13,6,11,262,True,True,True,20,0.295,0.77,3.4621739609392486,3.5849625007211565,evening,0.5652173913043478,0.3,0.5222222222222223,0.8703883322680874,0.6989207826664989,0.42921686746987947,0.8,0.7006,0.3602,0.7847,0.72,0.88,1.0,social
USR_000392,trial,4,25-34,tier1,5,2,4,12,False,False,True,17,0.176,0.41,1.5936926411670824,2.321928094887362,late_afternoon,0.21739130434782608,0.1,0.022222222222222223,0.4006533165990964,0.4526808302869428,0.24999999999999994,0.4,0.2705,0.7876,0.4267,0.04,0.64,0.3,achievement
USR_000393,trial,2,25-34,tier2,11,7,1,105,False,False,False,12,0.3,0.63,2.8975576243628565,1.0,afternoon,0.4782608695652174,0.35,0.011111111111111112,0.7284441442785498,0.1949590218937863,0.43674698795180716,0.6444444444444445,0.708,0.5254,0.4617,0.14,0.3867,0.21,gamification
USR_000394,churned,48,18-24,tier1,0,0,0,12,False,False,True,11,0.138,0.4,1.5936926411670824,0.0,mid_morning,0.0,0.0,0.26666666666666666,0.4006533165990964,0.0,0.19277108433734938,0.38888888888888895,0.1172,0.7917,0.2003,0.0,0.6333,0.3,achievement
USR_000395,paid,26,18-24,tier2,15,11,22,318,True,True,True,11,0.482,0.55,3.5821146365724776,4.523561956057013,mid_morning,0.6521739130434783,0.55,0.14444444444444443,0.9005413418549288,0.8819092144288181,0.7108433734939759,0.5555555555555556,0.9091,0.2941,0.8912,0.82,0.7333,0.91,social
USR_000396,inactive,18,18-24,tier2,1,0,0,46,False,False,False,18,0.043,0.28,2.392231208153366,0.0,evening,0.043478260869565216,0.0,0.1,0.6014054045682358,0.0,0.04969879518072288,0.25555555555555565,0.1287,0.8516,0.3007,0.0,0.1533,0.21,gamification
USR_000397,churned,30,35-44,tier2,1,1,0,41,False,False,False,9,0.021,0.13,2.322344707681546,0.0,mid_morning,0.043478260869565216,0.05,0.16666666666666666,0.5838359827887426,0.0,0.016566265060240965,0.0888888888888889,0.1591,0.8911,0.2919,0.02,0.0533,0.21,gamification
USR_000398,trial,1,25-34,tier3,10,8,2,48,False,False,False,12,0.267,0.5,2.418123910244335,1.5849625007211563,afternoon,0.43478260869565216,0.4,0.005555555555555556,0.6079148134093673,0.3090027388789262,0.3870481927710843,0.5000000000000001,0.7364,0.5704,0.4585,0.16,0.3,0.12,gamification
USR_000399,paid,88,25-34,tier1,10,6,3,336,False,True,True,19,0.44,0.49,3.6162208466619985,2.0,evening,0.43478260869565216,0.3,0.4888888888888889,0.9091156213841266,0.3899180437875726,0.6475903614457831,0.48888888888888893,0.6298,0.4222,0.6495,0.12,0.6933,1.0,social
USR_000400,inactive,16,35-44,tier3,0,0,0,34,False,False,False,14,0.052,0.05,2.2090619551221677,0.0,afternoon,0.0,0.0,0.08888888888888889,0.5553567708290562,0.0,0.06325301204819277,0.0,0.1172,0.9225,0.2777,0.0,0.0,0.12,gamification
USR_000401,trial,0,25-34,tier3,9,5,0,45,False,True,True,6,0.411,0.85,2.378868651539773,0.0,early_morning,0.391304347826087,0.25,0.0,0.5980460663325026,0.0,0.6039156626506024,0.888888888888889,0.5442,0.4848,0.299,0.1,0.9333,0.82,achievement
USR_000402,churned,46,18-24,tier2,2,0,0,43,False,False,False,21,0.134,0.34,2.3512492185517644,0.0,night,0.08695652173913043,0.0,0.25555555555555554,0.5911025584418415,0.0,0.18674698795180725,0.3222222222222223,0.141,0.8014,0.2956,0.0,0.1933,0.21,gamification
USR_000403,paid,77,18-24,tier2,8,18,28,569,True,True,True,13,0.451,0.84,3.9427655529945294,4.857980995127573,afternoon,0.34782608695652173,0.9,0.42777777777777776,0.9912087529143049,0.9471072231886742,0.664156626506024,0.8777777777777778,0.9642,0.2043,0.9692,0.96,0.9267,0.91,gamification
USR_000404,trial,2,18-24,tier2,4,10,4,150,True,True,True,14,0.207,0.79,3.117411239074661,2.321928094887362,afternoon,0.17391304347826086,0.5,0.011111111111111112,0.7837152032175422,0.4526808302869428,0.2966867469879518,0.8222222222222223,0.708,0.5012,0.6182,0.8,0.8933,0.91,social
USR_000405,paid,109,18-24,tier2,19,15,9,402,True,True,True,19,0.307,0.79,3.727348856144405,3.3219280948873626,evening,0.8260869565217391,0.75,0.6055555555555555,0.9370531323044109,0.6476398521807292,0.447289156626506,0.8222222222222223,0.9763,0.2523,0.7923,0.9,0.8933,0.91,social
USR_000406,paid,46,18-24,tier3,11,4,10,236,True,True,True,21,0.424,0.55,3.397496789960219,3.4594316186372978,night,0.4782608695652174,0.2,0.25555555555555554,0.8541285326105961,0.6744474046779656,0.6234939759036144,0.5555555555555556,0.5354,0.4443,0.7643,0.68,0.7333,0.82,social
USR_000407,churned,79,25-34,tier2,0,0,0,13,False,True,False,7,0.062,0.37,1.6397385131955606,0.0,early_morning,0.0,0.0,0.4388888888888889,0.41222921954760805,0.0,0.07831325301204818,0.3555555555555556,0.1172,0.8235,0.2061,0.0,0.2133,0.91,social
USR_000408,paid,105,18-24,tier3,12,6,4,342,True,True,True,11,0.367,0.74,3.627185865366503,2.321928094887362,mid_morning,0.5217391304347826,0.3,0.5833333333333334,0.9118722201140509,0.4526808302869428,0.5376506024096385,0.7666666666666667,0.6778,0.3571,0.6823,0.72,0.86,0.82,achievement
USR_000409,trial,5,18-24,tier2,5,3,1,15,False,True,False,11,0.329,0.52,1.7227062322935722,1.0,mid_morning,0.21739130434782608,0.15,0.027777777777777776,0.43308725137169773,0.1949590218937863,0.48042168674698793,0.5222222222222223,0.3222,0.6781,0.314,0.06,0.3133,0.91,social
USR_000410,inactive,72,18-24,tier3,0,0,0,17,False,False,False,9,0.046,0.1,1.7958889470453636,0.0,mid_morning,0.0,0.0,0.4,0.4514853393251934,0.0,0.05421686746987951,0.055555555555555566,0.1172,0.9093,0.2257,0.0,0.0333,0.12,gamification
USR_000411,trial,2,35-44,tier2,9,3,1,24,False,False,False,16,0.306,0.45,2.0,1.0,late_afternoon,0.391304347826087,0.15,0.011111111111111112,0.5027987282487452,0.1949590218937863,0.4457831325301204,0.44444444444444453,0.421,0.7258,0.3489,0.06,0.2667,0.21,gamification
USR_000412,trial,3,35-44,tier2,7,8,1,112,False,True,True,16,0.473,0.72,2.9372912009775383,1.0,late_afternoon,0.30434782608695654,0.4,0.016666666666666666,0.7384331401738677,0.1949590218937863,0.6972891566265059,0.7444444444444445,0.6701,0.4489,0.4667,0.16,0.8467,0.91,social
USR_000413,inactive,67,35-44,tier3,1,0,0,28,True,False,False,18,0.07,0.22,2.0922185341675,0.0,evening,0.043478260869565216,0.0,0.37222222222222223,0.5259824090989363,0.0,0.09036144578313253,0.18888888888888888,0.1287,0.8615,0.263,0.6,0.1133,0.12,learning
USR_000414,paid,96,18-24,tier3,17,19,7,356,True,True,True,16,0.497,0.63,3.652042577330741,3.0,late_afternoon,0.7391304347826086,0.95,0.5333333333333333,0.918121181696083,0.5848770656813589,0.7334337349397589,0.6444444444444445,0.989,0.2397,0.7515,0.98,0.7867,0.82,learning
USR_000415,paid,31,18-24,tier3,18,10,17,349,False,True,True,16,0.305,0.79,3.6397385131955606,4.169925001442312,late_afternoon,0.782608695652174,0.5,0.17222222222222222,0.9150279477963532,0.8129644996516386,0.4442771084337349,0.8222222222222223,0.9148,0.275,0.864,0.2,0.8933,0.82,achievement
USR_000416,churned,83,25-34,tier2,2,0,0,23,True,False,False,21,0.031,0.32,1.9746358687061647,0.0,night,0.08695652173913043,0.0,0.46111111111111114,0.49642220176990787,0.0,0.03162650602409638,0.30000000000000004,0.141,0.8383,0.2482,0.6,0.18,0.21,learning
USR_000417,paid,90,18-24,tier2,15,5,25,187,False,True,True,18,0.56,0.59,3.253584324300152,4.700439718141093,evening,0.6521739130434783,0.25,0.5,0.8179490302540846,0.9163931299194921,0.8283132530120482,0.6,0.6931,0.34,0.8672,0.1,0.76,0.91,social
USR_000418,trial,6,35-44,tier2,5,2,2,18,False,True,False,17,0.33,0.61,1.8294828004351504,1.5849625007211563,late_afternoon,0.21739130434782608,0.1,0.03333333333333333,0.4599308127058732,0.3090027388789262,0.4819277108433735,0.6222222222222222,0.2705,0.6708,0.3845,0.04,0.3733,0.91,social
USR_000419,paid,96,25-34,tier2,17,18,5,326,True,True,True,12,0.666,0.9,3.597504523887204,2.584962500721156,afternoon,0.7391304347826086,0.9,0.5333333333333333,0.9044103497397968,0.5039617607727125,0.9879518072289156,0.9444444444444445,0.9859,0.1222,0.7042,0.96,0.9667,0.91,achievement
USR_000420,trial,3,25-34,tier2,8,7,2,63,False,True,True,15,0.422,0.88,2.5840593484403582,1.5849625007211563,late_afternoon,0.34782608695652173,0.35,0.016666666666666666,0.6496308770575465,0.3090027388789262,0.6204819277108433,0.9222222222222223,0.638,0.425,0.4793,0.14,0.9533,0.91,achievement
USR_000421,trial,5,18-24,tier3,7,5,4,35,False,False,False,18,0.25,0.56,2.226565505118757,2.321928094887362,evening,0.30434782608695654,0.25,0.027777777777777776,0.5597571521681179,0.4526808302869428,0.36144578313253006,0.5666666666666668,0.4911,0.6166,0.5062,0.1,0.34,0.12,gamification
USR_000422,inactive,43,18-24,tier3,1,1,0,18,False,False,False,23,0.055,0.06,1.8294828004351504,0.0,night,0.043478260869565216,0.05,0.2388888888888889,0.4599308127058732,0.0,0.0677710843373494,0.011111111111111106,0.1591,0.9019,0.23,0.02,0.0067,0.12,gamification
USR_000423,trial,2,18-24,tier3,4,3,7,30,False,True,True,20,0.39,0.69,2.133656214977323,3.0,evening,0.17391304347826086,0.15,0.011111111111111112,0.5363998157053146,0.5848770656813589,0.572289156626506,0.711111111111111,0.2994,0.6675,0.5606,0.06,0.8267,0.82,achievement
USR_000424,trial,4,25-34,tier3,4,2,6,26,False,False,True,22,0.367,0.78,2.047818583457956,2.807354922057604,night,0.17391304347826086,0.1,0.022222222222222223,0.5148202897234035,0.5473191697130572,0.5376506024096385,0.8111111111111111,0.2501,0.6115,0.5311,0.04,0.8867,0.12,achievement
USR_000425,trial,4,25-34,tier2,12,8,7,96,False,False,False,14,0.209,0.73,2.8424277464575374,3.0,afternoon,0.5217391304347826,0.4,0.022222222222222223,0.7145845280288982,0.5848770656813589,0.29969879518072284,0.7555555555555555,0.7755,0.4489,0.6497,0.16,0.4533,0.21,gamification
USR_000426,inactive,53,18-24,tier2,0,0,0,49,False,False,False,19,0.063,0.14,2.4306765580733933,0.0,evening,0.0,0.0,0.29444444444444445,0.6110705410916697,0.0,0.07981927710843373,0.10000000000000002,0.1172,0.8922,0.3055,0.0,0.06,0.21,gamification
USR_000427,trial,7,18-24,tier2,10,11,7,121,False,False,True,10,0.371,0.6,2.9849061014523364,3.0,mid_morning,0.43478260869565216,0.55,0.03888888888888889,0.7504034958760774,0.5848770656813589,0.5436746987951807,0.611111111111111,0.8546,0.4035,0.6676,0.22,0.7667,0.21,achievement
USR_000428,trial,5,35-44,tier2,2,4,2,48,False,True,False,18,0.29,0.59,2.418123910244335,1.5849625007211563,evening,0.08695652173913043,0.2,0.027777777777777776,0.6079148134093673,0.3090027388789262,0.4216867469879517,0.6,0.3069,0.6746,0.4585,0.08,0.36,0.91,social
USR_000429,trial,6,35-44,tier3,8,4,5,56,True,True,False,15,0.27,0.63,2.512088994921136,2.584962500721156,late_afternoon,0.34782608695652173,0.2,0.03333333333333333,0.6315375759470078,0.5039617607727125,0.39156626506024095,0.6444444444444445,0.4558,0.6024,0.5677,0.68,0.3867,0.82,social
USR_000430,churned,99,18-24,tier2,1,1,0,19,False,False,False,19,0.023,0.33,1.8613531161467862,0.0,evening,0.043478260869565216,0.05,0.55,0.4679429898102215,0.0,0.019578313253012045,0.31111111111111117,0.1591,0.8305,0.234,0.02,0.1867,0.21,gamification
USR_000431,churned,148,18-24,tier2,0,1,0,11,False,False,True,20,0.047,0.19,1.5439593106327716,0.0,evening,0.0,0.05,0.8222222222222222,0.3881503889269834,0.0,0.05572289156626505,0.15555555555555559,0.1454,0.8707,0.1941,0.02,0.4933,0.21,achievement
USR_000432,paid,23,25-34,tier1,15,10,27,275,True,True,True,11,0.519,0.73,3.492151404099151,4.807354922057604,mid_morning,0.6521739130434783,0.5,0.12777777777777777,0.8779246424165614,0.9372372135006297,0.766566265060241,0.7555555555555555,0.8864,0.2437,0.9076,0.8,0.8533,1.0,social
USR_000433,paid,28,25-34,tier3,13,6,15,190,True,True,True,18,0.636,0.81,3.263420966704541,4.0,evening,0.5652173913043478,0.3,0.15555555555555556,0.8204219558996668,0.7798360875751452,0.9427710843373494,0.8444444444444446,0.7006,0.2574,0.8001,0.72,0.9067,0.82,achievement
USR_000434,trial,3,25-34,tier1,9,3,0,45,False,False,False,18,0.275,0.74,2.378868651539773,0.0,evening,0.391304347826087,0.15,0.016666666666666666,0.5980460663325026,0.0,0.3990963855421687,0.7666666666666667,0.421,0.6325,0.299,0.06,0.46,0.3,achievement
USR_000435,churned,120,25-34,tier2,2,0,0,14,False,False,False,8,0.033,0.21,1.6826061944859854,0.0,early_morning,0.08695652173913043,0.0,0.6666666666666666,0.4230061273655071,0.0,0.03463855421686747,0.17777777777777776,0.141,0.8707,0.2115,0.0,0.1067,0.21,gamification
USR_000436,churned,164,35-44,tier2,2,1,0,22,False,False,True,6,0.02,0.32,1.9481920934663797,0.0,early_morning,0.08695652173913043,0.05,0.9111111111111111,0.4897742534895781,0.0,0.015060240963855422,0.30000000000000004,0.1738,0.8285,0.2449,0.02,0.58,0.21,achievement
USR_000437,trial,5,25-34,tier3,4,4,5,24,True,False,False,13,0.208,0.46,2.0,2.584962500721156,afternoon,0.17391304347826086,0.2,0.027777777777777776,0.5027987282487452,0.5039617607727125,0.2981927710843373,0.45555555555555566,0.3538,0.7239,0.5034,0.68,0.2733,0.12,learning
USR_000438,paid,10,35-44,tier1,14,12,3,271,False,True,True,6,0.32,0.47,3.4830806600161606,2.0,early_morning,0.6086956521739131,0.6,0.05555555555555555,0.8756442631219628,0.3899180437875726,0.46686746987951805,0.4666666666666667,0.9201,0.3949,0.6328,0.24,0.68,1.0,social
USR_000439,churned,82,35-44,tier3,1,0,0,32,False,False,False,16,0.05,0.1,2.1725022968909635,0.0,late_afternoon,0.043478260869565216,0.0,0.45555555555555555,0.5461656959971272,0.0,0.060240963855421686,0.055555555555555566,0.1287,0.9035,0.2731,0.0,0.0333,0.12,gamification
USR_000440,churned,47,25-34,tier2,0,1,0,6,False,False,False,17,0.118,0.17,1.2090619551221675,0.0,late_afternoon,0.0,0.05,0.2611111111111111,0.30395740670468363,0.0,0.16265060240963855,0.13333333333333336,0.1454,0.8554,0.152,0.02,0.08,0.21,social
USR_000441,inactive,74,35-44,tier3,0,0,0,7,False,False,False,7,0.026,0.26,1.2920296742201791,0.0,early_morning,0.0,0.0,0.4111111111111111,0.32481543852877326,0.0,0.024096385542168672,0.23333333333333336,0.1172,0.8673,0.1624,0.0,0.14,0.12,gamification
USR_000442,churned,163,18-24,tier2,0,1,0,19,True,False,True,16,0.085,0.27,1.8613531161467862,0.0,late_afternoon,0.0,0.05,0.9055555555555556,0.4679429898102215,0.0,0.11295180722891568,0.2444444444444445,0.1454,0.8353,0.234,0.62,0.5467,0.21,learning
USR_000443,churned,134,35-44,tier1,0,1,0,31,False,False,False,7,0.114,0.1,2.1533827903669653,0.0,early_morning,0.0,0.05,0.7444444444444445,0.5413590642146222,0.0,0.1566265060240964,0.055555555555555566,0.1454,0.8776,0.2707,0.02,0.0333,0.3,social
USR_000444,churned,51,25-34,tier2,0,0,0,12,False,False,True,14,0.043,0.39,1.5936926411670824,0.0,afternoon,0.0,0.0,0.2833333333333333,0.4006533165990964,0.0,0.04969879518072288,0.3777777777777778,0.1172,0.8232,0.2003,0.0,0.6267,0.21,achievement
USR_000445,paid,115,45+,tier1,9,8,19,350,True,True,True,19,0.395,0.68,3.641511224625038,4.321928094887363,evening,0.391304347826087,0.4,0.6388888888888888,0.9154736063224999,0.8425988740745155,0.5798192771084337,0.7000000000000001,0.7152,0.3523,0.879,0.76,0.82,1.0,social
USR_000446,paid,23,18-24,tier2,10,12,23,397,True,True,True,20,0.561,0.56,3.7195917649476633,4.584962500721157,evening,0.43478260869565216,0.6,0.12777777777777777,0.9351030045100953,0.8938798045602853,0.8298192771084337,0.5666666666666668,0.8828,0.2795,0.9145,0.84,0.74,0.91,gamification
USR_000447,trial,1,25-34,tier1,8,5,3,65,True,False,True,17,0.416,0.6,2.6031788549643564,2.0,late_afternoon,0.34782608695652173,0.25,0.005555555555555556,0.6544375088400515,0.3899180437875726,0.6114457831325301,0.611111111111111,0.5177,0.5857,0.5222,0.7,0.7667,0.3,achievement
USR_000448,paid,63,45+,tier1,14,4,12,235,True,True,True,14,0.545,0.71,3.3948695770203137,3.700439718141092,afternoon,0.6086956521739131,0.2,0.35,0.8534680529480846,0.7214341080257056,0.8057228915662651,0.7333333333333333,0.6131,0.3404,0.7875,0.68,0.84,1.0,social
USR_000449,paid,105,18-24,tier2,7,15,24,521,True,True,True,18,0.436,0.81,3.8881074812128635,4.643856189774724,evening,0.30434782608695654,0.75,0.5833333333333334,0.9774677484241298,0.9053616605738856,0.641566265060241,0.8444444444444446,0.9201,0.2323,0.9414,0.9,0.9067,0.91,gamification
USR_000450,paid,49,25-34,tier3,5,12,6,414,False,True,True,18,0.399,0.66,3.7455800398746546,2.807354922057604,evening,0.21739130434782608,0.6,0.2722222222222222,0.9416364403014302,0.5473191697130572,0.5858433734939759,0.6777777777777778,0.8157,0.3204,0.7445,0.24,0.8067,0.82,social
USR_000451,inactive,45,25-34,tier1,0,0,0,29,False,False,False,6,0.034,0.26,2.1132827525593787,0.0,early_morning,0.0,0.0,0.25,0.5312779402084316,0.0,0.03614457831325301,0.23333333333333336,0.1172,0.8649,0.2656,0.0,0.14,0.3,social
USR_000452,churned,137,25-34,tier2,0,1,0,43,False,False,False,20,0.031,0.4,2.3512492185517644,0.0,evening,0.0,0.05,0.7611111111111111,0.5911025584418415,0.0,0.03162650602409638,0.38888888888888895,0.1454,0.8125,0.2956,0.02,0.2333,0.21,gamification
USR_000453,trial,5,25-34,tier3,4,4,6,36,False,False,True,20,0.214,0.5,2.2435894449529292,2.807354922057604,evening,0.17391304347826086,0.2,0.027777777777777776,0.5640369598173204,0.5473191697130572,0.3072289156626506,0.5000000000000001,0.3538,0.7087,0.5557,0.08,0.7,0.12,achievement
USR_000454,trial,3,45+,tier2,7,8,4,80,False,True,False,12,0.298,0.62,2.7304247779439415,2.321928094887362,afternoon,0.30434782608695654,0.4,0.016666666666666666,0.6864270529645381,0.4526808302869428,0.4337349397590361,0.6333333333333333,0.6701,0.5479,0.5696,0.16,0.38,0.91,social
USR_000455,churned,106,25-34,tier2,1,1,0,45,False,False,False,9,0.019,0.22,2.378868651539773,0.0,mid_morning,0.043478260869565216,0.05,0.5888888888888889,0.5980460663325026,0.0,0.013554216867469878,0.18888888888888888,0.1591,0.8647,0.299,0.02,0.1133,0.21,gamification
USR_000456,paid,92,18-24,tier2,22,16,18,359,True,True,True,18,0.526,0.92,3.65724206319215,4.247927513443585,evening,0.9565217391304348,0.8,0.5111111111111111,0.919428329135415,0.8281717930966652,0.7771084337349398,0.9666666666666668,0.9864,0.1545,0.8738,0.92,0.98,0.91,achievement
USR_000457,trial,4,25-34,tier1,10,5,5,75,False,False,True,12,0.235,0.81,2.690835916581937,2.584962500721156,afternoon,0.43478260869565216,0.25,0.022222222222222223,0.6764744383917222,0.5039617607727125,0.3388554216867469,0.8444444444444446,0.5704,0.5042,0.5902,0.1,0.9067,0.3,achievement
USR_000458,paid,32,25-34,tier1,5,14,10,256,False,True,True,9,0.368,0.68,3.4478348260746787,3.4594316186372978,mid_morning,0.21739130434782608,0.7,0.17777777777777778,0.8667834828810409,0.6744474046779656,0.539156626506024,0.7000000000000001,0.8791,0.3006,0.7706,0.28,0.82,1.0,social
USR_000459,churned,40,18-24,tier2,3,1,0,23,True,False,False,22,0.067,0.36,1.9746358687061647,0.0,night,0.13043478260869565,0.05,0.2222222222222222,0.49642220176990787,0.0,0.0858433734939759,0.3444444444444445,0.1896,0.796,0.2482,0.62,0.2067,0.21,learning
USR_000460,churned,65,35-44,tier2,0,1,0,5,False,False,False,15,0.066,0.13,1.1132827525593785,0.0,late_afternoon,0.0,0.05,0.3611111111111111,0.27987857608405897,0.0,0.08433734939759036,0.0888888888888889,0.1454,0.883,0.1399,0.02,0.0533,0.21,social
USR_000461,trial,5,18-24,tier3,11,8,6,88,False,True,True,14,0.27,0.77,2.7889465850494126,2.807354922057604,afternoon,0.4782608695652174,0.4,0.027777777777777776,0.7011393980582628,0.5473191697130572,0.39156626506024095,0.8,0.7565,0.4239,0.6242,0.16,0.88,0.82,achievement
USR_000462,trial,5,25-34,tier2,9,3,4,30,True,True,False,8,0.317,0.64,2.133656214977323,2.321928094887362,early_morning,0.391304347826087,0.15,0.027777777777777776,0.5363998157053146,0.4526808302869428,0.4623493975903614,0.6555555555555556,0.421,0.599,0.4945,0.66,0.3933,0.91,social
USR_000463,churned,38,18-24,tier3,2,1,0,23,False,False,False,16,0.128,0.31,1.9746358687061647,0.0,late_afternoon,0.08695652173913043,0.05,0.2111111111111111,0.49642220176990787,0.0,0.17771084337349397,0.2888888888888889,0.1738,0.7991,0.2482,0.02,0.1733,0.12,gamification
USR_000464,inactive,44,25-34,tier2,1,0,0,13,False,False,False,20,0.025,0.15,1.6397385131955606,0.0,evening,0.043478260869565216,0.0,0.24444444444444444,0.41222921954760805,0.0,0.022590361445783132,0.11111111111111112,0.1287,0.896,0.2061,0.0,0.0667,0.21,social
USR_000465,inactive,54,18-24,tier2,2,0,0,21,False,False,False,18,0.035,0.06,1.9205726604783713,0.0,evening,0.08695652173913043,0.0,0.3,0.48283074559891703,0.0,0.03765060240963856,0.011111111111111106,0.141,0.9151,0.2414,0.0,0.0067,0.21,gamification
USR_000466,churned,71,35-44,tier3,1,0,0,41,False,False,False,5,0.023,0.25,2.322344707681546,0.0,night,0.043478260869565216,0.0,0.39444444444444443,0.5838359827887426,0.0,0.019578313253012045,0.22222222222222227,0.1287,0.8666,0.2919,0.0,0.1333,0.12,gamification
USR_000467,trial,0,25-34,tier2,6,7,2,98,True,False,False,20,0.365,0.44,2.855108491376949,1.5849625007211563,evening,0.2608695652173913,0.35,0.0,0.7177724592382616,0.3090027388789262,0.5346385542168675,0.4333333333333334,0.5876,0.6281,0.5134,0.74,0.26,0.21,learning
USR_000468,churned,152,35-44,tier2,2,0,0,24,False,False,True,11,0.061,0.26,2.0,0.0,mid_morning,0.08695652173913043,0.0,0.8444444444444444,0.5027987282487452,0.0,0.07680722891566265,0.23333333333333336,0.141,0.8473,0.2514,0.0,0.54,0.21,achievement
USR_000469,inactive,16,35-44,tier1,1,0,0,27,False,False,False,7,0.039,0.24,2.0704150712689535,0.0,early_morning,0.043478260869565216,0.0,0.08888888888888889,0.5205010323905325,0.0,0.04367469879518072,0.21111111111111114,0.1287,0.8648,0.2603,0.0,0.1267,0.3,social
USR_000470,paid,29,18-24,tier3,21,6,24,214,False,True,True,12,0.52,0.7,3.3369650277500638,4.643856189774724,afternoon,0.9130434782608695,0.3,0.16111111111111112,0.8389108860816353,0.9053616605738856,0.7680722891566265,0.7222222222222222,0.8456,0.2662,0.8721,0.12,0.8333,0.82,gamification
USR_000471,trial,3,25-34,tier1,7,9,1,126,False,True,True,12,0.256,0.7,3.0098626663592656,1.0,afternoon,0.30434782608695654,0.45,0.016666666666666666,0.7566775604244079,0.1949590218937863,0.3704819277108434,0.7222222222222222,0.7224,0.5091,0.4758,0.18,0.8333,1.0,social
USR_000472,paid,90,18-24,tier2,13,4,7,140,False,True,True,20,0.513,0.65,3.0748374026393512,3.0,evening,0.5652173913043478,0.2,0.5,0.7730121678093703,0.5848770656813589,0.7575301204819277,0.6666666666666667,0.5876,0.3744,0.6789,0.08,0.8,0.91,social
USR_000473,trial,3,18-24,tier2,8,5,4,55,False,False,False,8,0.345,0.74,2.5010916293423473,2.321928094887362,early_morning,0.34782608695652173,0.25,0.016666666666666666,0.6287728452334571,0.4526808302869428,0.5045180722891566,0.7666666666666667,0.5177,0.5609,0.5407,0.1,0.46,0.21,gamification
USR_000474,trial,0,25-34,tier2,8,4,3,24,False,True,True,17,0.235,0.87,2.0,2.0,late_afternoon,0.34782608695652173,0.2,0.0,0.5027987282487452,0.3899180437875726,0.3388554216867469,0.9111111111111111,0.4558,0.5834,0.4464,0.08,0.9467,0.91,achievement
USR_000475,trial,4,45+,tier2,8,8,1,80,False,False,True,8,0.48,0.75,2.7304247779439415,1.0,early_morning,0.34782608695652173,0.4,0.022222222222222223,0.6864270529645381,0.1949590218937863,0.7078313253012047,0.7777777777777778,0.6931,0.3891,0.4407,0.16,0.8667,0.21,achievement
USR_000476,churned,172,25-34,tier3,2,1,0,27,False,False,True,11,0.086,0.12,2.0704150712689535,0.0,mid_morning,0.08695652173913043,0.05,0.9555555555555556,0.5205010323905325,0.0,0.1144578313253012,0.07777777777777778,0.1738,0.8687,0.2603,0.02,0.4467,0.12,achievement
USR_000477,trial,7,35-44,tier2,5,7,3,49,False,False,True,6,0.438,0.61,2.4306765580733933,2.0,early_morning,0.21739130434782608,0.35,0.03888888888888889,0.6110705410916697,0.3899180437875726,0.644578313253012,0.6222222222222222,0.5617,0.507,0.5005,0.14,0.7733,0.21,achievement
USR_000478,churned,174,25-34,tier3,2,1,0,43,False,False,False,7,0.112,0.39,2.3512492185517644,0.0,early_morning,0.08695652173913043,0.05,0.9666666666666667,0.5911025584418415,0.0,0.1536144578313253,0.3777777777777778,0.1738,0.7799,0.2956,0.02,0.2267,0.12,gamification
USR_000479,trial,1,18-24,tier2,7,7,7,63,True,True,False,20,0.341,0.82,2.5840593484403582,3.0,evening,0.30434782608695654,0.35,0.005555555555555556,0.6496308770575465,0.5848770656813589,0.49849397590361444,0.8555555555555555,0.6131,0.4877,0.6173,0.74,0.5133,0.91,social
USR_000480,paid,91,18-24,tier3,15,11,31,341,False,True,True,22,0.623,0.95,3.6253717474805143,5.0,night,0.6521739130434783,0.55,0.5055555555555555,0.9114161520310667,0.9747951094689316,0.9231927710843373,1.0,0.9091,0.148,0.9431,0.22,1.0,0.82,achievement
USR_000481,churned,127,25-34,tier2,0,0,0,41,False,True,False,15,0.065,0.33,2.322344707681546,0.0,late_afternoon,0.0,0.0,0.7055555555555556,0.5838359827887426,0.0,0.08283132530120482,0.31111111111111117,0.1172,0.8346,0.2919,0.0,0.1867,0.91,social
USR_000482,churned,155,25-34,tier1,2,1,0,28,False,False,True,14,0.042,0.35,2.0922185341675,0.0,afternoon,0.08695652173913043,0.05,0.8611111111111112,0.5259824090989363,0.0,0.048192771084337345,0.33333333333333337,0.1738,0.8129,0.263,0.02,0.6,0.3,achievement
USR_000483,inactive,68,25-34,tier2,0,0,0,41,False,False,False,22,0.054,0.1,2.322344707681546,0.0,night,0.0,0.0,0.37777777777777777,0.5838359827887426,0.0,0.06626506024096385,0.055555555555555566,0.1172,0.9069,0.2919,0.0,0.0333,0.21,gamification
USR_000484,churned,164,18-24,tier2,0,1,0,27,False,False,False,16,0.047,0.34,2.0704150712689535,0.0,late_afternoon,0.0,0.05,0.9111111111111111,0.5205010323905325,0.0,0.05572289156626505,0.3222222222222223,0.1454,0.8257,0.2603,0.02,0.1933,0.21,gamification
USR_000485,trial,0,18-24,tier1,7,6,3,30,False,False,True,19,0.41,0.63,2.133656214977323,2.0,evening,0.30434782608695654,0.3,0.0,0.5363998157053146,0.3899180437875726,0.6024096385542168,0.6444444444444445,0.5529,0.5602,0.4632,0.12,0.7867,0.3,achievement
USR_000486,trial,2,25-34,tier1,10,2,2,20,True,False,False,16,0.442,0.71,1.8916681496081529,1.5849625007211563,late_afternoon,0.43478260869565216,0.1,0.011111111111111112,0.4755641699458181,0.3090027388789262,0.6506024096385542,0.7333333333333333,0.3869,0.5996,0.3923,0.64,0.44,0.3,learning
USR_000487,inactive,37,35-44,tier1,0,0,0,29,False,True,False,5,0.056,0.19,2.1132827525593787,0.0,night,0.0,0.0,0.20555555555555555,0.5312779402084316,0.0,0.06927710843373494,0.15555555555555559,0.1172,0.8793,0.2656,0.0,0.0933,1.0,social
USR_000488,churned,154,35-44,tier3,0,1,0,12,False,False,False,6,0.033,0.28,1.5936926411670824,0.0,early_morning,0.0,0.05,0.8555555555555555,0.4006533165990964,0.0,0.03463855421686747,0.25555555555555565,0.1454,0.8479,0.2003,0.02,0.1533,0.12,gamification
USR_000489,trial,0,18-24,tier3,5,7,5,84,False,False,True,16,0.31,0.62,2.760374427722588,2.584962500721156,late_afternoon,0.21739130434782608,0.35,0.0,0.6939563758746375,0.5039617607727125,0.4518072289156626,0.6333333333333333,0.5617,0.5956,0.599,0.14,0.78,0.12,achievement
USR_000490,paid,102,18-24,tier3,17,19,17,266,True,True,True,22,0.327,0.89,3.471552779535398,4.169925001442312,night,0.7391304347826086,0.95,0.5666666666666667,0.8727461612993972,0.8129644996516386,0.47740963855421686,0.9333333333333333,0.989,0.2154,0.8429,0.98,0.96,0.82,learning
USR_000491,paid,116,25-34,tier3,12,12,22,409,True,True,True,19,0.674,0.95,3.738048615121517,4.523561956057013,evening,0.5217391304347826,0.6,0.6444444444444445,0.9397430449075409,0.8819092144288181,1.0,1.0,0.9031,0.1364,0.9108,0.84,1.0,0.82,achievement
USR_000492,churned,110,25-34,tier2,1,0,0,10,True,False,False,16,0.071,0.37,1.4898961024049782,0.0,late_afternoon,0.043478260869565216,0.0,0.6111111111111112,0.3745589327559926,0.0,0.09186746987951805,0.3555555555555556,0.1287,0.8162,0.1873,0.6,0.2133,0.21,learning
USR_000493,trial,3,18-24,tier2,8,7,5,77,False,False,True,22,0.446,0.86,2.7069753937264607,2.584962500721156,night,0.34782608695652173,0.35,0.016666666666666666,0.6805318926831553,0.5039617607727125,0.6566265060240963,0.9,0.638,0.4236,0.5922,0.14,0.94,0.21,achievement
USR_000494,inactive,60,35-44,tier2,1,0,0,38,False,False,False,6,0.023,0.19,2.276298835653068,0.0,early_morning,0.043478260869565216,0.0,0.3333333333333333,0.572260079840231,0.0,0.019578313253012045,0.15555555555555559,0.1287,0.8846,0.2861,0.0,0.0933,0.21,gamification
USR_000495,paid,71,35-44,tier3,8,6,3,132,False,True,True,19,0.506,0.46,3.0385447555573184,2.0,evening,0.34782608695652173,0.3,0.39444444444444443,0.763888219410557,0.3899180437875726,0.7469879518072289,0.45555555555555566,0.579,0.4307,0.5769,0.12,0.6733,0.82,social
USR_000496,trial,3,18-24,tier1,7,10,5,140,False,False,False,22,0.481,0.78,3.0748374026393512,2.584962500721156,night,0.30434782608695654,0.5,0.016666666666666666,0.7730121678093703,0.5039617607727125,0.7093373493975903,0.8111111111111111,0.7693,0.3768,0.6385,0.2,0.4867,0.3,gamification
USR_000497,churned,142,25-34,tier3,2,1,0,32,False,False,False,8,0.087,0.39,2.1725022968909635,0.0,early_morning,0.08695652173913043,0.05,0.7888888888888889,0.5461656959971272,0.0,0.11596385542168675,0.3777777777777778,0.1738,0.7874,0.2731,0.02,0.2267,0.12,gamification
USR_000498,trial,5,25-34,tier3,4,4,3,32,False,True,False,13,0.209,0.65,2.1725022968909635,2.0,afternoon,0.17391304347826086,0.2,0.027777777777777776,0.5461656959971272,0.3899180437875726,0.29969879518072284,0.6666666666666667,0.3538,0.6608,0.468,0.08,0.4,0.82,social
USR_000499,paid,39,25-34,tier3,17,10,10,338,True,True,True,18,0.339,0.58,3.6198973954635236,3.4594316186372978,evening,0.7391304347826086,0.5,0.21666666666666667,0.9100399034150023,0.6744474046779656,0.4954819277108434,0.5888888888888889,0.9061,0.3257,0.7922,0.8,0.7533,0.82,social
USR_000500,trial,7,25-34,tier3,11,6,4,60,False,False,False,16,0.209,0.87,2.554229543378943,2.321928094887362,late_afternoon,0.4782608695652174,0.3,0.03888888888888889,0.6421316830331528,0.4526808302869428,0.29969879518072284,0.9111111111111111,0.6542,0.4561,0.5474,0.12,0.5467,0.12,gamification
USR_000501,trial,0,45+,tier1,5,1,5,9,False,False,False,16,0.383,0.38,1.4306765580733933,2.584962500721156,late_afternoon,0.21739130434782608,0.05,0.0,0.35967117696729706,0.5039617607727125,0.5617469879518072,0.3666666666666667,0.2245,0.8176,0.4318,0.02,0.22,0.3,gamification
USR_000502,paid,119,35-44,tier3,8,12,24,381,True,True,False,17,0.372,0.45,3.694097524777934,4.643856189774724,late_afternoon,0.34782608695652173,0.6,0.6611111111111111,0.9286937687425914,0.9053616605738856,0.5451807228915663,0.44444444444444453,0.859,0.3688,0.917,0.84,0.2667,0.82,gamification
USR_000503,paid,52,25-34,tier2,19,15,14,393,True,True,True,19,0.498,0.59,3.7133156011339086,3.9068905956085187,evening,0.8260869565217391,0.75,0.28888888888888886,0.9335251809181769,0.761683569165869,0.7349397590361445,0.6,0.9763,0.2548,0.8476,0.9,0.76,0.91,social
USR_000504,inactive,84,18-24,tier1,0,0,0,27,False,False,False,22,0.027,0.06,2.0704150712689535,0.0,night,0.0,0.0,0.4666666666666667,0.5205010323905325,0.0,0.025602409638554216,0.011111111111111106,0.1172,0.927,0.2603,0.0,0.0067,0.3,social
USR_000505,inactive,61,18-24,tier1,0,0,0,15,False,False,False,8,0.034,0.24,1.7227062322935722,0.0,early_morning,0.0,0.0,0.3388888888888889,0.43308725137169773,0.0,0.03614457831325301,0.21111111111111114,0.1172,0.8709,0.2165,0.0,0.1267,0.3,social
USR_000506,churned,166,45+,tier2,2,0,0,6,False,False,True,9,0.1,0.27,1.2090619551221675,0.0,mid_morning,0.08695652173913043,0.0,0.9222222222222223,0.30395740670468363,0.0,0.13554216867469882,0.2444444444444445,0.141,0.8326,0.152,0.0,0.5467,0.21,achievement
USR_000507,trial,5,25-34,tier3,7,3,2,45,True,True,True,9,0.185,0.61,2.378868651539773,1.5849625007211563,mid_morning,0.30434782608695654,0.15,0.027777777777777776,0.5980460663325026,0.3090027388789262,0.2635542168674698,0.6222222222222222,0.3702,0.6748,0.4535,0.66,0.7733,0.82,social
USR_000508,paid,58,25-34,tier2,18,12,21,342,True,True,True,15,0.38,0.95,3.627185865366503,4.459431618637297,late_afternoon,0.782608695652174,0.6,0.32222222222222224,0.9118722201140509,0.8694064265717518,0.5572289156626505,1.0,0.9463,0.2002,0.8906,0.84,1.0,0.91,achievement
USR_000509,churned,165,18-24,tier3,0,0,0,7,False,False,False,19,0.065,0.32,1.2920296742201791,0.0,evening,0.0,0.0,0.9166666666666666,0.32481543852877326,0.0,0.08283132530120482,0.30000000000000004,0.1172,0.8376,0.1624,0.0,0.18,0.12,achievement
USR_000510,paid,23,18-24,tier2,12,20,12,485,False,True,True,10,0.587,0.72,3.8437075305033197,3.700439718141092,mid_morning,0.5217391304347826,1.0,0.12777777777777777,0.966305629048597,0.7214341080257056,0.8689759036144578,0.7444444444444445,0.9854,0.1923,0.8439,0.4,0.8467,0.91,social
USR_000511,trial,5,25-34,tier1,3,2,3,14,False,True,True,20,0.407,0.53,1.6826061944859854,2.0,evening,0.13043478260869565,0.1,0.027777777777777776,0.4230061273655071,0.3899180437875726,0.5978915662650601,0.5333333333333334,0.2307,0.6893,0.4065,0.04,0.72,1.0,social
USR_000512,churned,145,25-34,tier2,2,0,0,2,False,False,False,21,0.05,0.13,0.6826061944859854,0.0,night,0.08695652173913043,0.0,0.8055555555555556,0.17160676324113452,0.0,0.060240963855421686,0.0888888888888889,0.141,0.8896,0.0858,0.0,0.0533,0.21,social
USR_000513,inactive,25,35-44,tier3,1,0,0,39,False,False,False,15,0.023,0.22,2.292029674220179,0.0,late_afternoon,0.043478260869565216,0.0,0.1388888888888889,0.5762148026531458,0.0,0.019578313253012045,0.18888888888888888,0.1287,0.8756,0.2881,0.0,0.1133,0.12,gamification
USR_000514,paid,74,35-44,tier3,7,9,24,287,False,True,True,18,0.324,0.5,3.518595179338936,4.643856189774724,evening,0.30434782608695654,0.45,0.4111111111111111,0.8845725906968912,0.9053616605738856,0.47289156626506024,0.5000000000000001,0.7224,0.4175,0.895,0.18,0.7,0.82,gamification
USR_000515,churned,41,25-34,tier2,1,1,0,34,True,False,False,7,0.116,0.15,2.2090619551221677,0.0,early_morning,0.043478260869565216,0.05,0.22777777777777777,0.5553567708290562,0.0,0.15963855421686748,0.11111111111111112,0.1591,0.8566,0.2777,0.62,0.0667,0.21,learning
USR_000516,trial,1,18-24,tier2,5,11,5,77,False,True,False,16,0.172,0.43,2.7069753937264607,2.584962500721156,late_afternoon,0.21739130434782608,0.55,0.005555555555555556,0.6805318926831553,0.5039617607727125,0.24397590361445778,0.4222222222222223,0.7755,0.611,0.5922,0.22,0.2533,0.91,social
USR_000517,paid,113,18-24,tier2,21,5,10,268,True,True,True,23,0.384,0.77,3.4761896289248244,3.4594316186372978,night,0.9130434782608695,0.25,0.6277777777777778,0.8739118622874396,0.6744474046779656,0.5632530120481928,0.8,0.8104,0.2967,0.7742,0.7,0.88,0.91,social
USR_000518,paid,89,18-24,tier1,8,17,10,555,True,True,True,21,0.429,0.93,3.927314154474655,3.4594316186372978,night,0.34782608695652173,0.85,0.49444444444444446,0.9873242811515761,0.6744474046779656,0.6310240963855421,0.9777777777777779,0.9546,0.1894,0.8309,0.94,0.9867,1.0,social
USR_000519,trial,2,25-34,tier1,6,9,5,126,False,False,True,6,0.314,0.64,3.0098626663592656,2.584962500721156,early_morning,0.2608695652173913,0.45,0.011111111111111112,0.7566775604244079,0.5039617607727125,0.4578313253012048,0.6555555555555556,0.7006,0.5203,0.6303,0.18,0.7933,0.3,achievement
USR_000520,trial,7,45+,tier1,4,3,3,39,False,True,False,8,0.226,0.73,2.292029674220179,2.0,early_morning,0.17391304347826086,0.15,0.03888888888888889,0.5762148026531458,0.3899180437875726,0.3253012048192771,0.7555555555555555,0.2994,0.6528,0.4831,0.06,0.4533,1.0,social
USR_000521,paid,23,18-24,tier2,20,16,34,453,True,True,True,22,0.662,0.9,3.8013875221743656,5.129283016944966,night,0.8695652173913043,0.8,0.12777777777777777,0.9556664058649598,1.0,0.9819277108433735,0.9444444444444445,0.9833,0.1243,0.9778,0.92,0.9667,0.91,gamification
USR_000522,trial,3,25-34,tier2,7,7,0,77,False,True,True,21,0.405,0.75,2.7069753937264607,0.0,night,0.30434782608695654,0.35,0.016666666666666666,0.6805318926831553,0.0,0.5948795180722891,0.7777777777777778,0.6131,0.4899,0.3403,0.14,0.8667,0.91,social
USR_000523,paid,58,25-34,tier2,13,15,21,471,True,False,True,18,0.362,0.53,3.825546135093706,4.459431618637297,evening,0.5652173913043478,0.75,0.32222222222222224,0.9617398657910088,0.8694064265717518,0.5301204819277108,0.5333333333333334,0.9561,0.3149,0.9156,0.9,0.72,0.21,gamification
USR_000524,paid,9,35-44,tier3,6,8,7,258,False,False,True,17,0.298,0.45,3.452651400075097,3.0,late_afternoon,0.2608695652173913,0.4,0.05,0.8679943665220041,0.5848770656813589,0.4337349397590361,0.44444444444444453,0.6462,0.5171,0.7264,0.16,0.6667,0.12,gamification
USR_000525,trial,4,25-34,tier2,7,8,4,56,False,False,True,12,0.282,0.4,2.512088994921136,2.321928094887362,afternoon,0.30434782608695654,0.4,0.022222222222222223,0.6315375759470078,0.4526808302869428,0.4096385542168674,0.38888888888888895,0.6701,0.5801,0.5421,0.16,0.6333,0.21,achievement
USR_000526,paid,95,25-34,tier2,14,6,19,207,True,True,True,21,0.564,0.84,3.3163988734606544,4.321928094887363,night,0.6086956521739131,0.3,0.5277777777777778,0.8337405679707941,0.8425988740745155,0.8343373493975902,0.8777777777777778,0.7224,0.2609,0.8382,0.72,0.9267,0.91,achievement
USR_000527,churned,166,18-24,tier3,2,1,0,26,False,False,False,22,0.047,0.1,2.047818583457956,0.0,night,0.08695652173913043,0.05,0.9222222222222223,0.5148202897234035,0.0,0.05572289156626505,0.055555555555555566,0.1738,0.8864,0.2574,0.02,0.0333,0.12,gamification
USR_000528,trial,5,25-34,tier2,8,2,5,28,False,False,True,15,0.238,0.42,2.0922185341675,2.584962500721156,late_afternoon,0.34782608695652173,0.1,0.027777777777777776,0.5259824090989363,0.5039617607727125,0.34337349397590355,0.41111111111111115,0.3378,0.7342,0.515,0.04,0.6467,0.21,achievement
USR_000529,churned,138,45+,tier1,2,1,0,40,True,False,True,10,0.018,0.16,2.3073720570481235,0.0,mid_morning,0.08695652173913043,0.05,0.7666666666666667,0.5800718679402438,0.0,0.012048192771084335,0.12222222222222223,0.1738,0.8771,0.29,0.62,0.4733,0.3,learning
USR_000530,inactive,74,35-44,tier1,0,0,0,40,False,False,False,16,0.06,0.11,2.3073720570481235,0.0,late_afternoon,0.0,0.0,0.4111111111111111,0.5800718679402438,0.0,0.0753012048192771,0.06666666666666667,0.1172,0.9021,0.29,0.0,0.04,0.3,social
USR_000531,paid,12,18-24,tier3,11,18,23,298,True,True,True,19,0.459,0.85,3.5418847346334625,4.584962500721157,evening,0.4782608695652174,0.9,0.06666666666666667,0.8904275700886746,0.8938798045602853,0.6762048192771084,0.888888888888889,0.9737,0.2178,0.8922,0.96,0.9333,0.82,learning
USR_000532,paid,20,18-24,tier2,16,11,30,279,True,True,True,18,0.528,0.85,3.501091629342347,4.954196310386876,evening,0.6956521739130435,0.55,0.1111111111111111,0.8801722093578295,0.9658652669428303,0.7801204819277108,0.888888888888889,0.9175,0.1976,0.923,0.82,0.9333,0.91,achievement
USR_000533,churned,162,25-34,tier1,0,0,0,16,True,False,False,17,0.088,0.26,1.7603744277225881,0.0,late_afternoon,0.0,0.0,0.9,0.4425570117502649,0.0,0.11746987951807228,0.23333333333333336,0.1172,0.8487,0.2213,0.6,0.14,0.3,learning
USR_000534,paid,31,25-34,tier2,9,15,4,297,True,False,True,13,0.559,0.64,3.5398032086178266,2.321928094887362,afternoon,0.391304347826087,0.75,0.17222222222222222,0.8899042757719354,0.4526808302869428,0.8268072289156627,0.6555555555555556,0.9344,0.2399,0.6713,0.9,0.7933,0.21,learning
USR_000535,paid,9,25-34,tier2,13,13,7,275,False,True,True,14,0.579,0.61,3.492151404099151,3.0,afternoon,0.5652173913043478,0.65,0.05,0.8779246424165614,0.5848770656813589,0.8569277108433734,0.6222222222222222,0.93,0.2713,0.7314,0.26,0.7733,0.91,social
USR_000536,trial,7,25-34,tier2,8,4,4,20,False,True,True,16,0.475,0.88,1.8916681496081529,2.321928094887362,late_afternoon,0.34782608695652173,0.2,0.03888888888888889,0.4755641699458181,0.4526808302869428,0.700301204819277,0.9222222222222223,0.4558,0.4523,0.4641,0.08,0.9533,0.91,achievement
USR_000537,paid,96,35-44,tier2,7,12,8,262,False,True,True,7,0.357,0.78,3.4621739609392486,3.1699250014423126,early_morning,0.30434782608695654,0.6,0.5333333333333333,0.8703883322680874,0.6180054777578524,0.5225903614457831,0.8111111111111111,0.8456,0.2886,0.7442,0.24,0.8867,0.91,social
USR_000538,trial,2,25-34,tier2,5,3,4,21,True,True,True,9,0.485,0.78,1.9205726604783713,2.321928094887362,mid_morning,0.21739130434782608,0.15,0.011111111111111112,0.48283074559891703,0.4526808302869428,0.7153614457831324,0.8111111111111111,0.3222,0.59,0.4678,0.66,0.8867,0.91,social
USR_000539,trial,0,25-34,tier1,4,3,0,36,True,False,False,14,0.248,0.77,2.2435894449529292,0.0,afternoon,0.17391304347826086,0.15,0.0,0.5640369598173204,0.0,0.358433734939759,0.8,0.2994,0.6898,0.282,0.66,0.48,0.3,learning
USR_000540,trial,6,35-44,tier2,10,2,0,30,False,True,True,12,0.391,0.81,2.133656214977323,0.0,afternoon,0.43478260869565216,0.1,0.03333333333333333,0.5363998157053146,0.0,0.5737951807228916,0.8444444444444446,0.3869,0.5334,0.2682,0.04,0.9067,0.91,social
USR_000541,trial,3,18-24,tier2,12,5,1,60,False,True,True,18,0.329,0.52,2.554229543378943,1.0,evening,0.5217391304347826,0.25,0.016666666666666666,0.6421316830331528,0.1949590218937863,0.48042168674698793,0.5222222222222223,0.6215,0.596,0.4185,0.1,0.7133,0.91,social
USR_000542,trial,1,18-24,tier2,5,5,7,60,True,False,True,20,0.359,0.78,2.554229543378943,3.0,evening,0.21739130434782608,0.25,0.005555555555555556,0.6421316830331528,0.5848770656813589,0.5256024096385542,0.8111111111111111,0.4383,0.5796,0.6135,0.7,0.8867,0.21,achievement
USR_000543,churned,132,25-34,tier2,2,1,0,24,False,False,False,10,0.06,0.16,2.0,0.0,mid_morning,0.08695652173913043,0.05,0.7333333333333333,0.5027987282487452,0.0,0.0753012048192771,0.12222222222222223,0.1738,0.8645,0.2514,0.02,0.0733,0.21,gamification
USR_000544,paid,78,45+,tier2,5,12,9,430,True,True,True,8,0.42,0.65,3.7690848731961437,3.3219280948873626,early_morning,0.21739130434782608,0.6,0.43333333333333335,0.947545540452302,0.6476398521807292,0.6174698795180722,0.6666666666666667,0.8157,0.3174,0.7976,0.84,0.8,0.91,social
USR_000545,paid,11,25-34,tier2,8,7,21,194,True,False,True,18,0.532,0.66,3.276298835653068,4.459431618637297,evening,0.34782608695652173,0.35,0.06111111111111111,0.8236594439646034,0.8694064265717518,0.786144578313253,0.6777777777777778,0.638,0.3872,0.8465,0.74,0.8067,0.21,gamification
USR_000546,trial,5,25-34,tier2,5,4,2,52,False,True,False,23,0.533,0.81,2.4668810662894636,1.5849625007211563,night,0.21739130434782608,0.2,0.027777777777777776,0.6201723314356253,0.3090027388789262,0.7876506024096386,0.8444444444444446,0.3785,0.4903,0.4646,0.08,0.5067,0.91,social
USR_000547,inactive,58,18-24,tier2,1,0,0,25,False,False,False,21,0.019,0.19,2.0243691992404753,0.0,night,0.043478260869565216,0.0,0.32222222222222224,0.5089251294420208,0.0,0.013554216867469878,0.15555555555555559,0.1287,0.8858,0.2545,0.0,0.0933,0.21,gamification
USR_000548,trial,3,25-34,tier1,7,7,5,77,False,False,True,9,0.431,0.72,2.7069753937264607,2.584962500721156,mid_morning,0.30434782608695654,0.35,0.016666666666666666,0.6805318926831553,0.5039617607727125,0.6340361445783131,0.7444444444444445,0.6131,0.4913,0.5922,0.14,0.8467,0.3,achievement
USR_000549,trial,5,25-34,tier2,4,9,2,99,False,False,True,10,0.323,0.77,2.8613531161467867,1.5849625007211563,mid_morning,0.17391304347826086,0.45,0.027777777777777776,0.7193423539345941,0.3090027388789262,0.4713855421686747,0.8,0.6542,0.4515,0.5142,0.18,0.88,0.21,achievement
USR_000550,churned,180,25-34,tier2,0,1,0,25,False,False,False,18,0.078,0.15,2.0243691992404753,0.0,evening,0.0,0.05,1.0,0.5089251294420208,0.0,0.10240963855421686,0.11111111111111112,0.1454,0.8734,0.2545,0.02,0.0667,0.21,gamification
USR_000551,inactive,82,18-24,tier2,0,0,0,44,False,False,False,20,0.023,0.29,2.3652123889719707,0.0,evening,0.0,0.0,0.45555555555555555,0.5946128906066416,0.0,0.019578313253012045,0.26666666666666666,0.1172,0.8592,0.2973,0.0,0.16,0.21,gamification
USR_000552,paid,57,18-24,tier1,9,7,21,183,True,True,True,22,0.38,0.53,3.2402217676865592,4.459431618637297,night,0.391304347826087,0.35,0.31666666666666665,0.8145896920183515,0.8694064265717518,0.5572289156626505,0.5333333333333334,0.6622,0.4159,0.842,0.74,0.72,1.0,social
USR_000553,trial,6,25-34,tier3,11,8,0,112,False,False,True,18,0.432,0.5,2.9372912009775383,0.0,evening,0.4782608695652174,0.4,0.03333333333333333,0.7384331401738677,0.0,0.6355421686746987,0.5000000000000001,0.7565,0.4596,0.3692,0.16,0.7,0.12,achievement
USR_000554,trial,3,25-34,tier2,3,3,0,42,False,False,False,20,0.305,0.6,2.336965027750064,0.0,evening,0.13043478260869565,0.15,0.016666666666666666,0.5875115219572629,0.0,0.4442771084337349,0.611111111111111,0.2776,0.741,0.2938,0.06,0.3667,0.21,achievement
USR_000555,trial,7,18-24,tier2,7,10,6,110,False,False,True,14,0.355,0.6,2.9261956394389146,2.807354922057604,afternoon,0.30434782608695654,0.5,0.03888888888888889,0.7356437230584549,0.5473191697130572,0.519578313253012,0.611111111111111,0.7693,0.4464,0.6415,0.2,0.7667,0.21,achievement
USR_000556,paid,80,35-44,tier1,5,11,3,352,True,True,True,17,0.314,0.77,3.645041546250703,2.0,late_afternoon,0.21739130434782608,0.55,0.4444444444444444,0.9163611269343465,0.3899180437875726,0.4578313253012048,0.8,0.7755,0.3281,0.6531,0.82,0.88,1.0,social
USR_000557,paid,55,35-44,tier1,5,4,20,243,True,True,True,14,0.28,0.55,3.4155826595257293,4.392317422778761,afternoon,0.21739130434782608,0.2,0.3055555555555556,0.8586753087190017,0.8563219085919834,0.4066265060240964,0.5555555555555556,0.3785,0.5396,0.8575,0.68,0.7333,1.0,social
USR_000558,trial,0,25-34,tier1,2,2,6,24,False,False,True,17,0.228,0.54,2.0,2.807354922057604,late_afternoon,0.08695652173913043,0.1,0.0,0.5027987282487452,0.5473191697130572,0.32831325301204817,0.5444444444444445,0.2124,0.8216,0.5251,0.04,0.7267,0.3,achievement
USR_000559,trial,2,35-44,tier3,9,6,1,72,False,True,False,5,0.221,0.42,2.665812336096604,1.0,night,0.391304347826087,0.3,0.011111111111111112,0.6701835261695945,0.1949590218937863,0.31777108433734935,0.41111111111111115,0.6047,0.679,0.4326,0.12,0.2467,0.82,social
USR_000560,paid,94,18-24,tier1,13,10,4,303,True,True,True,12,0.537,0.79,3.552189032728723,2.321928094887362,afternoon,0.5652173913043478,0.5,0.5222222222222223,0.8930180640775711,0.4526808302869428,0.7936746987951807,0.8222222222222223,0.8632,0.231,0.6728,0.8,0.8933,1.0,social
USR_000561,paid,33,18-24,tier2,21,10,10,244,True,False,True,14,0.462,0.54,3.4181239102443355,3.4594316186372978,afternoon,0.9130434782608695,0.5,0.18333333333333332,0.85931417753374,0.6744474046779656,0.6807228915662651,0.5444444444444445,0.9366,0.2923,0.7669,0.8,0.7267,0.21,learning
USR_000562,churned,72,35-44,tier1,0,0,0,14,False,False,False,12,0.061,0.17,1.6826061944859854,0.0,afternoon,0.0,0.0,0.4,0.4230061273655071,0.0,0.07680722891566265,0.13333333333333336,0.1172,0.8838,0.2115,0.0,0.08,0.3,social
USR_000563,trial,6,25-34,tier1,8,1,1,11,False,True,False,7,0.411,0.48,1.5439593106327716,1.0,early_morning,0.34782608695652173,0.05,0.03333333333333333,0.3881503889269834,0.1949590218937863,0.6039156626506024,0.4777777777777778,0.2848,0.6807,0.2916,0.02,0.2867,1.0,social
USR_000564,trial,1,25-34,tier3,9,8,6,56,True,True,True,18,0.295,0.68,2.512088994921136,2.807354922057604,evening,0.391304347826087,0.4,0.005555555555555556,0.6315375759470078,0.5473191697130572,0.42921686746987947,0.7000000000000001,0.7152,0.5057,0.5894,0.76,0.82,0.82,achievement
USR_000565,trial,5,25-34,tier3,11,7,0,35,False,False,False,19,0.285,0.41,2.226565505118757,0.0,evening,0.4782608695652174,0.35,0.027777777777777776,0.5597571521681179,0.0,0.41415662650602403,0.4,0.708,0.5591,0.2799,0.14,0.24,0.12,gamification
USR_000566,trial,4,25-34,tier3,5,5,1,40,True,False,True,14,0.33,0.44,2.3073720570481235,1.0,afternoon,0.21739130434782608,0.25,0.022222222222222223,0.5800718679402438,0.1949590218937863,0.4819277108433735,0.4333333333333334,0.4383,0.653,0.3875,0.7,0.66,0.12,learning
USR_000567,inactive,56,25-34,tier3,0,0,0,46,False,False,False,19,0.023,0.06,2.392231208153366,0.0,evening,0.0,0.0,0.3111111111111111,0.6014054045682358,0.0,0.019578313253012045,0.011111111111111106,0.1172,0.9282,0.3007,0.0,0.0067,0.12,gamification
USR_000568,trial,3,18-24,tier2,11,8,1,64,False,True,True,10,0.358,0.84,2.5936926411670824,1.0,mid_morning,0.4782608695652174,0.4,0.016666666666666666,0.652052680723469,0.1949590218937863,0.5240963855421686,0.8777777777777778,0.7565,0.4056,0.4235,0.16,0.9267,0.91,achievement
USR_000569,trial,2,45+,tier3,3,5,4,40,True,True,False,8,0.419,0.74,2.3073720570481235,2.321928094887362,early_morning,0.13043478260869565,0.25,0.011111111111111112,0.5800718679402438,0.4526808302869428,0.6159638554216866,0.7666666666666667,0.3869,0.5971,0.5164,0.7,0.46,0.82,social
USR_000570,paid,81,25-34,tier2,12,13,10,388,True,False,True,8,0.463,0.85,3.70538018120822,3.4594316186372978,early_morning,0.5217391304347826,0.65,0.45,0.9315302213947989,0.6744474046779656,0.6822289156626505,0.888888888888889,0.9227,0.2133,0.803,0.86,0.9333,0.21,achievement
USR_000571,churned,127,35-44,tier1,1,0,0,18,False,False,False,12,0.048,0.16,1.8294828004351504,0.0,afternoon,0.043478260869565216,0.0,0.7055555555555556,0.4599308127058732,0.0,0.0572289156626506,0.12222222222222223,0.1287,0.8861,0.23,0.0,0.0733,0.3,social
USR_000572,paid,25,25-34,tier1,14,6,26,277,False,False,True,15,0.37,0.48,3.496637596401262,4.754887502163469,late_afternoon,0.6086956521739131,0.3,0.1388888888888889,0.8790524683086518,0.9270082166367787,0.5421686746987951,0.4777777777777778,0.7224,0.4104,0.903,0.12,0.6867,0.3,gamification
USR_000573,paid,17,18-24,tier3,12,4,30,264,True,True,True,15,0.577,0.67,3.4668810662894636,4.954196310386876,late_afternoon,0.5217391304347826,0.2,0.09444444444444444,0.8715716955599979,0.9658652669428303,0.8539156626506023,0.688888888888889,0.5617,0.3611,0.9187,0.68,0.8133,0.82,gamification
USR_000574,churned,44,25-34,tier2,2,1,0,41,True,False,False,18,0.089,0.17,2.322344707681546,0.0,evening,0.08695652173913043,0.05,0.24444444444444444,0.5838359827887426,0.0,0.11897590361445783,0.13333333333333336,0.1738,0.8528,0.2919,0.62,0.08,0.21,learning
USR_000575,trial,2,25-34,tier3,5,6,6,84,True,False,True,21,0.321,0.82,2.760374427722588,2.807354922057604,night,0.21739130434782608,0.3,0.011111111111111112,0.6939563758746375,0.5473191697130572,0.4683734939759036,0.8555555555555555,0.5,0.5492,0.6206,0.72,0.9133,0.12,achievement
USR_000576,inactive,68,18-24,tier3,0,0,0,46,False,False,False,21,0.063,0.18,2.392231208153366,0.0,night,0.0,0.0,0.37777777777777777,0.6014054045682358,0.0,0.07981927710843373,0.14444444444444446,0.1172,0.8802,0.3007,0.0,0.0867,0.12,gamification
USR_000577,inactive,58,18-24,tier2,1,0,0,49,False,True,False,18,0.016,0.24,2.4306765580733933,0.0,evening,0.043478260869565216,0.0,0.32222222222222224,0.6110705410916697,0.0,0.009036144578313253,0.21111111111111114,0.1287,0.8717,0.3055,0.0,0.1267,0.91,social
USR_000578,churned,140,25-34,tier2,0,0,0,3,False,False,False,20,0.035,0.16,0.8613531161467861,0.0,evening,0.0,0.0,0.7777777777777778,0.21654362568584887,0.0,0.03765060240963856,0.12222222222222223,0.1172,0.8946,0.1083,0.0,0.0733,0.21,social
USR_000579,churned,134,35-44,tier1,1,1,0,15,True,True,True,6,0.02,0.25,1.7227062322935722,0.0,early_morning,0.043478260869565216,0.05,0.7444444444444445,0.43308725137169773,0.0,0.015060240963855422,0.22222222222222227,0.1591,0.8554,0.2165,0.62,0.5333,1.0,social
USR_000580,paid,15,25-34,tier1,8,16,19,462,True,True,True,14,0.482,0.81,3.8135842374954296,4.321928094887363,afternoon,0.34782608695652173,0.8,0.08333333333333333,0.9587326523410813,0.8425988740745155,0.7108433734939759,0.8444444444444446,0.9426,0.2118,0.9007,0.92,0.9067,1.0,social
USR_000581,paid,55,18-24,tier2,17,10,13,180,True,True,True,7,0.546,0.61,3.2300078127298884,3.8073549220576037,early_morning,0.7391304347826086,0.5,0.3055555555555556,0.8120219102370494,0.7422781916068435,0.8072289156626506,0.6222222222222222,0.9061,0.2617,0.7772,0.8,0.7733,0.91,social
USR_000582,paid,25,25-34,tier3,5,5,17,213,True,True,True,18,0.643,0.93,3.3340683561420486,4.169925001442312,evening,0.21739130434782608,0.25,0.1388888888888889,0.8381826646813032,0.8129644996516386,0.9533132530120482,0.9777777777777779,0.4383,0.3175,0.8256,0.7,0.9867,0.82,achievement
USR_000583,trial,5,25-34,tier3,3,4,0,24,True,True,True,15,0.394,0.8,2.0,0.0,late_afternoon,0.13043478260869565,0.2,0.027777777777777776,0.5027987282487452,0.0,0.5783132530120482,0.8333333333333334,0.3299,0.5608,0.2514,0.68,0.9,0.82,achievement
USR_000584,trial,7,45+,tier3,10,7,5,91,True,True,True,12,0.351,0.65,2.809545209613166,2.584962500721156,afternoon,0.43478260869565216,0.35,0.03888888888888889,0.706317879175427,0.5039617607727125,0.5135542168674698,0.6666666666666667,0.6855,0.468,0.6051,0.74,0.8,0.82,social
USR_000585,trial,7,25-34,tier1,4,5,0,55,True,True,False,18,0.197,0.69,2.5010916293423473,0.0,evening,0.17391304347826086,0.25,0.03888888888888889,0.6287728452334571,0.0,0.2816265060240964,0.711111111111111,0.4124,0.6259,0.3144,0.7,0.4267,1.0,social
USR_000586,inactive,55,18-24,tier3,1,0,0,46,False,False,False,13,0.045,0.11,2.392231208153366,0.0,afternoon,0.043478260869565216,0.0,0.3055555555555556,0.6014054045682358,0.0,0.052710843373493965,0.06666666666666667,0.1287,0.902,0.3007,0.0,0.04,0.12,gamification
USR_000587,paid,36,35-44,tier2,17,13,18,408,True,True,True,12,0.509,0.75,3.7365313129400004,4.247927513443585,afternoon,0.7391304347826086,0.65,0.2,0.9393615961039231,0.8281717930966652,0.7515060240963854,0.7777777777777778,0.9531,0.217,0.8838,0.86,0.8667,0.91,social
USR_000588,trial,1,18-24,tier1,6,7,1,63,False,True,True,17,0.453,0.87,2.5840593484403582,1.0,late_afternoon,0.2608695652173913,0.35,0.005555555555555556,0.6496308770575465,0.1949590218937863,0.6671686746987951,0.9111111111111111,0.5876,0.4417,0.4223,0.14,0.9467,1.0,social
USR_000589,trial,6,25-34,tier3,5,4,4,48,False,False,True,15,0.368,0.8,2.418123910244335,2.321928094887362,late_afternoon,0.21739130434782608,0.2,0.03333333333333333,0.6079148134093673,0.4526808302869428,0.539156626506024,0.8333333333333334,0.3785,0.548,0.5303,0.08,0.9,0.12,achievement
USR_000590,trial,3,35-44,tier2,7,5,3,30,False,False,False,16,0.235,0.45,2.133656214977323,2.0,late_afternoon,0.30434782608695654,0.25,0.016666666666666666,0.5363998157053146,0.3899180437875726,0.3388554216867469,0.44444444444444453,0.4911,0.7177,0.4632,0.1,0.2667,0.21,gamification
USR_000591,trial,3,35-44,tier2,7,7,2,35,True,False,True,17,0.473,0.84,2.226565505118757,1.5849625007211563,late_afternoon,0.30434782608695654,0.35,0.016666666666666666,0.5597571521681179,0.3090027388789262,0.6972891566265059,0.8777777777777778,0.6131,0.433,0.4344,0.74,0.9267,0.21,achievement
USR_000592,inactive,64,35-44,tier3,0,0,0,25,True,False,False,14,0.031,0.08,2.0243691992404753,0.0,afternoon,0.0,0.0,0.35555555555555557,0.5089251294420208,0.0,0.03162650602409638,0.03333333333333333,0.1172,0.9198,0.2545,0.6,0.02,0.12,learning
USR_000593,paid,97,25-34,tier2,19,14,18,433,True,False,False,7,0.543,0.54,3.7733947281728835,4.247927513443585,early_morning,0.8260869565217391,0.7,0.5388888888888889,0.9486290352529226,0.8281717930966652,0.802710843373494,0.5444444444444445,0.9699,0.2584,0.8884,0.88,0.3267,0.21,gamification
USR_000594,churned,153,25-34,tier2,0,0,0,9,False,True,False,17,0.096,0.32,1.4306765580733933,0.0,late_afternoon,0.0,0.0,0.85,0.35967117696729706,0.0,0.12951807228915663,0.30000000000000004,0.1172,0.8283,0.1798,0.0,0.18,0.91,social
USR_000595,paid,29,45+,tier2,16,4,26,200,True,False,True,13,0.547,0.52,3.2951286079985542,4.754887502163469,afternoon,0.6956521739130435,0.2,0.16111111111111112,0.8283932367588654,0.9270082166367787,0.8087349397590361,0.5222222222222223,0.6622,0.3735,0.8777,0.68,0.7133,0.21,gamification
USR_000596,trial,2,18-24,tier2,10,5,5,75,False,False,False,20,0.274,0.8,2.690835916581937,2.584962500721156,evening,0.43478260869565216,0.25,0.011111111111111112,0.6764744383917222,0.5039617607727125,0.39759036144578314,0.8333333333333334,0.5704,0.5396,0.5902,0.1,0.5,0.21,gamification
USR_000597,paid,23,18-24,tier1,12,13,17,343,True,True,True,21,0.491,0.51,3.6289947019702433,4.169925001442312,night,0.5217391304347826,0.65,0.12777777777777777,0.9123269604860361,0.8129644996516386,0.7243975903614457,0.5111111111111112,0.9227,0.2976,0.8626,0.86,0.7067,1.0,social
USR_000598,paid,81,25-34,tier2,7,8,23,266,True,True,True,15,0.611,0.89,3.471552779535398,4.584962500721157,late_afternoon,0.30434782608695654,0.4,0.45,0.8727461612993972,0.8938798045602853,0.9051204819277108,0.9333333333333333,0.6701,0.2535,0.8833,0.76,0.96,0.91,achievement
USR_000599,paid,109,25-34,tier3,14,14,8,361,True,True,True,6,0.453,0.8,3.6606843708032817,3.1699250014423126,early_morning,0.6086956521739131,0.7,0.6055555555555555,0.9202937230799739,0.6180054777578524,0.6671686746987951,0.8333333333333334,0.9498,0.2198,0.7691,0.88,0.9,0.82,achievement
USR_000600,trial,1,25-34,tier2,8,9,0,45,False,True,True,15,0.535,0.89,2.378868651539773,0.0,late_afternoon,0.34782608695652173,0.45,0.005555555555555556,0.5980460663325026,0.0,0.7906626506024096,0.9333333333333333,0.7432,0.3303,0.299,0.18,0.96,0.91,achievement
USR_000601,trial,4,18-24,tier3,9,6,4,36,False,False,True,19,0.245,0.75,2.2435894449529292,2.321928094887362,evening,0.391304347826087,0.3,0.022222222222222223,0.5640369598173204,0.4526808302869428,0.35391566265060237,0.7777777777777778,0.6047,0.5056,0.5084,0.12,0.8667,0.12,achievement
USR_000602,churned,66,18-24,tier1,0,1,0,16,False,False,True,20,0.026,0.28,1.7603744277225881,0.0,evening,0.0,0.05,0.36666666666666664,0.4425570117502649,0.0,0.024096385542168672,0.25555555555555565,0.1454,0.85,0.2213,0.02,0.5533,0.3,achievement
USR_000603,trial,7,25-34,tier1,3,3,2,24,False,True,False,23,0.404,0.71,2.0,1.5849625007211563,night,0.13043478260869565,0.15,0.03888888888888889,0.5027987282487452,0.3090027388789262,0.5933734939759036,0.7333333333333333,0.2776,0.6102,0.4059,0.06,0.44,1.0,social
USR_000604,churned,160,25-34,tier2,1,0,0,7,False,True,False,7,0.034,0.4,1.2920296742201791,0.0,early_morning,0.043478260869565216,0.0,0.8888888888888888,0.32481543852877326,0.0,0.03614457831325301,0.38888888888888895,0.1287,0.8183,0.1624,0.0,0.2333,0.91,social
USR_000605,churned,52,25-34,tier2,1,0,0,6,False,True,False,22,0.063,0.36,1.2090619551221675,0.0,night,0.043478260869565216,0.0,0.28888888888888886,0.30395740670468363,0.0,0.07981927710843373,0.3444444444444445,0.1287,0.8216,0.152,0.0,0.2067,0.91,social
USR_000606,churned,108,18-24,tier2,2,1,0,20,False,False,False,12,0.022,0.2,1.8916681496081529,0.0,afternoon,0.08695652173913043,0.05,0.6,0.4755641699458181,0.0,0.018072289156626502,0.1666666666666667,0.1738,0.8639,0.2378,0.02,0.1,0.21,gamification
USR_000607,inactive,82,25-34,tier2,1,0,0,36,False,False,False,18,0.019,0.2,2.2435894449529292,0.0,evening,0.043478260869565216,0.0,0.45555555555555555,0.5640369598173204,0.0,0.013554216867469878,0.1666666666666667,0.1287,0.8828,0.282,0.0,0.1,0.21,gamification
USR_000608,churned,124,18-24,tier3,2,0,0,27,False,False,False,18,0.049,0.31,2.0704150712689535,0.0,evening,0.08695652173913043,0.0,0.6888888888888889,0.5205010323905325,0.0,0.05873493975903614,0.2888888888888889,0.141,0.8359,0.2603,0.0,0.1733,0.12,gamification
USR_000609,paid,37,25-34,tier3,9,16,28,437,True,True,True,19,0.591,0.68,3.779095088655983,4.857980995127573,evening,0.391304347826087,0.8,0.20555555555555555,0.9500621022536535,0.9471072231886742,0.8749999999999999,0.7000000000000001,0.9481,0.2155,0.9486,0.92,0.82,0.82,gamification
USR_000610,trial,7,25-34,tier2,10,2,6,26,False,True,True,18,0.404,0.74,2.047818583457956,2.807354922057604,evening,0.43478260869565216,0.1,0.03888888888888889,0.5148202897234035,0.5473191697130572,0.5933734939759036,0.7666666666666667,0.3869,0.5523,0.5311,0.04,0.86,0.91,social
USR_000611,churned,31,25-34,tier2,2,1,0,38,False,False,False,21,0.071,0.17,2.276298835653068,0.0,night,0.08695652173913043,0.05,0.17222222222222222,0.572260079840231,0.0,0.09186746987951805,0.13333333333333336,0.1738,0.8582,0.2861,0.02,0.08,0.21,gamification
USR_000612,trial,3,25-34,tier1,4,4,0,60,True,False,True,22,0.259,0.55,2.554229543378943,0.0,night,0.17391304347826086,0.2,0.016666666666666666,0.6421316830331528,0.0,0.375,0.5555555555555556,0.3538,0.7389,0.3211,0.68,0.7333,0.3,achievement
USR_000613,trial,1,25-34,tier3,5,5,1,65,False,False,False,21,0.411,0.4,2.6031788549643564,1.0,night,0.21739130434782608,0.25,0.005555555555555556,0.6544375088400515,0.1949590218937863,0.6039156626506024,0.38888888888888895,0.4383,0.6976,0.4247,0.1,0.2333,0.12,gamification
USR_000614,churned,154,18-24,tier2,0,0,0,27,False,False,False,17,0.017,0.19,2.0704150712689535,0.0,late_afternoon,0.0,0.0,0.8555555555555555,0.5205010323905325,0.0,0.010542168674698796,0.15555555555555559,0.1172,0.891,0.2603,0.0,0.0933,0.21,gamification
USR_000615,paid,27,18-24,tier2,12,19,3,419,True,True,True,17,0.626,0.85,3.753021265754939,2.0,late_afternoon,0.5217391304347826,0.95,0.15,0.9435071597560395,0.3899180437875726,0.927710843373494,0.888888888888889,0.9814,0.1482,0.6667,0.98,0.9333,0.91,learning
USR_000616,inactive,31,25-34,tier2,0,0,0,2,False,False,True,15,0.066,0.27,0.6826061944859854,0.0,late_afternoon,0.0,0.0,0.17222222222222222,0.17160676324113452,0.0,0.08433734939759036,0.2444444444444445,0.1172,0.8523,0.0858,0.0,0.5467,0.21,achievement
USR_000617,trial,4,18-24,tier2,4,6,4,66,True,False,False,17,0.421,0.74,2.6125224135125684,2.321928094887362,late_afternoon,0.17391304347826086,0.3,0.022222222222222223,0.6567864735177309,0.4526808302869428,0.6189759036144578,0.7666666666666667,0.4735,0.5085,0.5547,0.72,0.46,0.21,learning
USR_000618,trial,2,45+,tier3,3,5,4,45,False,True,False,16,0.27,0.44,2.378868651539773,2.321928094887362,late_afternoon,0.13043478260869565,0.25,0.011111111111111112,0.5980460663325026,0.4526808302869428,0.39156626506024095,0.4333333333333334,0.3869,0.7587,0.5254,0.1,0.26,0.82,social
USR_000619,trial,2,18-24,tier2,11,4,2,24,True,False,False,18,0.285,0.46,2.0,1.5849625007211563,evening,0.4782608695652174,0.2,0.011111111111111112,0.5027987282487452,0.3090027388789262,0.41415662650602403,0.45555555555555566,0.5354,0.6748,0.4059,0.68,0.2733,0.21,learning
USR_000620,churned,68,25-34,tier1,0,0,0,26,False,False,False,7,0.025,0.38,2.047818583457956,0.0,early_morning,0.0,0.0,0.37777777777777777,0.5148202897234035,0.0,0.022590361445783132,0.3666666666666667,0.1172,0.8316,0.2574,0.0,0.22,0.3,social
USR_000621,paid,36,25-34,tier3,10,10,16,262,True,True,True,14,0.441,0.79,3.4621739609392486,4.08746284125034,afternoon,0.43478260869565216,0.5,0.2,0.8703883322680874,0.7968877575573631,0.6490963855421686,0.8222222222222223,0.821,0.2721,0.8336,0.8,0.8933,0.82,achievement
USR_000622,trial,5,18-24,tier2,5,6,7,30,True,False,True,16,0.174,0.45,2.133656214977323,3.0,late_afternoon,0.21739130434782608,0.3,0.027777777777777776,0.5363998157053146,0.5848770656813589,0.24698795180722888,0.44444444444444453,0.5,0.6741,0.5606,0.72,0.6667,0.21,learning
USR_000623,churned,122,35-44,tier1,1,0,0,8,False,False,False,12,0.113,0.22,1.3652123889719707,0.0,afternoon,0.043478260869565216,0.0,0.6777777777777778,0.34321352648226905,0.0,0.15512048192771086,0.18888888888888888,0.1287,0.8486,0.1716,0.0,0.1133,0.3,social
USR_000624,paid,91,25-34,tier1,16,6,14,145,False,True,True,16,0.484,0.52,3.0964888941699975,3.9068905956085187,late_afternoon,0.6956521739130435,0.3,0.5055555555555555,0.778455339012519,0.761683569165869,0.7138554216867469,0.5222222222222223,0.763,0.3543,0.7701,0.12,0.7133,1.0,social
USR_000625,trial,5,25-34,tier3,11,5,5,70,True,True,False,16,0.19,0.86,2.6485519224500402,2.584962500721156,late_afternoon,0.4782608695652174,0.25,0.027777777777777776,0.6658442691543247,0.5039617607727125,0.2710843373493976,0.9,0.5962,0.4912,0.5849,0.7,0.54,0.82,social
USR_000626,trial,0,45+,tier2,9,6,4,66,False,False,False,7,0.382,0.53,2.6125224135125684,2.321928094887362,early_morning,0.391304347826087,0.3,0.0,0.6567864735177309,0.4526808302869428,0.5602409638554217,0.5333333333333334,0.6047,0.5814,0.5547,0.12,0.32,0.21,gamification
USR_000627,paid,34,25-34,tier2,8,6,9,220,False,True,True,19,0.483,0.81,3.35406706888967,3.3219280948873626,evening,0.34782608695652173,0.3,0.18888888888888888,0.8432103283493612,0.6476398521807292,0.7123493975903614,0.8444444444444446,0.579,0.3424,0.7454,0.12,0.9067,0.91,social
USR_000628,trial,3,18-24,tier1,3,4,0,32,False,False,True,21,0.337,0.47,2.1725022968909635,0.0,night,0.13043478260869565,0.2,0.016666666666666666,0.5461656959971272,0.0,0.4924698795180723,0.4666666666666667,0.3299,0.7511,0.2731,0.08,0.68,0.3,achievement
USR_000629,inactive,58,18-24,tier1,1,1,0,3,False,False,False,22,0.032,0.29,0.8613531161467861,0.0,night,0.043478260869565216,0.05,0.32222222222222224,0.21654362568584887,0.0,0.03313253012048192,0.26666666666666666,0.1591,0.8398,0.1083,0.02,0.16,0.3,social
USR_000630,paid,101,18-24,tier2,22,7,33,269,False,True,True,12,0.542,0.74,3.4784951415313494,5.08746284125034,afternoon,0.9565217391304348,0.35,0.5611111111111111,0.8744914666907007,0.9918467794511493,0.8012048192771084,0.7666666666666667,0.8864,0.2348,0.9332,0.14,0.86,0.91,gamification
USR_000631,inactive,70,25-34,tier2,0,0,0,30,False,False,False,19,0.037,0.25,2.133656214977323,0.0,evening,0.0,0.0,0.3888888888888889,0.5363998157053146,0.0,0.04066265060240963,0.22222222222222227,0.1172,0.867,0.2682,0.0,0.1333,0.21,gamification
USR_000632,trial,2,18-24,tier1,4,6,5,36,True,True,True,17,0.376,0.72,2.2435894449529292,2.584962500721156,late_afternoon,0.17391304347826086,0.3,0.011111111111111112,0.5640369598173204,0.5039617607727125,0.5512048192771084,0.7444444444444445,0.4735,0.5782,0.534,0.72,0.8467,1.0,social
USR_000633,trial,6,25-34,tier2,4,6,5,90,False,True,True,20,0.447,0.8,2.8027545962892497,2.584962500721156,evening,0.17391304347826086,0.3,0.03333333333333333,0.7046107233037799,0.5039617607727125,0.6581325301204819,0.8333333333333334,0.4735,0.4802,0.6043,0.12,0.9,0.91,social
USR_000634,inactive,48,18-24,tier3,0,0,0,12,False,False,False,17,0.064,0.29,1.5936926411670824,0.0,late_afternoon,0.0,0.0,0.26666666666666666,0.4006533165990964,0.0,0.08132530120481928,0.26666666666666666,0.1172,0.8469,0.2003,0.0,0.16,0.12,gamification
USR_000635,trial,2,35-44,tier3,5,5,1,30,True,False,True,5,0.332,0.6,2.133656214977323,1.0,night,0.21739130434782608,0.25,0.011111111111111112,0.5363998157053146,0.1949590218937863,0.48493975903614456,0.611111111111111,0.4383,0.6541,0.3657,0.7,0.7667,0.12,achievement
USR_000636,paid,36,35-44,tier1,4,8,5,279,True,False,True,19,0.55,0.68,3.501091629342347,2.584962500721156,evening,0.17391304347826086,0.4,0.2,0.8801722093578295,0.5039617607727125,0.8132530120481928,0.7000000000000001,0.5962,0.3533,0.6921,0.76,0.82,0.3,achievement
USR_000637,trial,4,18-24,tier1,6,7,0,98,False,False,True,14,0.376,0.86,2.855108491376949,0.0,afternoon,0.2608695652173913,0.35,0.022222222222222223,0.7177724592382616,0.0,0.5512048192771084,0.9,0.5876,0.4336,0.3589,0.14,0.94,0.3,achievement
USR_000638,trial,4,25-34,tier3,8,4,6,20,False,True,True,21,0.399,0.54,1.8916681496081529,2.807354922057604,night,0.34782608695652173,0.2,0.022222222222222223,0.4755641699458181,0.5473191697130572,0.5858433734939759,0.5444444444444445,0.4558,0.5896,0.5114,0.08,0.7267,0.82,social
USR_000639,inactive,32,45+,tier3,0,0,0,5,False,True,False,19,0.029,0.21,1.1132827525593785,0.0,evening,0.0,0.0,0.17777777777777778,0.27987857608405897,0.0,0.028614457831325303,0.17777777777777776,0.1172,0.8814,0.1399,0.0,0.1067,0.82,social
USR_000640,trial,5,18-24,tier3,6,5,5,55,False,True,False,20,0.239,0.61,2.5010916293423473,2.584962500721156,evening,0.2608695652173913,0.25,0.027777777777777776,0.6287728452334571,0.5039617607727125,0.3448795180722891,0.6222222222222222,0.4646,0.6154,0.5664,0.1,0.3733,0.82,social
USR_000641,paid,76,25-34,tier2,18,9,19,192,True,True,True,19,0.357,0.69,3.2698932641307286,4.321928094887363,evening,0.782608695652174,0.45,0.4222222222222222,0.8220490873570342,0.8425988740745155,0.5225903614457831,0.711111111111111,0.8934,0.2957,0.8323,0.78,0.8267,0.91,social
USR_000642,inactive,31,18-24,tier2,2,0,0,26,False,False,False,13,0.074,0.26,2.047818583457956,0.0,afternoon,0.08695652173913043,0.0,0.17222222222222222,0.5148202897234035,0.0,0.09638554216867469,0.23333333333333336,0.141,0.8434,0.2574,0.0,0.14,0.21,gamification
USR_000643,trial,2,35-44,tier1,3,6,0,72,False,True,True,6,0.356,0.66,2.665812336096604,0.0,early_morning,0.13043478260869565,0.3,0.011111111111111112,0.6701835261695945,0.0,0.5210843373493975,0.6777777777777778,0.4471,0.6196,0.3351,0.12,0.8067,1.0,social
USR_000644,churned,123,35-44,tier1,0,0,0,19,False,False,False,7,0.078,0.3,1.8613531161467862,0.0,early_morning,0.0,0.0,0.6833333333333333,0.4679429898102215,0.0,0.10240963855421686,0.2777777777777778,0.1172,0.8397,0.234,0.0,0.1667,0.3,social
USR_000645,paid,90,25-34,tier2,16,8,7,383,True,True,True,6,0.62,0.9,3.697342100999737,3.0,early_morning,0.6956521739130435,0.4,0.5,0.9295094531416056,0.5848770656813589,0.9186746987951806,0.9444444444444445,0.8409,0.1869,0.7572,0.76,0.9667,0.91,achievement
USR_000646,churned,108,18-24,tier2,2,0,0,14,False,False,True,14,0.094,0.39,1.6826061944859854,0.0,afternoon,0.08695652173913043,0.0,0.6,0.4230061273655071,0.0,0.12650602409638553,0.3777777777777778,0.141,0.7984,0.2115,0.0,0.6267,0.21,achievement
USR_000647,paid,85,35-44,tier3,15,13,14,327,True,False,True,18,0.465,0.58,3.599401731268303,3.9068905956085187,evening,0.6521739130434783,0.65,0.4722222222222222,0.9048873064690172,0.761683569165869,0.6852409638554217,0.5888888888888889,0.9426,0.2785,0.8333,0.86,0.7533,0.12,learning
USR_000648,trial,5,18-24,tier2,3,4,4,20,False,False,True,19,0.327,0.43,1.8916681496081529,2.321928094887362,evening,0.13043478260869565,0.2,0.027777777777777776,0.4755641699458181,0.4526808302869428,0.47740963855421686,0.4222222222222223,0.3299,0.705,0.4641,0.08,0.6533,0.21,achievement
USR_000649,trial,0,18-24,tier2,9,9,0,72,False,True,True,16,0.279,0.56,2.665812336096604,0.0,late_afternoon,0.391304347826087,0.45,0.0,0.6701835261695945,0.0,0.40512048192771083,0.5666666666666668,0.763,0.5317,0.3351,0.18,0.74,0.91,social
USR_000650,trial,2,25-34,tier2,9,2,2,28,True,False,True,17,0.308,0.77,2.0922185341675,1.5849625007211563,late_afternoon,0.391304347826087,0.1,0.011111111111111112,0.5259824090989363,0.3090027388789262,0.44879518072289154,0.8,0.362,0.6382,0.4175,0.64,0.88,0.21,achievement
USR_000651,inactive,73,18-24,tier1,0,0,0,32,False,False,False,20,0.076,0.11,2.1725022968909635,0.0,evening,0.0,0.0,0.40555555555555556,0.5461656959971272,0.0,0.09939759036144578,0.06666666666666667,0.1172,0.8973,0.2731,0.0,0.04,0.3,social
USR_000652,paid,106,25-34,tier2,10,15,12,309,False,True,True,19,0.401,0.66,3.564332773050716,3.700439718141092,evening,0.43478260869565216,0.75,0.5888888888888889,0.8960709926726116,0.7214341080257056,0.588855421686747,0.6777777777777778,0.9406,0.2749,0.8088,0.3,0.8067,0.91,social
USR_000653,inactive,26,25-34,tier3,1,0,0,18,False,False,False,7,0.031,0.19,1.8294828004351504,0.0,early_morning,0.043478260869565216,0.0,0.14444444444444443,0.4599308127058732,0.0,0.03162650602409638,0.15555555555555559,0.1287,0.8822,0.23,0.0,0.0933,0.12,gamification
USR_000654,trial,1,18-24,tier2,4,8,3,112,False,False,True,23,0.533,0.89,2.9372912009775383,2.0,night,0.17391304347826086,0.4,0.005555555555555556,0.7384331401738677,0.3899180437875726,0.7876506024096386,0.9333333333333333,0.5962,0.4015,0.5642,0.16,0.96,0.21,achievement
USR_000655,paid,60,25-34,tier2,18,17,6,366,False,False,True,18,0.443,0.67,3.669207617411815,2.807354922057604,evening,0.782608695652174,0.85,0.3333333333333333,0.9224364618576345,0.5473191697130572,0.6521084337349398,0.688888888888889,0.9838,0.2453,0.7349,0.34,0.8133,0.21,achievement
USR_000656,paid,39,25-34,tier3,15,11,7,271,True,True,False,10,0.528,0.55,3.4830806600161606,3.0,mid_morning,0.6521739130434783,0.55,0.21666666666666667,0.8756442631219628,0.5848770656813589,0.7801204819277108,0.5555555555555556,0.9091,0.2817,0.7303,0.82,0.3333,0.82,learning
USR_000657,paid,67,25-34,tier3,6,6,5,254,True,True,True,7,0.444,0.93,3.442980622208573,2.584962500721156,early_morning,0.2608695652173913,0.3,0.37222222222222223,0.8655631391157719,0.5039617607727125,0.6536144578313252,0.9777777777777779,0.5265,0.3395,0.6848,0.72,0.9867,0.82,achievement
USR_000658,churned,39,25-34,tier2,1,1,0,50,False,False,False,7,0.1,0.16,2.4429806222085735,0.0,early_morning,0.043478260869565216,0.05,0.21666666666666667,0.6141637749913994,0.0,0.13554216867469882,0.12222222222222223,0.1591,0.8584,0.3071,0.02,0.0733,0.21,gamification
USR_000659,paid,119,25-34,tier1,5,13,13,469,True,True,True,7,0.537,0.58,3.8229077662267588,3.8073549220576037,early_morning,0.21739130434782608,0.65,0.6611111111111111,0.9610765815355328,0.7422781916068435,0.7936746987951807,0.5888888888888889,0.8501,0.2924,0.8517,0.86,0.7533,1.0,social
USR_000660,paid,114,25-34,tier2,6,17,15,416,True,True,True,16,0.517,0.93,3.7485672328138544,4.0,late_afternoon,0.2608695652173913,0.85,0.6333333333333333,0.9423874187068619,0.7798360875751452,0.7635542168674698,0.9777777777777779,0.9445,0.1693,0.8611,0.94,0.9867,0.91,achievement
USR_000661,paid,9,25-34,tier2,14,17,8,393,True,True,True,20,0.563,0.83,3.7133156011339086,3.1699250014423126,evening,0.6086956521739131,0.85,0.05,0.9335251809181769,0.6180054777578524,0.8328313253012046,0.8666666666666667,0.9755,0.1919,0.7758,0.94,0.92,0.91,learning
USR_000662,trial,5,25-34,tier1,3,9,2,126,True,True,False,8,0.307,0.63,3.0098626663592656,1.5849625007211563,early_morning,0.13043478260869565,0.45,0.027777777777777776,0.7566775604244079,0.3090027388789262,0.447289156626506,0.6444444444444445,0.6298,0.5137,0.5328,0.78,0.3867,1.0,social
USR_000663,trial,6,18-24,tier3,10,9,4,90,True,True,False,23,0.263,0.51,2.8027545962892497,2.321928094887362,night,0.43478260869565216,0.45,0.03333333333333333,0.7046107233037799,0.4526808302869428,0.38102409638554213,0.5111111111111112,0.7816,0.501,0.5786,0.78,0.3067,0.82,social
USR_000664,trial,1,35-44,tier2,8,6,3,42,False,False,True,18,0.192,0.57,2.336965027750064,2.0,evening,0.34782608695652173,0.3,0.005555555555555556,0.5875115219572629,0.3899180437875726,0.27409638554216864,0.5777777777777777,0.579,0.6477,0.4887,0.12,0.7467,0.21,achievement
USR_000665,paid,28,25-34,tier2,13,9,27,184,True,True,True,21,0.601,0.81,3.2435894449529292,4.807354922057604,night,0.5652173913043478,0.45,0.15555555555555556,0.815436323941693,0.9372372135006297,0.8900602409638553,0.8444444444444446,0.8312,0.2198,0.8763,0.78,0.9067,0.91,social
USR_000666,trial,1,18-24,tier3,8,8,7,64,False,False,True,16,0.268,0.45,2.5936926411670824,3.0,late_afternoon,0.34782608695652173,0.4,0.005555555555555556,0.652052680723469,0.5848770656813589,0.3885542168674699,0.44444444444444453,0.6931,0.6088,0.6185,0.16,0.6667,0.12,achievement
USR_000667,churned,150,25-34,tier1,2,0,0,50,False,False,False,15,0.119,0.23,2.4429806222085735,0.0,late_afternoon,0.08695652173913043,0.0,0.8333333333333334,0.6141637749913994,0.0,0.16415662650602408,0.2,0.141,0.8389,0.3071,0.0,0.12,0.3,gamification
USR_000668,trial,4,18-24,tier3,6,10,7,130,True,False,True,9,0.443,0.74,3.029130409776382,3.0,mid_morning,0.2608695652173913,0.5,0.022222222222222223,0.7615214588675826,0.5848770656813589,0.6521084337349398,0.7666666666666667,0.7499,0.3796,0.6732,0.8,0.86,0.12,achievement
USR_000669,churned,176,25-34,tier2,3,0,0,40,False,False,False,17,0.029,0.16,2.3073720570481235,0.0,late_afternoon,0.13043478260869565,0.0,0.9777777777777777,0.5800718679402438,0.0,0.028614457831325303,0.12222222222222223,0.1544,0.8815,0.29,0.0,0.0733,0.21,gamification
USR_000670,paid,48,25-34,tier2,13,10,5,371,True,True,True,20,0.533,0.86,3.677615525610094,2.584962500721156,evening,0.5652173913043478,0.5,0.26666666666666666,0.9245502046322979,0.5039617607727125,0.7876506024096386,0.9,0.8632,0.2131,0.7143,0.8,0.94,0.91,achievement
USR_000671,trial,0,18-24,tier1,7,7,4,49,False,False,True,17,0.353,0.41,2.4306765580733933,2.321928094887362,late_afternoon,0.30434782608695654,0.35,0.0,0.6110705410916697,0.4526808302869428,0.516566265060241,0.4,0.6131,0.631,0.5319,0.14,0.64,0.3,achievement
USR_000672,inactive,37,25-34,tier3,0,0,0,17,False,False,False,19,0.056,0.18,1.7958889470453636,0.0,evening,0.0,0.0,0.20555555555555555,0.4514853393251934,0.0,0.06927710843373494,0.14444444444444446,0.1172,0.8823,0.2257,0.0,0.0867,0.12,gamification
USR_000673,trial,1,18-24,tier1,4,9,0,72,True,True,True,22,0.416,0.47,2.665812336096604,0.0,night,0.17391304347826086,0.45,0.005555555555555556,0.6701835261695945,0.0,0.6114457831325301,0.4666666666666667,0.6542,0.567,0.3351,0.78,0.68,1.0,social
USR_000674,paid,17,25-34,tier1,11,12,8,375,False,True,True,8,0.37,0.65,3.684260882373545,3.1699250014423126,early_morning,0.4782608695652174,0.6,0.09444444444444444,0.926220843097009,0.6180054777578524,0.5421686746987951,0.6666666666666667,0.8934,0.303,0.7721,0.24,0.8,1.0,social
USR_000675,paid,51,35-44,tier1,17,9,16,272,True,True,False,7,0.281,0.64,3.4853607907752355,4.08746284125034,early_morning,0.7391304347826086,0.45,0.2833333333333333,0.8762174865449146,0.7968877575573631,0.40813253012048195,0.6555555555555556,0.8828,0.3335,0.8366,0.78,0.3933,1.0,social
USR_000676,paid,22,18-24,tier3,20,4,7,245,False,True,True,14,0.284,0.54,3.420654809607502,3.0,afternoon,0.8695652173913043,0.2,0.12222222222222222,0.8599504440243027,0.5848770656813589,0.41265060240963847,0.5444444444444445,0.7499,0.4076,0.7224,0.08,0.7267,0.82,social
USR_000677,churned,132,25-34,tier2,2,0,0,10,False,False,True,19,0.088,0.35,1.4898961024049782,0.0,evening,0.08695652173913043,0.0,0.7333333333333333,0.3745589327559926,0.0,0.11746987951807228,0.33333333333333337,0.141,0.8122,0.1873,0.0,0.6,0.21,achievement
USR_000678,churned,144,45+,tier2,1,1,0,4,False,False,False,9,0.088,0.26,1.0,0.0,mid_morning,0.043478260869565216,0.05,0.8,0.2513993641243726,0.0,0.11746987951807228,0.23333333333333336,0.1591,0.832,0.1257,0.02,0.14,0.21,social
USR_000679,paid,40,35-44,tier3,12,7,22,246,False,True,True,7,0.391,0.71,3.423175441602233,4.523561956057013,early_morning,0.5217391304347826,0.35,0.2222222222222222,0.8605841293049696,0.8819092144288181,0.5737951807228916,0.7333333333333333,0.7295,0.3401,0.8712,0.14,0.84,0.82,gamification
USR_000680,trial,2,18-24,tier2,11,3,2,33,False,False,False,22,0.301,0.41,2.1910509857959815,1.5849625007211563,night,0.4782608695652174,0.15,0.011111111111111112,0.5508288245931894,0.3090027388789262,0.4382530120481927,0.4,0.4735,0.7168,0.4299,0.06,0.24,0.21,gamification
USR_000681,trial,4,18-24,tier1,9,10,5,80,False,False,False,18,0.451,0.74,2.7304247779439415,2.584962500721156,evening,0.391304347826087,0.5,0.022222222222222223,0.6864270529645381,0.5039617607727125,0.664156626506024,0.7666666666666667,0.8049,0.3528,0.5952,0.2,0.46,0.3,gamification
USR_000682,trial,4,35-44,tier2,6,2,1,10,False,False,True,17,0.414,0.53,1.4898961024049782,1.0,late_afternoon,0.2608695652173913,0.1,0.022222222222222223,0.3745589327559926,0.1949590218937863,0.6084337349397589,0.5333333333333334,0.292,0.66,0.2848,0.04,0.72,0.21,achievement
USR_000683,inactive,65,18-24,tier3,0,0,0,20,True,False,False,17,0.029,0.13,1.8916681496081529,0.0,late_afternoon,0.0,0.0,0.3611111111111111,0.4755641699458181,0.0,0.028614457831325303,0.0888888888888889,0.1172,0.9054,0.2378,0.6,0.0533,0.12,learning
USR_000684,churned,110,25-34,tier2,1,0,0,6,False,False,False,20,0.133,0.4,1.2090619551221675,0.0,evening,0.043478260869565216,0.0,0.6111111111111112,0.30395740670468363,0.0,0.1852409638554217,0.38888888888888895,0.1287,0.7886,0.152,0.0,0.2333,0.21,achievement
USR_000685,trial,1,18-24,tier1,12,9,5,45,True,False,False,21,0.313,0.51,2.378868651539773,2.584962500721156,night,0.5217391304347826,0.45,0.005555555555555556,0.5980460663325026,0.5039617607727125,0.45632530120481923,0.5111111111111112,0.8157,0.5122,0.551,0.78,0.3067,0.3,learning
USR_000686,inactive,19,35-44,tier2,0,0,0,29,False,False,False,7,0.017,0.13,2.1132827525593787,0.0,early_morning,0.0,0.0,0.10555555555555556,0.5312779402084316,0.0,0.010542168674698796,0.0888888888888889,0.1172,0.909,0.2656,0.0,0.0533,0.21,gamification
USR_000687,trial,6,18-24,tier1,9,7,3,42,False,False,True,21,0.298,0.52,2.336965027750064,2.0,night,0.391304347826087,0.35,0.03333333333333333,0.5875115219572629,0.3899180437875726,0.4337349397590361,0.5222222222222223,0.6622,0.5387,0.4887,0.14,0.7133,0.3,achievement
USR_000688,trial,3,18-24,tier1,9,8,1,64,False,True,True,14,0.381,0.44,2.5936926411670824,1.0,afternoon,0.391304347826087,0.4,0.016666666666666666,0.652052680723469,0.1949590218937863,0.5587349397590361,0.4333333333333334,0.7152,0.5611,0.4235,0.16,0.66,1.0,social
USR_000689,paid,105,18-24,tier3,14,17,25,505,True,True,True,23,0.342,0.64,3.868764753944751,4.700439718141093,night,0.6086956521739131,0.85,0.5833333333333334,0.9726049990884952,0.9163931299194921,0.5,0.6555555555555556,0.9755,0.2837,0.9445,0.94,0.7933,0.82,gamification
USR_000690,inactive,65,35-44,tier2,0,0,0,15,False,False,False,19,0.059,0.12,1.7227062322935722,0.0,evening,0.0,0.0,0.3611111111111111,0.43308725137169773,0.0,0.07379518072289155,0.07777777777777778,0.1172,0.8994,0.2165,0.0,0.0467,0.21,gamification
USR_000691,trial,7,25-34,tier2,9,5,1,25,True,True,True,16,0.368,0.86,2.0243691992404753,1.0,late_afternoon,0.391304347826087,0.25,0.03888888888888889,0.5089251294420208,0.1949590218937863,0.539156626506024,0.9,0.5442,0.4553,0.3519,0.7,0.94,0.91,achievement
USR_000692,paid,56,25-34,tier1,15,9,10,231,True,True,True,15,0.495,0.65,3.384248208387679,3.4594316186372978,late_afternoon,0.6521739130434783,0.45,0.3111111111111111,0.8507978476277096,0.6744474046779656,0.7304216867469879,0.6666666666666667,0.859,0.2816,0.7626,0.78,0.8,1.0,social
USR_000693,trial,4,18-24,tier1,5,6,2,54,False,True,True,15,0.478,0.84,2.489896102404978,1.5849625007211563,late_afternoon,0.21739130434782608,0.3,0.022222222222222223,0.6259582968803652,0.3090027388789262,0.7048192771084336,0.8777777777777778,0.5,0.4451,0.4675,0.12,0.9267,1.0,social
USR_000694,paid,89,18-24,tier1,9,12,23,297,True,True,True,16,0.535,0.54,3.5398032086178266,4.584962500721157,late_afternoon,0.391304347826087,0.6,0.49444444444444446,0.8899042757719354,0.8938798045602853,0.7906626506024096,0.5444444444444445,0.8713,0.2961,0.8919,0.84,0.7267,1.0,social
USR_000695,trial,7,18-24,tier1,4,2,3,28,True,True,True,20,0.423,0.57,2.0922185341675,2.0,evening,0.17391304347826086,0.1,0.03888888888888889,0.5259824090989363,0.3899180437875726,0.6219879518072289,0.5777777777777777,0.2501,0.6623,0.458,0.64,0.7467,1.0,social
USR_000696,paid,119,25-34,tier1,8,5,23,140,False,True,True,8,0.333,0.72,3.0748374026393512,4.584962500721157,early_morning,0.34782608695652173,0.25,0.6611111111111111,0.7730121678093703,0.8938798045602853,0.4864457831325301,0.7444444444444445,0.5177,0.4293,0.8334,0.1,0.8467,1.0,social
USR_000697,trial,5,25-34,tier2,12,4,3,56,True,True,False,21,0.401,0.58,2.512088994921136,2.0,night,0.5217391304347826,0.2,0.027777777777777776,0.6315375759470078,0.3899180437875726,0.588855421686747,0.5888888888888889,0.5617,0.5291,0.5107,0.68,0.3533,0.91,social
USR_000698,paid,89,18-24,tier2,6,20,30,522,True,True,True,21,0.64,0.8,3.8892966393453383,4.954196310386876,night,0.2608695652173913,1.0,0.49444444444444446,0.9777667020224773,0.9658652669428303,0.9487951807228915,0.8333333333333334,0.9728,0.161,0.9718,1.0,0.9,0.91,learning
USR_000699,churned,57,18-24,tier3,3,1,0,21,False,False,False,15,0.1,0.37,1.9205726604783713,0.0,late_afternoon,0.13043478260869565,0.05,0.31666666666666665,0.48283074559891703,0.0,0.13554216867469882,0.3555555555555556,0.1896,0.7831,0.2414,0.02,0.2133,0.12,gamification
USR_000700,paid,47,25-34,tier3,7,12,21,208,True,True,True,19,0.435,0.88,3.319378902840129,4.459431618637297,evening,0.30434782608695654,0.6,0.2611111111111111,0.8344897454618659,0.8694064265717518,0.6400602409638554,0.9222222222222223,0.8456,0.2405,0.8519,0.84,0.9533,0.82,achievement
USR_000701,paid,27,25-34,tier2,13,8,18,167,True,True,True,16,0.328,0.57,3.183697823828332,4.247927513443585,late_afternoon,0.5652173913043478,0.4,0.15,0.8003796084745914,0.8281717930966652,0.47891566265060237,0.5777777777777777,0.7935,0.3719,0.8143,0.76,0.7467,0.91,social
USR_000702,paid,114,18-24,tier2,5,8,14,230,False,True,True,13,0.297,0.63,3.381564252013131,3.9068905956085187,afternoon,0.21739130434782608,0.4,0.6333333333333333,0.8501231027018107,0.761683569165869,0.43222891566265054,0.6444444444444445,0.6215,0.426,0.8059,0.16,0.7867,0.91,social
USR_000703,inactive,24,18-24,tier2,0,0,0,19,False,False,False,22,0.069,0.11,1.8613531161467862,0.0,night,0.0,0.0,0.13333333333333333,0.4679429898102215,0.0,0.08885542168674698,0.06666666666666667,0.1172,0.8994,0.234,0.0,0.04,0.21,gamification
USR_000704,paid,120,18-24,tier2,11,13,24,501,True,True,True,11,0.443,0.59,3.8638334984210547,4.643856189774724,mid_morning,0.4782608695652174,0.65,0.6666666666666666,0.9713652845855031,0.9053616605738856,0.6521084337349398,0.6,0.9148,0.2918,0.9384,0.86,0.76,0.91,gamification
USR_000705,trial,1,35-44,tier3,3,4,1,20,False,True,True,13,0.319,0.78,1.8916681496081529,1.0,afternoon,0.13043478260869565,0.2,0.005555555555555556,0.4755641699458181,0.1949590218937863,0.4653614457831325,0.8111111111111111,0.3299,0.646,0.3353,0.08,0.8867,0.82,achievement
USR_000706,inactive,25,18-24,tier3,1,0,0,48,False,False,False,19,0.028,0.11,2.418123910244335,0.0,evening,0.043478260869565216,0.0,0.1388888888888889,0.6079148134093673,0.0,0.02710843373493976,0.06666666666666667,0.1287,0.9071,0.304,0.0,0.04,0.12,gamification
USR_000707,churned,148,18-24,tier2,2,2,0,18,True,False,False,16,0.025,0.12,1.8294828004351504,0.0,late_afternoon,0.08695652173913043,0.1,0.8222222222222222,0.4599308127058732,0.0,0.022590361445783132,0.07777777777777778,0.2124,0.8716,0.23,0.64,0.0467,0.21,learning
USR_000708,paid,23,25-34,tier3,16,13,22,309,True,True,True,16,0.321,0.52,3.564332773050716,4.523561956057013,late_afternoon,0.6956521739130435,0.65,0.12777777777777777,0.8960709926726116,0.8819092144288181,0.4683734939759036,0.5222222222222223,0.9481,0.3316,0.889,0.86,0.7133,0.82,gamification
USR_000709,paid,111,25-34,tier3,12,13,6,462,False,True,True,9,0.392,0.5,3.8135842374954296,2.807354922057604,mid_morning,0.5217391304347826,0.65,0.6166666666666667,0.9587326523410813,0.5473191697130572,0.575301204819277,0.5000000000000001,0.9227,0.327,0.753,0.26,0.7,0.82,social
USR_000710,trial,2,18-24,tier2,11,10,4,70,False,False,True,18,0.404,0.81,2.6485519224500402,2.321928094887362,evening,0.4782608695652174,0.5,0.011111111111111112,0.6658442691543247,0.4526808302869428,0.5933734939759036,0.8444444444444446,0.8361,0.3616,0.5593,0.2,0.9067,0.21,achievement
USR_000711,trial,3,25-34,tier1,6,4,4,44,False,False,True,18,0.219,0.84,2.3652123889719707,2.321928094887362,evening,0.2608695652173913,0.2,0.016666666666666666,0.5946128906066416,0.4526808302869428,0.3147590361445783,0.8777777777777778,0.4038,0.6249,0.5236,0.08,0.9267,0.3,achievement
USR_000712,churned,60,18-24,tier2,1,0,0,29,False,False,True,23,0.127,0.29,2.1132827525593787,0.0,night,0.043478260869565216,0.0,0.3333333333333333,0.5312779402084316,0.0,0.17620481927710843,0.26666666666666666,0.1287,0.8234,0.2656,0.0,0.56,0.21,achievement
USR_000713,inactive,34,25-34,tier1,0,0,0,46,False,False,True,18,0.032,0.13,2.392231208153366,0.0,evening,0.0,0.0,0.18888888888888888,0.6014054045682358,0.0,0.03313253012048192,0.0888888888888889,0.1172,0.9045,0.3007,0.0,0.4533,0.3,achievement
USR_000714,paid,25,25-34,tier3,9,14,11,335,False,True,True,16,0.496,0.68,3.614374381901725,3.5849625007211565,late_afternoon,0.391304347826087,0.7,0.1388888888888889,0.9086514213175159,0.6989207826664989,0.7319277108433735,0.7000000000000001,0.9175,0.2522,0.8038,0.28,0.82,0.82,achievement
USR_000715,churned,179,25-34,tier2,1,0,0,48,False,True,True,21,0.075,0.36,2.418123910244335,0.0,night,0.043478260869565216,0.0,0.9944444444444445,0.6079148134093673,0.0,0.09789156626506024,0.3444444444444445,0.1287,0.818,0.304,0.0,0.6067,0.91,social
USR_000716,trial,3,35-44,tier3,3,8,4,48,False,False,True,8,0.164,0.53,2.418123910244335,2.321928094887362,early_morning,0.13043478260869565,0.4,0.016666666666666666,0.6079148134093673,0.4526808302869428,0.2319277108433735,0.5333333333333334,0.5704,0.6764,0.5303,0.16,0.72,0.12,achievement
USR_000717,paid,11,25-34,tier2,19,8,22,259,False,True,True,11,0.42,0.67,3.4550457573138686,4.523561956057013,mid_morning,0.8260869565217391,0.4,0.06111111111111111,0.8685963064093178,0.8819092144288181,0.6174698795180722,0.688888888888889,0.8791,0.3214,0.8753,0.16,0.8133,0.91,social
USR_000718,trial,3,18-24,tier3,4,2,7,12,True,True,True,21,0.311,0.45,1.5936926411670824,3.0,night,0.17391304347826086,0.1,0.016666666666666666,0.4006533165990964,0.5848770656813589,0.45331325301204817,0.44444444444444453,0.2501,0.806,0.4928,0.64,0.6667,0.82,social
USR_000719,trial,7,25-34,tier3,4,3,5,45,False,False,False,20,0.307,0.65,2.378868651539773,2.584962500721156,evening,0.17391304347826086,0.15,0.03888888888888889,0.5980460663325026,0.5039617607727125,0.447289156626506,0.6666666666666667,0.2994,0.6525,0.551,0.06,0.4,0.12,gamification
USR_000720,paid,108,18-24,tier1,13,5,17,251,True,True,False,16,0.504,0.52,3.4356274602409247,4.169925001442312,late_afternoon,0.5652173913043478,0.25,0.6,0.8637145588728016,0.8129644996516386,0.7439759036144578,0.5222222222222223,0.6462,0.3909,0.8383,0.7,0.3133,1.0,social
USR_000721,trial,1,35-44,tier3,7,3,3,27,True,False,True,19,0.352,0.64,2.0704150712689535,2.0,evening,0.30434782608695654,0.15,0.005555555555555556,0.5205010323905325,0.3899180437875726,0.5150602409638554,0.6555555555555556,0.3702,0.6652,0.4552,0.66,0.7933,0.12,achievement
USR_000722,churned,81,18-24,tier2,1,1,0,4,False,False,False,22,0.043,0.26,1.0,0.0,night,0.043478260869565216,0.05,0.45,0.2513993641243726,0.0,0.04969879518072288,0.23333333333333336,0.1591,0.8455,0.1257,0.02,0.14,0.21,social
USR_000723,churned,39,25-34,tier2,1,0,0,6,False,False,False,8,0.102,0.32,1.2090619551221675,0.0,early_morning,0.043478260869565216,0.0,0.21666666666666667,0.30395740670468363,0.0,0.13855421686746988,0.30000000000000004,0.1287,0.8219,0.152,0.0,0.18,0.21,social
USR_000724,trial,6,25-34,tier2,7,8,6,88,False,True,False,9,0.334,0.51,2.7889465850494126,2.807354922057604,mid_morning,0.30434782608695654,0.4,0.03333333333333333,0.7011393980582628,0.5473191697130572,0.4879518072289157,0.5111111111111112,0.6701,0.5267,0.6242,0.16,0.3067,0.91,social
USR_000725,churned,43,25-34,tier2,1,0,0,22,False,True,True,18,0.122,0.31,1.9481920934663797,0.0,evening,0.043478260869565216,0.0,0.2388888888888889,0.4897742534895781,0.0,0.1686746987951807,0.2888888888888889,0.1287,0.8189,0.2449,0.0,0.5733,0.91,social
USR_000726,trial,3,25-34,tier1,3,1,2,8,False,False,True,20,0.471,0.74,1.3652123889719707,1.5849625007211563,evening,0.13043478260869565,0.05,0.016666666666666666,0.34321352648226905,0.3090027388789262,0.6942771084337348,0.7666666666666667,0.1896,0.673,0.3261,0.02,0.86,0.3,achievement
USR_000727,churned,76,18-24,tier1,0,0,0,4,False,True,False,20,0.097,0.37,1.0,0.0,evening,0.0,0.0,0.4222222222222222,0.2513993641243726,0.0,0.13102409638554216,0.3555555555555556,0.1172,0.813,0.1257,0.0,0.2133,1.0,social
USR_000728,trial,5,25-34,tier2,11,9,3,90,False,False,False,11,0.43,0.55,2.8027545962892497,2.0,mid_morning,0.4782608695652174,0.45,0.027777777777777776,0.7046107233037799,0.3899180437875726,0.6325301204819277,0.5555555555555556,0.7992,0.4249,0.5473,0.18,0.3333,0.21,gamification
USR_000729,churned,135,25-34,tier1,2,1,0,23,False,False,False,19,0.037,0.15,1.9746358687061647,0.0,evening,0.08695652173913043,0.05,0.75,0.49642220176990787,0.0,0.04066265060240963,0.11111111111111112,0.1738,0.8744,0.2482,0.02,0.0667,0.3,social
USR_000730,churned,90,35-44,tier1,1,1,0,5,False,True,False,12,0.098,0.11,1.1132827525593785,0.0,afternoon,0.043478260869565216,0.05,0.5,0.27987857608405897,0.0,0.13253012048192772,0.06666666666666667,0.1591,0.874,0.1399,0.02,0.04,1.0,social
USR_000731,trial,0,35-44,tier2,10,4,0,40,True,False,True,9,0.309,0.48,2.3073720570481235,0.0,mid_morning,0.43478260869565216,0.2,0.0,0.5800718679402438,0.0,0.45030120481927705,0.4777777777777778,0.5089,0.6717,0.29,0.68,0.6867,0.21,achievement
USR_000732,inactive,57,35-44,tier3,1,0,0,46,False,False,False,13,0.039,0.18,2.392231208153366,0.0,afternoon,0.043478260869565216,0.0,0.31666666666666665,0.6014054045682358,0.0,0.04367469879518072,0.14444444444444446,0.1287,0.8828,0.3007,0.0,0.0867,0.12,gamification
USR_000733,inactive,84,35-44,tier3,0,0,0,10,False,False,False,16,0.048,0.24,1.4898961024049782,0.0,late_afternoon,0.0,0.0,0.4666666666666667,0.3745589327559926,0.0,0.0572289156626506,0.21111111111111114,0.1172,0.8667,0.1873,0.0,0.1267,0.12,gamification
USR_000734,inactive,44,25-34,tier3,0,0,0,39,False,False,False,14,0.04,0.29,2.292029674220179,0.0,afternoon,0.0,0.0,0.24444444444444444,0.5762148026531458,0.0,0.04518072289156626,0.26666666666666666,0.1172,0.8541,0.2881,0.0,0.16,0.12,gamification
USR_000735,trial,0,18-24,tier2,4,7,2,84,True,False,True,18,0.448,0.53,2.760374427722588,1.5849625007211563,evening,0.17391304347826086,0.35,0.0,0.6939563758746375,0.3090027388789262,0.6596385542168675,0.5333333333333334,0.5354,0.5909,0.5015,0.74,0.72,0.21,learning
USR_000736,paid,82,25-34,tier2,20,8,20,220,True,True,True,12,0.554,0.64,3.35406706888967,4.392317422778761,afternoon,0.8695652173913043,0.4,0.45555555555555555,0.8432103283493612,0.8563219085919834,0.8192771084337349,0.6555555555555556,0.8899,0.2572,0.8498,0.76,0.7933,0.91,social
USR_000737,paid,14,18-24,tier2,9,15,9,385,True,True,True,15,0.609,0.73,3.7005698222041215,3.3219280948873626,late_afternoon,0.391304347826087,0.75,0.07777777777777778,0.9303209001999586,0.6476398521807292,0.9021084337349397,0.7555555555555555,0.9344,0.2245,0.789,0.9,0.8533,0.91,social
USR_000738,trial,0,35-44,tier3,7,4,0,44,False,True,True,11,0.411,0.56,2.3652123889719707,0.0,mid_morning,0.30434782608695654,0.2,0.0,0.5946128906066416,0.0,0.6039156626506024,0.5666666666666668,0.4296,0.6442,0.2973,0.08,0.74,0.82,social
USR_000739,trial,0,25-34,tier2,6,8,2,40,False,False,False,18,0.21,0.6,2.3073720570481235,1.5849625007211563,evening,0.2608695652173913,0.4,0.0,0.5800718679402438,0.3090027388789262,0.3012048192771084,0.611111111111111,0.6462,0.5982,0.4445,0.16,0.3667,0.21,gamification
USR_000740,trial,1,18-24,tier2,9,9,4,45,False,False,True,14,0.469,0.79,2.378868651539773,2.321928094887362,afternoon,0.391304347826087,0.45,0.005555555555555556,0.5980460663325026,0.4526808302869428,0.6912650602409638,0.8222222222222223,0.763,0.3805,0.5254,0.18,0.8933,0.21,achievement
USR_000741,churned,50,18-24,tier3,3,2,0,33,False,False,False,19,0.031,0.27,2.1910509857959815,0.0,evening,0.13043478260869565,0.1,0.2777777777777778,0.5508288245931894,0.0,0.03162650602409638,0.2444444444444445,0.2307,0.8174,0.2754,0.04,0.1467,0.12,gamification
USR_000742,churned,163,25-34,tier2,1,0,0,47,False,False,False,14,0.065,0.19,2.405312426779558,0.0,afternoon,0.043478260869565216,0.0,0.9055555555555556,0.6046940146128323,0.0,0.08283132530120482,0.15555555555555559,0.1287,0.872,0.3023,0.0,0.0933,0.21,gamification
USR_000743,inactive,66,25-34,tier2,0,0,0,8,False,False,False,15,0.053,0.28,1.3652123889719707,0.0,late_afternoon,0.0,0.0,0.36666666666666664,0.34321352648226905,0.0,0.0647590361445783,0.25555555555555565,0.1172,0.8532,0.1716,0.0,0.1533,0.21,social
USR_000744,inactive,88,18-24,tier3,1,0,0,49,False,False,False,13,0.043,0.14,2.4306765580733933,0.0,afternoon,0.043478260869565216,0.0,0.4888888888888889,0.6110705410916697,0.0,0.04969879518072288,0.10000000000000002,0.1287,0.8936,0.3055,0.0,0.06,0.12,gamification
USR_000745,trial,2,18-24,tier2,4,4,4,24,False,True,True,18,0.436,0.87,2.0,2.321928094887362,evening,0.17391304347826086,0.2,0.011111111111111112,0.5027987282487452,0.4526808302869428,0.641566265060241,0.9111111111111111,0.3538,0.56,0.4777,0.08,0.9467,0.91,achievement
USR_000746,trial,6,35-44,tier3,5,4,3,20,True,False,False,16,0.371,0.68,1.8916681496081529,2.0,late_afternoon,0.21739130434782608,0.2,0.03333333333333333,0.4755641699458181,0.3899180437875726,0.5436746987951807,0.7000000000000001,0.3785,0.5866,0.4327,0.68,0.42,0.12,learning
USR_000747,trial,6,35-44,tier3,7,7,2,91,False,False,False,16,0.444,0.7,2.809545209613166,1.5849625007211563,late_afternoon,0.30434782608695654,0.35,0.03333333333333333,0.706317879175427,0.3090027388789262,0.6536144578313252,0.7222222222222222,0.6131,0.4527,0.5077,0.14,0.4333,0.12,gamification
USR_000748,trial,5,35-44,tier2,8,5,2,25,False,True,False,8,0.291,0.46,2.0243691992404753,1.5849625007211563,early_morning,0.34782608695652173,0.25,0.027777777777777776,0.5089251294420208,0.3090027388789262,0.4231927710843373,0.45555555555555566,0.5177,0.6244,0.409,0.1,0.2733,0.91,social
USR_000749,paid,116,35-44,tier2,17,7,12,343,False,True,True,19,0.551,0.79,3.6289947019702433,3.700439718141092,evening,0.7391304347826086,0.35,0.6444444444444445,0.9123269604860361,0.7214341080257056,0.8147590361445783,0.8222222222222223,0.821,0.2424,0.8169,0.14,0.8933,0.91,social
USR_000750,trial,5,35-44,tier2,5,2,1,16,False,True,False,22,0.396,0.59,1.7603744277225881,1.0,night,0.21739130434782608,0.1,0.027777777777777776,0.4425570117502649,0.1949590218937863,0.5813253012048193,0.6,0.2705,0.6556,0.3188,0.04,0.36,0.91,social
USR_000751,churned,160,18-24,tier1,2,0,0,13,False,False,True,22,0.022,0.39,1.6397385131955606,0.0,night,0.08695652173913043,0.0,0.8888888888888888,0.41222921954760805,0.0,0.018072289156626502,0.3777777777777778,0.141,0.82,0.2061,0.0,0.6267,0.3,achievement
USR_000752,trial,7,45+,tier2,6,7,1,49,False,False,True,10,0.217,0.41,2.4306765580733933,1.0,mid_morning,0.2608695652173913,0.35,0.03888888888888889,0.6110705410916697,0.1949590218937863,0.3117469879518072,0.4,0.5876,0.6345,0.403,0.14,0.64,0.21,achievement
USR_000753,inactive,59,25-34,tier1,1,0,0,4,False,False,False,19,0.052,0.07,1.0,0.0,evening,0.043478260869565216,0.0,0.3277777777777778,0.2513993641243726,0.0,0.06325301204819277,0.02222222222222223,0.1287,0.9119,0.1257,0.0,0.0133,0.3,social
USR_000754,churned,140,18-24,tier3,0,1,0,15,False,False,False,23,0.081,0.16,1.7227062322935722,0.0,night,0.0,0.05,0.7777777777777778,0.43308725137169773,0.0,0.1069277108433735,0.12222222222222223,0.1454,0.8695,0.2165,0.02,0.0733,0.12,gamification
USR_000755,trial,3,25-34,tier3,5,3,5,24,True,True,False,22,0.473,0.77,2.0,2.584962500721156,night,0.21739130434782608,0.15,0.016666666666666666,0.5027987282487452,0.5039617607727125,0.6972891566265059,0.8,0.3222,0.5979,0.5034,0.66,0.48,0.82,social
USR_000756,trial,3,18-24,tier2,10,2,5,18,False,True,True,19,0.491,0.71,1.8294828004351504,2.584962500721156,evening,0.43478260869565216,0.1,0.016666666666666666,0.4599308127058732,0.5039617607727125,0.7243975903614457,0.7333333333333333,0.3869,0.5819,0.4819,0.04,0.84,0.91,social
USR_000757,churned,155,35-44,tier2,2,0,0,28,True,True,False,18,0.048,0.23,2.0922185341675,0.0,evening,0.08695652173913043,0.0,0.8611111111111112,0.5259824090989363,0.0,0.0572289156626506,0.2,0.141,0.8602,0.263,0.6,0.12,0.91,social
USR_000758,trial,7,25-34,tier1,11,6,2,90,True,False,False,20,0.344,0.57,2.8027545962892497,1.5849625007211563,evening,0.4782608695652174,0.3,0.03888888888888889,0.7046107233037799,0.3090027388789262,0.503012048192771,0.5777777777777777,0.6542,0.5105,0.5068,0.72,0.3467,0.3,learning
USR_000759,trial,6,18-24,tier2,4,9,2,72,False,False,True,23,0.239,0.56,2.665812336096604,1.5849625007211563,night,0.17391304347826086,0.45,0.03333333333333333,0.6701835261695945,0.3090027388789262,0.3448795180722891,0.5666666666666668,0.6542,0.5485,0.4896,0.18,0.74,0.21,achievement
USR_000760,trial,6,35-44,tier2,4,8,3,40,True,False,True,6,0.359,0.75,2.3073720570481235,2.0,early_morning,0.17391304347826086,0.4,0.03333333333333333,0.5800718679402438,0.3899180437875726,0.5256024096385542,0.7777777777777778,0.5962,0.4717,0.485,0.76,0.8667,0.21,achievement
USR_000761,churned,120,18-24,tier3,2,1,0,14,False,False,True,19,0.113,0.26,1.6826061944859854,0.0,evening,0.08695652173913043,0.05,0.6666666666666666,0.4230061273655071,0.0,0.15512048192771086,0.23333333333333336,0.1738,0.8186,0.2115,0.02,0.54,0.12,achievement
USR_000762,trial,6,18-24,tier2,5,9,7,63,True,False,True,17,0.281,0.42,2.5840593484403582,3.0,late_afternoon,0.21739130434782608,0.45,0.03333333333333333,0.6496308770575465,0.5848770656813589,0.40813253012048195,0.41111111111111115,0.6778,0.5704,0.6173,0.78,0.6467,0.21,learning
USR_000763,trial,3,18-24,tier2,3,9,6,117,False,False,False,22,0.182,0.59,2.9641930189469203,2.807354922057604,night,0.13043478260869565,0.45,0.016666666666666666,0.7451962401051601,0.5473191697130572,0.2590361445783132,0.6,0.6298,0.6198,0.6463,0.18,0.36,0.21,gamification
USR_000764,churned,33,35-44,tier2,2,1,0,27,False,False,False,19,0.094,0.12,2.0704150712689535,0.0,evening,0.08695652173913043,0.05,0.18333333333333332,0.5205010323905325,0.0,0.12650602409638553,0.07777777777777778,0.1738,0.8663,0.2603,0.02,0.0467,0.21,gamification
USR_000765,paid,33,18-24,tier2,7,20,21,487,True,True,True,16,0.37,0.67,3.8462592175991226,4.459431618637297,late_afternoon,0.30434782608695654,1.0,0.18333333333333332,0.9669471215619262,0.8694064265717518,0.5421686746987951,0.688888888888889,0.9755,0.268,0.9182,1.0,0.8133,0.91,learning
USR_000766,trial,5,25-34,tier2,10,8,3,72,True,False,True,16,0.204,0.69,2.665812336096604,2.0,late_afternoon,0.43478260869565216,0.4,0.027777777777777776,0.6701835261695945,0.3899180437875726,0.29216867469879515,0.711111111111111,0.7364,0.481,0.5301,0.76,0.8267,0.21,achievement
USR_000767,trial,1,35-44,tier3,7,3,5,24,True,True,False,15,0.433,0.63,2.0,2.584962500721156,late_afternoon,0.30434782608695654,0.15,0.005555555555555556,0.5027987282487452,0.5039617607727125,0.6370481927710843,0.6444444444444445,0.3702,0.6396,0.5034,0.66,0.3867,0.82,social
USR_000768,trial,5,25-34,tier2,11,2,5,24,False,True,True,17,0.332,0.7,2.0,2.584962500721156,late_afternoon,0.4782608695652174,0.1,0.027777777777777776,0.5027987282487452,0.5039617607727125,0.48493975903614456,0.7222222222222222,0.4124,0.578,0.5034,0.04,0.8333,0.91,social
USR_000769,trial,7,25-34,tier2,8,9,7,54,True,False,True,19,0.191,0.44,2.489896102404978,3.0,evening,0.34782608695652173,0.45,0.03888888888888889,0.6259582968803652,0.5848770656813589,0.27259036144578314,0.4333333333333334,0.7432,0.5648,0.6054,0.78,0.66,0.21,learning
USR_000770,trial,0,25-34,tier3,10,5,4,45,True,False,True,6,0.203,0.66,2.378868651539773,2.321928094887362,early_morning,0.43478260869565216,0.25,0.0,0.5980460663325026,0.4526808302869428,0.29066265060240964,0.6777777777777778,0.5704,0.6155,0.5254,0.7,0.8067,0.12,achievement
USR_000771,churned,112,35-44,tier2,1,0,0,16,False,False,False,17,0.068,0.13,1.7603744277225881,0.0,late_afternoon,0.043478260869565216,0.0,0.6222222222222222,0.4425570117502649,0.0,0.08734939759036145,0.0888888888888889,0.1287,0.8891,0.2213,0.0,0.0533,0.21,gamification
USR_000772,paid,103,18-24,tier2,18,18,7,309,False,True,True,13,0.309,0.74,3.564332773050716,3.0,afternoon,0.782608695652174,0.9,0.5722222222222222,0.8960709926726116,0.5848770656813589,0.45030120481927705,0.7666666666666667,0.9873,0.2613,0.7405,0.36,0.86,0.91,social
USR_000773,churned,147,18-24,tier1,1,0,0,17,False,False,False,20,0.111,0.15,1.7958889470453636,0.0,evening,0.043478260869565216,0.0,0.8166666666666667,0.4514853393251934,0.0,0.15210843373493976,0.11111111111111112,0.1287,0.8702,0.2257,0.0,0.0667,0.3,social
USR_000774,trial,4,35-44,tier2,5,7,6,49,False,True,False,6,0.233,0.64,2.4306765580733933,2.807354922057604,early_morning,0.21739130434782608,0.35,0.022222222222222223,0.6110705410916697,0.5473191697130572,0.3358433734939759,0.6555555555555556,0.5617,0.5648,0.5792,0.14,0.3933,0.91,social
USR_000775,trial,6,18-24,tier3,6,8,4,64,False,False,False,18,0.205,0.54,2.5936926411670824,2.321928094887362,evening,0.2608695652173913,0.4,0.03333333333333333,0.652052680723469,0.4526808302869428,0.29367469879518066,0.5444444444444445,0.6462,0.5698,0.5524,0.16,0.3267,0.12,gamification
USR_000776,inactive,32,18-24,tier3,0,0,0,19,False,False,False,18,0.039,0.07,1.8613531161467862,0.0,evening,0.0,0.0,0.17777777777777778,0.4679429898102215,0.0,0.04367469879518072,0.02222222222222223,0.1172,0.9204,0.234,0.0,0.0133,0.12,gamification
USR_000777,paid,56,18-24,tier2,19,16,14,374,True,True,True,14,0.368,0.88,3.6826061944859854,3.9068905956085187,afternoon,0.8260869565217391,0.8,0.3111111111111111,0.9258048556142523,0.761683569165869,0.539156626506024,0.9222222222222223,0.9814,0.2097,0.8437,0.92,0.9533,0.91,achievement
USR_000778,churned,94,25-34,tier2,2,1,0,13,True,False,False,18,0.094,0.2,1.6397385131955606,0.0,evening,0.08695652173913043,0.05,0.5222222222222223,0.41222921954760805,0.0,0.12650602409638553,0.1666666666666667,0.1738,0.8423,0.2061,0.62,0.1,0.21,learning
USR_000779,paid,32,35-44,tier3,9,5,20,219,True,True,True,9,0.27,0.45,3.351249218551765,4.392317422778761,mid_morning,0.391304347826087,0.25,0.17777777777777778,0.8425019225662141,0.8563219085919834,0.39156626506024095,0.44444444444444453,0.5442,0.5097,0.8494,0.7,0.6667,0.82,gamification
USR_000780,paid,90,18-24,tier2,10,12,4,466,True,True,True,21,0.604,0.81,3.818929087095532,2.321928094887362,night,0.43478260869565216,0.6,0.5,0.9600763441318874,0.4526808302869428,0.894578313253012,0.8444444444444446,0.8828,0.2004,0.7064,0.84,0.9067,0.91,social
USR_000781,paid,104,25-34,tier3,13,5,12,129,True,True,True,20,0.321,0.78,3.0243691992404753,3.700439718141092,evening,0.5652173913043478,0.25,0.5777777777777777,0.7603244935663934,0.7214341080257056,0.4683734939759036,0.8111111111111111,0.6462,0.3701,0.7409,0.7,0.8867,0.82,achievement
USR_000782,paid,117,25-34,tier2,13,18,8,560,True,True,True,13,0.541,0.78,3.932876724613551,3.1699250014423126,afternoon,0.5652173913043478,0.9,0.65,0.9887227077473919,0.6180054777578524,0.7996987951807228,0.8111111111111111,0.9787,0.191,0.8034,0.96,0.8867,0.91,learning
USR_000783,trial,0,25-34,tier2,3,9,3,63,True,True,True,9,0.349,0.76,2.5840593484403582,2.0,mid_morning,0.13043478260869565,0.45,0.0,0.6496308770575465,0.3899180437875726,0.5105421686746987,0.788888888888889,0.6298,0.4985,0.5198,0.78,0.8733,0.91,social
USR_000784,paid,47,35-44,tier3,8,8,10,193,True,True,True,6,0.307,0.68,3.2731043045309303,3.4594316186372978,early_morning,0.34782608695652173,0.4,0.2611111111111111,0.8228563408718226,0.6744474046779656,0.447289156626506,0.7000000000000001,0.6931,0.384,0.7487,0.76,0.82,0.82,achievement
USR_000785,trial,2,25-34,tier1,9,3,2,24,False,True,False,18,0.4,0.42,2.0,1.5849625007211563,evening,0.391304347826087,0.15,0.011111111111111112,0.5027987282487452,0.3090027388789262,0.5873493975903614,0.41111111111111115,0.421,0.7027,0.4059,0.06,0.2467,1.0,social
USR_000786,churned,127,25-34,tier2,2,0,0,44,False,False,False,9,0.047,0.19,2.3652123889719707,0.0,mid_morning,0.08695652173913043,0.0,0.7055555555555556,0.5946128906066416,0.0,0.05572289156626505,0.15555555555555559,0.141,0.8725,0.2973,0.0,0.0933,0.21,gamification
USR_000787,paid,54,18-24,tier2,11,14,17,385,False,True,True,17,0.48,0.78,3.7005698222041215,4.169925001442312,late_afternoon,0.4782608695652174,0.7,0.3,0.9303209001999586,0.8129644996516386,0.7078313253012047,0.8111111111111111,0.9322,0.2242,0.8716,0.28,0.8867,0.91,social
USR_000788,trial,3,35-44,tier3,5,8,3,48,True,False,True,7,0.254,0.69,2.418123910244335,2.0,early_morning,0.21739130434782608,0.4,0.016666666666666666,0.6079148134093673,0.3899180437875726,0.36746987951807225,0.711111111111111,0.6215,0.5618,0.4989,0.76,0.8267,0.12,achievement
USR_000789,paid,67,25-34,tier2,14,9,13,378,True,True,True,20,0.292,0.76,3.6891986694302155,3.8073549220576037,evening,0.6086956521739131,0.45,0.37222222222222223,0.9274621996232375,0.7422781916068435,0.42469879518072284,0.788888888888889,0.8456,0.3116,0.8349,0.78,0.8733,0.91,social
USR_000790,trial,5,25-34,tier1,5,5,1,40,False,False,False,15,0.252,0.39,2.3073720570481235,1.0,late_afternoon,0.21739130434782608,0.25,0.027777777777777776,0.5800718679402438,0.1949590218937863,0.3644578313253012,0.3777777777777778,0.4383,0.6953,0.3875,0.1,0.2267,0.3,gamification
USR_000791,trial,6,25-34,tier2,5,10,6,110,False,True,True,19,0.509,0.78,2.9261956394389146,2.807354922057604,evening,0.21739130434782608,0.5,0.03333333333333333,0.7356437230584549,0.5473191697130572,0.7515060240963854,0.8111111111111111,0.7295,0.3537,0.6415,0.2,0.8867,0.91,social
USR_000792,paid,46,18-24,tier1,19,18,29,345,False,True,True,16,0.567,0.59,3.6325966537072687,4.906890595608519,late_afternoon,0.8260869565217391,0.9,0.25555555555555554,0.913232488862331,0.9566425910596553,0.8388554216867469,0.6,0.9886,0.2317,0.9349,0.36,0.76,1.0,social
USR_000793,churned,131,18-24,tier2,0,0,0,15,False,True,False,14,0.029,0.36,1.7227062322935722,0.0,afternoon,0.0,0.0,0.7277777777777777,0.43308725137169773,0.0,0.028614457831325303,0.3444444444444445,0.1172,0.8364,0.2165,0.0,0.2067,0.91,social
USR_000794,trial,0,25-34,tier3,7,4,3,24,False,False,False,20,0.414,0.74,2.0,2.0,evening,0.30434782608695654,0.2,0.0,0.5027987282487452,0.3899180437875726,0.6084337349397589,0.7666666666666667,0.4296,0.5783,0.4464,0.08,0.46,0.12,achievement
USR_000795,paid,59,18-24,tier3,18,18,27,286,True,True,True,18,0.566,0.83,3.5164340121702913,4.807354922057604,evening,0.782608695652174,0.9,0.3277777777777778,0.8840292746449274,0.9372372135006297,0.8373493975903613,0.8666666666666667,0.9873,0.1676,0.9106,0.96,0.92,0.82,learning
USR_000796,inactive,60,18-24,tier1,0,0,0,27,False,False,False,14,0.024,0.24,2.0704150712689535,0.0,afternoon,0.0,0.0,0.3333333333333333,0.5205010323905325,0.0,0.02108433734939759,0.21111111111111114,0.1172,0.8739,0.2603,0.0,0.1267,0.3,social
USR_000797,trial,2,25-34,tier1,5,4,5,48,False,False,True,18,0.376,0.4,2.418123910244335,2.584962500721156,evening,0.21739130434782608,0.2,0.011111111111111112,0.6079148134093673,0.5039617607727125,0.5512048192771084,0.38888888888888895,0.3785,0.739,0.5559,0.08,0.6333,0.3,achievement
USR_000798,churned,133,18-24,tier3,2,0,0,49,False,False,False,23,0.062,0.27,2.4306765580733933,0.0,night,0.08695652173913043,0.0,0.7388888888888889,0.6110705410916697,0.0,0.07831325301204818,0.2444444444444445,0.141,0.844,0.3055,0.0,0.1467,0.12,gamification
USR_000799,trial,1,25-34,tier3,8,8,3,88,False,True,True,14,0.406,0.59,2.7889465850494126,2.0,afternoon,0.34782608695652173,0.4,0.005555555555555556,0.7011393980582628,0.3899180437875726,0.5963855421686747,0.6,0.6931,0.5087,0.5455,0.16,0.76,0.82,social
USR_000800,paid,27,25-34,tier2,5,18,23,279,True,True,True,15,0.417,0.62,3.501091629342347,4.584962500721157,late_afternoon,0.21739130434782608,0.9,0.15,0.8801722093578295,0.8938798045602853,0.6129518072289156,0.6333333333333333,0.9515,0.2775,0.887,0.96,0.78,0.91,learning
USR_000801,inactive,90,25-34,tier1,1,0,0,20,False,False,False,14,0.01,0.12,1.8916681496081529,0.0,afternoon,0.043478260869565216,0.0,0.5,0.4755641699458181,0.0,0.0,0.07777777777777778,0.1287,0.9095,0.2378,0.0,0.0467,0.3,social
USR_000802,trial,0,18-24,tier1,8,5,1,60,True,True,True,22,0.279,0.67,2.554229543378943,1.0,night,0.34782608695652173,0.25,0.0,0.6421316830331528,0.1949590218937863,0.40512048192771083,0.688888888888889,0.5177,0.6099,0.4185,0.7,0.8133,1.0,social
USR_000803,churned,164,18-24,tier3,1,0,0,46,False,False,False,12,0.066,0.11,2.392231208153366,0.0,afternoon,0.043478260869565216,0.0,0.9111111111111111,0.6014054045682358,0.0,0.08433734939759036,0.06666666666666667,0.1287,0.8957,0.3007,0.0,0.04,0.12,gamification
USR_000804,trial,6,35-44,tier3,5,3,4,42,False,True,False,21,0.43,0.68,2.336965027750064,2.321928094887362,night,0.21739130434782608,0.15,0.03333333333333333,0.5875115219572629,0.4526808302869428,0.6325301204819277,0.7000000000000001,0.3222,0.592,0.5201,0.06,0.42,0.82,social
USR_000805,trial,3,18-24,tier2,10,2,4,10,False,True,False,14,0.302,0.51,1.4898961024049782,2.321928094887362,afternoon,0.43478260869565216,0.1,0.016666666666666666,0.3745589327559926,0.4526808302869428,0.4397590361445783,0.5111111111111112,0.3869,0.722,0.4136,0.04,0.3067,0.91,social
USR_000806,paid,42,35-44,tier2,4,6,22,156,True,True,True,16,0.321,0.75,3.1416221565834026,4.523561956057013,late_afternoon,0.17391304347826086,0.3,0.23333333333333334,0.7898018124841075,0.8819092144288181,0.4683734939759036,0.7777777777777778,0.4735,0.4404,0.8359,0.72,0.8667,0.91,social
USR_000807,churned,147,18-24,tier2,2,1,0,29,False,True,False,17,0.065,0.22,2.1132827525593787,0.0,late_afternoon,0.08695652173913043,0.05,0.8166666666666667,0.5312779402084316,0.0,0.08283132530120482,0.18888888888888888,0.1738,0.845,0.2656,0.02,0.1133,0.91,social
USR_000808,inactive,35,25-34,tier2,1,0,0,33,False,False,False,14,0.025,0.26,2.1910509857959815,0.0,afternoon,0.043478260869565216,0.0,0.19444444444444445,0.5508288245931894,0.0,0.022590361445783132,0.23333333333333336,0.1287,0.863,0.2754,0.0,0.14,0.21,gamification
USR_000809,paid,94,18-24,tier2,13,7,21,285,True,True,True,21,0.391,0.78,3.5142653016454535,4.459431618637297,night,0.5652173913043478,0.35,0.5222222222222223,0.8834840621980133,0.8694064265717518,0.5737951807228916,0.8111111111111111,0.7499,0.3139,0.8764,0.74,0.8867,0.91,social
USR_000810,paid,116,25-34,tier2,7,10,9,370,True,False,True,23,0.56,0.55,3.6759430214116313,3.3219280948873626,night,0.30434782608695654,0.5,0.6444444444444445,0.924129738140309,0.6476398521807292,0.8283132530120482,0.5555555555555556,0.7693,0.3233,0.7859,0.8,0.7333,0.21,learning
USR_000811,churned,111,25-34,tier2,2,1,0,25,False,False,False,17,0.044,0.31,2.0243691992404753,0.0,late_afternoon,0.08695652173913043,0.05,0.6166666666666667,0.5089251294420208,0.0,0.051204819277108425,0.2888888888888889,0.1738,0.8243,0.2545,0.02,0.1733,0.21,gamification
USR_000812,paid,65,25-34,tier3,7,16,13,525,False,False,True,18,0.279,0.5,3.892850519012642,3.8073549220576037,evening,0.30434782608695654,0.8,0.3611111111111111,0.978660145111012,0.7422781916068435,0.40512048192771083,0.5000000000000001,0.9366,0.3525,0.8605,0.32,0.7,0.12,gamification
USR_000813,paid,25,25-34,tier2,14,11,5,276,True,True,True,8,0.506,0.76,3.4943985491690213,2.584962500721156,early_morning,0.6086956521739131,0.55,0.1388888888888889,0.8784895732582221,0.5039617607727125,0.7469879518072289,0.788888888888889,0.8999,0.2342,0.6912,0.82,0.8733,0.91,social
USR_000814,trial,6,25-34,tier3,7,8,5,80,False,False,True,21,0.421,0.48,2.7304247779439415,2.584962500721156,night,0.30434782608695654,0.4,0.03333333333333333,0.6864270529645381,0.5039617607727125,0.6189759036144578,0.4777777777777778,0.6701,0.5078,0.5952,0.16,0.6867,0.12,achievement
USR_000815,trial,7,18-24,tier1,7,7,3,49,True,False,False,21,0.406,0.52,2.4306765580733933,2.0,night,0.30434782608695654,0.35,0.03888888888888889,0.6110705410916697,0.3899180437875726,0.5963855421686747,0.5222222222222223,0.6131,0.5246,0.5005,0.74,0.3133,0.3,learning
USR_000816,trial,0,25-34,tier1,8,4,3,56,False,False,False,21,0.33,0.6,2.512088994921136,2.0,night,0.34782608695652173,0.2,0.0,0.6315375759470078,0.3899180437875726,0.4819277108433735,0.611111111111111,0.4558,0.6464,0.5107,0.08,0.3667,0.3,gamification
USR_000817,paid,69,25-34,tier1,16,4,23,255,True,True,True,21,0.526,0.83,3.4454124645871445,4.584962500721157,night,0.6956521739130435,0.2,0.38333333333333336,0.8661745027433955,0.8938798045602853,0.7771084337349398,0.8666666666666667,0.6622,0.2955,0.88,0.68,0.92,1.0,social
USR_000818,churned,178,18-24,tier3,2,0,0,41,False,False,False,14,0.027,0.22,2.322344707681546,0.0,afternoon,0.08695652173913043,0.0,0.9888888888888889,0.5838359827887426,0.0,0.025602409638554216,0.18888888888888888,0.141,0.8695,0.2919,0.0,0.1133,0.12,gamification
USR_000819,churned,92,25-34,tier3,2,0,0,33,False,False,False,6,0.031,0.2,2.1910509857959815,0.0,early_morning,0.08695652173913043,0.0,0.5111111111111111,0.5508288245931894,0.0,0.03162650602409638,0.1666666666666667,0.141,0.8743,0.2754,0.0,0.1,0.12,gamification
USR_000820,trial,5,18-24,tier2,10,5,5,35,True,False,False,13,0.434,0.68,2.226565505118757,2.584962500721156,afternoon,0.43478260869565216,0.25,0.027777777777777776,0.5597571521681179,0.5039617607727125,0.6385542168674698,0.7000000000000001,0.5704,0.4814,0.5319,0.7,0.42,0.21,learning
USR_000821,trial,3,18-24,tier2,3,4,2,56,True,False,False,6,0.303,0.69,2.512088994921136,1.5849625007211563,early_morning,0.13043478260869565,0.2,0.016666666666666666,0.6315375759470078,0.3090027388789262,0.4412650602409638,0.711111111111111,0.3299,0.6842,0.4703,0.68,0.4267,0.21,learning
USR_000822,inactive,89,45+,tier2,1,0,0,0,False,False,False,7,0.077,0.24,0.0,0.0,early_morning,0.043478260869565216,0.0,0.49444444444444446,0.0,0.0,0.10090361445783133,0.21111111111111114,0.1287,0.8534,0.0,0.0,0.1267,0.21,social
USR_000823,churned,82,18-24,tier1,0,0,0,47,False,False,False,23,0.125,0.34,2.405312426779558,0.0,night,0.0,0.0,0.45555555555555555,0.6046940146128323,0.0,0.17319277108433734,0.3222222222222223,0.1172,0.8136,0.3023,0.0,0.1933,0.3,gamification
USR_000824,churned,88,35-44,tier2,2,0,0,34,False,False,False,21,0.112,0.27,2.2090619551221677,0.0,night,0.08695652173913043,0.0,0.4888888888888889,0.5553567708290562,0.0,0.1536144578313253,0.2444444444444445,0.141,0.829,0.2777,0.0,0.1467,0.21,gamification
USR_000825,inactive,86,45+,tier1,0,0,0,38,False,False,False,15,0.019,0.08,2.276298835653068,0.0,late_afternoon,0.0,0.0,0.4777777777777778,0.572260079840231,0.0,0.013554216867469878,0.03333333333333333,0.1172,0.9234,0.2861,0.0,0.02,0.3,social
USR_000826,trial,1,18-24,tier3,12,3,2,15,True,False,True,12,0.414,0.5,1.7227062322935722,1.5849625007211563,afternoon,0.5217391304347826,0.15,0.005555555555555556,0.43308725137169773,0.3090027388789262,0.6084337349397589,0.5000000000000001,0.5,0.631,0.371,0.66,0.7,0.12,achievement
USR_000827,trial,1,25-34,tier1,6,5,0,60,False,True,True,15,0.462,0.66,2.554229543378943,0.0,late_afternoon,0.2608695652173913,0.25,0.005555555555555556,0.6421316830331528,0.0,0.6807228915662651,0.6777777777777778,0.4646,0.5731,0.3211,0.1,0.8067,1.0,social
USR_000828,churned,146,18-24,tier3,3,0,0,16,False,False,False,16,0.084,0.18,1.7603744277225881,0.0,late_afternoon,0.13043478260869565,0.0,0.8111111111111111,0.4425570117502649,0.0,0.11144578313253013,0.14444444444444446,0.1544,0.859,0.2213,0.0,0.0867,0.12,gamification
USR_000829,inactive,85,18-24,tier2,1,0,0,11,False,True,False,18,0.046,0.24,1.5439593106327716,0.0,evening,0.043478260869565216,0.0,0.4722222222222222,0.3881503889269834,0.0,0.05421686746987951,0.21111111111111114,0.1287,0.8627,0.1941,0.0,0.1267,0.91,social
USR_000830,trial,7,25-34,tier2,6,7,6,84,True,True,True,13,0.38,0.5,2.760374427722588,2.807354922057604,afternoon,0.2608695652173913,0.35,0.03888888888888889,0.6939563758746375,0.5473191697130572,0.5572289156626505,0.5000000000000001,0.5876,0.551,0.6206,0.74,0.7,0.91,social
USR_000831,trial,2,18-24,tier2,6,4,3,56,True,False,True,19,0.29,0.49,2.512088994921136,2.0,evening,0.2608695652173913,0.2,0.011111111111111112,0.6315375759470078,0.3899180437875726,0.4216867469879517,0.48888888888888893,0.4038,0.7254,0.5107,0.68,0.6933,0.21,achievement
USR_000832,churned,97,35-44,tier2,1,1,0,25,False,False,False,14,0.059,0.14,2.0243691992404753,0.0,afternoon,0.043478260869565216,0.05,0.5388888888888889,0.5089251294420208,0.0,0.07379518072289155,0.10000000000000002,0.1591,0.8767,0.2545,0.02,0.06,0.21,gamification
USR_000833,churned,44,18-24,tier3,3,0,0,18,False,True,False,14,0.106,0.39,1.8294828004351504,0.0,afternoon,0.13043478260869565,0.0,0.24444444444444444,0.4599308127058732,0.0,0.14457831325301204,0.3777777777777778,0.1544,0.7894,0.23,0.0,0.2267,0.82,social
USR_000834,churned,127,18-24,tier2,1,1,0,30,False,False,True,15,0.05,0.16,2.133656214977323,0.0,late_afternoon,0.043478260869565216,0.05,0.7055555555555556,0.5363998157053146,0.0,0.060240963855421686,0.12222222222222223,0.1591,0.8734,0.2682,0.02,0.4733,0.21,achievement
USR_000835,inactive,19,25-34,tier3,1,0,0,21,False,False,False,7,0.013,0.23,1.9205726604783713,0.0,early_morning,0.043478260869565216,0.0,0.10555555555555556,0.48283074559891703,0.0,0.0045180722891566254,0.2,0.1287,0.8756,0.2414,0.0,0.12,0.12,gamification
USR_000836,trial,1,25-34,tier3,7,9,0,117,False,False,False,17,0.398,0.89,2.9641930189469203,0.0,late_afternoon,0.30434782608695654,0.45,0.005555555555555556,0.7451962401051601,0.0,0.5843373493975903,0.9333333333333333,0.7224,0.3896,0.3726,0.18,0.56,0.12,achievement
USR_000837,trial,4,18-24,tier2,9,9,5,90,False,False,False,21,0.429,0.47,2.8027545962892497,2.584962500721156,night,0.391304347826087,0.45,0.022222222222222223,0.7046107233037799,0.5039617607727125,0.6310240963855421,0.4666666666666667,0.763,0.4676,0.6043,0.18,0.28,0.21,gamification
USR_000838,inactive,37,25-34,tier3,0,0,0,41,False,False,False,21,0.017,0.1,2.322344707681546,0.0,night,0.0,0.0,0.20555555555555555,0.5838359827887426,0.0,0.010542168674698796,0.055555555555555566,0.1172,0.918,0.2919,0.0,0.0333,0.12,gamification
USR_000839,paid,14,25-34,tier2,18,5,31,247,True,False,False,20,0.384,0.67,3.4256858891975024,5.0,evening,0.782608695652174,0.25,0.07777777777777778,0.861215254234088,0.9747951094689316,0.5632530120481928,0.688888888888889,0.7565,0.3812,0.918,0.7,0.4133,0.21,gamification
USR_000840,paid,80,25-34,tier3,6,11,6,244,True,False,True,16,0.464,0.57,3.4181239102443355,2.807354922057604,late_afternoon,0.2608695652173913,0.55,0.4444444444444444,0.85931417753374,0.5473191697130572,0.6837349397590361,0.5777777777777777,0.7935,0.3352,0.7033,0.82,0.7467,0.12,learning
USR_000841,churned,145,25-34,tier2,2,2,0,27,False,False,False,19,0.095,0.2,2.0704150712689535,0.0,evening,0.08695652173913043,0.1,0.8055555555555556,0.5205010323905325,0.0,0.1280120481927711,0.1666666666666667,0.2124,0.8266,0.2603,0.04,0.1,0.21,gamification
USR_000842,inactive,63,25-34,tier2,0,0,0,49,False,False,False,16,0.054,0.11,2.4306765580733933,0.0,late_afternoon,0.0,0.0,0.35,0.6110705410916697,0.0,0.06626506024096385,0.06666666666666667,0.1172,0.9039,0.3055,0.0,0.04,0.21,gamification
USR_000843,churned,177,35-44,tier3,0,1,0,4,True,False,False,18,0.071,0.14,1.0,0.0,evening,0.0,0.05,0.9833333333333333,0.2513993641243726,0.0,0.09186746987951805,0.10000000000000002,0.1454,0.8785,0.1257,0.62,0.06,0.12,learning
USR_000844,trial,3,18-24,tier1,5,3,7,18,False,False,True,22,0.439,0.52,1.8294828004351504,3.0,night,0.21739130434782608,0.15,0.016666666666666666,0.4599308127058732,0.5848770656813589,0.6460843373493975,0.5222222222222223,0.3222,0.7001,0.5224,0.06,0.7133,0.3,achievement
USR_000845,churned,83,25-34,tier2,1,0,0,46,False,False,True,9,0.11,0.16,2.392231208153366,0.0,mid_morning,0.043478260869565216,0.0,0.46111111111111114,0.6014054045682358,0.0,0.15060240963855423,0.12222222222222223,0.1287,0.8675,0.3007,0.0,0.4733,0.21,achievement
USR_000846,paid,70,18-24,tier1,16,9,31,270,True,True,True,18,0.449,0.69,3.480792130966459,5.0,evening,0.6956521739130435,0.45,0.3888888888888889,0.8750689283740876,0.9747951094689316,0.661144578313253,0.711111111111111,0.8713,0.2788,0.9249,0.78,0.8267,1.0,social
USR_000847,trial,1,35-44,tier2,5,9,5,99,False,True,False,6,0.36,0.58,2.8613531161467867,2.584962500721156,early_morning,0.21739130434782608,0.45,0.005555555555555556,0.7193423539345941,0.5039617607727125,0.5271084337349397,0.5888888888888889,0.6778,0.5362,0.6117,0.18,0.3533,0.91,social
USR_000848,inactive,55,18-24,tier3,0,0,0,13,False,False,False,9,0.046,0.05,1.6397385131955606,0.0,mid_morning,0.0,0.0,0.3055555555555556,0.41222921954760805,0.0,0.05421686746987951,0.0,0.1172,0.9243,0.2061,0.0,0.0,0.12,gamification
USR_000849,inactive,67,25-34,tier2,1,0,0,50,False,False,False,14,0.075,0.18,2.4429806222085735,0.0,afternoon,0.043478260869565216,0.0,0.37222222222222223,0.6141637749913994,0.0,0.09789156626506024,0.14444444444444446,0.1287,0.872,0.3071,0.0,0.0867,0.21,gamification
USR_000850,trial,5,25-34,tier2,11,4,2,20,True,False,True,20,0.498,0.79,1.8916681496081529,1.5849625007211563,evening,0.4782608695652174,0.2,0.027777777777777776,0.4755641699458181,0.3090027388789262,0.7349397590361445,0.8222222222222223,0.5354,0.4394,0.3923,0.68,0.8933,0.21,achievement
USR_000851,paid,29,35-44,tier3,6,3,24,156,False,True,True,21,0.504,0.49,3.1416221565834026,4.643856189774724,night,0.2608695652173913,0.15,0.16111111111111112,0.7898018124841075,0.9053616605738856,0.7439759036144578,0.48888888888888893,0.3458,0.5071,0.8476,0.06,0.6933,0.82,gamification
USR_000852,inactive,74,35-44,tier1,0,0,0,36,False,False,False,14,0.063,0.18,2.2435894449529292,0.0,afternoon,0.0,0.0,0.4111111111111111,0.5640369598173204,0.0,0.07981927710843373,0.14444444444444446,0.1172,0.8802,0.282,0.0,0.0867,0.3,social
USR_000853,trial,2,18-24,tier1,5,2,0,20,False,True,True,14,0.369,0.6,1.8916681496081529,0.0,afternoon,0.21739130434782608,0.1,0.011111111111111112,0.4755641699458181,0.0,0.5406626506024096,0.611111111111111,0.2705,0.7213,0.2378,0.04,0.7667,1.0,social
USR_000854,churned,162,25-34,tier2,1,1,0,24,False,False,False,21,0.019,0.14,2.0,0.0,night,0.043478260869565216,0.05,0.9,0.5027987282487452,0.0,0.013554216867469878,0.10000000000000002,0.1591,0.8887,0.2514,0.02,0.06,0.21,gamification
USR_000855,paid,9,35-44,tier3,6,4,22,253,True,True,True,10,0.444,0.52,3.4405392244326585,4.523561956057013,mid_morning,0.2608695652173913,0.2,0.05,0.8649493732673323,0.8819092144288181,0.6536144578313252,0.5222222222222223,0.4038,0.5493,0.8734,0.68,0.7133,0.82,gamification
USR_000856,inactive,70,25-34,tier2,0,0,0,35,False,False,False,20,0.047,0.28,2.226565505118757,0.0,evening,0.0,0.0,0.3888888888888889,0.5597571521681179,0.0,0.05572289156626505,0.25555555555555565,0.1172,0.855,0.2799,0.0,0.1533,0.21,gamification
USR_000857,paid,105,18-24,tier3,14,5,14,177,False,True,True,18,0.333,0.79,3.219623143122806,3.9068905956085187,evening,0.6086956521739131,0.25,0.5833333333333334,0.8094112109011872,0.761683569165869,0.4864457831325301,0.8222222222222223,0.6701,0.3556,0.7855,0.1,0.8933,0.82,achievement
USR_000858,inactive,24,18-24,tier2,2,1,0,12,False,False,False,20,0.068,0.26,1.5936926411670824,0.0,evening,0.08695652173913043,0.05,0.13333333333333333,0.4006533165990964,0.0,0.08734939759036145,0.23333333333333336,0.1738,0.8321,0.2003,0.02,0.14,0.21,social
USR_000859,churned,68,25-34,tier2,1,1,0,43,False,False,False,8,0.035,0.26,2.3512492185517644,0.0,early_morning,0.043478260869565216,0.05,0.37777777777777777,0.5911025584418415,0.0,0.03765060240963856,0.23333333333333336,0.1591,0.8479,0.2956,0.02,0.14,0.21,gamification
USR_000860,trial,2,25-34,tier2,8,10,3,110,True,False,True,15,0.307,0.5,2.9261956394389146,2.0,late_afternoon,0.34782608695652173,0.5,0.011111111111111112,0.7356437230584549,0.3899180437875726,0.447289156626506,0.5000000000000001,0.7876,0.5314,0.5628,0.8,0.7,0.21,learning
USR_000861,inactive,52,25-34,tier1,0,0,0,9,False,False,False,7,0.036,0.12,1.4306765580733933,0.0,early_morning,0.0,0.0,0.28888888888888886,0.35967117696729706,0.0,0.03915662650602409,0.07777777777777778,0.1172,0.9063,0.1798,0.0,0.0467,0.3,social
USR_000862,paid,39,18-24,tier3,11,6,15,213,True,True,True,23,0.339,0.77,3.3340683561420486,4.0,night,0.4782608695652174,0.3,0.21666666666666667,0.8381826646813032,0.7798360875751452,0.4954819277108434,0.8,0.6542,0.3651,0.809,0.72,0.88,0.82,achievement
USR_000863,churned,82,25-34,tier2,1,1,0,42,False,False,True,18,0.062,0.1,2.336965027750064,0.0,evening,0.043478260869565216,0.05,0.45555555555555555,0.5875115219572629,0.0,0.07831325301204818,0.055555555555555566,0.1591,0.8878,0.2938,0.02,0.4333,0.21,achievement
USR_000864,paid,86,35-44,tier2,11,4,27,221,True,True,True,12,0.629,0.86,3.356872197512308,4.807354922057604,afternoon,0.4782608695652174,0.2,0.4777777777777778,0.8439155359013795,0.9372372135006297,0.9322289156626505,0.9,0.5354,0.3052,0.8906,0.68,0.94,0.91,achievement
USR_000865,paid,118,18-24,tier3,18,16,9,560,False,True,True,17,0.526,0.55,3.932876724613551,3.3219280948873626,late_afternoon,0.782608695652174,0.8,0.6555555555555556,0.9887227077473919,0.6476398521807292,0.7771084337349398,0.5555555555555556,0.9794,0.2569,0.8182,0.32,0.7333,0.82,social
USR_000866,paid,43,25-34,tier3,17,14,27,462,True,True,True,14,0.298,0.79,3.8135842374954296,4.807354922057604,afternoon,0.7391304347826086,0.7,0.2388888888888889,0.9587326523410813,0.9372372135006297,0.4337349397590361,0.8222222222222223,0.963,0.2596,0.948,0.88,0.8933,0.82,gamification
USR_000867,paid,42,18-24,tier2,7,17,25,296,False,True,True,23,0.419,0.75,3.5377146858629342,4.700439718141093,night,0.30434782608695654,0.85,0.23333333333333334,0.8893792224793962,0.9163931299194921,0.6159638554216866,0.7777777777777778,0.9498,0.2424,0.9029,0.34,0.8667,0.91,social
USR_000868,paid,54,18-24,tier3,15,15,21,317,True,True,True,18,0.474,0.87,3.5801638188488423,4.459431618637297,evening,0.6521739130434783,0.75,0.3,0.9000509075196843,0.8694064265717518,0.6987951807228915,0.9111111111111111,0.9642,0.19,0.8847,0.9,0.9467,0.82,achievement
USR_000869,churned,36,25-34,tier3,0,0,0,22,False,False,True,16,0.111,0.2,1.9481920934663797,0.0,late_afternoon,0.0,0.0,0.2,0.4897742534895781,0.0,0.15210843373493976,0.1666666666666667,0.1172,0.8598,0.2449,0.0,0.5,0.12,achievement
USR_000870,churned,93,18-24,tier3,0,1,0,41,False,False,True,19,0.117,0.31,2.322344707681546,0.0,evening,0.0,0.05,0.5166666666666667,0.5838359827887426,0.0,0.16114457831325302,0.2888888888888889,0.1454,0.8137,0.2919,0.02,0.5733,0.12,achievement
USR_000871,trial,2,25-34,tier2,11,9,2,54,False,False,True,20,0.203,0.71,2.489896102404978,1.5849625007211563,evening,0.4782608695652174,0.45,0.011111111111111112,0.6259582968803652,0.3090027388789262,0.29066265060240964,0.7333333333333333,0.7992,0.4877,0.4675,0.18,0.84,0.21,achievement
USR_000872,paid,31,18-24,tier2,18,7,30,148,True,True,True,13,0.34,0.72,3.1091266505444333,4.954196310386876,afternoon,0.782608695652174,0.35,0.17222222222222222,0.7816324629290109,0.9658652669428303,0.49698795180722893,0.7444444444444445,0.8361,0.3128,0.8737,0.74,0.8467,0.91,social
USR_000873,trial,4,18-24,tier2,11,7,3,63,True,True,True,22,0.312,0.75,2.5840593484403582,2.0,night,0.4782608695652174,0.35,0.022222222222222223,0.6496308770575465,0.3899180437875726,0.4548192771084337,0.7777777777777778,0.708,0.438,0.5198,0.74,0.8667,0.91,social
USR_000874,trial,2,18-24,tier2,13,3,7,36,False,True,True,11,0.534,0.81,2.2435894449529292,3.0,mid_morning,0.5652173913043478,0.15,0.011111111111111112,0.5640369598173204,0.5848770656813589,0.7891566265060241,0.8444444444444446,0.5265,0.4634,0.5745,0.06,0.9067,0.91,social
USR_000875,churned,100,18-24,tier1,0,0,0,1,False,False,False,13,0.047,0.17,0.43067655807339306,0.0,afternoon,0.0,0.0,0.5555555555555556,0.10827181284292443,0.0,0.05572289156626505,0.13333333333333336,0.1172,0.888,0.0541,0.0,0.08,0.3,social
USR_000876,inactive,85,25-34,tier2,1,0,0,45,False,False,False,23,0.066,0.26,2.378868651539773,0.0,night,0.043478260869565216,0.0,0.4722222222222222,0.5980460663325026,0.0,0.08433734939759036,0.23333333333333336,0.1287,0.8507,0.299,0.0,0.14,0.21,gamification
USR_000877,churned,140,25-34,tier3,1,1,0,15,False,False,True,20,0.122,0.2,1.7227062322935722,0.0,evening,0.043478260869565216,0.05,0.7777777777777778,0.43308725137169773,0.0,0.1686746987951807,0.1666666666666667,0.1591,0.8398,0.2165,0.02,0.5,0.12,achievement
USR_000878,churned,159,25-34,tier1,2,1,0,14,False,False,False,23,0.114,0.33,1.6826061944859854,0.0,night,0.08695652173913043,0.05,0.8833333333333333,0.4230061273655071,0.0,0.1566265060240964,0.31111111111111117,0.1738,0.7973,0.2115,0.02,0.1867,0.3,social
USR_000879,paid,87,25-34,tier1,10,11,4,220,True,True,True,21,0.487,0.9,3.35406706888967,2.321928094887362,night,0.43478260869565216,0.55,0.48333333333333334,0.8432103283493612,0.4526808302869428,0.7183734939759036,0.9444444444444445,0.8546,0.2179,0.6479,0.82,0.9667,1.0,social
USR_000880,churned,175,18-24,tier3,0,1,0,19,False,False,True,17,0.092,0.28,1.8613531161467862,0.0,late_afternoon,0.0,0.05,0.9722222222222222,0.4679429898102215,0.0,0.12349397590361445,0.25555555555555565,0.1454,0.8302,0.234,0.02,0.5533,0.12,achievement
USR_000881,paid,80,25-34,tier2,17,11,14,431,False,True,True,22,0.32,0.84,3.7705248157515285,3.9068905956085187,night,0.7391304347826086,0.55,0.4444444444444444,0.9479075410951013,0.761683569165869,0.46686746987951805,0.8777777777777778,0.9252,0.2537,0.8548,0.22,0.9267,0.91,achievement
USR_000882,trial,6,45+,tier2,8,7,1,42,False,True,True,14,0.322,0.63,2.336965027750064,1.0,afternoon,0.34782608695652173,0.35,0.03333333333333333,0.5875115219572629,0.1949590218937863,0.4698795180722891,0.6444444444444445,0.638,0.5051,0.3912,0.14,0.7867,0.91,social
USR_000883,trial,6,18-24,tier2,11,5,3,30,True,True,True,18,0.269,0.82,2.133656214977323,2.0,evening,0.4782608695652174,0.25,0.03333333333333333,0.5363998157053146,0.3899180437875726,0.3900602409638554,0.8555555555555555,0.5962,0.4783,0.4632,0.7,0.9133,0.91,achievement
USR_000884,trial,1,25-34,tier1,5,7,3,91,False,False,True,14,0.187,0.39,2.809545209613166,2.0,afternoon,0.21739130434782608,0.35,0.005555555555555556,0.706317879175427,0.3899180437875726,0.26656626506024095,0.3777777777777778,0.5617,0.7227,0.5481,0.14,0.6267,0.3,achievement
USR_000885,trial,5,18-24,tier2,12,11,1,154,True,True,True,22,0.477,0.71,3.133656214977323,1.0,night,0.5217391304347826,0.55,0.027777777777777776,0.7877991798296872,0.1949590218937863,0.7033132530120482,0.7333333333333333,0.8791,0.3215,0.4914,0.82,0.84,0.91,social
USR_000886,paid,116,18-24,tier2,21,7,8,257,True,True,True,23,0.65,0.87,3.4502477803094425,3.1699250014423126,night,0.9130434782608695,0.35,0.6444444444444445,0.8673900980413217,0.6180054777578524,0.963855421686747,0.9111111111111111,0.8753,0.1745,0.7427,0.74,0.9467,0.91,achievement
USR_000887,trial,2,25-34,tier2,11,6,4,72,False,False,False,17,0.331,0.9,2.665812336096604,2.321928094887362,late_afternoon,0.4782608695652174,0.3,0.011111111111111112,0.6701835261695945,0.4526808302869428,0.483433734939759,0.9444444444444445,0.6542,0.4428,0.5614,0.12,0.5667,0.21,achievement
USR_000888,inactive,45,25-34,tier1,0,0,0,42,False,False,False,21,0.063,0.09,2.336965027750064,0.0,night,0.0,0.0,0.25,0.5875115219572629,0.0,0.07981927710843373,0.04444444444444444,0.1172,0.9072,0.2938,0.0,0.0267,0.3,social
USR_000889,churned,163,35-44,tier1,0,1,0,8,False,False,False,17,0.048,0.23,1.3652123889719707,0.0,late_afternoon,0.0,0.05,0.9055555555555556,0.34321352648226905,0.0,0.0572289156626506,0.2,0.1454,0.8584,0.1716,0.02,0.12,0.3,social
USR_000890,paid,62,18-24,tier3,12,10,17,254,True,True,True,18,0.55,0.72,3.442980622208573,4.169925001442312,evening,0.5217391304347826,0.5,0.34444444444444444,0.8655631391157719,0.8129644996516386,0.8132530120481928,0.7444444444444445,0.8501,0.251,0.8393,0.8,0.8467,0.82,achievement
USR_000891,paid,47,18-24,tier3,20,15,20,502,True,True,True,23,0.383,0.58,3.865069986261086,4.392317422778761,night,0.8695652173913043,0.75,0.2611111111111111,0.9716761368422345,0.8563219085919834,0.5617469879518072,0.5888888888888889,0.9787,0.2877,0.914,0.9,0.7533,0.82,gamification
USR_000892,trial,2,35-44,tier3,6,6,0,72,False,True,True,10,0.355,0.46,2.665812336096604,0.0,mid_morning,0.2608695652173913,0.3,0.011111111111111112,0.6701835261695945,0.0,0.519578313253012,0.45555555555555566,0.5265,0.6539,0.3351,0.12,0.6733,0.82,social
USR_000893,trial,6,25-34,tier1,4,7,6,56,True,False,False,23,0.414,0.38,2.512088994921136,2.807354922057604,night,0.17391304347826086,0.35,0.03333333333333333,0.6315375759470078,0.5473191697130572,0.6084337349397589,0.3666666666666667,0.5354,0.6024,0.5894,0.74,0.22,0.3,learning
USR_000894,paid,26,35-44,tier1,11,10,8,334,True,True,True,9,0.621,0.78,3.612522413512569,3.1699250014423126,mid_morning,0.4782608695652174,0.5,0.14444444444444443,0.9081858376421036,0.6180054777578524,0.9201807228915662,0.8111111111111111,0.8361,0.2207,0.7631,0.8,0.8867,1.0,social
USR_000895,churned,101,25-34,tier2,2,0,0,44,True,False,True,19,0.03,0.18,2.3652123889719707,0.0,evening,0.08695652173913043,0.0,0.5611111111111111,0.5946128906066416,0.0,0.030120481927710836,0.14444444444444446,0.141,0.8806,0.2973,0.6,0.4867,0.21,learning
USR_000896,trial,7,25-34,tier1,3,5,1,70,False,False,False,12,0.268,0.73,2.6485519224500402,1.0,afternoon,0.13043478260869565,0.25,0.03888888888888889,0.6658442691543247,0.1949590218937863,0.3885542168674699,0.7555555555555555,0.3869,0.6004,0.4304,0.1,0.4533,0.3,achievement
USR_000897,trial,3,35-44,tier2,10,6,3,42,False,False,True,8,0.386,0.44,2.336965027750064,2.0,early_morning,0.43478260869565216,0.3,0.016666666666666666,0.5875115219572629,0.3899180437875726,0.5662650602409638,0.4333333333333334,0.6298,0.6003,0.4887,0.12,0.66,0.21,achievement
USR_000898,trial,6,25-34,tier1,8,5,0,50,True,False,False,9,0.234,0.66,2.4429806222085735,0.0,mid_morning,0.34782608695652173,0.25,0.03333333333333333,0.6141637749913994,0.0,0.3373493975903614,0.6777777777777778,0.5177,0.5772,0.3071,0.7,0.4067,0.3,learning
USR_000899,trial,4,18-24,tier1,11,5,1,40,False,True,True,10,0.232,0.72,2.3073720570481235,1.0,mid_morning,0.4782608695652174,0.25,0.022222222222222223,0.5800718679402438,0.1949590218937863,0.33433734939759036,0.7444444444444445,0.5962,0.5235,0.3875,0.1,0.8467,1.0,social
USR_000900,trial,7,25-34,tier1,3,3,3,39,True,False,True,18,0.296,0.64,2.292029674220179,2.0,evening,0.13043478260869565,0.15,0.03888888888888889,0.5762148026531458,0.3899180437875726,0.430722891566265,0.6555555555555556,0.2776,0.669,0.4831,0.66,0.7933,0.3,achievement
USR_000901,trial,5,25-34,tier3,6,3,0,24,False,False,False,19,0.188,0.52,2.0,0.0,evening,0.2608695652173913,0.15,0.027777777777777776,0.5027987282487452,0.0,0.26807228915662645,0.5222222222222223,0.3458,0.7142,0.2514,0.06,0.3133,0.12,achievement
USR_000902,churned,35,18-24,tier2,2,2,0,39,False,False,False,21,0.095,0.29,2.292029674220179,0.0,night,0.08695652173913043,0.1,0.19444444444444445,0.5762148026531458,0.0,0.1280120481927711,0.26666666666666666,0.2124,0.7996,0.2881,0.04,0.16,0.21,gamification
USR_000903,trial,7,45+,tier2,10,2,3,14,True,False,True,20,0.455,0.52,1.6826061944859854,2.0,evening,0.43478260869565216,0.1,0.03888888888888889,0.4230061273655071,0.3899180437875726,0.6701807228915663,0.5222222222222223,0.3869,0.608,0.4065,0.64,0.7133,0.21,achievement
USR_000904,paid,26,18-24,tier3,6,10,29,397,False,True,True,14,0.456,0.88,3.7195917649476633,4.906890595608519,afternoon,0.2608695652173913,0.5,0.14444444444444443,0.9351030045100953,0.9566425910596553,0.6716867469879518,0.9222222222222223,0.7499,0.2693,0.9459,0.2,0.9533,0.82,achievement
USR_000905,churned,123,25-34,tier2,1,1,0,50,False,False,False,22,0.098,0.26,2.4429806222085735,0.0,night,0.043478260869565216,0.05,0.6833333333333333,0.6141637749913994,0.0,0.13253012048192772,0.23333333333333336,0.1591,0.829,0.3071,0.02,0.14,0.21,gamification
USR_000906,paid,105,35-44,tier2,15,8,10,247,True,True,True,19,0.582,0.64,3.4256858891975024,3.4594316186372978,evening,0.6521739130434783,0.4,0.5833333333333334,0.861215254234088,0.6744474046779656,0.86144578313253,0.6555555555555556,0.8262,0.2726,0.7678,0.76,0.7933,0.91,social
USR_000907,trial,6,18-24,tier3,12,5,7,35,True,False,True,7,0.335,0.41,2.226565505118757,3.0,early_morning,0.5217391304347826,0.25,0.03333333333333333,0.5597571521681179,0.5848770656813589,0.4894578313253012,0.4,0.6215,0.5807,0.5723,0.7,0.64,0.12,learning
USR_000908,paid,27,25-34,tier3,11,10,26,184,False,True,False,18,0.488,0.56,3.2435894449529292,4.754887502163469,evening,0.4782608695652174,0.5,0.15,0.815436323941693,0.9270082166367787,0.7198795180722891,0.5666666666666668,0.8361,0.316,0.8712,0.2,0.34,0.82,gamification
USR_000909,churned,43,18-24,tier1,1,0,0,20,False,False,False,10,0.083,0.21,1.8916681496081529,0.0,mid_morning,0.043478260869565216,0.0,0.2388888888888889,0.4755641699458181,0.0,0.10993975903614459,0.17777777777777776,0.1287,0.8606,0.2378,0.0,0.1067,0.3,social
USR_000910,paid,98,35-44,tier2,7,7,23,296,False,True,True,20,0.382,0.54,3.5377146858629342,4.584962500721157,evening,0.30434782608695654,0.35,0.5444444444444444,0.8893792224793962,0.8938798045602853,0.5602409638554217,0.5444444444444445,0.6131,0.4303,0.8916,0.14,0.7267,0.91,social
USR_000911,churned,67,35-44,tier3,2,0,0,23,False,False,False,16,0.133,0.33,1.9746358687061647,0.0,late_afternoon,0.08695652173913043,0.0,0.37222222222222223,0.49642220176990787,0.0,0.1852409638554217,0.31111111111111117,0.141,0.8047,0.2482,0.0,0.1867,0.12,gamification
USR_000912,inactive,16,25-34,tier1,1,0,0,25,False,False,True,8,0.032,0.26,2.0243691992404753,0.0,early_morning,0.043478260869565216,0.0,0.08888888888888889,0.5089251294420208,0.0,0.03313253012048192,0.23333333333333336,0.1287,0.8609,0.2545,0.0,0.54,0.3,achievement
USR_000913,inactive,39,18-24,tier3,2,0,0,26,False,False,False,9,0.079,0.29,2.047818583457956,0.0,mid_morning,0.08695652173913043,0.0,0.21666666666666667,0.5148202897234035,0.0,0.10391566265060241,0.26666666666666666,0.141,0.8329,0.2574,0.0,0.16,0.12,gamification
USR_000914,inactive,79,25-34,tier2,0,0,0,27,False,True,False,13,0.04,0.17,2.0704150712689535,0.0,afternoon,0.0,0.0,0.4388888888888889,0.5205010323905325,0.0,0.04518072289156626,0.13333333333333336,0.1172,0.8901,0.2603,0.0,0.08,0.91,social
USR_000915,trial,7,18-24,tier3,9,5,0,60,False,True,True,16,0.253,0.84,2.554229543378943,0.0,late_afternoon,0.391304347826087,0.25,0.03888888888888889,0.6421316830331528,0.0,0.36596385542168675,0.8777777777777778,0.5442,0.4999,0.3211,0.1,0.9267,0.82,achievement
USR_000916,paid,97,18-24,tier2,12,10,19,335,True,True,True,17,0.417,0.95,3.614374381901725,4.321928094887363,late_afternoon,0.5217391304347826,0.5,0.5388888888888889,0.9086514213175159,0.8425988740745155,0.6129518072289156,1.0,0.8501,0.2249,0.8756,0.8,1.0,0.91,achievement
USR_000917,trial,1,18-24,tier2,11,10,6,60,True,True,False,15,0.246,0.85,2.554229543378943,2.807354922057604,late_afternoon,0.4782608695652174,0.5,0.005555555555555556,0.6421316830331528,0.5473191697130572,0.35542168674698793,0.888888888888889,0.8361,0.4041,0.5947,0.8,0.5333,0.91,social
USR_000918,trial,1,35-44,tier3,2,1,5,10,False,True,False,19,0.331,0.75,1.4898961024049782,2.584962500721156,evening,0.08695652173913043,0.05,0.005555555555555556,0.3745589327559926,0.5039617607727125,0.483433734939759,0.7777777777777778,0.1738,0.7274,0.4393,0.02,0.4667,0.82,social
USR_000919,churned,65,18-24,tier1,0,1,0,5,False,True,False,15,0.021,0.13,1.1132827525593785,0.0,late_afternoon,0.0,0.05,0.3611111111111111,0.27987857608405897,0.0,0.016566265060240965,0.0888888888888889,0.1454,0.8965,0.1399,0.02,0.0533,1.0,social
USR_000920,paid,112,25-34,tier1,7,16,18,230,True,True,False,7,0.315,0.55,3.381564252013131,4.247927513443585,early_morning,0.30434782608695654,0.8,0.6222222222222222,0.8501231027018107,0.8281717930966652,0.4593373493975903,0.5555555555555556,0.9366,0.3293,0.8391,0.92,0.3333,1.0,social
USR_000921,trial,3,18-24,tier1,9,7,0,98,False,False,True,20,0.326,0.49,2.855108491376949,0.0,evening,0.391304347826087,0.35,0.016666666666666666,0.7177724592382616,0.0,0.4759036144578313,0.48888888888888893,0.6622,0.5884,0.3589,0.14,0.6933,0.3,achievement
USR_000922,paid,40,25-34,tier1,16,13,16,338,False,True,True,7,0.309,0.75,3.6198973954635236,4.08746284125034,early_morning,0.6956521739130435,0.65,0.2222222222222222,0.9100399034150023,0.7968877575573631,0.45030120481927705,0.7777777777777778,0.9481,0.2728,0.8535,0.26,0.8667,1.0,social
USR_000923,paid,105,35-44,tier1,15,8,25,291,True,True,True,17,0.481,0.69,3.5271654522433904,4.700439718141093,late_afternoon,0.6521739130434783,0.4,0.5833333333333334,0.8867271518554434,0.9163931299194921,0.7093373493975903,0.711111111111111,0.8262,0.2864,0.9016,0.76,0.8267,1.0,social
USR_000924,trial,7,35-44,tier2,5,4,3,48,False,True,True,17,0.296,0.64,2.418123910244335,2.0,late_afternoon,0.21739130434782608,0.2,0.03888888888888889,0.6079148134093673,0.3899180437875726,0.430722891566265,0.6555555555555556,0.3785,0.6246,0.4989,0.08,0.7933,0.91,social
USR_000925,trial,6,35-44,tier3,6,8,2,120,False,False,True,7,0.233,0.42,2.9797922048099563,1.5849625007211563,early_morning,0.2608695652173913,0.4,0.03333333333333333,0.7491178655119852,0.3090027388789262,0.3358433734939759,0.41111111111111115,0.6462,0.6002,0.5291,0.16,0.6467,0.12,achievement
USR_000926,trial,2,25-34,tier2,4,10,1,130,False,True,True,16,0.187,0.41,3.029130409776382,1.0,late_afternoon,0.17391304347826086,0.5,0.011111111111111112,0.7615214588675826,0.1949590218937863,0.26656626506024095,0.4,0.708,0.6452,0.4782,0.2,0.64,0.91,social
USR_000927,trial,7,18-24,tier2,7,11,1,99,True,False,True,16,0.36,0.88,2.8613531161467867,1.0,late_afternoon,0.30434782608695654,0.55,0.03888888888888889,0.7193423539345941,0.1949590218937863,0.5271084337349397,0.9222222222222223,0.8104,0.3342,0.4572,0.82,0.9533,0.21,achievement
USR_000928,trial,3,25-34,tier2,7,2,2,18,False,False,True,8,0.187,0.48,1.8294828004351504,1.5849625007211563,early_morning,0.30434782608695654,0.1,0.016666666666666666,0.4599308127058732,0.3090027388789262,0.26656626506024095,0.4777777777777778,0.3145,0.8089,0.3845,0.04,0.6867,0.21,achievement
USR_000929,trial,2,25-34,tier2,6,10,0,100,False,True,True,10,0.441,0.62,2.867535604316286,0.0,mid_morning,0.2608695652173913,0.5,0.011111111111111112,0.7208966275291128,0.0,0.6490963855421686,0.6333333333333333,0.7499,0.4581,0.3604,0.2,0.78,0.91,social
USR_000930,paid,43,35-44,tier2,12,11,11,300,True,True,True,21,0.33,0.56,3.5460269828722315,3.5849625007211565,night,0.5217391304347826,0.55,0.2388888888888889,0.8914689286619464,0.6989207826664989,0.4819277108433735,0.5666666666666668,0.8791,0.3432,0.7952,0.82,0.74,0.91,social
USR_000931,paid,73,25-34,tier1,17,8,6,261,True,True,False,22,0.499,0.61,3.4598069678497754,2.807354922057604,night,0.7391304347826086,0.4,0.40555555555555556,0.8697932717105071,0.5473191697130572,0.7364457831325301,0.6222222222222222,0.8546,0.2929,0.7086,0.76,0.3733,1.0,social
USR_000932,paid,99,18-24,tier3,7,17,5,437,True,True,True,18,0.313,0.61,3.779095088655983,2.584962500721156,evening,0.30434782608695654,0.85,0.55,0.9500621022536535,0.5039617607727125,0.45632530120481923,0.6222222222222222,0.9498,0.3089,0.727,0.94,0.7733,0.82,learning
USR_000933,paid,33,18-24,tier3,19,14,31,379,True,True,True,14,0.569,0.77,3.690835916581937,5.0,afternoon,0.8260869565217391,0.7,0.18333333333333332,0.9278738025160947,0.9747951094689316,0.841867469879518,0.8,0.9699,0.1893,0.9513,0.88,0.88,0.82,gamification
USR_000934,churned,32,25-34,tier3,0,0,0,28,False,False,False,19,0.114,0.11,2.0922185341675,0.0,evening,0.0,0.0,0.17777777777777778,0.5259824090989363,0.0,0.1566265060240964,0.06666666666666667,0.1172,0.8859,0.263,0.0,0.04,0.12,gamification
USR_000935,paid,105,25-34,tier2,10,17,16,320,True,True,True,13,0.269,0.59,3.585997992554641,4.08746284125034,afternoon,0.43478260869565216,0.85,0.5833333333333334,0.9015176150795133,0.7968877575573631,0.3900602409638554,0.6,0.963,0.3214,0.8492,0.94,0.76,0.91,learning
USR_000936,paid,100,25-34,tier2,11,4,15,224,True,True,True,18,0.378,0.65,3.3652123889719707,4.0,evening,0.4782608695652174,0.2,0.5555555555555556,0.8460122547310142,0.7798360875751452,0.5542168674698795,0.6666666666666667,0.5354,0.4297,0.8129,0.68,0.8,0.91,social
USR_000937,trial,1,25-34,tier1,10,2,0,20,False,True,True,14,0.17,0.46,1.8916681496081529,0.0,afternoon,0.43478260869565216,0.1,0.005555555555555556,0.4755641699458181,0.0,0.24096385542168675,0.45555555555555566,0.3869,0.7875,0.2378,0.04,0.6733,1.0,social
USR_000938,churned,164,25-34,tier2,1,1,0,14,True,False,True,19,0.114,0.26,1.6826061944859854,0.0,evening,0.043478260869565216,0.05,0.9111111111111111,0.4230061273655071,0.0,0.1566265060240964,0.23333333333333336,0.1591,0.8242,0.2115,0.62,0.54,0.21,learning
USR_000939,trial,0,25-34,tier2,9,7,3,77,False,False,False,8,0.234,0.42,2.7069753937264607,2.0,early_morning,0.391304347826087,0.35,0.0,0.6805318926831553,0.3899180437875726,0.3373493975903614,0.41111111111111115,0.6622,0.6467,0.5352,0.14,0.2467,0.21,gamification
USR_000940,churned,104,25-34,tier1,1,1,0,44,True,False,False,17,0.018,0.25,2.3652123889719707,0.0,late_afternoon,0.043478260869565216,0.05,0.5777777777777777,0.5946128906066416,0.0,0.012048192771084335,0.22222222222222227,0.1591,0.856,0.2973,0.62,0.1333,0.3,learning
USR_000941,trial,2,35-44,tier2,6,3,0,42,False,True,True,12,0.441,0.67,2.336965027750064,0.0,afternoon,0.2608695652173913,0.15,0.011111111111111112,0.5875115219572629,0.0,0.6490963855421686,0.688888888888889,0.3458,0.6341,0.2938,0.06,0.8133,0.91,social
USR_000942,trial,6,18-24,tier3,4,4,0,24,False,False,True,14,0.182,0.7,2.0,0.0,afternoon,0.17391304347826086,0.2,0.03333333333333333,0.5027987282487452,0.0,0.2590361445783132,0.7222222222222222,0.3538,0.6533,0.2514,0.08,0.8333,0.12,achievement
USR_000943,churned,175,35-44,tier1,1,0,0,16,False,False,False,17,0.039,0.14,1.7603744277225881,0.0,late_afternoon,0.043478260869565216,0.0,0.9722222222222222,0.4425570117502649,0.0,0.04367469879518072,0.10000000000000002,0.1287,0.8948,0.2213,0.0,0.06,0.3,social
USR_000944,trial,2,18-24,tier1,11,3,6,39,False,False,False,13,0.314,0.59,2.292029674220179,2.807354922057604,afternoon,0.4782608695652174,0.15,0.011111111111111112,0.5762148026531458,0.5473191697130572,0.4578313253012048,0.6,0.4735,0.6473,0.5618,0.06,0.36,0.3,gamification
USR_000945,paid,39,35-44,tier2,5,5,2,149,True,True,True,5,0.381,0.49,3.1132827525593783,1.5849625007211563,night,0.21739130434782608,0.25,0.21666666666666667,0.782677304332804,0.3090027388789262,0.5587349397590361,0.48888888888888893,0.4383,0.507,0.5458,0.7,0.6933,0.91,social
USR_000946,trial,6,18-24,tier1,10,5,2,40,True,True,True,13,0.327,0.73,2.3073720570481235,1.5849625007211563,afternoon,0.43478260869565216,0.25,0.03333333333333333,0.5800718679402438,0.3090027388789262,0.47740963855421686,0.7555555555555555,0.5704,0.5002,0.4445,0.7,0.8533,1.0,social
USR_000947,trial,0,25-34,tier3,10,9,1,45,False,False,False,18,0.226,0.46,2.378868651539773,1.0,evening,0.43478260869565216,0.45,0.0,0.5980460663325026,0.1949590218937863,0.3253012048192771,0.45555555555555566,0.7816,0.5779,0.3965,0.18,0.2733,0.12,gamification
USR_000948,churned,69,25-34,tier3,0,0,0,42,False,False,False,6,0.105,0.11,2.336965027750064,0.0,early_morning,0.0,0.0,0.38333333333333336,0.5875115219572629,0.0,0.1430722891566265,0.06666666666666667,0.1172,0.8886,0.2938,0.0,0.04,0.12,gamification
USR_000949,trial,4,35-44,tier2,8,3,1,15,False,True,False,18,0.503,0.7,1.7227062322935722,1.0,evening,0.34782608695652173,0.15,0.022222222222222223,0.43308725137169773,0.1949590218937863,0.7424698795180722,0.7222222222222222,0.3953,0.5291,0.314,0.06,0.4333,0.91,social
USR_000950,inactive,76,35-44,tier2,1,0,0,23,False,False,False,15,0.033,0.11,1.9746358687061647,0.0,late_afternoon,0.043478260869565216,0.0,0.4222222222222222,0.49642220176990787,0.0,0.03463855421686747,0.06666666666666667,0.1287,0.9056,0.2482,0.0,0.04,0.21,gamification
USR_000951,churned,118,25-34,tier2,1,1,0,26,False,True,False,21,0.101,0.4,2.047818583457956,0.0,night,0.043478260869565216,0.05,0.6555555555555556,0.5148202897234035,0.0,0.13704819277108435,0.38888888888888895,0.1591,0.7861,0.2574,0.02,0.2333,0.91,social
USR_000952,paid,25,25-34,tier2,10,9,16,263,False,True,True,16,0.612,0.84,3.4645319711111426,4.08746284125034,late_afternoon,0.43478260869565216,0.45,0.1388888888888889,0.8709811345259004,0.7968877575573631,0.9066265060240963,0.8777777777777778,0.7816,0.2266,0.8339,0.18,0.9267,0.91,achievement
USR_000953,paid,110,35-44,tier1,11,15,20,392,True,True,True,22,0.473,0.74,3.711736604262368,4.392317422778761,night,0.4782608695652174,0.75,0.6111111111111112,0.9331282221087173,0.8563219085919834,0.6972891566265059,0.7666666666666667,0.9463,0.2318,0.8947,0.9,0.86,1.0,social
USR_000954,trial,2,45+,tier2,8,6,4,66,False,False,True,19,0.322,0.58,2.6125224135125684,2.321928094887362,evening,0.34782608695652173,0.3,0.011111111111111112,0.6567864735177309,0.4526808302869428,0.4698795180722891,0.5888888888888889,0.579,0.5973,0.5547,0.12,0.7533,0.21,achievement
USR_000955,trial,1,25-34,tier2,5,7,1,84,False,False,False,22,0.448,0.75,2.760374427722588,1.0,night,0.21739130434782608,0.35,0.005555555555555556,0.6939563758746375,0.1949590218937863,0.6596385542168675,0.7777777777777778,0.5617,0.4991,0.4445,0.14,0.4667,0.21,achievement
USR_000956,trial,3,18-24,tier3,10,4,1,60,False,True,True,16,0.24,0.72,2.554229543378943,1.0,late_afternoon,0.43478260869565216,0.2,0.016666666666666666,0.6421316830331528,0.1949590218937863,0.3463855421686747,0.7444444444444445,0.5089,0.6101,0.4185,0.08,0.8467,0.82,achievement
USR_000957,trial,6,18-24,tier3,12,8,0,120,True,True,True,19,0.477,0.7,2.9797922048099563,0.0,evening,0.5217391304347826,0.4,0.03333333333333333,0.7491178655119852,0.0,0.7033132530120482,0.7222222222222222,0.7755,0.3704,0.3746,0.76,0.8333,0.82,achievement
USR_000958,paid,12,18-24,tier2,14,10,11,385,False,True,True,18,0.48,0.71,3.7005698222041215,3.5849625007211565,evening,0.6086956521739131,0.5,0.06666666666666667,0.9303209001999586,0.6989207826664989,0.7078313253012047,0.7333333333333333,0.8753,0.2929,0.8146,0.2,0.84,0.91,social
USR_000959,inactive,25,25-34,tier3,0,0,0,30,False,False,False,19,0.027,0.23,2.133656214977323,0.0,evening,0.0,0.0,0.1388888888888889,0.5363998157053146,0.0,0.025602409638554216,0.2,0.1172,0.876,0.2682,0.0,0.12,0.12,gamification
USR_000960,trial,7,18-24,tier3,5,5,0,60,False,False,False,18,0.293,0.46,2.554229543378943,0.0,evening,0.21739130434782608,0.25,0.03888888888888889,0.6421316830331528,0.0,0.42620481927710835,0.45555555555555566,0.4383,0.6586,0.3211,0.1,0.2733,0.12,gamification
USR_000961,trial,0,25-34,tier3,5,2,3,30,False,False,True,17,0.276,0.49,2.133656214977323,2.0,late_afternoon,0.21739130434782608,0.1,0.0,0.5363998157053146,0.3899180437875726,0.4006024096385542,0.48888888888888893,0.2705,0.7944,0.4632,0.04,0.6933,0.12,achievement
USR_000962,trial,7,35-44,tier1,4,4,4,56,True,True,True,7,0.439,0.62,2.512088994921136,2.321928094887362,early_morning,0.17391304347826086,0.2,0.03888888888888889,0.6315375759470078,0.4526808302869428,0.6460843373493975,0.6333333333333333,0.3538,0.5948,0.5421,0.68,0.78,1.0,social
USR_000963,churned,59,18-24,tier2,0,0,0,33,False,False,False,20,0.021,0.38,2.1910509857959815,0.0,evening,0.0,0.0,0.3277777777777778,0.5508288245931894,0.0,0.016566265060240965,0.3666666666666667,0.1172,0.8328,0.2754,0.0,0.22,0.21,gamification
USR_000964,inactive,67,25-34,tier2,0,0,0,15,False,False,False,14,0.037,0.16,1.7227062322935722,0.0,afternoon,0.0,0.0,0.37222222222222223,0.43308725137169773,0.0,0.04066265060240963,0.12222222222222223,0.1172,0.894,0.2165,0.0,0.0733,0.21,gamification
USR_000965,inactive,34,35-44,tier1,0,0,0,37,False,False,False,21,0.056,0.18,2.2601593585085435,0.0,night,0.0,0.0,0.18888888888888888,0.5682026255487976,0.0,0.06927710843373494,0.14444444444444446,0.1172,0.8823,0.2841,0.0,0.0867,0.3,social
USR_000966,paid,26,25-34,tier1,9,13,12,332,True,True,True,12,0.441,0.63,3.6088018339249,3.700439718141092,afternoon,0.391304347826087,0.65,0.14444444444444443,0.9072504862995895,0.7214341080257056,0.6490963855421686,0.6444444444444445,0.8967,0.288,0.8143,0.86,0.7867,1.0,social
USR_000967,trial,3,18-24,tier2,5,6,3,42,False,False,False,21,0.188,0.45,2.336965027750064,2.0,night,0.21739130434782608,0.3,0.016666666666666666,0.5875115219572629,0.3899180437875726,0.26807228915662645,0.44444444444444453,0.5,0.7303,0.4887,0.12,0.2667,0.21,gamification
USR_000968,inactive,75,18-24,tier3,1,1,0,3,False,False,False,15,0.026,0.11,0.8613531161467861,0.0,late_afternoon,0.043478260869565216,0.05,0.4166666666666667,0.21654362568584887,0.0,0.024096385542168672,0.06666666666666667,0.1591,0.8956,0.1083,0.02,0.04,0.12,social
USR_000969,churned,131,18-24,tier2,0,1,0,50,False,False,False,12,0.083,0.22,2.4429806222085735,0.0,afternoon,0.0,0.05,0.7277777777777777,0.6141637749913994,0.0,0.10993975903614459,0.18888888888888888,0.1454,0.8509,0.3071,0.02,0.1133,0.21,gamification
USR_000970,paid,89,25-34,tier3,7,12,10,228,True,True,True,7,0.626,0.85,3.3761613054934965,3.4594316186372978,early_morning,0.30434782608695654,0.6,0.49444444444444446,0.8487648053823766,0.6744474046779656,0.927710843373494,0.888888888888889,0.8456,0.1971,0.7616,0.84,0.9333,0.82,achievement
USR_000971,paid,111,25-34,tier2,20,9,26,296,False,True,True,16,0.555,0.77,3.5377146858629342,4.754887502163469,late_afternoon,0.8695652173913043,0.45,0.6166666666666667,0.8893792224793962,0.9270082166367787,0.8207831325301205,0.8,0.912,0.2139,0.9082,0.18,0.88,0.91,social
USR_000972,trial,1,25-34,tier3,5,4,1,40,False,True,False,21,0.327,0.54,2.3073720570481235,1.0,night,0.21739130434782608,0.2,0.005555555555555556,0.5800718679402438,0.1949590218937863,0.47740963855421686,0.5444444444444445,0.3785,0.7062,0.3875,0.08,0.3267,0.82,social
USR_000973,inactive,66,18-24,tier2,0,0,0,43,False,False,False,20,0.021,0.1,2.3512492185517644,0.0,evening,0.0,0.0,0.36666666666666664,0.5911025584418415,0.0,0.016566265060240965,0.055555555555555566,0.1172,0.9168,0.2956,0.0,0.0333,0.21,gamification
USR_000974,paid,110,25-34,tier2,12,11,6,420,True,True,True,18,0.421,0.83,3.754498876283804,2.807354922057604,evening,0.5217391304347826,0.55,0.6111111111111112,0.9438786301034198,0.5473191697130572,0.6189759036144578,0.8666666666666667,0.8791,0.2458,0.7456,0.82,0.92,0.91,achievement
USR_000975,trial,7,25-34,tier2,8,3,4,27,False,False,False,6,0.21,0.53,2.0704150712689535,2.321928094887362,early_morning,0.34782608695652173,0.15,0.03888888888888889,0.5205010323905325,0.4526808302869428,0.3012048192771084,0.5333333333333334,0.3953,0.6819,0.4866,0.06,0.32,0.21,gamification
USR_000976,inactive,88,25-34,tier3,1,0,0,20,False,False,False,8,0.038,0.12,1.8916681496081529,0.0,early_morning,0.043478260869565216,0.0,0.4888888888888889,0.4755641699458181,0.0,0.04216867469879517,0.07777777777777778,0.1287,0.9011,0.2378,0.0,0.0467,0.12,gamification
USR_000977,trial,0,18-24,tier2,3,2,0,30,True,True,False,18,0.179,0.67,2.133656214977323,0.0,evening,0.13043478260869565,0.1,0.0,0.5363998157053146,0.0,0.25451807228915657,0.688888888888889,0.2307,0.7836,0.2682,0.64,0.4133,0.91,social
USR_000978,paid,87,18-24,tier2,18,9,10,281,True,True,False,17,0.34,0.6,3.505513960712744,3.4594316186372978,late_afternoon,0.782608695652174,0.45,0.48333333333333334,0.8812839806522946,0.6744474046779656,0.49698795180722893,0.611111111111111,0.8934,0.3246,0.7779,0.78,0.3667,0.91,social
USR_000979,paid,113,35-44,tier1,9,9,2,307,True,True,False,18,0.286,0.49,3.5603111736739317,1.5849625007211563,evening,0.391304347826087,0.45,0.6277777777777778,0.8950599651465251,0.3090027388789262,0.4156626506024096,0.48888888888888893,0.763,0.4158,0.602,0.78,0.2933,1.0,social
USR_000980,trial,2,25-34,tier1,10,4,0,24,False,False,False,16,0.246,0.7,2.0,0.0,late_afternoon,0.43478260869565216,0.2,0.011111111111111112,0.5027987282487452,0.0,0.35542168674698793,0.7222222222222222,0.5089,0.6152,0.2514,0.08,0.4333,0.3,achievement
USR_000981,paid,57,25-34,tier1,16,13,3,307,True,True,True,20,0.416,0.8,3.5603111736739317,2.0,evening,0.6956521739130435,0.65,0.31666666666666665,0.8950599651465251,0.3899180437875726,0.6114457831325301,0.8333333333333334,0.9481,0.2304,0.6425,0.86,0.9,1.0,social
USR_000982,paid,34,25-34,tier2,11,14,20,362,True,True,True,13,0.441,0.81,3.6623983992959412,4.392317422778761,afternoon,0.4782608695652174,0.7,0.18888888888888888,0.9207246287531196,0.8563219085919834,0.6490963855421686,0.8444444444444446,0.9322,0.2266,0.8885,0.88,0.9067,0.91,social
USR_000983,inactive,17,25-34,tier3,1,0,0,27,False,True,False,14,0.01,0.07,2.0704150712689535,0.0,afternoon,0.043478260869565216,0.0,0.09444444444444444,0.5205010323905325,0.0,0.0,0.02222222222222223,0.1287,0.9245,0.2603,0.0,0.0133,0.82,social
USR_000984,churned,95,35-44,tier1,0,0,0,12,False,False,False,15,0.07,0.15,1.5936926411670824,0.0,late_afternoon,0.0,0.0,0.5277777777777778,0.4006533165990964,0.0,0.09036144578313253,0.11111111111111112,0.1172,0.8871,0.2003,0.0,0.0667,0.3,social
USR_000985,churned,88,45+,tier2,0,1,0,27,True,True,False,10,0.05,0.28,2.0704150712689535,0.0,mid_morning,0.0,0.05,0.4888888888888889,0.5205010323905325,0.0,0.060240963855421686,0.25555555555555565,0.1454,0.8428,0.2603,0.62,0.1533,0.91,social
USR_000986,trial,4,35-44,tier1,3,2,5,18,False,False,False,19,0.397,0.61,1.8294828004351504,2.584962500721156,evening,0.13043478260869565,0.1,0.022222222222222223,0.4599308127058732,0.5039617607727125,0.5828313253012049,0.6222222222222222,0.2307,0.6662,0.4819,0.04,0.3733,0.3,gamification
USR_000987,paid,38,45+,tier3,4,14,16,389,False,True,False,12,0.469,0.45,3.706975393726461,4.08746284125034,afternoon,0.17391304347826086,0.7,0.2111111111111111,0.931931256807528,0.7968877575573631,0.6912650602409638,0.44444444444444453,0.8673,0.3396,0.8644,0.28,0.2667,0.82,gamification
USR_000988,trial,0,45+,tier1,4,2,1,14,False,False,True,7,0.317,0.65,1.6826061944859854,1.0,early_morning,0.17391304347826086,0.1,0.0,0.4230061273655071,0.1949590218937863,0.4623493975903614,0.6666666666666667,0.2501,0.7318,0.309,0.04,0.8,0.3,achievement
USR_000989,trial,4,25-34,tier2,7,5,5,45,True,False,True,23,0.221,0.76,2.378868651539773,2.584962500721156,night,0.30434782608695654,0.25,0.022222222222222223,0.5980460663325026,0.5039617607727125,0.31777108433734935,0.788888888888889,0.4911,0.5602,0.551,0.7,0.8733,0.21,achievement
USR_000990,paid,58,35-44,tier2,12,13,25,400,True,True,True,16,0.552,0.67,3.724257631188365,4.700439718141093,late_afternoon,0.5217391304347826,0.65,0.32222222222222224,0.936276000316097,0.9163931299194921,0.8162650602409639,0.688888888888889,0.9227,0.2379,0.9263,0.86,0.8133,0.91,gamification
USR_000991,paid,71,25-34,tier2,7,4,5,170,True,True,True,14,0.432,0.95,3.1946951894071214,2.584962500721156,afternoon,0.30434782608695654,0.2,0.39444444444444443,0.8031443391881423,0.5039617607727125,0.6355421686746987,1.0,0.4296,0.3722,0.6536,0.68,1.0,0.91,achievement
USR_000992,paid,107,35-44,tier1,12,5,22,247,False,True,True,8,0.29,0.73,3.4256858891975024,4.523561956057013,early_morning,0.5217391304347826,0.25,0.5944444444444444,0.861215254234088,0.8819092144288181,0.4216867469879517,0.7555555555555555,0.6215,0.4009,0.8716,0.1,0.8533,1.0,social
USR_000993,trial,5,25-34,tier3,10,5,2,60,False,False,False,12,0.159,0.43,2.554229543378943,1.5849625007211563,afternoon,0.43478260869565216,0.25,0.027777777777777776,0.6421316830331528,0.3090027388789262,0.22439759036144577,0.4222222222222223,0.5704,0.6547,0.4756,0.1,0.2533,0.12,gamification
USR_000994,inactive,23,35-44,tier3,1,0,0,32,False,False,False,11,0.022,0.15,2.1725022968909635,0.0,mid_morning,0.043478260869565216,0.0,0.12777777777777777,0.5461656959971272,0.0,0.018072289156626502,0.11111111111111112,0.1287,0.8969,0.2731,0.0,0.0667,0.12,gamification
USR_000995,trial,4,45+,tier1,2,4,3,40,False,True,False,8,0.244,0.47,2.3073720570481235,2.0,early_morning,0.08695652173913043,0.2,0.022222222222222223,0.5800718679402438,0.3899180437875726,0.3524096385542168,0.4666666666666667,0.3069,0.7294,0.485,0.08,0.28,1.0,social
USR_000996,trial,7,25-34,tier1,9,5,3,55,False,False,True,23,0.22,0.7,2.5010916293423473,2.0,night,0.391304347826087,0.25,0.03888888888888889,0.6287728452334571,0.3899180437875726,0.31626506024096385,0.7222222222222222,0.5442,0.557,0.5093,0.1,0.8333,0.3,achievement
USR_000997,trial,4,25-34,tier3,4,8,1,88,True,True,True,6,0.214,0.71,2.7889465850494126,1.0,early_morning,0.17391304347826086,0.4,0.022222222222222223,0.7011393980582628,0.1949590218937863,0.3072289156626506,0.7333333333333333,0.5962,0.5328,0.448,0.76,0.84,0.82,achievement
USR_000998,paid,27,25-34,tier3,11,11,29,356,False,True,True,19,0.512,0.59,3.652042577330741,4.906890595608519,evening,0.4782608695652174,0.55,0.15,0.918121181696083,0.9566425910596553,0.7560240963855421,0.6,0.8673,0.2902,0.9374,0.22,0.76,0.82,gamification
USR_000999,inactive,28,18-24,tier2,0,0,0,47,False,False,False,15,0.049,0.2,2.405312426779558,0.0,late_afternoon,0.0,0.0,0.15555555555555556,0.6046940146128323,0.0,0.05873493975903614,0.1666666666666667,0.1172,0.8784,0.3023,0.0,0.1,0.21,gamification
USR_001000,trial,4,25-34,tier2,10,8,1,88,False,True,False,12,0.524,0.81,2.7889465850494126,1.0,afternoon,0.43478260869565216,0.4,0.022222222222222223,0.7011393980582628,0.1949590218937863,0.7740963855421686,0.8444444444444446,0.7364,0.3358,0.448,0.16,0.5067,0.91,social
USR_001001,trial,4,25-34,tier3,3,3,1,39,False,True,False,21,0.422,0.79,2.292029674220179,1.0,night,0.13043478260869565,0.15,0.022222222222222223,0.5762148026531458,0.1949590218937863,0.6204819277108433,0.8222222222222223,0.2776,0.5779,0.3856,0.06,0.4933,0.82,social
USR_001002,paid,50,25-34,tier2,9,7,20,250,True,True,True,7,0.468,0.93,3.433156940347662,4.392317422778761,early_morning,0.391304347826087,0.35,0.2777777777777778,0.8630934717425787,0.8563219085919834,0.6897590361445783,0.9777777777777779,0.6622,0.2842,0.8597,0.74,0.9867,0.91,achievement
USR_001003,paid,55,45+,tier2,6,6,23,226,False,True,True,17,0.364,0.64,3.3707109641009727,4.584962500721157,late_afternoon,0.2608695652173913,0.3,0.3055555555555556,0.8473945930220353,0.8938798045602853,0.5331325301204819,0.6555555555555556,0.5265,0.4394,0.8706,0.12,0.7933,0.91,social
USR_001004,trial,1,18-24,tier2,4,3,5,21,False,False,False,21,0.355,0.48,1.9205726604783713,2.584962500721156,night,0.17391304347826086,0.15,0.005555555555555556,0.48283074559891703,0.5039617607727125,0.519578313253012,0.4777777777777778,0.2994,0.7557,0.4934,0.06,0.2867,0.21,gamification
USR_001005,inactive,31,18-24,tier1,0,0,0,6,False,False,False,13,0.033,0.28,1.2090619551221675,0.0,afternoon,0.0,0.0,0.17222222222222222,0.30395740670468363,0.0,0.03463855421686747,0.25555555555555565,0.1172,0.8592,0.152,0.0,0.1533,0.3,social
USR_001006,trial,0,25-34,tier3,10,3,1,42,False,True,False,18,0.326,0.6,2.336965027750064,1.0,evening,0.43478260869565216,0.15,0.0,0.5875115219572629,0.1949590218937863,0.4759036144578313,0.611111111111111,0.4471,0.652,0.3912,0.06,0.3667,0.82,social
USR_001007,trial,4,18-24,tier2,5,9,4,108,True,True,True,17,0.217,0.65,2.9148983294012183,2.321928094887362,late_afternoon,0.21739130434782608,0.45,0.022222222222222223,0.7328035864986622,0.4526808302869428,0.3117469879518072,0.6666666666666667,0.6778,0.5156,0.5927,0.78,0.8,0.91,social
USR_001008,churned,105,25-34,tier2,2,1,0,45,False,False,False,9,0.074,0.38,2.378868651539773,0.0,mid_morning,0.08695652173913043,0.05,0.5833333333333334,0.5980460663325026,0.0,0.09638554216867469,0.3666666666666667,0.1738,0.7943,0.299,0.02,0.22,0.21,gamification
USR_001009,trial,1,18-24,tier2,5,11,1,121,True,True,True,15,0.34,0.76,2.9849061014523364,1.0,late_afternoon,0.21739130434782608,0.55,0.005555555555555556,0.7504034958760774,0.1949590218937863,0.49698795180722893,0.788888888888889,0.7755,0.4317,0.4727,0.82,0.8733,0.91,social
USR_001010,trial,4,25-34,tier3,11,3,3,27,True,True,True,6,0.386,0.42,2.0704150712689535,2.0,early_morning,0.4782608695652174,0.15,0.022222222222222223,0.5205010323905325,0.3899180437875726,0.5662650602409638,0.41111111111111115,0.4735,0.6257,0.4552,0.66,0.6467,0.82,social
USR_001011,paid,58,35-44,tier2,15,15,14,276,True,True,True,20,0.567,0.82,3.4943985491690213,3.9068905956085187,evening,0.6521739130434783,0.75,0.32222222222222224,0.8784895732582221,0.761683569165869,0.8388554216867469,0.8555555555555555,0.9642,0.1784,0.8201,0.9,0.9133,0.91,achievement
USR_001012,inactive,25,18-24,tier2,1,1,0,26,False,False,False,23,0.065,0.27,2.047818583457956,0.0,night,0.043478260869565216,0.05,0.1388888888888889,0.5148202897234035,0.0,0.08283132530120482,0.2444444444444445,0.1591,0.8359,0.2574,0.02,0.1467,0.21,gamification
USR_001013,trial,5,18-24,tier2,11,5,0,65,False,False,True,16,0.377,0.64,2.6031788549643564,0.0,late_afternoon,0.4782608695652174,0.25,0.027777777777777776,0.6544375088400515,0.0,0.552710843373494,0.6555555555555556,0.5962,0.5021,0.3272,0.1,0.7933,0.21,achievement
USR_001014,trial,3,25-34,tier2,7,10,5,100,False,False,True,19,0.176,0.63,2.867535604316286,2.584962500721156,evening,0.30434782608695654,0.5,0.016666666666666666,0.7208966275291128,0.5039617607727125,0.24999999999999994,0.6444444444444445,0.7693,0.5406,0.6124,0.2,0.7867,0.21,achievement
USR_001015,trial,1,25-34,tier3,7,9,6,81,False,True,True,17,0.346,0.86,2.738048615121517,2.807354922057604,late_afternoon,0.30434782608695654,0.45,0.005555555555555556,0.6883436807831683,0.5473191697130572,0.5060240963855421,0.9,0.7224,0.4191,0.6178,0.18,0.94,0.82,achievement
USR_001016,inactive,88,35-44,tier3,0,0,0,17,False,False,False,13,0.07,0.05,1.7958889470453636,0.0,afternoon,0.0,0.0,0.4888888888888889,0.4514853393251934,0.0,0.09036144578313253,0.0,0.1172,0.9171,0.2257,0.0,0.0,0.12,gamification
USR_001017,paid,10,35-44,tier3,11,15,22,364,True,True,True,22,0.354,0.71,3.6658123360966046,4.523561956057013,night,0.4782608695652174,0.75,0.05555555555555555,0.9215828902939671,0.8819092144288181,0.5180722891566264,0.7333333333333333,0.9463,0.3023,0.9017,0.9,0.84,0.82,gamification
USR_001018,inactive,56,35-44,tier2,0,0,0,46,False,False,False,6,0.074,0.15,2.392231208153366,0.0,early_morning,0.0,0.0,0.3111111111111111,0.6014054045682358,0.0,0.09638554216867469,0.11111111111111112,0.1172,0.8859,0.3007,0.0,0.0667,0.21,gamification
USR_001019,trial,6,25-34,tier2,4,5,5,30,False,True,False,18,0.358,0.58,2.133656214977323,2.584962500721156,evening,0.17391304347826086,0.25,0.03333333333333333,0.5363998157053146,0.5039617607727125,0.5240963855421686,0.5888888888888889,0.4124,0.609,0.5202,0.1,0.3533,0.91,social
USR_001020,inactive,14,35-44,tier3,1,0,0,49,False,False,False,10,0.046,0.22,2.4306765580733933,0.0,mid_morning,0.043478260869565216,0.0,0.07777777777777778,0.6110705410916697,0.0,0.05421686746987951,0.18888888888888888,0.1287,0.8687,0.3055,0.0,0.1133,0.12,gamification
USR_001021,paid,86,25-34,tier2,9,5,25,126,True,True,False,19,0.574,0.66,3.0098626663592656,4.700439718141093,evening,0.391304347826087,0.25,0.4777777777777778,0.7566775604244079,0.9163931299194921,0.8493975903614457,0.6777777777777778,0.5442,0.3709,0.8365,0.7,0.4067,0.91,social
USR_001022,trial,3,18-24,tier2,8,10,5,110,False,False,True,21,0.362,0.41,2.9261956394389146,2.584962500721156,night,0.34782608695652173,0.5,0.016666666666666666,0.7356437230584549,0.5039617607727125,0.5301204819277108,0.4,0.7876,0.544,0.6198,0.2,0.64,0.21,achievement
USR_001023,trial,1,18-24,tier2,13,9,6,45,False,False,True,16,0.319,0.87,2.378868651539773,2.807354922057604,late_afternoon,0.5652173913043478,0.45,0.005555555555555556,0.5980460663325026,0.5473191697130572,0.4653614457831325,0.9111111111111111,0.8312,0.373,0.5727,0.18,0.9467,0.21,achievement
USR_001024,trial,0,18-24,tier2,13,10,5,140,False,False,False,11,0.429,0.61,3.0748374026393512,2.584962500721156,mid_morning,0.5652173913043478,0.5,0.0,0.7730121678093703,0.5039617607727125,0.6310240963855421,0.6222222222222222,0.8632,0.4116,0.6385,0.2,0.3733,0.21,gamification
USR_001025,paid,68,35-44,tier2,11,16,21,493,True,True,True,9,0.368,0.62,3.8538519996756264,4.459431618637297,mid_morning,0.4782608695652174,0.8,0.37777777777777777,0.9688559421478942,0.8694064265717518,0.539156626506024,0.6333333333333333,0.9576,0.2885,0.9191,0.92,0.78,0.91,learning
USR_001026,trial,2,18-24,tier3,10,9,7,81,False,False,False,17,0.307,0.54,2.738048615121517,3.0,late_afternoon,0.43478260869565216,0.45,0.011111111111111112,0.6883436807831683,0.5848770656813589,0.447289156626506,0.5444444444444445,0.7816,0.5199,0.6366,0.18,0.3267,0.12,gamification
USR_001027,paid,31,18-24,tier2,18,18,32,330,False,True,True,15,0.407,0.77,3.6050588410720286,5.044394119358453,late_afternoon,0.782608695652174,0.9,0.17222222222222222,0.9063095002764555,0.9834501435568916,0.5978915662650601,0.8,0.9873,0.2268,0.9449,0.36,0.88,0.91,gamification
USR_001028,paid,14,25-34,tier1,8,14,16,457,False,True,True,17,0.515,0.71,3.80683786356689,4.08746284125034,late_afternoon,0.34782608695652173,0.7,0.07777777777777778,0.9570366182253011,0.7968877575573631,0.7605421686746988,0.7333333333333333,0.9091,0.2689,0.877,0.28,0.84,1.0,social
USR_001029,churned,40,18-24,tier2,1,2,0,30,False,True,True,23,0.017,0.2,2.133656214977323,0.0,night,0.043478260869565216,0.1,0.2222222222222222,0.5363998157053146,0.0,0.010542168674698796,0.1666666666666667,0.1951,0.8568,0.2682,0.04,0.5,0.91,social
USR_001030,trial,1,35-44,tier2,5,6,3,90,True,True,False,16,0.472,0.75,2.8027545962892497,2.0,late_afternoon,0.21739130434782608,0.3,0.005555555555555556,0.7046107233037799,0.3899180437875726,0.6957831325301204,0.7777777777777778,0.5,0.5201,0.5473,0.72,0.4667,0.91,social
USR_001031,churned,62,25-34,tier3,0,1,0,49,False,True,False,12,0.105,0.25,2.4306765580733933,0.0,afternoon,0.0,0.05,0.34444444444444444,0.6110705410916697,0.0,0.1430722891566265,0.22222222222222227,0.1454,0.8353,0.3055,0.02,0.1333,0.82,social
USR_001032,churned,140,25-34,tier1,0,1,0,15,False,False,False,21,0.049,0.25,1.7227062322935722,0.0,night,0.0,0.05,0.7777777777777778,0.43308725137169773,0.0,0.05873493975903614,0.22222222222222227,0.1454,0.8521,0.2165,0.02,0.1333,0.3,social
USR_001033,paid,40,35-44,tier3,13,9,26,230,True,True,True,7,0.471,0.61,3.381564252013131,4.754887502163469,early_morning,0.5652173913043478,0.45,0.2222222222222222,0.8501231027018107,0.9270082166367787,0.6942771084337348,0.6222222222222222,0.8312,0.3089,0.8886,0.78,0.7733,0.82,gamification
USR_001034,trial,0,18-24,tier3,10,8,1,40,False,False,False,20,0.401,0.51,2.3073720570481235,1.0,evening,0.43478260869565216,0.4,0.0,0.5800718679402438,0.1949590218937863,0.588855421686747,0.5111111111111112,0.7364,0.5186,0.3875,0.16,0.3067,0.12,gamification
USR_001035,paid,26,18-24,tier2,18,17,30,340,True,True,True,18,0.338,0.65,3.623552317382301,4.954196310386876,evening,0.782608695652174,0.85,0.14444444444444443,0.9109587484613072,0.9658652669428303,0.4939759036144578,0.6666666666666667,0.9838,0.2791,0.9384,0.94,0.8,0.91,learning
USR_001036,paid,92,18-24,tier2,9,12,12,472,True,True,True,22,0.271,0.52,3.826861130155042,3.700439718141092,night,0.391304347826087,0.6,0.5111111111111111,0.9620704547132554,0.7214341080257056,0.3930722891566265,0.5222222222222223,0.8713,0.3727,0.8418,0.84,0.7133,0.91,social
USR_001037,trial,2,25-34,tier3,5,3,5,24,False,True,True,13,0.236,0.64,2.0,2.584962500721156,afternoon,0.21739130434782608,0.15,0.011111111111111112,0.5027987282487452,0.5039617607727125,0.3403614457831325,0.6555555555555556,0.3222,0.73,0.5034,0.06,0.7933,0.82,social
USR_001038,churned,129,18-24,tier2,0,1,0,41,False,False,False,6,0.072,0.14,2.322344707681546,0.0,early_morning,0.0,0.05,0.7166666666666667,0.5838359827887426,0.0,0.0933734939759036,0.10000000000000002,0.1454,0.8782,0.2919,0.02,0.06,0.21,gamification
USR_001039,inactive,80,18-24,tier3,0,0,0,18,False,False,True,23,0.016,0.18,1.8294828004351504,0.0,night,0.0,0.0,0.4444444444444444,0.4599308127058732,0.0,0.009036144578313253,0.14444444444444446,0.1172,0.8943,0.23,0.0,0.4867,0.12,achievement
USR_001040,trial,2,18-24,tier3,9,10,0,80,True,False,True,19,0.185,0.88,2.7304247779439415,0.0,evening,0.391304347826087,0.5,0.011111111111111112,0.6864270529645381,0.0,0.2635542168674698,0.9222222222222223,0.8049,0.4303,0.3432,0.8,0.9533,0.12,achievement
USR_001041,trial,6,25-34,tier3,5,8,4,112,False,False,True,14,0.297,0.71,2.9372912009775383,2.321928094887362,afternoon,0.21739130434782608,0.4,0.03333333333333333,0.7384331401738677,0.4526808302869428,0.43222891566265054,0.7333333333333333,0.6215,0.4942,0.5956,0.16,0.84,0.12,achievement
USR_001042,trial,5,18-24,tier1,6,8,3,64,False,False,False,12,0.456,0.65,2.5936926411670824,2.0,afternoon,0.2608695652173913,0.4,0.027777777777777776,0.652052680723469,0.3899180437875726,0.6716867469879518,0.6666666666666667,0.6462,0.4507,0.521,0.16,0.4,0.3,gamification
USR_001043,paid,76,18-24,tier2,23,5,24,142,True,True,True,15,0.353,0.94,3.08358874357206,4.643856189774724,late_afternoon,1.0,0.25,0.4222222222222222,0.7752122493550889,0.9053616605738856,0.516566265060241,0.9888888888888889,0.8409,0.2482,0.8403,0.7,0.9933,0.91,achievement
USR_001044,inactive,89,25-34,tier3,1,0,0,48,False,False,False,17,0.067,0.28,2.418123910244335,0.0,late_afternoon,0.043478260869565216,0.0,0.49444444444444446,0.6079148134093673,0.0,0.0858433734939759,0.25555555555555565,0.1287,0.8444,0.304,0.0,0.1533,0.12,gamification
USR_001045,trial,2,25-34,tier2,9,7,0,98,False,True,True,13,0.211,0.82,2.855108491376949,0.0,afternoon,0.391304347826087,0.35,0.011111111111111112,0.7177724592382616,0.0,0.3027108433734939,0.8555555555555555,0.6622,0.511,0.3589,0.14,0.9133,0.91,achievement
USR_001046,trial,5,25-34,tier1,10,7,3,49,False,False,False,18,0.203,0.46,2.4306765580733933,2.0,evening,0.43478260869565216,0.35,0.027777777777777776,0.6110705410916697,0.3899180437875726,0.29066265060240964,0.45555555555555566,0.6855,0.5796,0.5005,0.14,0.2733,0.3,gamification
USR_001047,trial,3,18-24,tier1,4,4,0,36,False,True,False,20,0.279,0.62,2.2435894449529292,0.0,evening,0.17391304347826086,0.2,0.016666666666666666,0.5640369598173204,0.0,0.40512048192771083,0.6333333333333333,0.3538,0.7065,0.282,0.08,0.38,1.0,social
USR_001048,churned,70,25-34,tier2,1,0,0,9,False,False,True,19,0.041,0.26,1.4306765580733933,0.0,evening,0.043478260869565216,0.0,0.3888888888888889,0.35967117696729706,0.0,0.046686746987951805,0.23333333333333336,0.1287,0.8582,0.1798,0.0,0.54,0.21,achievement
USR_001049,paid,29,25-34,tier2,9,11,18,354,False,False,True,21,0.643,0.8,3.6485519224500402,4.247927513443585,night,0.391304347826087,0.55,0.16111111111111112,0.9172436332786973,0.8281717930966652,0.9533132530120482,0.8333333333333334,0.8409,0.2077,0.8727,0.22,0.9,0.21,achievement
USR_001050,churned,85,25-34,tier2,3,0,0,1,False,False,False,19,0.109,0.34,0.43067655807339306,0.0,evening,0.13043478260869565,0.0,0.4722222222222222,0.10827181284292443,0.0,0.14909638554216867,0.3222222222222223,0.1544,0.8035,0.0541,0.0,0.1933,0.21,social
USR_001051,trial,7,18-24,tier3,12,9,0,108,False,True,False,23,0.212,0.75,2.9148983294012183,0.0,night,0.5217391304347826,0.45,0.03888888888888889,0.7328035864986622,0.0,0.30421686746987947,0.7777777777777778,0.8157,0.4236,0.3664,0.18,0.4667,0.82,social
USR_001052,paid,112,25-34,tier3,7,11,17,374,True,False,True,18,0.546,0.6,3.6826061944859854,4.169925001442312,evening,0.30434782608695654,0.55,0.6222222222222222,0.9258048556142523,0.8129644996516386,0.8072289156626506,0.611111111111111,0.8104,0.2988,0.8694,0.82,0.7667,0.12,gamification
USR_001053,paid,41,18-24,tier2,10,13,29,338,True,False,True,21,0.465,0.52,3.6198973954635236,4.906890595608519,night,0.43478260869565216,0.65,0.22777777777777777,0.9100399034150023,0.9566425910596553,0.6852409638554217,0.5222222222222223,0.9061,0.3078,0.9333,0.86,0.7133,0.21,gamification
USR_001054,trial,1,25-34,tier2,10,4,1,20,False,True,False,19,0.392,0.54,1.8916681496081529,1.0,evening,0.43478260869565216,0.2,0.005555555555555556,0.4755641699458181,0.1949590218937863,0.575301204819277,0.5444444444444445,0.5089,0.6202,0.3353,0.08,0.3267,0.91,social
USR_001055,inactive,35,25-34,tier1,1,0,0,23,False,False,False,19,0.043,0.07,1.9746358687061647,0.0,evening,0.043478260869565216,0.0,0.19444444444444445,0.49642220176990787,0.0,0.04969879518072288,0.02222222222222223,0.1287,0.9146,0.2482,0.0,0.0133,0.3,social
USR_001056,trial,0,25-34,tier3,9,9,2,117,False,False,True,12,0.226,0.74,2.9641930189469203,1.5849625007211563,afternoon,0.391304347826087,0.45,0.0,0.7451962401051601,0.3090027388789262,0.3253012048192771,0.7666666666666667,0.763,0.486,0.5271,0.18,0.86,0.12,achievement
USR_001057,churned,152,25-34,tier2,0,1,0,2,False,False,False,7,0.055,0.15,0.6826061944859854,0.0,early_morning,0.0,0.05,0.8444444444444444,0.17160676324113452,0.0,0.0677710843373494,0.11111111111111112,0.1454,0.8803,0.0858,0.02,0.0667,0.21,social
USR_001058,paid,14,25-34,tier1,4,7,9,201,True,True,True,17,0.398,0.62,3.2982121623896794,3.3219280948873626,late_afternoon,0.17391304347826086,0.35,0.07777777777777778,0.8291684403720373,0.6476398521807292,0.5843373493975903,0.6333333333333333,0.5354,0.4805,0.7384,0.74,0.78,1.0,social
USR_001059,paid,49,35-44,tier2,9,4,10,195,True,False,True,5,0.4,0.54,3.2794770263911213,3.4594316186372978,night,0.391304347826087,0.2,0.2722222222222222,0.8244584390952161,0.6744474046779656,0.5873493975903614,0.5444444444444445,0.4823,0.4726,0.7495,0.68,0.7267,0.21,gamification
USR_001060,trial,7,25-34,tier2,8,8,0,72,False,False,False,9,0.191,0.71,2.665812336096604,0.0,mid_morning,0.34782608695652173,0.4,0.03888888888888889,0.6701835261695945,0.0,0.27259036144578314,0.7333333333333333,0.6931,0.4977,0.3351,0.16,0.44,0.21,achievement
USR_001061,churned,94,35-44,tier3,2,0,0,30,True,False,False,19,0.036,0.23,2.133656214977323,0.0,evening,0.08695652173913043,0.0,0.5222222222222223,0.5363998157053146,0.0,0.03915662650602409,0.2,0.141,0.8638,0.2682,0.6,0.12,0.12,learning
USR_001062,paid,56,45+,tier2,14,5,18,258,True,True,True,9,0.483,0.61,3.452651400075097,4.247927513443585,mid_morning,0.6086956521739131,0.25,0.3111111111111111,0.8679943665220041,0.8281717930966652,0.7123493975903614,0.6222222222222222,0.6701,0.3637,0.8481,0.7,0.7733,0.91,social
USR_001063,paid,60,25-34,tier3,9,4,26,143,True,True,True,15,0.339,0.84,3.087918621265543,4.754887502163469,late_afternoon,0.391304347826087,0.2,0.3333333333333333,0.7763007778539668,0.9270082166367787,0.4954819277108434,0.8777777777777778,0.4823,0.408,0.8517,0.68,0.9267,0.82,achievement
USR_001064,paid,88,18-24,tier2,12,10,26,389,False,True,True,15,0.545,0.84,3.706975393726461,4.754887502163469,late_afternoon,0.5217391304347826,0.5,0.4888888888888889,0.931931256807528,0.9270082166367787,0.8057228915662651,0.8777777777777778,0.8501,0.22,0.9295,0.2,0.9267,0.91,gamification
USR_001065,churned,35,18-24,tier3,2,1,0,1,False,False,False,19,0.126,0.34,0.43067655807339306,0.0,evening,0.08695652173913043,0.05,0.19444444444444445,0.10827181284292443,0.0,0.1746987951807229,0.3222222222222223,0.1738,0.7907,0.0541,0.02,0.1933,0.12,achievement
USR_001066,churned,172,25-34,tier2,2,1,0,21,False,True,False,18,0.087,0.18,1.9205726604783713,0.0,evening,0.08695652173913043,0.05,0.9555555555555556,0.48283074559891703,0.0,0.11596385542168675,0.14444444444444446,0.1738,0.8504,0.2414,0.02,0.0867,0.91,social
USR_001067,trial,4,25-34,tier1,4,8,1,88,True,False,True,13,0.415,0.74,2.7889465850494126,1.0,afternoon,0.17391304347826086,0.4,0.022222222222222223,0.7011393980582628,0.1949590218937863,0.6099397590361445,0.7666666666666667,0.5962,0.4565,0.448,0.76,0.86,0.3,achievement
USR_001068,churned,53,35-44,tier3,0,1,0,40,False,False,False,7,0.084,0.28,2.3073720570481235,0.0,early_morning,0.0,0.05,0.29444444444444445,0.5800718679402438,0.0,0.11144578313253013,0.25555555555555565,0.1454,0.8326,0.29,0.02,0.1533,0.12,gamification
USR_001069,churned,112,25-34,tier1,2,0,0,20,True,True,False,19,0.064,0.1,1.8916681496081529,0.0,evening,0.08695652173913043,0.0,0.6222222222222222,0.4755641699458181,0.0,0.08132530120481928,0.055555555555555566,0.141,0.8944,0.2378,0.6,0.0333,1.0,social
USR_001070,inactive,66,18-24,tier3,1,0,0,21,False,False,True,21,0.046,0.05,1.9205726604783713,0.0,night,0.043478260869565216,0.0,0.36666666666666664,0.48283074559891703,0.0,0.05421686746987951,0.0,0.1287,0.9197,0.2414,0.0,0.4,0.12,achievement
USR_001071,churned,164,18-24,tier1,2,0,0,46,False,False,False,7,0.03,0.24,2.392231208153366,0.0,early_morning,0.08695652173913043,0.0,0.9111111111111111,0.6014054045682358,0.0,0.030120481927710836,0.21111111111111114,0.141,0.8626,0.3007,0.0,0.1267,0.3,gamification
USR_001072,inactive,41,35-44,tier3,0,0,0,36,False,False,False,19,0.057,0.24,2.2435894449529292,0.0,evening,0.0,0.0,0.22777777777777777,0.5640369598173204,0.0,0.07078313253012047,0.21111111111111114,0.1172,0.864,0.282,0.0,0.1267,0.12,gamification
USR_001073,trial,6,25-34,tier1,7,4,0,56,False,True,False,8,0.208,0.45,2.512088994921136,0.0,early_morning,0.30434782608695654,0.2,0.03333333333333333,0.6315375759470078,0.0,0.2981927710843373,0.44444444444444453,0.4296,0.6938,0.3158,0.08,0.2667,1.0,social
USR_001074,paid,50,18-24,tier2,11,5,11,198,False,False,True,19,0.539,0.52,3.28891520687427,3.5849625007211565,evening,0.4782608695652174,0.25,0.2777777777777778,0.8268311916671708,0.6989207826664989,0.7966867469879518,0.5222222222222223,0.5962,0.3994,0.7629,0.1,0.7133,0.21,gamification
USR_001075,paid,71,35-44,tier2,17,9,27,198,True,True,True,13,0.592,0.79,3.28891520687427,4.807354922057604,afternoon,0.7391304347826086,0.45,0.39444444444444443,0.8268311916671708,0.9372372135006297,0.8765060240963854,0.8222222222222223,0.8828,0.2091,0.882,0.78,0.8933,0.91,social
USR_001076,inactive,60,18-24,tier3,0,0,0,6,True,False,False,16,0.066,0.27,1.2090619551221675,0.0,late_afternoon,0.0,0.0,0.3333333333333333,0.30395740670468363,0.0,0.08433734939759036,0.2444444444444445,0.1172,0.8523,0.152,0.6,0.1467,0.12,learning
USR_001077,inactive,57,35-44,tier2,0,0,0,9,False,False,False,13,0.046,0.09,1.4306765580733933,0.0,afternoon,0.0,0.0,0.31666666666666665,0.35967117696729706,0.0,0.05421686746987951,0.04444444444444444,0.1172,0.9123,0.1798,0.0,0.0267,0.21,social
USR_001078,paid,45,45+,tier3,13,3,8,265,True,True,True,7,0.395,0.77,3.4692213136307113,3.1699250014423126,early_morning,0.5652173913043478,0.15,0.25,0.8721600322534814,0.6180054777578524,0.5798192771084337,0.8,0.5265,0.3959,0.7451,0.66,0.88,0.82,achievement
USR_001079,churned,84,25-34,tier2,0,0,0,23,False,False,False,18,0.02,0.12,1.9746358687061647,0.0,evening,0.0,0.0,0.4666666666666667,0.49642220176990787,0.0,0.015060240963855422,0.07777777777777778,0.1172,0.9111,0.2482,0.0,0.0467,0.21,gamification
USR_001080,inactive,51,25-34,tier1,0,0,0,39,False,False,False,19,0.064,0.28,2.292029674220179,0.0,evening,0.0,0.0,0.2833333333333333,0.5762148026531458,0.0,0.08132530120481928,0.25555555555555565,0.1172,0.8499,0.2881,0.0,0.1533,0.3,social
USR_001081,inactive,62,25-34,tier2,1,0,0,5,False,False,False,19,0.072,0.21,1.1132827525593785,0.0,evening,0.043478260869565216,0.0,0.34444444444444444,0.27987857608405897,0.0,0.0933734939759036,0.17777777777777776,0.1287,0.8639,0.1399,0.0,0.1067,0.21,social
USR_001082,inactive,60,18-24,tier2,1,0,0,50,False,False,False,22,0.046,0.09,2.4429806222085735,0.0,night,0.043478260869565216,0.0,0.3333333333333333,0.6141637749913994,0.0,0.05421686746987951,0.04444444444444444,0.1287,0.9077,0.3071,0.0,0.0267,0.21,gamification
USR_001083,inactive,38,18-24,tier1,0,0,0,3,False,False,False,19,0.074,0.11,0.8613531161467861,0.0,evening,0.0,0.0,0.2111111111111111,0.21654362568584887,0.0,0.09638554216867469,0.06666666666666667,0.1172,0.8979,0.1083,0.0,0.04,0.3,social
USR_001084,paid,68,25-34,tier3,7,12,15,387,False,True,True,9,0.466,0.69,3.7037808626043236,4.0,mid_morning,0.30434782608695654,0.6,0.37777777777777777,0.9311281537147471,0.7798360875751452,0.6867469879518072,0.711111111111111,0.8456,0.2835,0.8555,0.24,0.8267,0.82,gamification
USR_001085,paid,54,18-24,tier2,17,19,19,553,True,True,True,16,0.296,0.8,3.9250751072424146,4.321928094887363,late_afternoon,0.7391304347826086,0.95,0.3,0.9867613861011465,0.8425988740745155,0.430722891566265,0.8333333333333334,0.989,0.248,0.9147,0.98,0.9,0.91,learning
USR_001086,inactive,86,18-24,tier1,1,0,0,17,False,False,False,20,0.042,0.26,1.7958889470453636,0.0,evening,0.043478260869565216,0.0,0.4777777777777778,0.4514853393251934,0.0,0.048192771084337345,0.23333333333333336,0.1287,0.8579,0.2257,0.0,0.14,0.3,social
USR_001087,trial,5,25-34,tier2,6,2,6,16,False,False,False,18,0.183,0.41,1.7603744277225881,2.807354922057604,evening,0.2608695652173913,0.1,0.027777777777777776,0.4425570117502649,0.5473191697130572,0.26054216867469876,0.4,0.292,0.7758,0.4949,0.04,0.24,0.21,gamification
USR_001088,churned,60,18-24,tier2,0,0,0,2,False,False,False,18,0.087,0.26,0.6826061944859854,0.0,evening,0.0,0.0,0.3333333333333333,0.17160676324113452,0.0,0.11596385542168675,0.23333333333333336,0.1172,0.849,0.0858,0.0,0.14,0.21,social
USR_001089,inactive,42,35-44,tier1,0,0,0,24,False,False,False,6,0.079,0.17,2.0,0.0,early_morning,0.0,0.0,0.23333333333333334,0.5027987282487452,0.0,0.10391566265060241,0.13333333333333336,0.1172,0.8784,0.2514,0.0,0.08,0.3,social
USR_001090,paid,112,18-24,tier2,16,17,29,336,False,True,True,20,0.276,0.51,3.6162208466619985,4.906890595608519,evening,0.6956521739130435,0.85,0.6222222222222222,0.9091156213841266,0.9566425910596553,0.4006024096385542,0.5111111111111112,0.9801,0.3349,0.9329,0.34,0.7067,0.91,gamification
USR_001091,trial,3,25-34,tier1,10,9,4,108,True,True,False,12,0.464,0.68,2.9148983294012183,2.321928094887362,afternoon,0.43478260869565216,0.45,0.016666666666666666,0.7328035864986622,0.4526808302869428,0.6837349397590361,0.7000000000000001,0.7816,0.413,0.5927,0.78,0.42,1.0,social
USR_001092,paid,99,18-24,tier1,20,17,23,596,True,True,True,9,0.589,0.84,3.9715214013602558,4.584962500721157,mid_morning,0.8695652173913043,0.85,0.55,0.9984379549083053,0.8938798045602853,0.8719879518072288,0.8777777777777778,0.9869,0.1589,0.9462,0.94,0.9267,1.0,social
USR_001093,inactive,86,35-44,tier3,1,0,0,12,False,False,False,6,0.021,0.1,1.5936926411670824,0.0,early_morning,0.043478260869565216,0.0,0.4777777777777778,0.4006533165990964,0.0,0.016566265060240965,0.055555555555555566,0.1287,0.9122,0.2003,0.0,0.0333,0.12,gamification
USR_001094,paid,48,18-24,tier1,10,17,8,331,True,True,True,18,0.388,0.91,3.6069331560214404,3.1699250014423126,evening,0.43478260869565216,0.85,0.26666666666666666,0.9067807018629065,0.6180054777578524,0.5692771084337349,0.9555555555555556,0.963,0.2029,0.7624,0.94,0.9733,1.0,social
USR_001095,trial,3,18-24,tier2,11,4,4,32,True,False,True,17,0.212,0.73,2.1725022968909635,2.321928094887362,late_afternoon,0.4782608695652174,0.2,0.016666666666666666,0.5461656959971272,0.4526808302869428,0.30421686746987947,0.7555555555555555,0.5354,0.6039,0.4994,0.68,0.8533,0.21,achievement
USR_001096,paid,47,35-44,tier2,8,4,27,212,True,True,True,15,0.652,0.84,3.3311581169360256,4.807354922057604,late_afternoon,0.34782608695652173,0.2,0.2611111111111111,0.8374510323954591,0.9372372135006297,0.966867469879518,0.8777777777777778,0.4558,0.3331,0.8873,0.68,0.9267,0.91,achievement
USR_001097,trial,3,45+,tier1,7,6,2,42,False,False,False,11,0.311,0.54,2.336965027750064,1.5849625007211563,mid_morning,0.30434782608695654,0.3,0.016666666666666666,0.5875115219572629,0.3090027388789262,0.45331325301204817,0.5444444444444445,0.5529,0.6282,0.4483,0.12,0.3267,0.3,gamification
USR_001098,trial,7,35-44,tier2,10,6,5,72,True,False,False,7,0.301,0.43,2.665812336096604,2.584962500721156,early_morning,0.43478260869565216,0.3,0.03888888888888889,0.6701835261695945,0.5039617607727125,0.4382530120481927,0.4222222222222223,0.6298,0.5817,0.5871,0.72,0.2533,0.21,learning
USR_001099,churned,139,25-34,tier2,2,0,0,21,False,False,False,23,0.059,0.17,1.9205726604783713,0.0,night,0.08695652173913043,0.0,0.7722222222222223,0.48283074559891703,0.0,0.07379518072289155,0.13333333333333336,0.141,0.8749,0.2414,0.0,0.08,0.21,gamification
USR_001100,trial,0,35-44,tier3,6,6,3,72,False,False,True,14,0.183,0.65,2.665812336096604,2.0,afternoon,0.2608695652173913,0.3,0.0,0.6701835261695945,0.3899180437875726,0.26054216867469876,0.6666666666666667,0.5265,0.6474,0.5301,0.12,0.8,0.12,achievement
USR_001101,trial,2,25-34,tier3,10,2,5,30,True,False,True,10,0.269,0.59,2.133656214977323,2.584962500721156,mid_morning,0.43478260869565216,0.1,0.011111111111111112,0.5363998157053146,0.5039617607727125,0.3900602409638554,0.6,0.3869,0.7051,0.5202,0.64,0.76,0.12,achievement
USR_001102,trial,5,45+,tier2,2,4,6,28,False,True,True,6,0.403,0.78,2.0922185341675,2.807354922057604,early_morning,0.08695652173913043,0.2,0.027777777777777776,0.5259824090989363,0.5473191697130572,0.5918674698795181,0.8111111111111111,0.3069,0.5746,0.5367,0.08,0.8867,0.91,social
USR_001103,trial,6,25-34,tier2,12,8,7,104,False,False,True,18,0.346,0.68,2.8916681496081527,3.0,evening,0.5217391304347826,0.4,0.03333333333333333,0.7269635340701907,0.5848770656813589,0.5060240963855421,0.7000000000000001,0.7755,0.4202,0.6559,0.16,0.82,0.21,achievement
USR_001104,inactive,18,45+,tier1,1,0,0,16,False,False,False,15,0.06,0.18,1.7603744277225881,0.0,late_afternoon,0.043478260869565216,0.0,0.1,0.4425570117502649,0.0,0.0753012048192771,0.14444444444444446,0.1287,0.8765,0.2213,0.0,0.0867,0.3,social
USR_001105,paid,120,18-24,tier1,14,16,20,338,True,True,True,20,0.463,0.75,3.6198973954635236,4.392317422778761,evening,0.6086956521739131,0.8,0.6666666666666666,0.9100399034150023,0.8563219085919834,0.6822289156626505,0.7777777777777778,0.9688,0.2237,0.8832,0.92,0.8667,1.0,social
USR_001106,trial,6,35-44,tier1,6,4,3,56,True,False,True,12,0.2,0.76,2.512088994921136,2.0,afternoon,0.2608695652173913,0.2,0.03333333333333333,0.6315375759470078,0.3899180437875726,0.286144578313253,0.788888888888889,0.4038,0.6055,0.5107,0.68,0.8733,0.3,achievement
USR_001107,trial,7,25-34,tier3,8,5,3,35,False,True,True,20,0.481,0.83,2.226565505118757,2.0,evening,0.34782608695652173,0.25,0.03888888888888889,0.5597571521681179,0.3899180437875726,0.7093373493975903,0.8666666666666667,0.5177,0.4396,0.4748,0.1,0.92,0.82,achievement
USR_001108,trial,0,25-34,tier2,10,6,5,30,False,False,False,14,0.337,0.4,2.133656214977323,2.584962500721156,afternoon,0.43478260869565216,0.3,0.0,0.5363998157053146,0.5039617607727125,0.4924698795180723,0.38888888888888895,0.6298,0.6324,0.5202,0.12,0.2333,0.21,gamification
USR_001109,churned,129,35-44,tier3,1,1,0,21,True,True,False,15,0.102,0.24,1.9205726604783713,0.0,late_afternoon,0.043478260869565216,0.05,0.7166666666666667,0.48283074559891703,0.0,0.13855421686746988,0.21111111111111114,0.1591,0.8338,0.2414,0.62,0.1267,0.82,social
USR_001110,inactive,81,18-24,tier1,0,0,0,34,False,False,False,20,0.017,0.14,2.2090619551221677,0.0,evening,0.0,0.0,0.45,0.5553567708290562,0.0,0.010542168674698796,0.10000000000000002,0.1172,0.906,0.2777,0.0,0.06,0.3,social
USR_001111,churned,86,35-44,tier3,2,0,0,20,False,False,True,6,0.098,0.34,1.8916681496081529,0.0,early_morning,0.08695652173913043,0.0,0.4777777777777778,0.4755641699458181,0.0,0.13253012048192772,0.3222222222222223,0.141,0.8122,0.2378,0.0,0.5933,0.12,achievement
USR_001112,trial,7,35-44,tier3,4,8,2,112,True,False,True,17,0.299,0.8,2.9372912009775383,1.5849625007211563,late_afternoon,0.17391304347826086,0.4,0.03888888888888889,0.7384331401738677,0.3090027388789262,0.43524096385542166,0.8333333333333334,0.5962,0.475,0.5237,0.76,0.9,0.12,achievement
USR_001113,churned,159,25-34,tier1,0,1,0,1,False,False,False,22,0.07,0.1,0.43067655807339306,0.0,night,0.0,0.05,0.8833333333333333,0.10827181284292443,0.0,0.09036144578313253,0.055555555555555566,0.1454,0.8908,0.0541,0.02,0.0333,0.3,social
USR_001114,paid,44,35-44,tier3,15,6,7,251,True,True,True,16,0.591,0.7,3.4356274602409247,3.0,late_afternoon,0.6521739130434783,0.3,0.24444444444444444,0.8637145588728016,0.5848770656813589,0.8749999999999999,0.7222222222222222,0.7432,0.2839,0.7243,0.72,0.8333,0.82,achievement
USR_001115,paid,114,18-24,tier1,16,12,10,373,False,True,True,16,0.391,0.52,3.6809470882009596,3.4594316186372978,late_afternoon,0.6956521739130435,0.6,0.6333333333333333,0.925387757349182,0.6744474046779656,0.5737951807228916,0.5222222222222223,0.9344,0.3176,0.7999,0.24,0.7133,1.0,social
USR_001116,trial,3,18-24,tier1,10,6,6,54,True,True,False,10,0.48,0.66,2.489896102404978,2.807354922057604,mid_morning,0.43478260869565216,0.3,0.016666666666666666,0.6259582968803652,0.5473191697130572,0.7078313253012047,0.6777777777777778,0.6298,0.4873,0.5866,0.72,0.4067,1.0,social
USR_001117,inactive,27,18-24,tier3,0,0,0,33,False,False,False,6,0.061,0.24,2.1910509857959815,0.0,early_morning,0.0,0.0,0.15,0.5508288245931894,0.0,0.07680722891566265,0.21111111111111114,0.1172,0.8628,0.2754,0.0,0.1267,0.12,gamification
USR_001118,paid,24,18-24,tier3,18,4,14,272,True,True,True,17,0.551,0.61,3.4853607907752355,3.9068905956085187,late_afternoon,0.782608695652174,0.2,0.13333333333333333,0.8762174865449146,0.761683569165869,0.8147590361445783,0.6222222222222222,0.708,0.3317,0.819,0.68,0.7733,0.82,social
USR_001119,churned,44,35-44,tier2,2,1,0,45,False,False,False,19,0.031,0.21,2.378868651539773,0.0,evening,0.08695652173913043,0.05,0.24444444444444444,0.5980460663325026,0.0,0.03162650602409638,0.17777777777777776,0.1738,0.8582,0.299,0.02,0.1067,0.21,gamification
USR_001120,trial,4,18-24,tier3,8,5,4,35,False,True,False,19,0.25,0.88,2.226565505118757,2.321928094887362,evening,0.34782608695652173,0.25,0.022222222222222223,0.5597571521681179,0.4526808302869428,0.36144578313253006,0.9222222222222223,0.5177,0.4993,0.5062,0.1,0.5533,0.82,social
USR_001121,trial,1,25-34,tier1,9,5,2,40,False,False,True,20,0.252,0.44,2.3073720570481235,1.5849625007211563,evening,0.391304347826087,0.25,0.005555555555555556,0.5800718679402438,0.3090027388789262,0.3644578313253012,0.4333333333333334,0.5442,0.6897,0.4445,0.1,0.66,0.3,achievement
USR_001122,paid,38,35-44,tier1,5,13,22,326,False,True,True,5,0.405,0.75,3.597504523887204,4.523561956057013,night,0.21739130434782608,0.65,0.2111111111111111,0.9044103497397968,0.8819092144288181,0.5948795180722891,0.7777777777777778,0.8501,0.2821,0.8932,0.26,0.8667,1.0,social
USR_001123,trial,2,25-34,tier2,9,4,2,32,False,True,False,19,0.212,0.66,2.1725022968909635,1.5849625007211563,evening,0.391304347826087,0.2,0.011111111111111112,0.5461656959971272,0.3090027388789262,0.30421686746987947,0.6777777777777778,0.4823,0.6546,0.4276,0.08,0.4067,0.91,social
USR_001124,paid,100,35-44,tier3,17,11,6,243,True,True,True,7,0.35,0.45,3.4155826595257293,2.807354922057604,early_morning,0.7391304347826086,0.55,0.5555555555555556,0.8586753087190017,0.5473191697130572,0.5120481927710843,0.44444444444444453,0.9252,0.3509,0.703,0.82,0.6667,0.82,learning
USR_001125,paid,77,35-44,tier1,14,4,5,113,True,True,True,17,0.504,0.75,2.942765552994529,2.584962500721156,late_afternoon,0.6086956521739131,0.2,0.42777777777777776,0.7398093887899322,0.5039617607727125,0.7439759036144578,0.7777777777777778,0.6131,0.3407,0.6219,0.68,0.8667,1.0,social
USR_001126,paid,39,18-24,tier1,11,11,8,359,True,True,True,17,0.531,0.75,3.65724206319215,3.1699250014423126,late_afternoon,0.4782608695652174,0.55,0.21666666666666667,0.919428329135415,0.6180054777578524,0.7846385542168675,0.7777777777777778,0.8673,0.2419,0.7687,0.82,0.8667,1.0,social
USR_001127,churned,112,35-44,tier2,0,1,0,5,False,False,False,5,0.031,0.17,1.1132827525593785,0.0,night,0.0,0.05,0.6222222222222222,0.27987857608405897,0.0,0.03162650602409638,0.13333333333333336,0.1454,0.8815,0.1399,0.02,0.08,0.21,social
USR_001128,paid,66,35-44,tier2,10,12,8,246,True,False,True,21,0.449,0.52,3.423175441602233,3.1699250014423126,night,0.43478260869565216,0.6,0.36666666666666664,0.8605841293049696,0.6180054777578524,0.661144578313253,0.5222222222222223,0.8828,0.3206,0.7393,0.84,0.7133,0.21,learning
USR_001129,paid,99,18-24,tier2,18,19,23,459,False,True,True,13,0.532,0.93,3.809545209613166,4.584962500721157,afternoon,0.782608695652174,0.95,0.55,0.9577172432997996,0.8938798045602853,0.786144578313253,0.9777777777777779,0.9901,0.1488,0.9258,0.38,0.9867,0.91,achievement
USR_001130,inactive,55,45+,tier3,1,0,0,15,False,False,False,14,0.055,0.09,1.7227062322935722,0.0,afternoon,0.043478260869565216,0.0,0.3055555555555556,0.43308725137169773,0.0,0.0677710843373494,0.04444444444444444,0.1287,0.905,0.2165,0.0,0.0267,0.12,gamification
USR_001131,churned,111,35-44,tier2,1,0,0,18,False,False,False,7,0.105,0.23,1.8294828004351504,0.0,early_morning,0.043478260869565216,0.0,0.6166666666666667,0.4599308127058732,0.0,0.1430722891566265,0.2,0.1287,0.848,0.23,0.0,0.12,0.21,gamification
USR_001132,trial,4,18-24,tier2,9,11,4,55,True,False,True,22,0.375,0.76,2.5010916293423473,2.321928094887362,night,0.391304347826087,0.55,0.022222222222222223,0.6287728452334571,0.4526808302869428,0.5496987951807228,0.788888888888889,0.8409,0.3555,0.5407,0.82,0.8733,0.21,achievement
USR_001133,trial,0,18-24,tier1,6,7,4,49,False,False,True,20,0.462,0.78,2.4306765580733933,2.321928094887362,evening,0.2608695652173913,0.35,0.0,0.6110705410916697,0.4526808302869428,0.6807228915662651,0.8111111111111111,0.5876,0.4708,0.5319,0.14,0.8867,0.3,achievement
USR_001134,paid,39,25-34,tier3,6,4,21,158,True,True,True,19,0.337,0.94,3.149487260775449,4.459431618637297,evening,0.2608695652173913,0.2,0.21666666666666667,0.7917790946767599,0.8694064265717518,0.4924698795180723,0.9888888888888889,0.4038,0.4098,0.8306,0.68,0.9933,0.82,achievement
USR_001135,trial,7,18-24,tier3,9,10,6,100,False,False,True,14,0.408,0.66,2.867535604316286,2.807354922057604,afternoon,0.391304347826087,0.5,0.03888888888888889,0.7208966275291128,0.5473191697130572,0.5993975903614457,0.6777777777777778,0.8049,0.3934,0.6341,0.2,0.8067,0.12,achievement
USR_001136,churned,166,25-34,tier1,1,0,0,24,False,False,True,12,0.053,0.31,2.0,0.0,afternoon,0.043478260869565216,0.0,0.9222222222222223,0.5027987282487452,0.0,0.0647590361445783,0.2888888888888889,0.1287,0.8396,0.2514,0.0,0.5733,0.3,achievement
USR_001137,paid,81,35-44,tier3,8,9,11,323,False,True,True,20,0.328,0.8,3.5917778940907272,3.5849625007211565,evening,0.34782608695652173,0.45,0.45,0.9029706786503868,0.6989207826664989,0.47891566265060237,0.8333333333333334,0.7432,0.3279,0.8009,0.18,0.9,0.82,achievement
USR_001138,trial,5,35-44,tier3,8,2,1,28,False,False,True,18,0.418,0.48,2.0922185341675,1.0,evening,0.34782608695652173,0.1,0.027777777777777776,0.5259824090989363,0.1949590218937863,0.6144578313253012,0.4777777777777778,0.3378,0.655,0.3605,0.04,0.6867,0.12,achievement
USR_001139,paid,83,25-34,tier1,11,11,5,418,True,True,True,8,0.556,0.65,3.751540132909205,2.584962500721156,early_morning,0.4782608695652174,0.55,0.46111111111111114,0.9431348039004382,0.5039617607727125,0.822289156626506,0.6666666666666667,0.8673,0.2621,0.7235,0.82,0.8,1.0,social
USR_001140,paid,85,25-34,tier1,15,12,5,305,True,False,True,18,0.281,0.64,3.5562633747679517,2.584962500721156,evening,0.6521739130434783,0.6,0.4722222222222222,0.8940423510754584,0.5039617607727125,0.40813253012048195,0.6555555555555556,0.9276,0.3174,0.699,0.84,0.7933,0.3,learning
USR_001141,churned,93,35-44,tier3,0,1,0,29,False,False,False,15,0.08,0.1,2.1132827525593787,0.0,late_afternoon,0.0,0.05,0.5166666666666667,0.5312779402084316,0.0,0.10542168674698796,0.055555555555555566,0.1454,0.8878,0.2656,0.02,0.0333,0.12,gamification
USR_001142,churned,163,25-34,tier2,0,1,0,21,False,False,False,18,0.03,0.13,1.9205726604783713,0.0,evening,0.0,0.05,0.9055555555555556,0.48283074559891703,0.0,0.030120481927710836,0.0888888888888889,0.1454,0.8938,0.2414,0.02,0.0533,0.21,gamification
USR_001143,inactive,31,25-34,tier2,0,0,0,50,False,False,False,22,0.064,0.26,2.4429806222085735,0.0,night,0.0,0.0,0.17222222222222222,0.6141637749913994,0.0,0.08132530120481928,0.23333333333333336,0.1172,0.8559,0.3071,0.0,0.14,0.21,gamification
USR_001144,trial,3,25-34,tier2,9,6,2,42,False,False,False,10,0.336,0.79,2.336965027750064,1.5849625007211563,mid_morning,0.391304347826087,0.3,0.016666666666666666,0.5875115219572629,0.3090027388789262,0.49096385542168675,0.8222222222222223,0.6047,0.5044,0.4483,0.12,0.4933,0.21,achievement
USR_001145,trial,5,25-34,tier2,8,5,5,35,False,True,True,19,0.193,0.47,2.226565505118757,2.584962500721156,evening,0.34782608695652173,0.25,0.027777777777777776,0.5597571521681179,0.5039617607727125,0.2756024096385542,0.4666666666666667,0.5177,0.6534,0.5319,0.1,0.68,0.91,social
USR_001146,inactive,60,45+,tier2,1,0,0,27,False,False,False,15,0.014,0.11,2.0704150712689535,0.0,late_afternoon,0.043478260869565216,0.0,0.3333333333333333,0.5205010323905325,0.0,0.006024096385542168,0.06666666666666667,0.1287,0.9113,0.2603,0.0,0.04,0.21,gamification
USR_001147,inactive,30,18-24,tier1,1,0,0,0,False,False,False,22,0.05,0.08,0.0,0.0,night,0.043478260869565216,0.0,0.16666666666666666,0.0,0.0,0.060240963855421686,0.03333333333333333,0.1287,0.9095,0.0,0.0,0.02,0.3,social
USR_001148,trial,3,25-34,tier2,3,2,2,18,False,False,False,16,0.335,0.85,1.8294828004351504,1.5849625007211563,late_afternoon,0.13043478260869565,0.1,0.016666666666666666,0.4599308127058732,0.3090027388789262,0.4894578313253012,0.888888888888889,0.2307,0.6627,0.3845,0.04,0.5333,0.21,achievement
USR_001149,paid,107,25-34,tier2,20,9,15,257,True,True,True,20,0.341,0.58,3.4502477803094425,4.0,evening,0.8695652173913043,0.45,0.5944444444444444,0.8673900980413217,0.7798360875751452,0.49849397590361444,0.5888888888888889,0.912,0.323,0.8236,0.78,0.7533,0.91,social
USR_001150,trial,1,25-34,tier3,3,2,6,14,False,True,True,19,0.209,0.8,1.6826061944859854,2.807354922057604,evening,0.13043478260869565,0.1,0.005555555555555556,0.4230061273655071,0.5473191697130572,0.29969879518072284,0.8333333333333334,0.2307,0.726,0.4852,0.04,0.9,0.82,achievement
USR_001151,paid,20,18-24,tier1,17,13,15,388,True,True,False,20,0.405,0.57,3.70538018120822,4.0,evening,0.7391304347826086,0.65,0.1111111111111111,0.9315302213947989,0.7798360875751452,0.5948795180722891,0.5777777777777777,0.9531,0.2936,0.8557,0.86,0.3467,1.0,social
USR_001152,trial,7,25-34,tier1,8,4,6,44,True,False,False,16,0.244,0.77,2.3652123889719707,2.807354922057604,late_afternoon,0.34782608695652173,0.2,0.03888888888888889,0.5946128906066416,0.5473191697130572,0.3524096385542168,0.8,0.4558,0.5648,0.571,0.68,0.48,0.3,learning
USR_001153,trial,6,25-34,tier1,4,5,3,25,False,False,True,6,0.192,0.55,2.0243691992404753,2.0,early_morning,0.17391304347826086,0.25,0.03333333333333333,0.5089251294420208,0.3899180437875726,0.27409638554216864,0.5555555555555556,0.4124,0.6737,0.4494,0.1,0.7333,0.3,achievement
USR_001154,trial,3,45+,tier3,7,2,4,20,False,False,False,10,0.223,0.74,1.8916681496081529,2.321928094887362,mid_morning,0.30434782608695654,0.1,0.016666666666666666,0.4755641699458181,0.4526808302869428,0.3207831325301205,0.7666666666666667,0.3145,0.7024,0.4641,0.04,0.46,0.12,gamification
USR_001155,paid,97,25-34,tier3,17,4,4,127,True,True,False,18,0.276,0.62,3.0147359065137516,2.321928094887362,evening,0.7391304347826086,0.2,0.5388888888888889,0.757902689900471,0.4526808302869428,0.4006024096385542,0.6333333333333333,0.6855,0.4113,0.6053,0.68,0.38,0.82,social
USR_001156,trial,1,25-34,tier2,11,2,5,30,True,False,False,20,0.325,0.53,2.133656214977323,2.584962500721156,evening,0.4782608695652174,0.1,0.005555555555555556,0.5363998157053146,0.5039617607727125,0.47439759036144574,0.5333333333333334,0.4124,0.6943,0.5202,0.64,0.32,0.21,learning
USR_001157,churned,46,25-34,tier2,0,0,0,25,True,False,False,17,0.073,0.28,2.0243691992404753,0.0,late_afternoon,0.0,0.0,0.25555555555555554,0.5089251294420208,0.0,0.09487951807228916,0.25555555555555565,0.1172,0.8472,0.2545,0.6,0.1533,0.21,learning
USR_001158,churned,87,25-34,tier2,2,0,0,24,False,False,False,12,0.065,0.31,2.0,0.0,afternoon,0.08695652173913043,0.0,0.48333333333333334,0.5027987282487452,0.0,0.08283132530120482,0.2888888888888889,0.141,0.8311,0.2514,0.0,0.1733,0.21,gamification
USR_001159,inactive,20,18-24,tier2,1,0,0,37,False,False,False,20,0.048,0.26,2.2601593585085435,0.0,evening,0.043478260869565216,0.0,0.1111111111111111,0.5682026255487976,0.0,0.0572289156626506,0.23333333333333336,0.1287,0.8561,0.2841,0.0,0.14,0.21,gamification
USR_001160,paid,86,25-34,tier3,11,4,22,159,True,True,True,18,0.321,0.91,3.1533827903669653,4.523561956057013,evening,0.4782608695652174,0.2,0.4777777777777778,0.7927584283389948,0.8819092144288181,0.4683734939759036,0.9555555555555556,0.5354,0.3749,0.8373,0.68,0.9733,0.82,achievement
USR_001161,paid,29,35-44,tier2,6,9,24,218,True,True,True,8,0.581,0.75,3.34841853058259,4.643856189774724,early_morning,0.2608695652173913,0.45,0.16111111111111112,0.8417902894107291,0.9053616605738856,0.8599397590361445,0.7777777777777778,0.7006,0.2884,0.8736,0.78,0.8667,0.91,social
USR_001162,paid,73,25-34,tier2,14,17,25,503,True,True,False,22,0.526,0.7,3.8663040183143176,4.700439718141093,night,0.6086956521739131,0.85,0.40555555555555556,0.971986371715726,0.9163931299194921,0.7771084337349398,0.7222222222222222,0.9755,0.2178,0.9442,0.94,0.4333,0.91,gamification
USR_001163,trial,6,35-44,tier1,9,3,0,42,False,False,True,15,0.472,0.67,2.336965027750064,0.0,late_afternoon,0.391304347826087,0.15,0.03333333333333333,0.5875115219572629,0.0,0.6957831325301204,0.688888888888889,0.421,0.5379,0.2938,0.06,0.8133,0.3,achievement
USR_001164,inactive,15,45+,tier2,0,0,0,12,False,False,False,17,0.021,0.17,1.5936926411670824,0.0,late_afternoon,0.0,0.0,0.08333333333333333,0.4006533165990964,0.0,0.016566265060240965,0.13333333333333336,0.1172,0.8958,0.2003,0.0,0.08,0.21,social
USR_001165,paid,19,18-24,tier2,19,15,32,378,True,True,True,13,0.513,0.73,3.6891986694302155,5.044394119358453,afternoon,0.8260869565217391,0.75,0.10555555555555556,0.9274621996232375,0.9834501435568916,0.7575301204819277,0.7555555555555555,0.9763,0.2129,0.9555,0.9,0.8533,0.91,gamification
USR_001166,churned,152,25-34,tier3,1,0,0,22,False,False,False,19,0.062,0.21,1.9481920934663797,0.0,evening,0.043478260869565216,0.0,0.8444444444444444,0.4897742534895781,0.0,0.07831325301204818,0.17777777777777776,0.1287,0.8669,0.2449,0.0,0.1067,0.12,gamification
USR_001167,paid,39,25-34,tier2,8,8,28,272,True,True,True,8,0.628,0.81,3.4853607907752355,4.857980995127573,early_morning,0.34782608695652173,0.4,0.21666666666666667,0.8762174865449146,0.9471072231886742,0.930722891566265,0.8444444444444446,0.6931,0.2622,0.9117,0.76,0.9067,0.91,gamification
USR_001168,trial,6,18-24,tier2,10,4,4,36,True,True,False,9,0.301,0.59,2.2435894449529292,2.321928094887362,mid_morning,0.43478260869565216,0.2,0.03333333333333333,0.5640369598173204,0.4526808302869428,0.4382530120481927,0.6,0.5089,0.5821,0.5084,0.68,0.36,0.91,social
USR_001169,trial,5,25-34,tier1,3,2,6,26,False,False,True,17,0.193,0.55,2.047818583457956,2.807354922057604,late_afternoon,0.13043478260869565,0.1,0.027777777777777776,0.5148202897234035,0.5473191697130572,0.2756024096385542,0.5555555555555556,0.2307,0.7533,0.5311,0.04,0.7333,0.3,achievement
USR_001170,inactive,48,45+,tier3,0,0,0,48,False,False,False,11,0.08,0.17,2.418123910244335,0.0,mid_morning,0.0,0.0,0.26666666666666666,0.6079148134093673,0.0,0.10542168674698796,0.13333333333333336,0.1172,0.8781,0.304,0.0,0.08,0.12,gamification
USR_001171,paid,10,25-34,tier1,13,4,10,162,False,True,True,19,0.372,0.57,3.1649249476812793,3.4594316186372978,evening,0.5652173913043478,0.2,0.05555555555555555,0.7956601193484367,0.6744474046779656,0.5451807228915663,0.5777777777777777,0.5876,0.4823,0.7351,0.08,0.7467,1.0,social
USR_001172,churned,134,18-24,tier1,2,0,0,1,False,False,True,16,0.098,0.11,0.43067655807339306,0.0,late_afternoon,0.08695652173913043,0.0,0.7444444444444445,0.10827181284292443,0.0,0.13253012048192772,0.06666666666666667,0.141,0.8812,0.0541,0.0,0.44,0.3,achievement
USR_001173,inactive,52,25-34,tier3,0,0,0,26,False,False,False,12,0.064,0.16,2.047818583457956,0.0,afternoon,0.0,0.0,0.28888888888888886,0.5148202897234035,0.0,0.08132530120481928,0.12222222222222223,0.1172,0.8859,0.2574,0.0,0.0733,0.12,gamification
USR_001174,paid,69,18-24,tier3,20,18,5,332,True,True,True,19,0.299,0.73,3.6088018339249,2.584962500721156,evening,0.8695652173913043,0.9,0.38333333333333336,0.9072504862995895,0.5039617607727125,0.43524096385542166,0.7555555555555555,0.9897,0.2659,0.7056,0.96,0.8533,0.82,learning
USR_001175,paid,18,25-34,tier1,11,9,24,351,True,True,True,15,0.367,0.52,3.6432788927719435,4.643856189774724,late_afternoon,0.4782608695652174,0.45,0.1,0.9159179969706148,0.9053616605738856,0.5376506024096385,0.5222222222222223,0.7992,0.3728,0.9106,0.78,0.7133,1.0,social
USR_001176,paid,39,25-34,tier2,16,12,22,377,True,True,True,18,0.587,0.75,3.6875570966535167,4.523561956057013,evening,0.6956521739130435,0.6,0.21666666666666667,0.9270495092710116,0.8819092144288181,0.8689759036144578,0.7777777777777778,0.9344,0.2026,0.9045,0.84,0.8667,0.91,social
USR_001177,paid,14,45+,tier3,5,10,19,281,True,True,True,9,0.509,0.68,3.505513960712744,4.321928094887363,mid_morning,0.21739130434782608,0.5,0.07777777777777778,0.8812839806522946,0.8425988740745155,0.7515060240963854,0.7000000000000001,0.7295,0.3515,0.8619,0.8,0.82,0.82,gamification
USR_001178,paid,95,18-24,tier1,16,7,19,173,True,True,True,15,0.653,0.84,3.205501286726878,4.321928094887363,late_afternoon,0.6956521739130435,0.35,0.5277777777777778,0.8058609851829953,0.8425988740745155,0.9683734939759036,0.8777777777777778,0.8049,0.2071,0.8242,0.74,0.9267,1.0,social
USR_001179,paid,15,18-24,tier2,12,4,4,169,True,True,True,23,0.384,0.8,3.1910509857959815,2.321928094887362,night,0.5217391304347826,0.2,0.08333333333333333,0.802228188717562,0.4526808302869428,0.5632530120481928,0.8333333333333334,0.5617,0.3781,0.6275,0.68,0.9,0.91,social
USR_001180,inactive,49,45+,tier2,1,0,0,50,False,True,False,7,0.01,0.14,2.4429806222085735,0.0,early_morning,0.043478260869565216,0.0,0.2722222222222222,0.6141637749913994,0.0,0.0,0.10000000000000002,0.1287,0.9035,0.3071,0.0,0.06,0.91,social
USR_001181,inactive,76,18-24,tier3,1,0,0,38,False,False,False,15,0.065,0.19,2.276298835653068,0.0,late_afternoon,0.043478260869565216,0.0,0.4222222222222222,0.572260079840231,0.0,0.08283132530120482,0.15555555555555559,0.1287,0.872,0.2861,0.0,0.0933,0.12,gamification
USR_001182,trial,5,18-24,tier3,5,5,2,75,False,False,True,16,0.179,0.47,2.690835916581937,1.5849625007211563,late_afternoon,0.21739130434782608,0.25,0.027777777777777776,0.6764744383917222,0.3090027388789262,0.25451807228915657,0.4666666666666667,0.4383,0.693,0.4927,0.1,0.68,0.12,achievement
USR_001183,trial,0,25-34,tier1,2,8,2,96,True,True,True,19,0.335,0.79,2.8424277464575374,1.5849625007211563,evening,0.08695652173913043,0.4,0.0,0.7145845280288982,0.3090027388789262,0.4894578313253012,0.8222222222222223,0.5442,0.5338,0.5118,0.76,0.8933,1.0,social
USR_001184,churned,110,25-34,tier2,1,0,0,16,False,True,False,22,0.067,0.15,1.7603744277225881,0.0,night,0.043478260869565216,0.0,0.6111111111111112,0.4425570117502649,0.0,0.0858433734939759,0.11111111111111112,0.1287,0.8834,0.2213,0.0,0.0667,0.91,social
USR_001185,paid,15,25-34,tier2,5,17,18,342,True,False,True,16,0.43,0.55,3.627185865366503,4.247927513443585,late_afternoon,0.21739130434782608,0.85,0.08333333333333333,0.9118722201140509,0.8281717930966652,0.6325301204819277,0.5555555555555556,0.9386,0.2975,0.87,0.94,0.7333,0.21,learning
USR_001186,trial,7,25-34,tier3,11,9,6,99,True,False,False,20,0.35,0.54,2.8613531161467867,2.807354922057604,evening,0.4782608695652174,0.45,0.03888888888888889,0.7193423539345941,0.5473191697130572,0.5120481927710843,0.5444444444444445,0.7992,0.4546,0.6333,0.78,0.3267,0.12,learning
USR_001187,trial,0,25-34,tier3,4,4,5,52,True,True,False,19,0.494,0.84,2.4668810662894636,2.584962500721156,evening,0.17391304347826086,0.2,0.0,0.6201723314356253,0.5039617607727125,0.7289156626506024,0.8777777777777778,0.3538,0.5499,0.5621,0.68,0.5267,0.82,social
USR_001188,trial,2,25-34,tier3,6,4,3,40,True,False,False,16,0.426,0.55,2.3073720570481235,2.0,late_afternoon,0.2608695652173913,0.2,0.011111111111111112,0.5800718679402438,0.3899180437875726,0.6265060240963854,0.5555555555555556,0.4038,0.6548,0.485,0.68,0.3333,0.12,learning
USR_001189,churned,38,45+,tier2,1,0,0,7,False,False,True,7,0.109,0.19,1.2920296742201791,0.0,early_morning,0.043478260869565216,0.0,0.2111111111111111,0.32481543852877326,0.0,0.14909638554216867,0.15555555555555559,0.1287,0.8588,0.1624,0.0,0.4933,0.21,achievement
USR_001190,trial,7,18-24,tier3,6,6,5,66,False,False,False,7,0.331,0.77,2.6125224135125684,2.584962500721156,early_morning,0.2608695652173913,0.3,0.03888888888888889,0.6567864735177309,0.5039617607727125,0.483433734939759,0.8,0.5265,0.505,0.5804,0.12,0.48,0.12,gamification
USR_001191,churned,72,18-24,tier2,1,0,0,41,False,False,True,18,0.097,0.27,2.322344707681546,0.0,evening,0.043478260869565216,0.0,0.4,0.5838359827887426,0.0,0.13102409638554216,0.2444444444444445,0.1287,0.8384,0.2919,0.0,0.5467,0.21,achievement
USR_001192,paid,108,35-44,tier1,9,6,3,202,False,True,True,18,0.328,0.55,3.301280489289667,2.0,evening,0.391304347826087,0.3,0.6,0.8299398158036199,0.3899180437875726,0.47891566265060237,0.5555555555555556,0.6047,0.4452,0.6099,0.12,0.7333,1.0,social
USR_001193,paid,120,18-24,tier3,10,4,30,257,True,True,True,22,0.456,0.82,3.4502477803094425,4.954196310386876,night,0.43478260869565216,0.2,0.6666666666666666,0.8673900980413217,0.9658652669428303,0.6716867469879518,0.8555555555555555,0.5089,0.3723,0.9166,0.68,0.9133,0.82,gamification
USR_001194,inactive,36,35-44,tier2,0,0,0,44,False,True,False,18,0.069,0.13,2.3652123889719707,0.0,evening,0.0,0.0,0.2,0.5946128906066416,0.0,0.08885542168674698,0.0888888888888889,0.1172,0.8934,0.2973,0.0,0.0533,0.91,social
USR_001195,trial,1,25-34,tier1,2,7,5,91,False,True,True,8,0.332,0.76,2.809545209613166,2.584962500721156,early_morning,0.08695652173913043,0.35,0.005555555555555556,0.706317879175427,0.5039617607727125,0.48493975903614456,0.788888888888889,0.4823,0.5754,0.6051,0.14,0.8733,1.0,social
USR_001196,paid,57,18-24,tier2,19,13,16,433,True,True,True,20,0.31,0.76,3.7733947281728835,4.08746284125034,evening,0.8260869565217391,0.65,0.31666666666666665,0.9486290352529226,0.7968877575573631,0.4518072289156626,0.788888888888889,0.9617,0.2649,0.8728,0.86,0.8733,0.91,social
USR_001197,paid,43,18-24,tier2,20,15,11,364,False,False,False,19,0.571,0.6,3.6658123360966046,3.5849625007211565,evening,0.8695652173913043,0.75,0.2388888888888889,0.9215828902939671,0.6989207826664989,0.844879518072289,0.611111111111111,0.9787,0.2315,0.8103,0.3,0.3667,0.21,gamification
USR_001198,trial,3,35-44,tier3,7,2,1,22,True,False,False,17,0.322,0.62,1.9481920934663797,1.0,late_afternoon,0.30434782608695654,0.1,0.016666666666666666,0.4897742534895781,0.1949590218937863,0.4698795180722891,0.6333333333333333,0.3145,0.7099,0.3424,0.64,0.38,0.12,learning
USR_001199,inactive,40,18-24,tier3,2,0,0,0,False,False,False,12,0.061,0.06,0.0,0.0,afternoon,0.08695652173913043,0.0,0.2222222222222222,0.0,0.0,0.07680722891566265,0.011111111111111106,0.141,0.9073,0.0,0.0,0.0067,0.12,social
USR_001200,trial,1,18-24,tier1,9,5,3,75,False,False,False,20,0.31,0.46,2.690835916581937,2.0,evening,0.391304347826087,0.25,0.005555555555555556,0.6764744383917222,0.3899180437875726,0.4518072289156626,0.45555555555555566,0.5442,0.6616,0.5332,0.1,0.2733,0.3,gamification
USR_001201,paid,18,25-34,tier1,16,6,12,173,True,False,False,12,0.348,0.51,3.205501286726878,3.700439718141092,afternoon,0.6956521739130435,0.3,0.1,0.8058609851829953,0.7214341080257056,0.5090361445783131,0.5111111111111112,0.763,0.3937,0.7636,0.72,0.3067,0.3,gamification
USR_001202,paid,43,35-44,tier3,10,13,23,227,True,True,True,16,0.563,0.71,3.3734421110679222,4.584962500721157,late_afternoon,0.43478260869565216,0.65,0.2388888888888889,0.8480812016328567,0.8938798045602853,0.8328313253012046,0.7333333333333333,0.9061,0.2301,0.871,0.86,0.84,0.82,gamification
USR_001203,trial,7,25-34,tier3,10,5,1,30,False,False,False,17,0.296,0.59,2.133656214977323,1.0,late_afternoon,0.43478260869565216,0.25,0.03888888888888889,0.5363998157053146,0.1949590218937863,0.430722891566265,0.6,0.5704,0.5567,0.3657,0.1,0.36,0.12,gamification
USR_001204,trial,6,35-44,tier1,10,6,2,36,True,False,False,9,0.163,0.38,2.2435894449529292,1.5849625007211563,mid_morning,0.43478260869565216,0.3,0.03333333333333333,0.5640369598173204,0.3090027388789262,0.23042168674698793,0.3666666666666667,0.6298,0.6437,0.4365,0.72,0.22,0.3,learning
USR_001205,churned,102,35-44,tier3,0,0,0,39,False,False,False,16,0.021,0.2,2.292029674220179,0.0,late_afternoon,0.0,0.0,0.5666666666666667,0.5762148026531458,0.0,0.016566265060240965,0.1666666666666667,0.1172,0.8868,0.2881,0.0,0.1,0.12,gamification
USR_001206,trial,6,35-44,tier3,6,3,3,15,False,False,True,12,0.293,0.53,1.7227062322935722,2.0,afternoon,0.2608695652173913,0.15,0.03333333333333333,0.43308725137169773,0.3899180437875726,0.42620481927710835,0.5333333333333334,0.3458,0.6763,0.4115,0.06,0.72,0.12,achievement
USR_001207,paid,74,25-34,tier2,19,12,16,372,True,True,True,14,0.459,0.95,3.679283539859,4.08746284125034,afternoon,0.8260869565217391,0.6,0.4111111111111111,0.9249695423538232,0.7968877575573631,0.6762048192771084,1.0,0.9515,0.177,0.8609,0.84,1.0,0.91,achievement
USR_001208,paid,56,35-44,tier2,5,11,6,312,True,True,True,11,0.617,0.87,3.5703167833604987,2.807354922057604,mid_morning,0.21739130434782608,0.55,0.3111111111111111,0.8975753690594047,0.5473191697130572,0.914156626506024,0.9111111111111111,0.7755,0.2193,0.7224,0.82,0.9467,0.91,achievement
USR_001209,trial,0,45+,tier2,8,8,3,48,False,False,True,12,0.513,0.77,2.418123910244335,2.0,afternoon,0.34782608695652173,0.4,0.0,0.6079148134093673,0.3899180437875726,0.7575301204819277,0.8,0.6931,0.4054,0.4989,0.16,0.88,0.21,achievement
USR_001210,paid,93,25-34,tier3,16,10,13,273,True,True,True,18,0.307,0.58,3.4876325846573497,3.8073549220576037,evening,0.6956521739130435,0.5,0.5166666666666667,0.8767886140822997,0.7422781916068435,0.447289156626506,0.5888888888888889,0.8967,0.3377,0.8095,0.8,0.7533,0.82,social
USR_001211,inactive,32,25-34,tier1,1,0,0,23,False,False,False,21,0.056,0.07,1.9746358687061647,0.0,night,0.043478260869565216,0.0,0.17777777777777778,0.49642220176990787,0.0,0.06927710843373494,0.02222222222222223,0.1287,0.9107,0.2482,0.0,0.0133,0.3,social
USR_001212,trial,5,18-24,tier3,10,5,6,50,False,False,True,19,0.179,0.42,2.4429806222085735,2.807354922057604,evening,0.43478260869565216,0.25,0.027777777777777776,0.6141637749913994,0.5473191697130572,0.25451807228915657,0.41111111111111115,0.5704,0.6514,0.5807,0.1,0.6467,0.12,achievement
USR_001213,paid,101,18-24,tier2,6,14,10,422,True,True,True,13,0.594,0.82,3.757443597125336,3.4594316186372978,afternoon,0.2608695652173913,0.7,0.5611111111111111,0.9446189310505047,0.6744474046779656,0.8795180722891566,0.8555555555555555,0.8899,0.1978,0.8095,0.88,0.9133,0.91,achievement
USR_001214,inactive,55,25-34,tier3,1,0,0,16,False,False,False,16,0.018,0.06,1.7603744277225881,0.0,late_afternoon,0.043478260869565216,0.0,0.3055555555555556,0.4425570117502649,0.0,0.012048192771084335,0.011111111111111106,0.1287,0.9251,0.2213,0.0,0.0067,0.12,gamification
USR_001215,churned,137,18-24,tier1,0,1,0,41,False,True,True,21,0.132,0.38,2.322344707681546,0.0,night,0.0,0.05,0.7611111111111111,0.5838359827887426,0.0,0.18373493975903615,0.3666666666666667,0.1454,0.7882,0.2919,0.02,0.62,1.0,social
USR_001216,churned,177,45+,tier1,0,0,0,47,False,False,False,8,0.062,0.19,2.405312426779558,0.0,early_morning,0.0,0.0,0.9833333333333333,0.6046940146128323,0.0,0.07831325301204818,0.15555555555555559,0.1172,0.8775,0.3023,0.0,0.0933,0.3,gamification
USR_001217,inactive,70,25-34,tier1,0,0,0,16,False,False,False,6,0.071,0.06,1.7603744277225881,0.0,early_morning,0.0,0.0,0.3888888888888889,0.4425570117502649,0.0,0.09186746987951805,0.011111111111111106,0.1172,0.9138,0.2213,0.0,0.0067,0.3,social
USR_001218,inactive,78,35-44,tier2,1,0,0,35,False,False,False,15,0.039,0.21,2.226565505118757,0.0,late_afternoon,0.043478260869565216,0.0,0.43333333333333335,0.5597571521681179,0.0,0.04367469879518072,0.17777777777777776,0.1287,0.8738,0.2799,0.0,0.1067,0.21,gamification
USR_001219,paid,24,35-44,tier2,13,7,14,276,False,True,True,17,0.534,0.52,3.4943985491690213,3.9068905956085187,late_afternoon,0.5652173913043478,0.35,0.13333333333333333,0.8784895732582221,0.761683569165869,0.7891566265060241,0.5222222222222223,0.7499,0.3455,0.8201,0.14,0.7133,0.91,social
USR_001220,churned,48,35-44,tier1,0,0,0,13,False,False,False,6,0.118,0.28,1.6397385131955606,0.0,early_morning,0.0,0.0,0.26666666666666666,0.41222921954760805,0.0,0.16265060240963855,0.25555555555555565,0.1172,0.8337,0.2061,0.0,0.1533,0.3,social
USR_001221,inactive,70,35-44,tier3,0,0,0,27,False,False,True,19,0.076,0.12,2.0704150712689535,0.0,evening,0.0,0.0,0.3888888888888889,0.5205010323905325,0.0,0.09939759036144578,0.07777777777777778,0.1172,0.8943,0.2603,0.0,0.4467,0.12,achievement
USR_001222,trial,3,25-34,tier1,11,9,5,135,False,False,False,13,0.26,0.82,3.0524041019427677,2.584962500721156,afternoon,0.4782608695652174,0.45,0.016666666666666666,0.7673724502790383,0.5039617607727125,0.3765060240963855,0.8555555555555555,0.7992,0.4276,0.6357,0.18,0.5133,0.3,gamification
USR_001223,inactive,83,18-24,tier3,0,0,0,23,False,True,False,19,0.033,0.16,1.9746358687061647,0.0,evening,0.0,0.0,0.46111111111111114,0.49642220176990787,0.0,0.03463855421686747,0.12222222222222223,0.1172,0.8952,0.2482,0.0,0.0733,0.82,social
USR_001224,inactive,15,18-24,tier2,1,0,0,38,False,False,False,21,0.059,0.24,2.276298835653068,0.0,night,0.043478260869565216,0.0,0.08333333333333333,0.572260079840231,0.0,0.07379518072289155,0.21111111111111114,0.1287,0.8588,0.2861,0.0,0.1267,0.21,gamification
USR_001225,trial,1,18-24,tier3,7,6,2,66,False,True,False,20,0.318,0.7,2.6125224135125684,1.5849625007211563,evening,0.30434782608695654,0.3,0.005555555555555556,0.6567864735177309,0.3090027388789262,0.463855421686747,0.7222222222222222,0.5529,0.5681,0.4829,0.12,0.4333,0.82,social
USR_001226,trial,0,25-34,tier1,6,6,6,36,False,True,False,18,0.458,0.53,2.2435894449529292,2.807354922057604,evening,0.2608695652173913,0.3,0.0,0.5640369598173204,0.5473191697130572,0.6746987951807228,0.5333333333333334,0.5265,0.5916,0.5557,0.12,0.32,1.0,social
USR_001227,churned,174,18-24,tier3,1,2,0,46,False,False,True,16,0.058,0.36,2.392231208153366,0.0,late_afternoon,0.043478260869565216,0.1,0.9666666666666667,0.6014054045682358,0.0,0.07228915662650602,0.3444444444444445,0.1951,0.7965,0.3007,0.04,0.6067,0.12,achievement
USR_001228,inactive,89,35-44,tier2,0,0,0,8,False,False,False,18,0.054,0.05,1.3652123889719707,0.0,evening,0.0,0.0,0.49444444444444446,0.34321352648226905,0.0,0.06626506024096385,0.0,0.1172,0.9219,0.1716,0.0,0.0,0.21,social
USR_001229,paid,98,25-34,tier3,16,13,20,335,True,True,True,23,0.419,0.91,3.614374381901725,4.392317422778761,night,0.6956521739130435,0.65,0.5444444444444444,0.9086514213175159,0.8563219085919834,0.6159638554216866,0.9555555555555556,0.9481,0.1999,0.8825,0.86,0.9733,0.82,achievement
USR_001230,churned,178,18-24,tier2,0,0,0,4,False,True,False,23,0.044,0.11,1.0,0.0,night,0.0,0.0,0.9888888888888889,0.2513993641243726,0.0,0.051204819277108425,0.06666666666666667,0.1172,0.9069,0.1257,0.0,0.04,0.91,social
USR_001231,paid,36,25-34,tier3,19,8,19,247,False,True,True,11,0.449,0.9,3.4256858891975024,4.321928094887363,mid_morning,0.8260869565217391,0.4,0.2,0.861215254234088,0.8425988740745155,0.661144578313253,0.9444444444444445,0.8791,0.2193,0.8519,0.16,0.9667,0.82,achievement
USR_001232,trial,6,25-34,tier1,11,6,3,78,False,True,False,20,0.187,0.69,2.7148905954742335,2.0,evening,0.4782608695652174,0.3,0.03333333333333333,0.6825217693694615,0.3899180437875726,0.26656626506024095,0.711111111111111,0.6542,0.5227,0.5362,0.12,0.4267,1.0,social
USR_001233,paid,107,25-34,tier2,16,7,16,261,False,True,False,18,0.451,0.62,3.4598069678497754,4.08746284125034,evening,0.6956521739130435,0.35,0.5944444444444444,0.8697932717105071,0.7968877575573631,0.664156626506024,0.6333333333333333,0.8049,0.3211,0.8333,0.14,0.38,0.91,social
USR_001234,paid,36,45+,tier2,4,8,13,148,False,True,True,7,0.408,0.75,3.1091266505444333,3.8073549220576037,early_morning,0.17391304347826086,0.4,0.2,0.7816324629290109,0.7422781916068435,0.5993975903614457,0.7777777777777778,0.5962,0.3727,0.762,0.16,0.8667,0.91,social
USR_001235,paid,24,45+,tier2,16,5,5,176,True,True,True,19,0.505,0.66,3.2161226553595124,2.584962500721156,evening,0.6956521739130435,0.25,0.13333333333333333,0.8085311905033701,0.5039617607727125,0.7454819277108433,0.6777777777777778,0.7152,0.328,0.6562,0.7,0.8067,0.91,social
USR_001236,churned,47,18-24,tier3,0,1,0,34,False,False,True,15,0.09,0.29,2.2090619551221677,0.0,late_afternoon,0.0,0.05,0.2611111111111111,0.5553567708290562,0.0,0.12048192771084337,0.26666666666666666,0.1454,0.8278,0.2777,0.02,0.56,0.12,achievement
USR_001237,paid,9,25-34,tier2,7,17,5,543,True,True,True,12,0.502,0.68,3.913757218089553,2.584962500721156,afternoon,0.30434782608695654,0.85,0.05,0.983916075964887,0.5039617607727125,0.7409638554216867,0.7000000000000001,0.9498,0.2655,0.7439,0.94,0.82,0.91,learning
USR_001238,churned,169,45+,tier2,1,1,0,15,False,False,False,7,0.02,0.11,1.7227062322935722,0.0,early_morning,0.043478260869565216,0.05,0.9388888888888889,0.43308725137169773,0.0,0.015060240963855422,0.06666666666666667,0.1591,0.8974,0.2165,0.02,0.04,0.21,gamification
USR_001239,paid,9,35-44,tier1,15,5,11,213,True,True,True,5,0.462,0.63,3.3340683561420486,3.5849625007211565,night,0.6521739130434783,0.25,0.05,0.8381826646813032,0.6989207826664989,0.6807228915662651,0.6444444444444445,0.6931,0.3952,0.7686,0.7,0.7867,1.0,social
USR_001240,trial,3,35-44,tier3,8,5,1,50,False,True,False,17,0.207,0.55,2.4429806222085735,1.0,late_afternoon,0.34782608695652173,0.25,0.016666666666666666,0.6141637749913994,0.1949590218937863,0.2966867469879518,0.5555555555555556,0.5177,0.679,0.4046,0.1,0.3333,0.82,social
USR_001241,inactive,87,25-34,tier1,1,0,0,35,False,False,False,9,0.035,0.18,2.226565505118757,0.0,mid_morning,0.043478260869565216,0.0,0.48333333333333334,0.5597571521681179,0.0,0.03765060240963856,0.14444444444444446,0.1287,0.884,0.2799,0.0,0.0867,0.3,social
USR_001242,paid,80,25-34,tier3,16,13,15,370,True,True,True,7,0.653,0.82,3.6759430214116313,4.0,early_morning,0.6956521739130435,0.65,0.4444444444444444,0.924129738140309,0.7798360875751452,0.9683734939759036,0.8555555555555555,0.9481,0.161,0.852,0.86,0.9133,0.82,achievement
USR_001243,paid,117,35-44,tier2,7,11,12,272,True,True,True,18,0.407,0.87,3.4853607907752355,3.700439718141092,evening,0.30434782608695654,0.55,0.65,0.8762174865449146,0.7214341080257056,0.5978915662650601,0.9111111111111111,0.8104,0.2635,0.7988,0.82,0.9467,0.91,achievement
USR_001244,churned,152,45+,tier1,0,0,0,9,False,False,False,7,0.089,0.23,1.4306765580733933,0.0,early_morning,0.0,0.0,0.8444444444444444,0.35967117696729706,0.0,0.11897590361445783,0.2,0.1172,0.8574,0.1798,0.0,0.12,0.3,social
USR_001245,trial,4,18-24,tier2,10,9,7,72,False,True,False,23,0.387,0.83,2.665812336096604,3.0,night,0.43478260869565216,0.45,0.022222222222222223,0.6701835261695945,0.5848770656813589,0.5677710843373494,0.8666666666666667,0.7816,0.3545,0.6275,0.18,0.52,0.91,social
USR_001246,churned,33,25-34,tier3,0,1,0,22,False,False,False,8,0.062,0.18,1.9481920934663797,0.0,early_morning,0.0,0.05,0.18333333333333332,0.4897742534895781,0.0,0.07831325301204818,0.14444444444444446,0.1454,0.8692,0.2449,0.02,0.0867,0.12,gamification
USR_001247,inactive,45,18-24,tier3,0,0,0,0,False,False,False,17,0.039,0.24,0.0,0.0,late_afternoon,0.0,0.0,0.25,0.0,0.0,0.04367469879518072,0.21111111111111114,0.1172,0.8694,0.0,0.0,0.1267,0.12,achievement
USR_001248,churned,89,35-44,tier2,2,0,0,41,False,False,False,18,0.09,0.21,2.322344707681546,0.0,evening,0.08695652173913043,0.0,0.49444444444444446,0.5838359827887426,0.0,0.12048192771084337,0.17777777777777776,0.141,0.8536,0.2919,0.0,0.1067,0.21,gamification
USR_001249,trial,1,25-34,tier2,7,5,4,45,True,False,True,8,0.462,0.83,2.378868651539773,2.321928094887362,early_morning,0.30434782608695654,0.25,0.005555555555555556,0.5980460663325026,0.4526808302869428,0.6807228915662651,0.8666666666666667,0.4911,0.4991,0.5254,0.7,0.92,0.21,achievement
USR_001250,trial,4,45+,tier2,3,4,1,40,False,True,True,11,0.32,0.61,2.3073720570481235,1.0,mid_morning,0.13043478260869565,0.2,0.022222222222222223,0.5800718679402438,0.1949590218937863,0.46686746987951805,0.6222222222222222,0.3299,0.6479,0.3875,0.08,0.7733,0.91,social
USR_001251,paid,61,35-44,tier3,15,15,13,472,False,True,True,20,0.318,0.76,3.826861130155042,3.8073549220576037,evening,0.6521739130434783,0.75,0.3388888888888889,0.9620704547132554,0.7422781916068435,0.463855421686747,0.788888888888889,0.9642,0.2618,0.8522,0.3,0.8733,0.82,achievement
USR_001252,paid,105,18-24,tier2,19,9,4,345,True,True,True,21,0.585,0.93,3.6325966537072687,2.321928094887362,night,0.8260869565217391,0.45,0.5833333333333334,0.913232488862331,0.4526808302869428,0.8659638554216866,0.9777777777777779,0.9031,0.1658,0.683,0.78,0.9867,0.91,achievement
USR_001253,trial,7,25-34,tier2,4,9,2,135,False,True,False,11,0.414,0.62,3.0524041019427677,1.5849625007211563,mid_morning,0.17391304347826086,0.45,0.03888888888888889,0.7673724502790383,0.3090027388789262,0.6084337349397589,0.6333333333333333,0.6542,0.4709,0.5382,0.18,0.38,0.91,social
USR_001254,trial,5,35-44,tier2,5,3,4,45,False,False,True,14,0.521,0.78,2.378868651539773,2.321928094887362,afternoon,0.21739130434782608,0.15,0.027777777777777776,0.5980460663325026,0.4526808302869428,0.7695783132530121,0.8111111111111111,0.3222,0.5289,0.5254,0.06,0.8867,0.21,achievement
USR_001255,paid,26,25-34,tier3,14,14,27,322,True,True,True,10,0.498,0.82,3.5898572281577388,4.807354922057604,mid_morning,0.6086956521739131,0.7,0.14444444444444443,0.9024878244561382,0.9372372135006297,0.7349397590361445,0.8555555555555555,0.9498,0.2022,0.9199,0.88,0.9133,0.82,gamification
USR_001256,churned,147,45+,tier2,2,0,0,44,False,False,False,7,0.096,0.1,2.3652123889719707,0.0,early_morning,0.08695652173913043,0.0,0.8166666666666667,0.5946128906066416,0.0,0.12951807228915663,0.055555555555555566,0.141,0.8848,0.2973,0.0,0.0333,0.21,gamification
USR_001257,trial,7,18-24,tier3,7,5,5,50,False,False,False,19,0.242,0.58,2.4429806222085735,2.584962500721156,evening,0.30434782608695654,0.25,0.03888888888888889,0.6141637749913994,0.5039617607727125,0.34939759036144574,0.5888888888888889,0.4911,0.6126,0.5591,0.1,0.3533,0.12,gamification
USR_001258,churned,98,25-34,tier3,2,1,0,17,False,False,False,17,0.122,0.2,1.7958889470453636,0.0,late_afternoon,0.08695652173913043,0.05,0.5444444444444444,0.4514853393251934,0.0,0.1686746987951807,0.1666666666666667,0.1738,0.8339,0.2257,0.02,0.1,0.12,gamification
USR_001259,paid,72,45+,tier2,9,13,13,326,True,True,True,5,0.545,0.81,3.597504523887204,3.8073549220576037,night,0.391304347826087,0.65,0.4,0.9044103497397968,0.7422781916068435,0.8057228915662651,0.8444444444444446,0.8967,0.2113,0.8233,0.86,0.9067,0.91,social
USR_001260,trial,4,35-44,tier2,7,8,1,96,True,False,True,12,0.251,0.57,2.8424277464575374,1.0,afternoon,0.30434782608695654,0.4,0.022222222222222223,0.7145845280288982,0.1949590218937863,0.3629518072289156,0.5777777777777777,0.6701,0.5342,0.4548,0.76,0.7467,0.21,learning
USR_001261,trial,7,35-44,tier1,9,3,1,15,False,True,True,6,0.434,0.67,1.7227062322935722,1.0,early_morning,0.391304347826087,0.15,0.03888888888888889,0.43308725137169773,0.1949590218937863,0.6385542168674698,0.688888888888889,0.421,0.5505,0.314,0.06,0.8133,1.0,social
USR_001262,inactive,88,45+,tier2,0,0,0,28,False,False,False,7,0.065,0.14,2.0922185341675,0.0,early_morning,0.0,0.0,0.4888888888888889,0.5259824090989363,0.0,0.08283132530120482,0.10000000000000002,0.1172,0.8916,0.263,0.0,0.06,0.21,gamification
USR_001263,paid,36,18-24,tier3,7,18,30,356,False,False,True,19,0.359,0.51,3.652042577330741,4.954196310386876,evening,0.30434782608695654,0.9,0.2,0.918121181696083,0.9658652669428303,0.5256024096385542,0.5111111111111112,0.9604,0.3196,0.942,0.36,0.7067,0.12,gamification
USR_001264,inactive,71,18-24,tier3,0,1,0,32,False,False,False,22,0.037,0.09,2.1725022968909635,0.0,night,0.0,0.05,0.39444444444444443,0.5461656959971272,0.0,0.04066265060240963,0.04444444444444444,0.1454,0.9037,0.2731,0.02,0.0267,0.12,gamification
USR_001265,churned,157,18-24,tier3,0,1,0,47,False,False,True,19,0.098,0.15,2.405312426779558,0.0,evening,0.0,0.05,0.8722222222222222,0.6046940146128323,0.0,0.13253012048192772,0.11111111111111112,0.1454,0.8674,0.3023,0.02,0.4667,0.12,achievement
USR_001266,churned,145,18-24,tier2,0,0,0,48,False,True,False,10,0.106,0.22,2.418123910244335,0.0,mid_morning,0.0,0.0,0.8055555555555556,0.6079148134093673,0.0,0.14457831325301204,0.18888888888888888,0.1172,0.8553,0.304,0.0,0.1133,0.91,social
USR_001267,paid,64,25-34,tier1,18,4,26,142,True,True,True,6,0.319,0.63,3.08358874357206,4.754887502163469,early_morning,0.782608695652174,0.2,0.35555555555555557,0.7752122493550889,0.9270082166367787,0.4653614457831325,0.6444444444444445,0.708,0.3889,0.8511,0.68,0.7867,1.0,social
USR_001268,trial,3,18-24,tier2,4,2,2,30,False,True,False,21,0.379,0.88,2.133656214977323,1.5849625007211563,night,0.17391304347826086,0.1,0.016666666666666666,0.5363998157053146,0.3090027388789262,0.555722891566265,0.9222222222222223,0.2501,0.6267,0.4227,0.04,0.5533,0.91,social
USR_001269,churned,38,25-34,tier1,0,0,0,11,False,False,False,19,0.08,0.2,1.5439593106327716,0.0,evening,0.0,0.0,0.2111111111111111,0.3881503889269834,0.0,0.10542168674698796,0.1666666666666667,0.1172,0.8691,0.1941,0.0,0.1,0.3,social
USR_001270,paid,39,25-34,tier2,10,14,30,444,False,True,True,10,0.33,0.66,3.7889465850494126,4.954196310386876,mid_morning,0.43478260869565216,0.7,0.21666666666666667,0.9525387621826353,0.9658652669428303,0.4819277108433735,0.6777777777777778,0.9252,0.2996,0.9592,0.28,0.8067,0.91,gamification
USR_001271,churned,74,18-24,tier2,0,0,0,27,False,False,False,15,0.044,0.31,2.0704150712689535,0.0,late_afternoon,0.0,0.0,0.4111111111111111,0.5205010323905325,0.0,0.051204819277108425,0.2888888888888889,0.1172,0.8469,0.2603,0.0,0.1733,0.21,gamification
USR_001272,trial,6,25-34,tier1,3,2,6,14,True,False,False,8,0.284,0.4,1.6826061944859854,2.807354922057604,early_morning,0.13043478260869565,0.1,0.03333333333333333,0.4230061273655071,0.5473191697130572,0.41265060240963847,0.38888888888888895,0.2307,0.7728,0.4852,0.64,0.2333,0.3,learning
USR_001273,churned,33,18-24,tier1,1,0,0,40,False,False,False,23,0.094,0.29,2.3073720570481235,0.0,night,0.043478260869565216,0.0,0.18333333333333332,0.5800718679402438,0.0,0.12650602409638553,0.26666666666666666,0.1287,0.8333,0.29,0.0,0.16,0.3,social
USR_001274,inactive,77,25-34,tier3,1,0,0,48,False,False,False,16,0.033,0.23,2.418123910244335,0.0,late_afternoon,0.043478260869565216,0.0,0.42777777777777776,0.6079148134093673,0.0,0.03463855421686747,0.2,0.1287,0.8696,0.304,0.0,0.12,0.12,gamification
USR_001275,trial,3,18-24,tier3,13,10,1,70,False,True,True,19,0.223,0.48,2.6485519224500402,1.0,evening,0.5652173913043478,0.5,0.016666666666666666,0.6658442691543247,0.1949590218937863,0.3207831325301205,0.4777777777777778,0.8632,0.5326,0.4304,0.2,0.6867,0.82,social
USR_001276,trial,2,45+,tier3,8,6,4,84,True,False,True,9,0.446,0.71,2.760374427722588,2.321928094887362,mid_morning,0.34782608695652173,0.3,0.011111111111111112,0.6939563758746375,0.4526808302869428,0.6566265060240963,0.7333333333333333,0.579,0.5059,0.5733,0.72,0.84,0.12,achievement
USR_001277,inactive,20,18-24,tier2,2,0,0,17,False,False,True,20,0.049,0.25,1.7958889470453636,0.0,evening,0.08695652173913043,0.0,0.1111111111111111,0.4514853393251934,0.0,0.05873493975903614,0.22222222222222227,0.141,0.8539,0.2257,0.0,0.5333,0.21,achievement
USR_001278,paid,113,35-44,tier2,8,10,10,226,False,True,True,10,0.306,0.84,3.3707109641009727,3.4594316186372978,mid_morning,0.34782608695652173,0.5,0.6277777777777778,0.8473945930220353,0.6744474046779656,0.4457831325301204,0.8777777777777778,0.7876,0.307,0.7609,0.2,0.9267,0.91,achievement
USR_001279,churned,160,18-24,tier2,2,1,0,2,False,False,True,21,0.112,0.35,0.6826061944859854,0.0,night,0.08695652173913043,0.05,0.8888888888888888,0.17160676324113452,0.0,0.1536144578313253,0.33333333333333337,0.1738,0.7919,0.0858,0.02,0.6,0.21,achievement
USR_001280,paid,30,18-24,tier1,19,13,13,418,False,True,True,23,0.393,0.69,3.751540132909205,3.8073549220576037,night,0.8260869565217391,0.65,0.16666666666666666,0.9431348039004382,0.7422781916068435,0.5768072289156626,0.711111111111111,0.9617,0.2614,0.8427,0.26,0.8267,1.0,social
USR_001281,trial,6,45+,tier1,6,2,1,18,False,True,True,5,0.196,0.54,1.8294828004351504,1.0,night,0.2608695652173913,0.1,0.03333333333333333,0.4599308127058732,0.1949590218937863,0.28012048192771083,0.5444444444444445,0.292,0.7286,0.3274,0.04,0.7267,1.0,social
USR_001282,trial,1,45+,tier2,7,6,0,66,True,True,False,13,0.416,0.68,2.6125224135125684,0.0,afternoon,0.30434782608695654,0.3,0.005555555555555556,0.6567864735177309,0.0,0.6114457831325301,0.7000000000000001,0.5529,0.54,0.3284,0.72,0.42,0.91,social
USR_001283,inactive,86,25-34,tier2,1,0,0,38,False,False,False,16,0.014,0.18,2.276298835653068,0.0,late_afternoon,0.043478260869565216,0.0,0.4777777777777778,0.572260079840231,0.0,0.006024096385542168,0.14444444444444446,0.1287,0.8903,0.2861,0.0,0.0867,0.21,gamification
USR_001284,inactive,63,18-24,tier2,1,0,0,40,False,False,False,19,0.035,0.22,2.3073720570481235,0.0,evening,0.043478260869565216,0.0,0.35,0.5800718679402438,0.0,0.03765060240963856,0.18888888888888888,0.1287,0.872,0.29,0.0,0.1133,0.21,gamification
USR_001285,inactive,53,45+,tier2,0,0,0,21,False,True,False,15,0.048,0.13,1.9205726604783713,0.0,late_afternoon,0.0,0.0,0.29444444444444445,0.48283074559891703,0.0,0.0572289156626506,0.0888888888888889,0.1172,0.8997,0.2414,0.0,0.0533,0.91,social
USR_001286,trial,1,18-24,tier1,8,5,0,45,False,True,True,20,0.406,0.57,2.378868651539773,0.0,evening,0.34782608695652173,0.25,0.005555555555555556,0.5980460663325026,0.0,0.5963855421686747,0.5777777777777777,0.5177,0.6001,0.299,0.1,0.7467,1.0,social
USR_001287,paid,61,25-34,tier1,18,9,10,243,False,True,True,16,0.434,0.71,3.4155826595257293,3.4594316186372978,late_afternoon,0.782608695652174,0.45,0.3388888888888889,0.8586753087190017,0.6744474046779656,0.6385542168674698,0.7333333333333333,0.8934,0.2695,0.7666,0.18,0.84,1.0,social
USR_001288,paid,62,18-24,tier3,16,4,28,207,True,True,True,18,0.263,0.51,3.3163988734606544,4.857980995127573,evening,0.6956521739130435,0.2,0.34444444444444444,0.8337405679707941,0.9471072231886742,0.38102409638554213,0.5111111111111112,0.6622,0.4529,0.8904,0.68,0.7067,0.82,gamification
USR_001289,paid,64,25-34,tier3,6,16,18,436,True,True,True,7,0.396,0.66,3.7776748939015303,4.247927513443585,early_morning,0.2608695652173913,0.8,0.35555555555555557,0.9497050661954514,0.8281717930966652,0.5813253012048193,0.6777777777777778,0.93,0.2801,0.8889,0.92,0.8067,0.82,learning
USR_001290,trial,2,18-24,tier1,7,7,3,98,True,True,True,19,0.41,0.52,2.855108491376949,2.0,evening,0.30434782608695654,0.35,0.011111111111111112,0.7177724592382616,0.3899180437875726,0.6024096385542168,0.5222222222222223,0.6131,0.5709,0.5538,0.74,0.7133,1.0,social
USR_001291,churned,102,25-34,tier2,1,0,0,16,False,False,False,19,0.049,0.2,1.7603744277225881,0.0,evening,0.043478260869565216,0.0,0.5666666666666667,0.4425570117502649,0.0,0.05873493975903614,0.1666666666666667,0.1287,0.8738,0.2213,0.0,0.1,0.21,gamification
USR_001292,churned,61,35-44,tier2,1,1,0,14,False,False,False,8,0.07,0.31,1.6826061944859854,0.0,early_morning,0.043478260869565216,0.05,0.3388888888888889,0.4230061273655071,0.0,0.09036144578313253,0.2888888888888889,0.1591,0.8224,0.2115,0.02,0.1733,0.21,gamification
USR_001293,paid,10,18-24,tier2,14,15,23,480,True,True,True,18,0.496,0.75,3.8372820861200116,4.584962500721157,evening,0.6086956521739131,0.75,0.05555555555555555,0.9646902764164168,0.8938798045602853,0.7319277108433735,0.7777777777777778,0.9604,0.242,0.9293,0.9,0.8667,0.91,gamification
USR_001294,inactive,80,25-34,tier2,1,0,0,11,False,False,False,15,0.012,0.09,1.5439593106327716,0.0,late_afternoon,0.043478260869565216,0.0,0.4444444444444444,0.3881503889269834,0.0,0.003012048192771084,0.04444444444444444,0.1287,0.9179,0.1941,0.0,0.0267,0.21,social
USR_001295,trial,5,25-34,tier1,5,8,2,56,False,False,True,20,0.192,0.52,2.512088994921136,1.5849625007211563,evening,0.21739130434782608,0.4,0.027777777777777776,0.6315375759470078,0.3090027388789262,0.27409638554216864,0.5222222222222223,0.6215,0.5916,0.4703,0.16,0.7133,0.3,achievement
USR_001296,trial,6,18-24,tier2,12,5,0,30,True,True,True,22,0.477,0.76,2.133656214977323,0.0,night,0.5217391304347826,0.25,0.03333333333333333,0.5363998157053146,0.0,0.7033132530120482,0.788888888888889,0.6215,0.4183,0.2682,0.7,0.8733,0.91,social
USR_001297,trial,7,18-24,tier3,6,5,2,25,False,True,True,20,0.335,0.75,2.0243691992404753,1.5849625007211563,evening,0.2608695652173913,0.25,0.03888888888888889,0.5089251294420208,0.3090027388789262,0.4894578313253012,0.7777777777777778,0.4646,0.5375,0.409,0.1,0.8667,0.82,achievement
USR_001298,paid,81,25-34,tier3,14,17,10,477,True,True,True,15,0.302,0.66,3.833394680730858,3.4594316186372978,late_afternoon,0.6086956521739131,0.85,0.45,0.9637129851734899,0.6744474046779656,0.4397590361445783,0.6777777777777778,0.9755,0.2891,0.8191,0.94,0.8067,0.82,learning
USR_001299,paid,31,18-24,tier1,8,10,29,237,True,True,True,16,0.395,0.83,3.4001129409181488,4.906890595608519,late_afternoon,0.34782608695652173,0.5,0.17222222222222222,0.854786231297873,0.9566425910596553,0.5798192771084337,0.8666666666666667,0.7876,0.2857,0.9057,0.8,0.92,1.0,social
USR_001300,trial,6,18-24,tier2,8,8,6,120,False,False,True,21,0.473,0.6,2.9797922048099563,2.807354922057604,night,0.34782608695652173,0.4,0.03333333333333333,0.7491178655119852,0.5473191697130572,0.6972891566265059,0.611111111111111,0.6931,0.4409,0.6482,0.16,0.7667,0.21,achievement
USR_001301,trial,4,25-34,tier1,6,6,0,72,False,False,False,15,0.278,0.8,2.665812336096604,0.0,late_afternoon,0.2608695652173913,0.3,0.022222222222222223,0.6701835261695945,0.0,0.4036144578313253,0.8333333333333334,0.5265,0.5126,0.3351,0.12,0.5,0.3,achievement
USR_001302,trial,5,45+,tier2,3,3,4,33,False,True,False,14,0.266,0.73,2.1910509857959815,2.321928094887362,afternoon,0.13043478260869565,0.15,0.027777777777777776,0.5508288245931894,0.4526808302869428,0.38554216867469876,0.7555555555555555,0.2776,0.6492,0.5018,0.06,0.4533,0.91,social
USR_001303,trial,2,25-34,tier2,5,3,7,24,True,True,True,15,0.504,0.71,2.0,3.0,late_afternoon,0.21739130434782608,0.15,0.011111111111111112,0.5027987282487452,0.5848770656813589,0.7439759036144578,0.7333333333333333,0.3222,0.6083,0.5438,0.66,0.84,0.91,social
USR_001304,trial,3,18-24,tier1,5,6,0,66,False,True,True,23,0.176,0.75,2.6125224135125684,0.0,night,0.21739130434782608,0.3,0.016666666666666666,0.6567864735177309,0.0,0.24999999999999994,0.7777777777777778,0.5,0.6266,0.3284,0.12,0.8667,1.0,social
USR_001305,trial,5,25-34,tier2,5,8,1,104,True,True,False,21,0.419,0.72,2.8916681496081527,1.0,night,0.21739130434782608,0.4,0.027777777777777776,0.7269635340701907,0.1949590218937863,0.6159638554216866,0.7444444444444445,0.6215,0.4507,0.461,0.76,0.4467,0.91,social
USR_001306,churned,37,35-44,tier1,0,1,0,47,False,False,True,21,0.074,0.12,2.405312426779558,0.0,night,0.0,0.05,0.20555555555555555,0.6046940146128323,0.0,0.09638554216867469,0.07777777777777778,0.1454,0.8836,0.3023,0.02,0.4467,0.3,achievement
USR_001307,churned,146,35-44,tier1,1,1,0,16,True,False,False,19,0.057,0.12,1.7603744277225881,0.0,evening,0.043478260869565216,0.05,0.8111111111111111,0.4425570117502649,0.0,0.07078313253012047,0.07777777777777778,0.1591,0.8833,0.2213,0.62,0.0467,0.3,learning
USR_001308,churned,56,25-34,tier3,2,0,0,11,False,False,False,20,0.12,0.25,1.5439593106327716,0.0,evening,0.08695652173913043,0.0,0.3111111111111111,0.3881503889269834,0.0,0.16566265060240964,0.22222222222222227,0.141,0.8326,0.1941,0.0,0.1333,0.12,gamification
USR_001309,inactive,83,18-24,tier2,0,1,0,20,False,False,False,23,0.022,0.25,1.8916681496081529,0.0,night,0.0,0.05,0.46111111111111114,0.4755641699458181,0.0,0.018072289156626502,0.22222222222222227,0.1454,0.8602,0.2378,0.02,0.1333,0.21,gamification
USR_001310,paid,96,35-44,tier2,9,8,16,293,False,True,True,8,0.379,0.78,3.5314066628037137,4.08746284125034,early_morning,0.391304347826087,0.4,0.5333333333333333,0.8877933894934262,0.7968877575573631,0.555722891566265,0.8111111111111111,0.7152,0.3296,0.8423,0.16,0.8867,0.91,social
USR_001311,paid,20,45+,tier3,5,4,3,112,False,True,True,20,0.448,0.63,2.9372912009775383,2.0,evening,0.21739130434782608,0.2,0.1111111111111111,0.7384331401738677,0.3899180437875726,0.6596385542168675,0.6444444444444445,0.3785,0.4727,0.5642,0.08,0.7867,0.82,social
USR_001312,paid,45,18-24,tier3,16,16,30,398,True,True,True,15,0.414,0.77,3.7211509500433038,4.954196310386876,late_afternoon,0.6956521739130435,0.8,0.25,0.9354949826516915,0.9658652669428303,0.6084337349397589,0.8,0.9746,0.2295,0.9507,0.92,0.88,0.82,gamification
USR_001313,paid,71,18-24,tier1,20,15,10,371,True,True,True,13,0.326,0.75,3.677615525610094,3.4594316186372978,afternoon,0.8695652173913043,0.75,0.39444444444444443,0.9245502046322979,0.6744474046779656,0.4759036144578313,0.7777777777777778,0.9787,0.2572,0.7995,0.9,0.8667,1.0,social
USR_001314,churned,127,25-34,tier2,2,0,0,1,False,False,True,12,0.053,0.32,0.43067655807339306,0.0,afternoon,0.08695652173913043,0.0,0.7055555555555556,0.10827181284292443,0.0,0.0647590361445783,0.30000000000000004,0.141,0.8317,0.0541,0.0,0.58,0.21,achievement
USR_001315,trial,5,35-44,tier2,2,5,5,50,False,False,False,17,0.159,0.38,2.4429806222085735,2.584962500721156,late_afternoon,0.08695652173913043,0.25,0.027777777777777776,0.6141637749913994,0.5039617607727125,0.22439759036144577,0.3666666666666667,0.362,0.7629,0.5591,0.1,0.22,0.21,gamification
USR_001316,trial,2,25-34,tier2,6,7,1,84,False,True,True,9,0.521,0.87,2.760374427722588,1.0,mid_morning,0.2608695652173913,0.35,0.011111111111111112,0.6939563758746375,0.1949590218937863,0.7695783132530121,0.9111111111111111,0.5876,0.4172,0.4445,0.14,0.9467,0.91,achievement
USR_001317,trial,2,18-24,tier3,3,2,3,14,True,False,True,17,0.405,0.67,1.6826061944859854,2.0,late_afternoon,0.13043478260869565,0.1,0.011111111111111112,0.4230061273655071,0.3899180437875726,0.5948795180722891,0.688888888888889,0.2307,0.7023,0.4065,0.64,0.8133,0.12,achievement
USR_001318,trial,6,18-24,tier1,5,3,2,21,False,True,True,18,0.428,0.78,1.9205726604783713,1.5849625007211563,evening,0.21739130434782608,0.15,0.03333333333333333,0.48283074559891703,0.3090027388789262,0.6295180722891566,0.8111111111111111,0.3222,0.5596,0.3959,0.06,0.8867,1.0,social
USR_001319,paid,45,18-24,tier2,17,20,4,359,True,True,True,20,0.458,0.67,3.65724206319215,2.321928094887362,evening,0.7391304347826086,1.0,0.25,0.919428329135415,0.4526808302869428,0.6746987951807228,0.688888888888889,0.9914,0.2385,0.6861,1.0,0.8133,0.91,learning
USR_001320,trial,0,18-24,tier2,3,7,6,49,False,True,False,14,0.197,0.51,2.4306765580733933,2.807354922057604,afternoon,0.13043478260869565,0.35,0.0,0.6110705410916697,0.5473191697130572,0.2816265060240964,0.5111111111111112,0.5089,0.7012,0.5792,0.14,0.3067,0.91,social
USR_001321,churned,58,25-34,tier2,2,1,0,7,False,False,False,6,0.102,0.26,1.2920296742201791,0.0,early_morning,0.08695652173913043,0.05,0.32222222222222224,0.32481543852877326,0.0,0.13855421686746988,0.23333333333333336,0.1738,0.8219,0.1624,0.02,0.14,0.21,social
USR_001322,paid,57,18-24,tier2,11,9,7,388,True,True,True,23,0.644,0.88,3.70538018120822,3.0,night,0.4782608695652174,0.45,0.31666666666666665,0.9315302213947989,0.5848770656813589,0.9548192771084337,0.9222222222222223,0.7992,0.2008,0.7582,0.78,0.9533,0.91,achievement
USR_001323,paid,74,25-34,tier3,9,14,13,301,False,True,True,19,0.475,0.68,3.548087797148054,3.8073549220576037,evening,0.391304347826087,0.7,0.4111111111111111,0.8919870160604666,0.7422781916068435,0.700301204819277,0.7000000000000001,0.9175,0.2579,0.8171,0.28,0.82,0.82,achievement
USR_001324,trial,6,18-24,tier2,11,3,1,18,False,True,True,15,0.203,0.41,1.8294828004351504,1.0,late_afternoon,0.4782608695652174,0.15,0.03333333333333333,0.4599308127058732,0.1949590218937863,0.29066265060240964,0.4,0.4735,0.6894,0.3274,0.06,0.64,0.91,social
USR_001325,trial,1,25-34,tier2,4,9,3,54,False,False,False,12,0.424,0.81,2.489896102404978,2.0,afternoon,0.17391304347826086,0.45,0.005555555555555556,0.6259582968803652,0.3899180437875726,0.6234939759036144,0.8444444444444446,0.6542,0.4417,0.5079,0.18,0.5067,0.21,gamification
USR_001326,churned,170,25-34,tier1,0,0,0,12,False,False,False,7,0.054,0.21,1.5936926411670824,0.0,early_morning,0.0,0.0,0.9444444444444444,0.4006533165990964,0.0,0.06626506024096385,0.17777777777777776,0.1172,0.8739,0.2003,0.0,0.1067,0.3,social
USR_001327,churned,131,25-34,tier1,0,0,0,0,False,False,False,21,0.07,0.11,0.0,0.0,night,0.0,0.0,0.7277777777777777,0.0,0.0,0.09036144578313253,0.06666666666666667,0.1172,0.8991,0.0,0.0,0.04,0.3,social
USR_001328,inactive,67,25-34,tier1,1,0,0,29,False,True,False,18,0.02,0.18,2.1132827525593787,0.0,evening,0.043478260869565216,0.0,0.37222222222222223,0.5312779402084316,0.0,0.015060240963855422,0.14444444444444446,0.1287,0.8885,0.2656,0.0,0.0867,1.0,social
USR_001329,churned,75,45+,tier3,2,1,0,30,False,False,False,19,0.042,0.31,2.133656214977323,0.0,evening,0.08695652173913043,0.05,0.4166666666666667,0.5363998157053146,0.0,0.048192771084337345,0.2888888888888889,0.1738,0.8249,0.2682,0.02,0.1733,0.12,gamification
USR_001330,paid,89,25-34,tier2,7,13,18,324,False,True,True,8,0.465,0.87,3.5936926411670824,4.247927513443585,early_morning,0.30434782608695654,0.65,0.49444444444444446,0.9034520448478416,0.8281717930966652,0.6852409638554217,0.9111111111111111,0.8753,0.2245,0.8658,0.26,0.9467,0.91,achievement
USR_001331,trial,2,18-24,tier1,5,3,4,42,False,False,False,17,0.2,0.45,2.336965027750064,2.321928094887362,late_afternoon,0.21739130434782608,0.15,0.011111111111111112,0.5875115219572629,0.4526808302869428,0.286144578313253,0.44444444444444453,0.3222,0.8114,0.5201,0.06,0.2667,0.3,gamification
USR_001332,churned,35,18-24,tier2,1,2,0,40,True,False,False,22,0.032,0.13,2.3073720570481235,0.0,night,0.043478260869565216,0.1,0.19444444444444445,0.5800718679402438,0.0,0.03313253012048192,0.0888888888888889,0.1951,0.8733,0.29,0.64,0.0533,0.21,learning
USR_001333,inactive,48,25-34,tier1,0,0,0,37,False,False,False,18,0.034,0.19,2.2601593585085435,0.0,evening,0.0,0.0,0.26666666666666666,0.5682026255487976,0.0,0.03614457831325301,0.15555555555555559,0.1172,0.8859,0.2841,0.0,0.0933,0.3,social
USR_001334,paid,77,35-44,tier2,14,8,15,362,True,True,True,17,0.424,0.78,3.6623983992959412,4.0,late_afternoon,0.6086956521739131,0.4,0.42777777777777776,0.9207246287531196,0.7798360875751452,0.6234939759036144,0.8111111111111111,0.8104,0.2832,0.8503,0.76,0.8867,0.91,social
USR_001335,paid,81,18-24,tier3,19,6,16,269,True,True,False,17,0.344,0.64,3.4784951415313494,4.08746284125034,late_afternoon,0.8260869565217391,0.3,0.45,0.8744914666907007,0.7968877575573631,0.503012048192771,0.6555555555555556,0.8157,0.3407,0.8357,0.72,0.3933,0.82,gamification
USR_001336,paid,46,18-24,tier2,21,13,22,313,True,True,True,18,0.612,0.7,3.572298714656796,4.523561956057013,evening,0.9130434782608695,0.65,0.25555555555555554,0.8980736253270319,0.8819092144288181,0.9066265060240963,0.7222222222222222,0.9688,0.197,0.89,0.86,0.8333,0.91,social
USR_001337,churned,35,25-34,tier2,1,1,0,25,False,False,False,18,0.077,0.19,2.0243691992404753,0.0,evening,0.043478260869565216,0.05,0.19444444444444445,0.5089251294420208,0.0,0.10090361445783133,0.15555555555555559,0.1591,0.8563,0.2545,0.02,0.0933,0.21,gamification
USR_001338,trial,4,45+,tier1,3,4,1,24,False,True,True,13,0.395,0.51,2.0,1.0,afternoon,0.13043478260869565,0.2,0.022222222222222223,0.5027987282487452,0.1949590218937863,0.5798192771084337,0.5111111111111112,0.3299,0.6562,0.3489,0.08,0.7067,1.0,social
USR_001339,inactive,17,18-24,tier2,0,0,0,2,False,False,False,16,0.019,0.09,0.6826061944859854,0.0,late_afternoon,0.0,0.0,0.09444444444444444,0.17160676324113452,0.0,0.013554216867469878,0.04444444444444444,0.1172,0.9204,0.0858,0.0,0.0267,0.21,social
USR_001340,trial,6,18-24,tier2,7,7,7,56,False,True,False,17,0.172,0.41,2.512088994921136,3.0,late_afternoon,0.30434782608695654,0.35,0.03333333333333333,0.6315375759470078,0.5848770656813589,0.24397590361445778,0.4,0.6131,0.6382,0.6082,0.14,0.24,0.91,social
USR_001341,trial,3,35-44,tier2,10,7,2,42,False,False,False,18,0.231,0.52,2.336965027750064,1.5849625007211563,evening,0.43478260869565216,0.35,0.016666666666666666,0.5875115219572629,0.3090027388789262,0.3328313253012048,0.5222222222222223,0.6855,0.6006,0.4483,0.14,0.3133,0.21,gamification
USR_001342,paid,9,25-34,tier3,7,17,24,450,True,True,True,19,0.596,0.91,3.797268159453102,4.643856189774724,evening,0.30434782608695654,0.85,0.05,0.9546308006962365,0.9053616605738856,0.8825301204819276,0.9555555555555556,0.9498,0.1683,0.93,0.94,0.9733,0.82,achievement
USR_001343,paid,90,35-44,tier2,7,15,27,445,True,True,True,18,0.589,0.64,3.7903412768461466,4.807354922057604,evening,0.30434782608695654,0.75,0.5,0.9528893868134837,0.9372372135006297,0.8719879518072288,0.6555555555555556,0.9201,0.2369,0.9451,0.9,0.7933,0.91,gamification
USR_001344,paid,100,18-24,tier3,20,14,19,375,False,False,True,20,0.324,0.57,3.684260882373545,4.321928094887363,evening,0.8695652173913043,0.7,0.5555555555555556,0.926220843097009,0.8425988740745155,0.47289156626506024,0.5777777777777777,0.9728,0.3084,0.8844,0.28,0.7467,0.12,gamification
USR_001345,trial,4,18-24,tier2,4,7,0,70,False,False,True,23,0.429,0.64,2.6485519224500402,0.0,night,0.17391304347826086,0.35,0.022222222222222223,0.6658442691543247,0.0,0.6310240963855421,0.6555555555555556,0.5354,0.5117,0.3329,0.14,0.7933,0.21,achievement
USR_001346,trial,2,45+,tier2,3,8,3,56,False,True,True,7,0.445,0.55,2.512088994921136,2.0,early_morning,0.13043478260869565,0.4,0.011111111111111112,0.6315375759470078,0.3899180437875726,0.6551204819277108,0.5555555555555556,0.5704,0.568,0.5107,0.16,0.7333,0.91,social
USR_001347,trial,4,18-24,tier1,7,2,3,28,False,False,False,16,0.357,0.64,2.0922185341675,2.0,late_afternoon,0.30434782608695654,0.1,0.022222222222222223,0.5259824090989363,0.3899180437875726,0.5225903614457831,0.6555555555555556,0.3145,0.6326,0.458,0.04,0.3933,0.3,gamification
USR_001348,paid,112,18-24,tier3,9,7,3,127,False,True,True,15,0.366,0.87,3.0147359065137516,2.0,late_afternoon,0.391304347826087,0.35,0.6222222222222222,0.757902689900471,0.3899180437875726,0.5361445783132529,0.9111111111111111,0.6622,0.3279,0.5739,0.14,0.9467,0.82,achievement
USR_001349,churned,53,25-34,tier2,2,0,0,49,False,False,False,16,0.034,0.24,2.4306765580733933,0.0,late_afternoon,0.08695652173913043,0.0,0.29444444444444445,0.6110705410916697,0.0,0.03614457831325301,0.21111111111111114,0.141,0.8614,0.3055,0.0,0.1267,0.21,gamification
USR_001350,trial,5,25-34,tier3,8,7,2,70,True,False,True,20,0.199,0.56,2.6485519224500402,1.5849625007211563,evening,0.34782608695652173,0.35,0.027777777777777776,0.6658442691543247,0.3090027388789262,0.28463855421686746,0.5666666666666668,0.638,0.5688,0.4874,0.74,0.74,0.12,learning
USR_001351,trial,7,18-24,tier2,7,3,0,36,True,False,True,16,0.185,0.57,2.2435894449529292,0.0,late_afternoon,0.30434782608695654,0.15,0.03888888888888889,0.5640369598173204,0.0,0.2635542168674698,0.5777777777777777,0.3702,0.688,0.282,0.66,0.7467,0.21,achievement
USR_001352,paid,54,18-24,tier1,15,9,7,296,True,True,True,12,0.545,0.7,3.5377146858629342,3.0,afternoon,0.6521739130434783,0.45,0.3,0.8893792224793962,0.5848770656813589,0.8057228915662651,0.7222222222222222,0.859,0.2546,0.7371,0.78,0.8333,1.0,social
USR_001353,paid,81,18-24,tier3,13,8,28,285,True,True,True,9,0.359,0.77,3.5142653016454535,4.857980995127573,mid_morning,0.5652173913043478,0.4,0.45,0.8834840621980133,0.9471072231886742,0.5256024096385542,0.8,0.7935,0.3095,0.9153,0.76,0.88,0.82,gamification
USR_001354,trial,3,35-44,tier2,9,5,3,65,False,False,False,19,0.384,0.46,2.6031788549643564,2.0,evening,0.391304347826087,0.25,0.016666666666666666,0.6544375088400515,0.3899180437875726,0.5632530120481928,0.45555555555555566,0.5442,0.635,0.5222,0.1,0.2733,0.21,gamification
USR_001355,trial,7,35-44,tier2,4,4,3,60,False,True,True,17,0.266,0.46,2.554229543378943,2.0,late_afternoon,0.17391304347826086,0.2,0.03888888888888889,0.6421316830331528,0.3899180437875726,0.38554216867469876,0.45555555555555566,0.3538,0.7047,0.516,0.08,0.6733,0.91,social
USR_001356,trial,0,18-24,tier1,4,6,0,72,False,True,False,18,0.395,0.61,2.665812336096604,0.0,evening,0.17391304347826086,0.3,0.0,0.6701835261695945,0.0,0.5798192771084337,0.6222222222222222,0.4735,0.6109,0.3351,0.12,0.3733,1.0,social
USR_001357,churned,131,45+,tier2,1,0,0,27,False,False,False,18,0.08,0.15,2.0704150712689535,0.0,evening,0.043478260869565216,0.0,0.7277777777777777,0.5205010323905325,0.0,0.10542168674698796,0.11111111111111112,0.1287,0.8795,0.2603,0.0,0.0667,0.21,gamification
USR_001358,trial,0,35-44,tier1,7,2,3,20,False,False,True,8,0.45,0.58,1.8916681496081529,2.0,early_morning,0.30434782608695654,0.1,0.0,0.4755641699458181,0.3899180437875726,0.6626506024096386,0.5888888888888889,0.3145,0.6783,0.4327,0.04,0.7533,0.3,achievement
USR_001359,trial,6,25-34,tier2,9,4,2,60,False,False,True,16,0.382,0.73,2.554229543378943,1.5849625007211563,late_afternoon,0.391304347826087,0.2,0.03333333333333333,0.6421316830331528,0.3090027388789262,0.5602409638554217,0.7555555555555555,0.4823,0.5208,0.4756,0.08,0.8533,0.21,achievement
USR_001360,paid,29,25-34,tier2,14,17,26,284,True,True,True,17,0.662,0.9,3.512088994921136,4.754887502163469,late_afternoon,0.6086956521739131,0.85,0.16111111111111112,0.8829369400713803,0.9270082166367787,0.9819277108433735,0.9444444444444445,0.9755,0.1271,0.905,0.94,0.9667,0.91,achievement
USR_001361,trial,7,18-24,tier3,10,7,6,84,False,False,True,19,0.407,0.82,2.760374427722588,2.807354922057604,evening,0.43478260869565216,0.35,0.03888888888888889,0.6939563758746375,0.5473191697130572,0.5978915662650601,0.8555555555555555,0.6855,0.3935,0.6206,0.14,0.9133,0.12,achievement
USR_001362,inactive,88,25-34,tier3,1,0,0,10,False,False,False,15,0.061,0.13,1.4898961024049782,0.0,late_afternoon,0.043478260869565216,0.0,0.4888888888888889,0.3745589327559926,0.0,0.07680722891566265,0.0888888888888889,0.1287,0.8912,0.1873,0.0,0.0533,0.12,gamification
USR_001363,paid,18,25-34,tier2,8,7,3,362,True,True,True,19,0.484,0.74,3.6623983992959412,2.0,evening,0.34782608695652173,0.35,0.1,0.9207246287531196,0.3899180437875726,0.7138554216867469,0.7666666666666667,0.638,0.3398,0.6553,0.74,0.86,0.91,social
USR_001364,trial,0,45+,tier2,9,1,4,12,False,False,True,17,0.436,0.65,1.5936926411670824,2.321928094887362,late_afternoon,0.391304347826087,0.05,0.0,0.4006533165990964,0.4526808302869428,0.641566265060241,0.6666666666666667,0.3069,0.6617,0.4267,0.02,0.8,0.21,achievement
USR_001365,paid,79,18-24,tier2,20,19,21,358,False,True,True,16,0.425,0.6,3.6555137312444637,4.459431618637297,late_afternoon,0.8695652173913043,0.95,0.4388888888888889,0.9189938275827707,0.8694064265717518,0.6249999999999999,0.611111111111111,0.992,0.2661,0.8942,0.38,0.7667,0.91,social
USR_001366,inactive,54,18-24,tier3,0,0,0,34,False,False,False,8,0.081,0.24,2.2090619551221677,0.0,early_morning,0.0,0.0,0.3,0.5553567708290562,0.0,0.1069277108433735,0.21111111111111114,0.1172,0.8568,0.2777,0.0,0.1267,0.12,gamification
USR_001367,trial,2,25-34,tier2,9,4,0,52,True,True,True,20,0.45,0.76,2.4668810662894636,0.0,evening,0.391304347826087,0.2,0.011111111111111112,0.6201723314356253,0.0,0.6626506024096386,0.788888888888889,0.4823,0.5329,0.3101,0.68,0.8733,0.91,social
USR_001368,churned,64,18-24,tier2,1,1,0,25,False,False,False,18,0.053,0.12,2.0243691992404753,0.0,evening,0.043478260869565216,0.05,0.35555555555555557,0.5089251294420208,0.0,0.0647590361445783,0.07777777777777778,0.1591,0.8845,0.2545,0.02,0.0467,0.21,gamification
USR_001369,trial,5,25-34,tier1,7,6,3,66,True,False,False,18,0.31,0.48,2.6125224135125684,2.0,evening,0.30434782608695654,0.3,0.027777777777777776,0.6567864735177309,0.3899180437875726,0.4518072289156626,0.4777777777777778,0.5529,0.596,0.5234,0.72,0.2867,0.3,learning
USR_001370,trial,3,25-34,tier2,3,4,2,44,False,False,True,19,0.195,0.59,2.3652123889719707,1.5849625007211563,evening,0.13043478260869565,0.2,0.016666666666666666,0.5946128906066416,0.3090027388789262,0.27861445783132527,0.6,0.3299,0.759,0.4518,0.08,0.76,0.21,achievement
USR_001371,trial,0,25-34,tier2,9,9,6,135,True,True,True,17,0.487,0.64,3.0524041019427677,2.807354922057604,late_afternoon,0.391304347826087,0.45,0.0,0.7673724502790383,0.5473191697130572,0.7183734939759036,0.6555555555555556,0.763,0.4281,0.6573,0.78,0.7933,0.91,social
USR_001372,paid,45,18-24,tier3,8,5,27,252,False,True,True,22,0.469,0.62,3.438088195871358,4.807354922057604,night,0.34782608695652173,0.25,0.25,0.8643331862455707,0.9372372135006297,0.6912650602409638,0.6333333333333333,0.5177,0.4196,0.9008,0.1,0.78,0.82,gamification
USR_001373,paid,112,18-24,tier2,16,9,29,329,True,True,True,19,0.253,0.52,3.6031788549643564,4.906890595608519,evening,0.6956521739130435,0.45,0.6222222222222222,0.9058368729644241,0.9566425910596553,0.36596385542168675,0.5222222222222223,0.8713,0.3776,0.9312,0.78,0.7133,0.91,gamification
USR_001374,trial,6,18-24,tier2,4,10,7,100,True,True,True,21,0.223,0.53,2.867535604316286,3.0,night,0.17391304347826086,0.5,0.03333333333333333,0.7208966275291128,0.5848770656813589,0.3207831325301205,0.5333333333333334,0.708,0.54,0.6529,0.8,0.72,0.91,social
USR_001375,churned,177,35-44,tier2,2,0,0,36,False,False,False,21,0.122,0.29,2.2435894449529292,0.0,night,0.08695652173913043,0.0,0.9833333333333333,0.5640369598173204,0.0,0.1686746987951807,0.26666666666666666,0.141,0.82,0.282,0.0,0.16,0.21,gamification
USR_001376,trial,4,25-34,tier3,11,6,5,60,False,True,False,10,0.481,0.84,2.554229543378943,2.584962500721156,mid_morning,0.4782608695652174,0.3,0.022222222222222223,0.6421316830331528,0.5039617607727125,0.7093373493975903,0.8777777777777778,0.6542,0.3762,0.573,0.12,0.5267,0.82,social
USR_001377,paid,70,35-44,tier1,5,6,7,251,True,True,True,6,0.31,0.67,3.4356274602409247,3.0,early_morning,0.21739130434782608,0.3,0.3888888888888889,0.8637145588728016,0.5848770656813589,0.4518072289156626,0.688888888888889,0.5,0.4554,0.7243,0.72,0.8133,1.0,social
USR_001378,churned,108,35-44,tier1,2,1,0,32,False,False,False,17,0.059,0.32,2.1725022968909635,0.0,late_afternoon,0.08695652173913043,0.05,0.6,0.5461656959971272,0.0,0.07379518072289155,0.30000000000000004,0.1738,0.8168,0.2731,0.02,0.18,0.3,social
USR_001379,trial,7,18-24,tier2,8,9,0,135,False,False,True,23,0.24,0.76,3.0524041019427677,0.0,night,0.34782608695652173,0.45,0.03888888888888889,0.7673724502790383,0.0,0.3463855421686747,0.788888888888889,0.7432,0.443,0.3837,0.18,0.8733,0.21,achievement
USR_001380,inactive,30,45+,tier1,0,0,0,5,False,True,False,17,0.026,0.24,1.1132827525593785,0.0,late_afternoon,0.0,0.0,0.16666666666666666,0.27987857608405897,0.0,0.024096385542168672,0.21111111111111114,0.1172,0.8733,0.1399,0.0,0.1267,1.0,social
USR_001381,paid,67,25-34,tier2,7,8,11,218,False,True,True,19,0.282,0.51,3.34841853058259,3.5849625007211565,evening,0.30434782608695654,0.4,0.37222222222222223,0.8417902894107291,0.6989207826664989,0.4096385542168674,0.5111111111111112,0.6701,0.4449,0.7704,0.16,0.7067,0.91,social
USR_001382,trial,1,45+,tier1,2,4,3,56,False,True,False,12,0.265,0.36,2.512088994921136,2.0,afternoon,0.08695652173913043,0.2,0.005555555555555556,0.6315375759470078,0.3899180437875726,0.38403614457831325,0.3444444444444445,0.3069,0.8277,0.5107,0.08,0.2067,1.0,social
USR_001383,churned,129,25-34,tier1,2,1,0,18,False,True,False,12,0.031,0.15,1.8294828004351504,0.0,afternoon,0.08695652173913043,0.05,0.7166666666666667,0.4599308127058732,0.0,0.03162650602409638,0.11111111111111112,0.1738,0.8762,0.23,0.02,0.0667,1.0,social
USR_001384,trial,3,35-44,tier2,4,2,3,10,True,True,True,6,0.291,0.67,1.4898961024049782,2.0,early_morning,0.17391304347826086,0.1,0.016666666666666666,0.3745589327559926,0.3899180437875726,0.4231927710843373,0.688888888888889,0.2501,0.734,0.3822,0.64,0.8133,0.91,social
USR_001385,paid,96,18-24,tier2,17,5,32,137,True,True,True,17,0.594,0.85,3.0614748460257584,5.044394119358453,late_afternoon,0.7391304347826086,0.25,0.5333333333333333,0.7696528295736371,0.9834501435568916,0.8795180722891566,0.888888888888889,0.7364,0.245,0.8766,0.7,0.9333,0.91,achievement
USR_001386,paid,82,18-24,tier3,6,9,17,146,True,True,True,23,0.454,0.64,3.1007301047303204,4.169925001442312,night,0.2608695652173913,0.45,0.45555555555555555,0.7795215766505017,0.8129644996516386,0.6686746987951807,0.6555555555555556,0.7006,0.3524,0.7962,0.78,0.7933,0.82,social
USR_001387,churned,78,18-24,tier2,2,0,0,4,False,False,False,10,0.068,0.15,1.0,0.0,mid_morning,0.08695652173913043,0.0,0.43333333333333335,0.2513993641243726,0.0,0.08734939759036145,0.11111111111111112,0.141,0.8782,0.1257,0.0,0.0667,0.21,social
USR_001388,churned,36,25-34,tier1,2,0,0,35,False,False,True,16,0.083,0.3,2.226565505118757,0.0,late_afternoon,0.08695652173913043,0.0,0.2,0.5597571521681179,0.0,0.10993975903614459,0.2777777777777778,0.141,0.8287,0.2799,0.0,0.5667,0.3,achievement
USR_001389,churned,31,45+,tier2,1,0,0,8,False,False,False,17,0.128,0.35,1.3652123889719707,0.0,late_afternoon,0.043478260869565216,0.0,0.17222222222222222,0.34321352648226905,0.0,0.17771084337349397,0.33333333333333337,0.1287,0.8051,0.1716,0.0,0.2,0.21,social
USR_001390,trial,0,18-24,tier2,4,3,7,27,True,False,False,20,0.158,0.53,2.0704150712689535,3.0,evening,0.17391304347826086,0.15,0.0,0.5205010323905325,0.5848770656813589,0.2228915662650602,0.5333333333333334,0.2994,0.8086,0.5527,0.66,0.32,0.21,learning
USR_001391,trial,7,35-44,tier3,9,4,0,44,False,False,True,7,0.207,0.66,2.3652123889719707,0.0,early_morning,0.391304347826087,0.2,0.03888888888888889,0.5946128906066416,0.0,0.2966867469879518,0.6777777777777778,0.4823,0.6017,0.2973,0.08,0.8067,0.12,achievement
USR_001392,trial,0,25-34,tier3,11,7,1,42,False,False,True,14,0.197,0.57,2.336965027750064,1.0,afternoon,0.4782608695652174,0.35,0.0,0.5875115219572629,0.1949590218937863,0.2816265060240964,0.5777777777777777,0.708,0.584,0.3912,0.14,0.7467,0.12,achievement
USR_001393,paid,76,18-24,tier3,15,17,8,506,False,False,True,21,0.547,0.69,3.86999147682015,3.1699250014423126,night,0.6521739130434783,0.85,0.4222222222222222,0.9729133964393273,0.6180054777578524,0.8087349397590361,0.711111111111111,0.9779,0.214,0.7955,0.34,0.8267,0.12,achievement
USR_001394,paid,73,25-34,tier3,15,5,15,247,False,True,True,16,0.327,0.95,3.4256858891975024,4.0,late_afternoon,0.6521739130434783,0.25,0.40555555555555556,0.861215254234088,0.7798360875751452,0.47740963855421686,1.0,0.6931,0.3057,0.8205,0.1,1.0,0.82,achievement
USR_001395,churned,174,25-34,tier1,0,0,0,48,False,False,True,15,0.105,0.34,2.418123910244335,0.0,late_afternoon,0.0,0.0,0.9666666666666667,0.6079148134093673,0.0,0.1430722891566265,0.3222222222222223,0.1172,0.8196,0.304,0.0,0.5933,0.3,achievement
USR_001396,paid,33,35-44,tier3,9,15,17,420,False,False,True,8,0.447,0.79,3.754498876283804,4.169925001442312,early_morning,0.391304347826087,0.75,0.18333333333333332,0.9438786301034198,0.8129644996516386,0.6581325301204819,0.8222222222222223,0.9344,0.2296,0.8784,0.3,0.8933,0.12,achievement
USR_001397,paid,75,18-24,tier2,12,9,9,179,True,True,True,21,0.474,0.82,3.226565505118757,3.3219280948873626,night,0.5217391304347826,0.45,0.4166666666666667,0.8111565162924905,0.6476398521807292,0.6987951807228915,0.8555555555555555,0.8157,0.257,0.7294,0.78,0.9133,0.91,achievement
USR_001398,paid,105,18-24,tier3,9,5,3,116,True,True,True,17,0.366,0.73,2.958905030139053,2.0,late_afternoon,0.391304347826087,0.25,0.5833333333333334,0.7438668430813654,0.3899180437875726,0.5361445783132529,0.7555555555555555,0.5442,0.4082,0.5669,0.7,0.8533,0.82,achievement
USR_001399,trial,1,25-34,tier3,4,2,5,16,False,False,True,19,0.32,0.41,1.7603744277225881,2.584962500721156,evening,0.17391304347826086,0.1,0.005555555555555556,0.4425570117502649,0.5039617607727125,0.46686746987951805,0.4,0.2501,0.8172,0.4733,0.04,0.64,0.12,achievement
USR_001400,trial,7,25-34,tier3,9,6,2,78,False,True,False,22,0.477,0.67,2.7148905954742335,1.5849625007211563,night,0.391304347826087,0.3,0.03888888888888889,0.6825217693694615,0.3090027388789262,0.7033132530120482,0.688888888888889,0.6047,0.4554,0.4958,0.12,0.4133,0.82,social
USR_001401,paid,13,45+,tier2,5,15,22,419,True,True,True,6,0.336,0.84,3.753021265754939,4.523561956057013,early_morning,0.21739130434782608,0.75,0.07222222222222222,0.9435071597560395,0.8819092144288181,0.49096385542168675,0.8777777777777778,0.9031,0.286,0.9127,0.9,0.9267,0.91,achievement
USR_001402,trial,5,18-24,tier3,4,7,4,35,True,True,True,21,0.224,0.75,2.226565505118757,2.321928094887362,night,0.17391304347826086,0.35,0.027777777777777776,0.5597571521681179,0.4526808302869428,0.322289156626506,0.7777777777777778,0.5354,0.543,0.5062,0.74,0.8667,0.82,achievement
USR_001403,trial,0,18-24,tier3,3,3,5,27,False,False,True,19,0.337,0.54,2.0704150712689535,2.584962500721156,evening,0.13043478260869565,0.15,0.0,0.5205010323905325,0.5039617607727125,0.4924698795180723,0.5444444444444445,0.2776,0.751,0.5122,0.06,0.7267,0.12,achievement
USR_001404,paid,63,25-34,tier3,11,14,5,347,True,True,True,8,0.553,0.75,3.636177844800271,2.584962500721156,early_morning,0.4782608695652174,0.7,0.35,0.9141327980259196,0.5039617607727125,0.8177710843373495,0.7777777777777778,0.9322,0.2126,0.709,0.88,0.8667,0.82,learning
USR_001405,trial,7,18-24,tier1,8,8,7,72,False,True,False,18,0.168,0.47,2.665812336096604,3.0,evening,0.34782608695652173,0.4,0.03888888888888889,0.6701835261695945,0.5848770656813589,0.23795180722891565,0.4666666666666667,0.6931,0.5845,0.6275,0.16,0.28,1.0,social
USR_001406,churned,121,35-44,tier2,1,0,0,6,False,False,True,9,0.037,0.36,1.2090619551221675,0.0,mid_morning,0.043478260869565216,0.0,0.6722222222222223,0.30395740670468363,0.0,0.04066265060240963,0.3444444444444445,0.1287,0.8294,0.152,0.0,0.6067,0.21,achievement
USR_001407,inactive,56,25-34,tier1,0,0,0,25,False,False,False,17,0.026,0.06,2.0243691992404753,0.0,late_afternoon,0.0,0.0,0.3111111111111111,0.5089251294420208,0.0,0.024096385542168672,0.011111111111111106,0.1172,0.9273,0.2545,0.0,0.0067,0.3,social
USR_001408,trial,2,18-24,tier2,5,4,3,28,True,True,True,11,0.169,0.43,2.0922185341675,2.0,mid_morning,0.21739130434782608,0.2,0.011111111111111112,0.5259824090989363,0.3899180437875726,0.23945783132530118,0.4222222222222223,0.3785,0.8027,0.458,0.68,0.6533,0.91,social
USR_001409,trial,6,35-44,tier2,3,2,0,20,False,False,True,18,0.333,0.81,1.8916681496081529,0.0,evening,0.13043478260869565,0.1,0.03333333333333333,0.4755641699458181,0.0,0.4864457831325301,0.8444444444444446,0.2307,0.6213,0.2378,0.04,0.9067,0.21,achievement
USR_001410,trial,4,35-44,tier3,5,7,6,63,True,True,True,22,0.406,0.5,2.5840593484403582,2.807354922057604,night,0.21739130434782608,0.35,0.022222222222222223,0.6496308770575465,0.5473191697130572,0.5963855421686747,0.5000000000000001,0.5617,0.5539,0.5985,0.74,0.7,0.82,social
USR_001411,paid,19,45+,tier1,8,3,13,190,True,True,True,11,0.325,0.67,3.263420966704541,3.8073549220576037,mid_morning,0.34782608695652173,0.15,0.10555555555555556,0.8204219558996668,0.7422781916068435,0.47439759036144574,0.688888888888889,0.3953,0.489,0.7814,0.66,0.8133,1.0,social
USR_001412,paid,60,25-34,tier2,13,6,12,240,False,False,True,9,0.397,0.55,3.4078959437431755,3.700439718141092,mid_morning,0.5652173913043478,0.3,0.3333333333333333,0.856742873259063,0.7214341080257056,0.5828313253012049,0.5555555555555556,0.7006,0.3921,0.7891,0.12,0.7333,0.21,gamification
USR_001413,paid,52,25-34,tier3,18,14,28,511,True,True,True,20,0.636,0.89,3.876089022660538,4.857980995127573,evening,0.782608695652174,0.7,0.28888888888888886,0.97444631558632,0.9471072231886742,0.9427710843373494,0.9333333333333333,0.9666,0.14,0.9608,0.88,0.96,0.82,gamification
USR_001414,paid,87,35-44,tier2,8,9,4,349,True,True,True,13,0.543,0.54,3.6397385131955606,2.321928094887362,afternoon,0.34782608695652173,0.45,0.48333333333333334,0.9150279477963532,0.4526808302869428,0.802710843373494,0.5444444444444445,0.7432,0.34,0.6839,0.78,0.7267,0.91,social
USR_001415,paid,24,45+,tier3,7,13,21,257,True,True,True,9,0.303,0.54,3.4502477803094425,4.459431618637297,mid_morning,0.30434782608695654,0.65,0.13333333333333333,0.8673900980413217,0.8694064265717518,0.4412650602409638,0.5444444444444445,0.8753,0.3573,0.8684,0.86,0.7267,0.82,gamification
USR_001416,trial,4,35-44,tier2,7,7,1,105,False,True,True,17,0.39,0.5,2.8975576243628565,1.0,late_afternoon,0.30434782608695654,0.35,0.022222222222222223,0.7284441442785498,0.1949590218937863,0.572289156626506,0.5000000000000001,0.6131,0.5365,0.4617,0.14,0.7,0.91,social
USR_001417,churned,156,35-44,tier1,1,0,0,37,False,False,False,9,0.049,0.12,2.2601593585085435,0.0,mid_morning,0.043478260869565216,0.0,0.8666666666666667,0.5682026255487976,0.0,0.05873493975903614,0.07777777777777778,0.1287,0.8978,0.2841,0.0,0.0467,0.3,social
USR_001418,churned,75,25-34,tier3,2,1,0,6,False,False,False,20,0.02,0.34,1.2090619551221675,0.0,evening,0.08695652173913043,0.05,0.4166666666666667,0.30395740670468363,0.0,0.015060240963855422,0.3222222222222223,0.1738,0.8225,0.152,0.02,0.1933,0.12,achievement
USR_001419,churned,71,45+,tier1,1,0,0,3,True,False,False,5,0.096,0.26,0.8613531161467861,0.0,night,0.043478260869565216,0.0,0.39444444444444443,0.21654362568584887,0.0,0.12951807228915663,0.23333333333333336,0.1287,0.8417,0.1083,0.6,0.14,0.3,learning
USR_001420,trial,0,25-34,tier2,10,4,1,32,False,False,True,7,0.23,0.76,2.1725022968909635,1.0,early_morning,0.43478260869565216,0.2,0.0,0.5461656959971272,0.1949590218937863,0.3313253012048193,0.788888888888889,0.5089,0.5993,0.3706,0.08,0.8733,0.21,achievement
USR_001421,trial,0,25-34,tier3,3,8,0,96,False,False,False,10,0.355,0.41,2.8424277464575374,0.0,mid_morning,0.13043478260869565,0.4,0.0,0.7145845280288982,0.0,0.519578313253012,0.4,0.5704,0.6508,0.3573,0.16,0.24,0.12,gamification
USR_001422,churned,172,25-34,tier2,1,1,0,39,False,False,False,22,0.095,0.29,2.292029674220179,0.0,night,0.043478260869565216,0.05,0.9555555555555556,0.5762148026531458,0.0,0.1280120481927711,0.26666666666666666,0.1591,0.8209,0.2881,0.02,0.16,0.21,gamification
USR_001423,inactive,47,45+,tier3,0,0,0,13,False,False,False,5,0.017,0.18,1.6397385131955606,0.0,night,0.0,0.0,0.2611111111111111,0.41222921954760805,0.0,0.010542168674698796,0.14444444444444446,0.1172,0.894,0.2061,0.0,0.0867,0.12,gamification
USR_001424,inactive,35,18-24,tier2,1,0,0,29,False,False,False,8,0.018,0.19,2.1132827525593787,0.0,early_morning,0.043478260869565216,0.0,0.19444444444444445,0.5312779402084316,0.0,0.012048192771084335,0.15555555555555559,0.1287,0.8861,0.2656,0.0,0.0933,0.21,gamification
USR_001425,paid,22,18-24,tier1,20,5,3,224,True,True,True,13,0.614,0.81,3.3652123889719707,2.0,afternoon,0.8695652173913043,0.25,0.12222222222222222,0.8460122547310142,0.3899180437875726,0.9096385542168673,0.8444444444444446,0.7935,0.2299,0.618,0.7,0.9067,1.0,social
USR_001426,paid,70,35-44,tier2,9,6,14,266,False,False,True,18,0.451,0.65,3.471552779535398,3.9068905956085187,evening,0.391304347826087,0.3,0.3888888888888889,0.8727461612993972,0.761683569165869,0.664156626506024,0.6666666666666667,0.6047,0.385,0.8172,0.12,0.8,0.21,gamification
USR_001427,paid,29,45+,tier1,11,10,8,419,True,False,False,7,0.554,0.69,3.753021265754939,3.1699250014423126,early_morning,0.4782608695652174,0.5,0.16111111111111112,0.9435071597560395,0.6180054777578524,0.8192771084337349,0.711111111111111,0.8361,0.2631,0.7808,0.8,0.4267,0.3,learning
USR_001428,trial,6,45+,tier2,7,7,1,42,True,False,False,8,0.306,0.65,2.336965027750064,1.0,early_morning,0.30434782608695654,0.35,0.03333333333333333,0.5875115219572629,0.1949590218937863,0.4457831325301204,0.6666666666666667,0.6131,0.5147,0.3912,0.74,0.4,0.21,learning
USR_001429,trial,5,35-44,tier3,8,8,5,48,True,True,True,9,0.182,0.4,2.418123910244335,2.584962500721156,mid_morning,0.34782608695652173,0.4,0.027777777777777776,0.6079148134093673,0.5039617607727125,0.2590361445783132,0.38888888888888895,0.6931,0.603,0.5559,0.76,0.6333,0.82,social
USR_001430,trial,5,35-44,tier1,2,8,4,48,True,False,True,7,0.39,0.57,2.418123910244335,2.321928094887362,early_morning,0.08695652173913043,0.4,0.027777777777777776,0.6079148134093673,0.4526808302869428,0.572289156626506,0.5777777777777777,0.5442,0.5438,0.5303,0.76,0.7467,0.3,learning
USR_001431,paid,44,35-44,tier2,12,7,4,200,True,True,True,18,0.269,0.48,3.2951286079985542,2.321928094887362,evening,0.5217391304347826,0.35,0.24444444444444444,0.8283932367588654,0.4526808302869428,0.3900602409638554,0.4777777777777778,0.7295,0.4352,0.6405,0.74,0.6867,0.91,social
USR_001432,inactive,23,18-24,tier1,0,0,0,39,False,False,False,21,0.026,0.23,2.292029674220179,0.0,night,0.0,0.0,0.12777777777777777,0.5762148026531458,0.0,0.024096385542168672,0.2,0.1172,0.8763,0.2881,0.0,0.12,0.3,social
USR_001433,inactive,25,18-24,tier2,0,0,0,37,False,False,False,13,0.047,0.24,2.2601593585085435,0.0,afternoon,0.0,0.0,0.1388888888888889,0.5682026255487976,0.0,0.05572289156626505,0.21111111111111114,0.1172,0.867,0.2841,0.0,0.1267,0.21,gamification
USR_001434,churned,150,35-44,tier1,0,0,0,6,True,False,True,14,0.075,0.32,1.2090619551221675,0.0,afternoon,0.0,0.0,0.8333333333333334,0.30395740670468363,0.0,0.09789156626506024,0.30000000000000004,0.1172,0.8346,0.152,0.6,0.58,0.3,learning
USR_001435,trial,7,25-34,tier3,7,4,1,44,False,True,False,17,0.209,0.59,2.3652123889719707,1.0,late_afternoon,0.30434782608695654,0.2,0.03888888888888889,0.5946128906066416,0.1949590218937863,0.29969879518072284,0.6,0.4296,0.6473,0.3948,0.08,0.36,0.82,social
USR_001436,trial,5,18-24,tier2,11,6,3,72,False,False,True,14,0.391,0.47,2.665812336096604,2.0,afternoon,0.4782608695652174,0.3,0.027777777777777776,0.6701835261695945,0.3899180437875726,0.5737951807228916,0.4666666666666667,0.6542,0.528,0.5301,0.12,0.68,0.21,achievement
USR_001437,trial,7,25-34,tier2,8,7,1,49,True,True,True,23,0.352,0.73,2.4306765580733933,1.0,night,0.34782608695652173,0.35,0.03888888888888889,0.6110705410916697,0.1949590218937863,0.5150602409638554,0.7555555555555555,0.638,0.4622,0.403,0.74,0.8533,0.91,social
USR_001438,inactive,52,18-24,tier1,1,0,0,33,False,False,False,21,0.035,0.1,2.1910509857959815,0.0,night,0.043478260869565216,0.0,0.28888888888888886,0.5508288245931894,0.0,0.03765060240963856,0.055555555555555566,0.1287,0.908,0.2754,0.0,0.0333,0.3,social
USR_001439,paid,79,18-24,tier2,14,9,4,292,True,True,True,17,0.348,0.69,3.5292896763109196,2.321928094887362,late_afternoon,0.6086956521739131,0.45,0.4388888888888889,0.8872611804352779,0.4526808302869428,0.5090361445783131,0.711111111111111,0.8456,0.3153,0.67,0.78,0.8267,0.91,social
USR_001440,inactive,40,25-34,tier3,1,0,0,30,False,False,False,17,0.059,0.15,2.133656214977323,0.0,late_afternoon,0.043478260869565216,0.0,0.2222222222222222,0.5363998157053146,0.0,0.07379518072289155,0.11111111111111112,0.1287,0.8858,0.2682,0.0,0.0667,0.12,gamification
USR_001441,paid,11,25-34,tier2,17,11,29,303,True,True,True,13,0.459,0.95,3.552189032728723,4.906890595608519,afternoon,0.7391304347826086,0.55,0.06111111111111111,0.8930180640775711,0.9566425910596553,0.6762048192771084,1.0,0.9252,0.2072,0.9248,0.82,1.0,0.91,achievement
USR_001442,trial,2,35-44,tier2,6,6,4,48,True,False,True,8,0.183,0.83,2.418123910244335,2.321928094887362,early_morning,0.2608695652173913,0.3,0.011111111111111112,0.6079148134093673,0.4526808302869428,0.26054216867469876,0.8666666666666667,0.5265,0.5826,0.5303,0.72,0.92,0.21,achievement
USR_001443,churned,44,25-34,tier2,2,1,0,1,False,False,False,7,0.095,0.25,0.43067655807339306,0.0,early_morning,0.08695652173913043,0.05,0.24444444444444444,0.10827181284292443,0.0,0.1280120481927711,0.22222222222222227,0.1738,0.827,0.0541,0.02,0.1333,0.21,social
USR_001444,trial,2,35-44,tier2,6,8,4,96,False,True,False,7,0.331,0.44,2.8424277464575374,2.321928094887362,early_morning,0.2608695652173913,0.4,0.011111111111111112,0.7145845280288982,0.4526808302869428,0.483433734939759,0.4333333333333334,0.6462,0.6123,0.5836,0.16,0.26,0.91,social
USR_001445,trial,5,35-44,tier3,7,5,3,50,True,True,False,7,0.49,0.8,2.4429806222085735,2.0,early_morning,0.30434782608695654,0.25,0.027777777777777776,0.6141637749913994,0.3899180437875726,0.7228915662650601,0.8333333333333334,0.4911,0.4582,0.502,0.7,0.5,0.82,social
USR_001446,trial,3,18-24,tier2,3,3,0,21,False,True,False,14,0.169,0.61,1.9205726604783713,0.0,afternoon,0.13043478260869565,0.15,0.016666666666666666,0.48283074559891703,0.0,0.23945783132530118,0.6222222222222222,0.2776,0.7863,0.2414,0.06,0.3733,0.91,social
USR_001447,churned,170,45+,tier3,0,1,0,4,False,False,True,9,0.018,0.13,1.0,0.0,mid_morning,0.0,0.05,0.9444444444444444,0.2513993641243726,0.0,0.012048192771084335,0.0888888888888889,0.1454,0.8974,0.1257,0.02,0.4533,0.12,achievement
USR_001448,paid,35,35-44,tier3,15,4,25,167,False,False,True,20,0.364,0.63,3.183697823828332,4.700439718141093,evening,0.6521739130434783,0.2,0.19444444444444445,0.8003796084745914,0.9163931299194921,0.5331325301204819,0.6444444444444445,0.638,0.4019,0.8584,0.08,0.7867,0.12,gamification
USR_001449,trial,4,35-44,tier1,5,3,0,15,True,True,True,21,0.473,0.69,1.7227062322935722,0.0,night,0.21739130434782608,0.15,0.022222222222222223,0.43308725137169773,0.0,0.6972891566265059,0.711111111111111,0.3222,0.5745,0.2165,0.66,0.8267,1.0,social
USR_001450,paid,58,45+,tier1,13,6,3,209,True,True,False,8,0.52,0.72,3.322344707681546,2.0,early_morning,0.5652173913043478,0.3,0.32222222222222224,0.8352353469131152,0.3899180437875726,0.7680722891566265,0.7444444444444445,0.7006,0.313,0.6126,0.72,0.4467,1.0,social
USR_001451,trial,7,25-34,tier3,4,8,1,88,False,True,False,12,0.425,0.69,2.7889465850494126,1.0,afternoon,0.17391304347826086,0.4,0.03888888888888889,0.7011393980582628,0.1949590218937863,0.6249999999999999,0.711111111111111,0.5962,0.4697,0.448,0.16,0.4267,0.82,social
USR_001452,trial,7,35-44,tier3,5,4,1,60,False,True,False,16,0.264,0.75,2.554229543378943,1.0,late_afternoon,0.21739130434782608,0.2,0.03888888888888889,0.6421316830331528,0.1949590218937863,0.3825301204819277,0.7777777777777778,0.3785,0.5988,0.4185,0.08,0.4667,0.82,social
USR_001453,paid,72,18-24,tier3,19,11,27,186,True,True,True,22,0.335,0.69,3.2502705301275663,4.807354922057604,night,0.8260869565217391,0.55,0.4,0.8171159445062576,0.9372372135006297,0.4894578313253012,0.711111111111111,0.9386,0.2853,0.8772,0.82,0.8267,0.82,gamification
USR_001454,paid,13,35-44,tier1,6,12,23,331,False,False,True,5,0.373,0.73,3.6069331560214404,4.584962500721157,night,0.2608695652173913,0.6,0.07222222222222222,0.9067807018629065,0.8938798045602853,0.5466867469879517,0.7555555555555555,0.8312,0.3366,0.9003,0.24,0.8533,0.3,gamification
USR_001455,trial,3,35-44,tier2,4,3,6,15,True,True,True,17,0.248,0.49,1.7227062322935722,2.807354922057604,late_afternoon,0.17391304347826086,0.15,0.016666666666666666,0.43308725137169773,0.5473191697130572,0.358433734939759,0.48888888888888893,0.2994,0.7906,0.4902,0.66,0.6933,0.91,social
USR_001456,trial,5,35-44,tier1,4,7,4,56,False,False,False,18,0.216,0.36,2.512088994921136,2.321928094887362,evening,0.17391304347826086,0.35,0.027777777777777776,0.6315375759470078,0.4526808302869428,0.31024096385542166,0.3444444444444445,0.5354,0.6744,0.5421,0.14,0.2067,0.3,gamification
USR_001457,paid,120,35-44,tier1,6,13,11,302,True,True,True,11,0.471,0.49,3.550141798802271,3.5849625007211565,mid_morning,0.2608695652173913,0.65,0.6666666666666666,0.8925033907702472,0.6989207826664989,0.6942771084337348,0.48888888888888893,0.8632,0.3298,0.7957,0.86,0.6933,1.0,social
USR_001458,trial,4,45+,tier2,3,8,0,40,False,True,False,14,0.377,0.71,2.3073720570481235,0.0,afternoon,0.13043478260869565,0.4,0.022222222222222223,0.5800718679402438,0.0,0.552710843373494,0.7333333333333333,0.5704,0.4903,0.29,0.16,0.44,0.91,social
USR_001459,trial,3,18-24,tier2,4,6,4,36,True,True,True,21,0.236,0.54,2.2435894449529292,2.321928094887362,night,0.17391304347826086,0.3,0.016666666666666666,0.5640369598173204,0.4526808302869428,0.3403614457831325,0.5444444444444445,0.4735,0.6934,0.5084,0.72,0.7267,0.91,social
USR_001460,paid,109,35-44,tier2,6,5,12,261,True,True,True,13,0.533,0.5,3.4598069678497754,3.700439718141092,afternoon,0.2608695652173913,0.25,0.6055555555555555,0.8697932717105071,0.7214341080257056,0.7876506024096386,0.5000000000000001,0.4646,0.4538,0.7956,0.7,0.7,0.91,social
USR_001461,trial,6,25-34,tier2,5,2,6,28,False,True,True,19,0.182,0.75,2.0922185341675,2.807354922057604,evening,0.21739130434782608,0.1,0.03333333333333333,0.5259824090989363,0.5473191697130572,0.2590361445783132,0.7777777777777778,0.2705,0.6734,0.5367,0.04,0.8667,0.91,social
USR_001462,paid,42,25-34,tier3,9,5,4,184,True,True,True,13,0.264,0.57,3.2435894449529292,2.321928094887362,afternoon,0.391304347826087,0.25,0.23333333333333334,0.815436323941693,0.4526808302869428,0.3825301204819277,0.5777777777777777,0.5442,0.4789,0.6341,0.7,0.7467,0.82,social
USR_001463,trial,1,35-44,tier1,4,6,0,42,False,False,False,8,0.373,0.71,2.336965027750064,0.0,early_morning,0.17391304347826086,0.3,0.005555555555555556,0.5875115219572629,0.0,0.5466867469879517,0.7333333333333333,0.4735,0.5829,0.2938,0.12,0.44,0.3,achievement
USR_001464,paid,27,25-34,tier3,19,11,9,216,True,True,True,17,0.346,0.87,3.3427181700994906,3.3219280948873626,late_afternoon,0.8260869565217391,0.55,0.15,0.8403572224099982,0.6476398521807292,0.5060240963855421,0.9111111111111111,0.9386,0.2338,0.744,0.82,0.9467,0.82,achievement
USR_001465,trial,6,25-34,tier2,7,5,4,30,False,False,True,23,0.343,0.88,2.133656214977323,2.321928094887362,night,0.30434782608695654,0.25,0.03333333333333333,0.5363998157053146,0.4526808302869428,0.5015060240963856,0.9222222222222223,0.4911,0.4803,0.4945,0.1,0.9533,0.21,achievement
USR_001466,paid,51,25-34,tier1,11,11,10,364,True,True,True,19,0.392,0.66,3.6658123360966046,3.4594316186372978,evening,0.4782608695652174,0.55,0.2833333333333333,0.9215828902939671,0.6744474046779656,0.575301204819277,0.6777777777777778,0.8673,0.3037,0.798,0.82,0.8067,1.0,social
USR_001467,trial,7,35-44,tier2,3,7,0,56,False,True,False,7,0.259,0.62,2.512088994921136,0.0,early_morning,0.13043478260869565,0.35,0.03888888888888889,0.6315375759470078,0.0,0.375,0.6333333333333333,0.5089,0.586,0.3158,0.14,0.38,0.91,social
USR_001468,inactive,61,25-34,tier2,0,0,0,50,False,False,False,17,0.031,0.09,2.4429806222085735,0.0,late_afternoon,0.0,0.0,0.3388888888888889,0.6141637749913994,0.0,0.03162650602409638,0.04444444444444444,0.1172,0.9168,0.3071,0.0,0.0267,0.21,gamification
USR_001469,churned,106,25-34,tier1,1,1,0,15,False,False,True,22,0.109,0.31,1.7227062322935722,0.0,night,0.043478260869565216,0.05,0.5888888888888889,0.43308725137169773,0.0,0.14909638554216867,0.2888888888888889,0.1591,0.8107,0.2165,0.02,0.5733,0.3,achievement
USR_001470,inactive,36,18-24,tier2,1,0,0,16,False,False,False,12,0.038,0.21,1.7603744277225881,0.0,afternoon,0.043478260869565216,0.0,0.2,0.4425570117502649,0.0,0.04216867469879517,0.17777777777777776,0.1287,0.8741,0.2213,0.0,0.1067,0.21,gamification
USR_001471,inactive,20,35-44,tier3,1,0,0,47,False,False,True,8,0.012,0.06,2.405312426779558,0.0,early_morning,0.043478260869565216,0.0,0.1111111111111111,0.6046940146128323,0.0,0.003012048192771084,0.011111111111111106,0.1287,0.9269,0.3023,0.0,0.4067,0.12,achievement
USR_001472,churned,81,25-34,tier1,1,0,0,26,True,False,False,20,0.099,0.33,2.047818583457956,0.0,evening,0.043478260869565216,0.0,0.45,0.5148202897234035,0.0,0.13403614457831325,0.31111111111111117,0.1287,0.8198,0.2574,0.6,0.1867,0.3,learning
USR_001473,inactive,76,45+,tier1,1,0,0,8,False,False,False,11,0.036,0.06,1.3652123889719707,0.0,mid_morning,0.043478260869565216,0.0,0.4222222222222222,0.34321352648226905,0.0,0.03915662650602409,0.011111111111111106,0.1287,0.9197,0.1716,0.0,0.0067,0.3,social
USR_001474,paid,53,18-24,tier2,5,13,10,271,True,True,True,20,0.532,0.58,3.4830806600161606,3.4594316186372978,evening,0.21739130434782608,0.65,0.29444444444444445,0.8756442631219628,0.6744474046779656,0.786144578313253,0.5888888888888889,0.8501,0.2937,0.775,0.86,0.7533,0.91,social
USR_001475,inactive,28,35-44,tier3,0,0,0,22,False,False,False,7,0.014,0.11,1.9481920934663797,0.0,early_morning,0.0,0.0,0.15555555555555556,0.4897742534895781,0.0,0.006024096385542168,0.06666666666666667,0.1172,0.9159,0.2449,0.0,0.04,0.12,gamification
USR_001476,trial,3,35-44,tier1,6,4,3,32,False,False,False,18,0.278,0.51,2.1725022968909635,2.0,evening,0.2608695652173913,0.2,0.016666666666666666,0.5461656959971272,0.3899180437875726,0.4036144578313253,0.5111111111111112,0.4038,0.7225,0.468,0.08,0.3067,0.3,gamification
USR_001477,churned,41,25-34,tier1,2,1,0,31,False,True,False,6,0.026,0.23,2.1533827903669653,0.0,early_morning,0.08695652173913043,0.05,0.22777777777777777,0.5413590642146222,0.0,0.024096385542168672,0.2,0.1738,0.8537,0.2707,0.02,0.12,1.0,social
USR_001478,paid,97,25-34,tier1,7,15,10,474,True,False,True,16,0.329,0.57,3.8294828004351507,3.4594316186372978,late_afternoon,0.30434782608695654,0.75,0.5388888888888889,0.9627295409546185,0.6744474046779656,0.48042168674698793,0.5777777777777777,0.9201,0.326,0.8186,0.9,0.7467,0.3,learning
USR_001479,churned,129,35-44,tier2,1,0,0,48,False,False,False,18,0.053,0.1,2.418123910244335,0.0,evening,0.043478260869565216,0.0,0.7166666666666667,0.6079148134093673,0.0,0.0647590361445783,0.055555555555555566,0.1287,0.9026,0.304,0.0,0.0333,0.21,gamification
USR_001480,trial,7,25-34,tier1,4,5,4,50,False,False,True,14,0.302,0.51,2.4429806222085735,2.321928094887362,afternoon,0.17391304347826086,0.25,0.03888888888888889,0.6141637749913994,0.4526808302869428,0.4397590361445783,0.5111111111111112,0.4124,0.6506,0.5334,0.1,0.7067,0.3,achievement
USR_001481,paid,42,18-24,tier3,8,10,11,237,True,True,True,19,0.343,0.64,3.4001129409181488,3.5849625007211565,evening,0.34782608695652173,0.5,0.23333333333333334,0.854786231297873,0.6989207826664989,0.5015060240963856,0.6555555555555556,0.7876,0.351,0.7769,0.8,0.7933,0.82,social
USR_001482,churned,135,18-24,tier2,2,0,0,34,False,False,False,17,0.064,0.39,2.2090619551221677,0.0,late_afternoon,0.08695652173913043,0.0,0.75,0.5553567708290562,0.0,0.08132530120481928,0.3777777777777778,0.141,0.8074,0.2777,0.0,0.2267,0.21,gamification
USR_001483,churned,119,35-44,tier3,2,0,0,50,False,False,False,15,0.104,0.22,2.4429806222085735,0.0,late_afternoon,0.08695652173913043,0.0,0.6611111111111111,0.6141637749913994,0.0,0.14156626506024095,0.18888888888888888,0.141,0.8464,0.3071,0.0,0.1133,0.12,gamification
USR_001484,trial,1,25-34,tier3,7,8,5,48,False,True,True,18,0.36,0.69,2.418123910244335,2.584962500721156,evening,0.30434782608695654,0.4,0.005555555555555556,0.6079148134093673,0.5039617607727125,0.5271084337349397,0.711111111111111,0.6701,0.5004,0.5559,0.16,0.8267,0.82,achievement
USR_001485,trial,7,25-34,tier2,9,9,2,72,True,True,False,6,0.432,0.55,2.665812336096604,1.5849625007211563,early_morning,0.391304347826087,0.45,0.03888888888888889,0.6701835261695945,0.3090027388789262,0.6355421686746987,0.5555555555555556,0.763,0.4402,0.4896,0.78,0.3333,0.91,social
USR_001486,churned,160,25-34,tier3,0,0,0,35,False,False,False,19,0.115,0.23,2.226565505118757,0.0,evening,0.0,0.0,0.8888888888888888,0.5597571521681179,0.0,0.15813253012048192,0.2,0.1172,0.8496,0.2799,0.0,0.12,0.12,gamification
USR_001487,inactive,66,18-24,tier1,1,0,0,21,False,True,False,18,0.043,0.12,1.9205726604783713,0.0,evening,0.043478260869565216,0.0,0.36666666666666664,0.48283074559891703,0.0,0.04969879518072288,0.07777777777777778,0.1287,0.8996,0.2414,0.0,0.0467,1.0,social
USR_001488,trial,0,35-44,tier2,6,7,3,84,False,True,False,16,0.397,0.47,2.760374427722588,2.0,late_afternoon,0.2608695652173913,0.35,0.0,0.6939563758746375,0.3899180437875726,0.5828313253012049,0.4666666666666667,0.5876,0.6058,0.5419,0.14,0.28,0.91,social
USR_001489,inactive,55,18-24,tier3,1,0,0,27,False,False,False,15,0.071,0.19,2.0704150712689535,0.0,late_afternoon,0.043478260869565216,0.0,0.3055555555555556,0.5205010323905325,0.0,0.09186746987951805,0.15555555555555559,0.1287,0.8702,0.2603,0.0,0.0933,0.12,gamification
USR_001490,churned,132,35-44,tier2,1,0,0,43,False,False,False,7,0.111,0.15,2.3512492185517644,0.0,early_morning,0.043478260869565216,0.0,0.7333333333333333,0.5911025584418415,0.0,0.15210843373493976,0.11111111111111112,0.1287,0.8702,0.2956,0.0,0.0667,0.21,gamification
USR_001491,inactive,88,18-24,tier1,1,0,0,9,False,False,False,13,0.017,0.2,1.4306765580733933,0.0,afternoon,0.043478260869565216,0.0,0.4888888888888889,0.35967117696729706,0.0,0.010542168674698796,0.1666666666666667,0.1287,0.8834,0.1798,0.0,0.1,0.3,social
USR_001492,paid,34,18-24,tier3,18,7,5,354,False,True,True,16,0.394,0.83,3.6485519224500402,2.584962500721156,late_afternoon,0.782608695652174,0.35,0.18888888888888888,0.9172436332786973,0.5039617607727125,0.5783132530120482,0.8666666666666667,0.8361,0.2685,0.7106,0.14,0.92,0.82,achievement
USR_001493,trial,3,18-24,tier3,12,2,5,28,True,False,True,9,0.288,0.88,2.0922185341675,2.584962500721156,mid_morning,0.5217391304347826,0.1,0.016666666666666666,0.5259824090989363,0.5039617607727125,0.41867469879518066,0.9222222222222223,0.4383,0.5691,0.515,0.64,0.9533,0.12,achievement
USR_001494,paid,56,25-34,tier1,13,4,11,181,True,True,False,17,0.605,0.71,3.233431154362643,3.5849625007211565,late_afternoon,0.5652173913043478,0.2,0.3111111111111111,0.8128825361467045,0.6989207826664989,0.8960843373493975,0.7333333333333333,0.5876,0.3334,0.7559,0.68,0.44,1.0,social
USR_001495,paid,92,25-34,tier3,16,15,21,553,True,True,True,19,0.343,0.85,3.9250751072424146,4.459431618637297,evening,0.6956521739130435,0.75,0.5111111111111111,0.9867613861011465,0.8694064265717518,0.5015060240963856,0.888888888888889,0.9677,0.2295,0.9281,0.9,0.9333,0.82,achievement
USR_001496,inactive,48,18-24,tier2,1,0,0,16,False,False,False,10,0.036,0.21,1.7603744277225881,0.0,mid_morning,0.043478260869565216,0.0,0.26666666666666666,0.4425570117502649,0.0,0.03915662650602409,0.17777777777777776,0.1287,0.8747,0.2213,0.0,0.1067,0.21,gamification
USR_001497,inactive,32,25-34,tier3,1,0,0,9,False,False,False,7,0.047,0.05,1.4306765580733933,0.0,early_morning,0.043478260869565216,0.0,0.17777777777777778,0.35967117696729706,0.0,0.05572289156626505,0.0,0.1287,0.9194,0.1798,0.0,0.0,0.12,gamification
USR_001498,paid,14,18-24,tier2,9,12,20,336,False,False,True,13,0.336,0.73,3.6162208466619985,4.392317422778761,afternoon,0.391304347826087,0.6,0.07777777777777778,0.9091156213841266,0.8563219085919834,0.49096385542168675,0.7555555555555555,0.8713,0.3317,0.8827,0.24,0.8533,0.21,gamification
USR_001499,paid,114,25-34,tier3,9,11,23,334,False,True,True,18,0.543,0.51,3.612522413512569,4.584962500721157,evening,0.391304347826087,0.55,0.6333333333333333,0.9081858376421036,0.8938798045602853,0.802710843373494,0.5111111111111112,0.8409,0.313,0.901,0.22,0.7067,0.82,gamification
USR_001500,paid,8,18-24,tier2,13,14,6,332,False,True,True,18,0.427,0.77,3.6088018339249,2.807354922057604,evening,0.5652173913043478,0.7,0.044444444444444446,0.9072504862995895,0.5473191697130572,0.628012048192771,0.8,0.9445,0.2631,0.7273,0.28,0.88,0.91,social
