user_id,lifecycle_stage,days_since_signup,age_band,region,sessions_last_7d,exercises_completed_7d,streak_current,coins_balance,feature_ai_tutor_used,feature_leaderboard_viewed,feature_progress_checked,preferred_hour,notif_open_rate_30d,motivation_score
USR_000001,paid,36,18-24,tier2,8,6,26,285,True,True,True,15,0.495,0.75
USR_000002,paid,119,25-34,tier2,5,16,22,453,True,False,True,7,0.304,0.65
USR_000003,churned,126,25-34,tier2,0,0,0,5,False,False,True,18,0.111,0.37
USR_000004,inactive,72,35-44,tier2,1,0,0,46,False,False,False,16,0.019,0.1
USR_000005,trial,3,25-34,tier2,9,9,5,90,True,True,True,9,0.435,0.51
USR_000006,trial,7,25-34,tier3,4,3,5,21,False,True,True,14,0.495,0.67
USR_000007,paid,22,18-24,tier1,7,6,22,139,True,True,True,15,0.483,0.77
USR_000008,churned,117,25-34,tier2,0,0,0,40,False,False,False,9,0.129,0.39
USR_000009,trial,2,25-34,tier2,6,3,7,27,False,False,True,8,0.315,0.86
USR_000010,trial,1,18-24,tier2,4,6,0,84,False,True,True,19,0.268,0.78
USR_000011,paid,101,18-24,tier2,17,16,15,360,True,True,True,15,0.318,0.8
USR_000012,paid,98,25-34,tier1,13,6,26,262,True,True,True,9,0.349,0.84
USR_000013,churned,54,35-44,tier1,1,0,0,6,True,False,False,6,0.102,0.31
USR_000014,trial,6,18-24,tier2,5,6,7,30,False,False,True,20,0.301,0.44
USR_000015,inactive,35,35-44,tier3,0,0,0,18,False,True,False,20,0.069,0.25
USR_000016,paid,79,45+,tier3,12,9,6,403,True,False,True,8,0.267,0.51
USR_000017,inactive,79,25-34,tier1,0,0,0,39,False,False,False,11,0.052,0.21
USR_000018,trial,5,25-34,tier2,11,3,5,18,False,False,True,13,0.38,0.52
USR_000019,trial,1,25-34,tier2,3,3,1,27,False,False,True,8,0.489,0.87
USR_000020,paid,9,45+,tier2,13,10,25,293,False,True,False,16,0.295,0.49
USR_000021,churned,97,18-24,tier2,1,0,0,16,False,False,True,16,0.029,0.12
USR_000022,trial,0,25-34,tier3,4,9,4,90,True,True,False,15,0.16,0.47
USR_000023,inactive,59,35-44,tier3,0,0,0,10,False,False,False,7,0.078,0.22
USR_000024,inactive,17,35-44,tier3,0,0,0,24,False,False,False,7,0.057,0.14
USR_000025,inactive,72,35-44,tier1,0,0,0,22,False,False,False,6,0.06,0.09
USR_000026,paid,76,25-34,tier3,9,4,26,241,True,False,True,17,0.379,0.62
USR_000027,paid,81,25-34,tier2,8,4,15,159,False,True,True,19,0.352,0.73
USR_000028,inactive,29,35-44,tier2,1,0,0,43,False,False,False,13,0.074,0.14
USR_000029,churned,133,18-24,tier2,1,0,0,30,False,False,False,18,0.04,0.23
USR_000030,churned,51,45+,tier3,0,1,0,2,False,False,False,17,0.03,0.11
USR_000031,trial,1,25-34,tier3,7,9,4,54,False,True,True,18,0.483,0.76
USR_000032,churned,162,18-24,tier3,1,1,0,48,False,False,False,19,0.048,0.14
USR_000033,inactive,78,25-34,tier3,0,0,0,49,False,False,False,20,0.026,0.09
USR_000034,paid,17,25-34,tier2,16,7,12,315,True,True,True,8,0.39,0.9
USR_000035,trial,6,25-34,tier1,6,7,6,77,False,False,False,22,0.224,0.39
USR_000036,inactive,83,45+,tier2,1,0,0,29,False,False,False,16,0.058,0.11
USR_000037,inactive,64,45+,tier2,1,0,0,21,False,False,False,8,0.04,0.14
USR_000038,churned,137,25-34,tier3,0,0,0,48,False,False,False,19,0.09,0.26
USR_000039,trial,2,18-24,tier3,5,6,0,36,False,True,True,19,0.537,0.87
USR_000040,churned,178,18-24,tier2,0,0,0,6,False,False,True,20,0.095,0.39
USR_000041,churned,60,18-24,tier2,2,1,0,31,False,True,False,8,0.064,0.26
USR_000042,trial,7,45+,tier2,8,4,4,56,True,False,True,11,0.33,0.79
USR_000043,trial,1,35-44,tier3,4,5,4,50,False,True,True,10,0.318,0.62
USR_000044,churned,100,18-24,tier3,1,1,0,28,False,False,False,18,0.09,0.17
USR_000045,churned,92,18-24,tier1,0,1,0,16,False,False,False,20,0.047,0.26
USR_000046,trial,2,25-34,tier2,4,8,2,80,False,False,False,20,0.266,0.69
USR_000047,trial,4,18-24,tier2,3,2,2,24,False,False,True,8,0.288,0.87
USR_000048,paid,118,18-24,tier1,12,16,14,352,False,True,True,19,0.347,0.53
USR_000049,paid,87,25-34,tier2,8,11,15,246,False,False,True,18,0.485,0.7
USR_000050,paid,38,18-24,tier1,7,5,3,188,True,True,True,20,0.516,0.7
USR_000051,churned,180,35-44,tier3,1,1,0,19,False,False,False,6,0.035,0.24
USR_000052,paid,64,35-44,tier3,6,12,19,354,True,True,True,5,0.455,0.83
USR_000053,trial,0,18-24,tier2,13,8,2,112,False,False,False,23,0.195,0.42
USR_000054,paid,68,35-44,tier3,9,7,18,243,True,True,True,20,0.583,0.8
USR_000055,trial,6,18-24,tier1,11,8,0,96,False,True,True,20,0.359,0.83
USR_000056,churned,103,18-24,tier2,1,1,0,5,False,False,True,19,0.086,0.39
USR_000057,trial,1,35-44,tier1,7,2,5,14,False,False,True,14,0.282,0.47
USR_000058,paid,120,35-44,tier2,6,4,22,188,True,True,True,5,0.563,0.84
USR_000059,paid,105,25-34,tier2,13,10,12,397,False,True,True,19,0.276,0.58
USR_000060,paid,27,25-34,tier3,12,4,16,210,False,True,True,17,0.45,0.77
USR_000061,inactive,47,45+,tier1,0,0,0,48,False,False,False,8,0.062,0.21
USR_000062,paid,38,25-34,tier2,15,17,31,380,True,True,True,20,0.461,0.84
USR_000063,trial,5,35-44,tier2,6,3,2,36,True,True,False,12,0.398,0.7
USR_000064,inactive,46,18-24,tier2,1,0,0,19,False,False,False,23,0.079,0.17
USR_000065,paid,116,25-34,tier2,10,18,27,516,True,True,True,19,0.264,0.55
USR_000066,trial,0,35-44,tier3,10,7,5,63,False,True,False,7,0.241,0.77
USR_000067,churned,65,25-34,tier2,1,1,0,47,False,False,False,7,0.048,0.19
USR_000068,paid,120,18-24,tier3,21,12,30,319,True,True,True,21,0.579,0.87
USR_000069,paid,36,18-24,tier3,19,15,32,504,True,True,True,9,0.519,0.94
USR_000070,churned,125,25-34,tier2,0,0,0,44,False,False,False,7,0.117,0.37
USR_000071,trial,0,25-34,tier1,5,5,0,55,True,True,False,19,0.512,0.8
USR_000072,paid,91,25-34,tier3,6,10,14,274,True,True,True,22,0.637,0.93
USR_000073,paid,58,45+,tier2,8,15,25,412,True,True,True,20,0.31,0.78
USR_000074,inactive,84,35-44,tier1,0,0,0,8,False,False,True,19,0.018,0.11
USR_000075,paid,118,35-44,tier1,4,3,20,207,True,True,True,18,0.413,0.52
USR_000076,paid,65,25-34,tier2,13,18,4,602,False,True,True,22,0.325,0.85
USR_000077,paid,64,18-24,tier3,6,5,21,261,True,True,True,16,0.558,0.53
USR_000078,paid,22,25-34,tier3,17,13,23,373,True,True,True,14,0.46,0.82
USR_000079,trial,2,18-24,tier2,10,6,0,78,False,False,True,12,0.162,0.44
USR_000080,paid,119,25-34,tier2,15,15,27,482,False,True,True,17,0.374,0.82
USR_000081,churned,59,25-34,tier2,2,1,0,42,False,False,False,18,0.021,0.35
USR_000082,churned,109,18-24,tier1,2,0,0,33,False,True,False,23,0.025,0.14
USR_000083,trial,5,25-34,tier2,6,4,6,48,False,True,False,7,0.195,0.7
USR_000084,churned,99,25-34,tier2,0,1,0,38,False,False,False,13,0.038,0.13
USR_000085,trial,2,18-24,tier3,10,4,0,60,False,True,True,15,0.346,0.65
USR_000086,churned,40,18-24,tier3,1,1,0,20,False,False,False,16,0.059,0.19
USR_000087,trial,5,45+,tier2,3,7,1,49,False,True,True,8,0.268,0.62
USR_000088,trial,3,25-34,tier2,11,5,5,75,False,True,True,9,0.392,0.81
USR_000089,trial,7,45+,tier2,8,7,2,49,False,False,True,17,0.393,0.77
USR_000090,paid,109,25-34,tier2,9,5,17,239,True,True,True,7,0.552,0.64
USR_000091,paid,102,25-34,tier3,18,10,24,271,True,True,True,7,0.33,0.79
USR_000092,paid,64,18-24,tier1,20,11,20,286,False,True,True,20,0.291,0.66
USR_000093,trial,4,25-34,tier2,9,7,6,105,True,False,True,14,0.53,0.84
USR_000094,paid,47,25-34,tier3,13,13,11,479,False,False,False,21,0.288,0.56
USR_000095,paid,35,25-34,tier1,9,13,7,279,True,True,True,16,0.511,0.9
USR_000096,inactive,33,25-34,tier2,0,0,0,28,False,False,False,18,0.027,0.25
USR_000097,paid,37,35-44,tier3,11,7,22,280,False,True,False,21,0.421,0.64
USR_000098,paid,33,25-34,tier1,16,5,9,166,False,True,True,20,0.581,0.75
USR_000099,churned,67,18-24,tier3,2,0,0,24,False,False,False,17,0.062,0.35
USR_000100,inactive,26,25-34,tier1,1,0,0,28,False,False,False,8,0.055,0.08
USR_000101,paid,35,35-44,tier1,14,9,19,282,True,True,True,5,0.405,0.63
USR_000102,trial,0,35-44,tier2,8,6,4,78,True,True,False,7,0.355,0.52
USR_000103,inactive,78,18-24,tier2,1,0,0,4,False,False,False,21,0.036,0.27
USR_000104,trial,5,25-34,tier2,4,5,2,35,False,False,False,16,0.232,0.72
USR_000105,trial,4,35-44,tier2,4,7,5,105,False,True,False,14,0.164,0.53
USR_000106,trial,5,25-34,tier3,5,8,3,80,False,False,True,9,0.379,0.6
USR_000107,inactive,68,25-34,tier3,0,0,0,27,False,False,False,13,0.052,0.19
USR_000108,trial,5,25-34,tier2,8,5,4,35,True,False,True,16,0.442,0.8
USR_000109,inactive,70,18-24,tier2,0,0,0,23,False,False,False,20,0.075,0.14
USR_000110,paid,54,18-24,tier1,11,13,10,398,False,True,True,19,0.338,0.55
USR_000111,trial,7,25-34,tier2,5,3,0,45,False,False,False,22,0.443,0.49
USR_000112,trial,4,18-24,tier2,12,8,7,96,False,False,True,14,0.217,0.72
USR_000113,trial,2,25-34,tier2,8,2,2,20,False,True,False,20,0.213,0.9
USR_000114,paid,52,25-34,tier2,7,16,18,351,False,True,True,20,0.577,0.76
USR_000115,trial,5,18-24,tier3,12,6,2,36,True,False,True,20,0.322,0.44
USR_000116,paid,27,18-24,tier3,8,14,30,355,False,True,True,11,0.583,0.65
USR_000117,churned,157,25-34,tier2,2,1,0,10,False,False,False,16,0.089,0.19
USR_000118,paid,85,25-34,tier1,6,15,11,424,True,True,True,16,0.35,0.9
USR_000119,trial,0,25-34,tier1,5,4,4,28,False,True,True,17,0.244,0.5
USR_000120,paid,47,25-34,tier2,13,5,14,248,True,True,True,12,0.483,0.71
USR_000121,paid,120,35-44,tier2,8,8,13,382,True,True,True,8,0.364,0.49
USR_000122,trial,1,45+,tier2,3,2,2,10,False,True,True,14,0.319,0.8
USR_000123,trial,7,18-24,tier2,8,3,7,42,False,True,True,19,0.396,0.47
USR_000124,trial,4,35-44,tier2,6,2,2,28,False,True,False,19,0.325,0.43
USR_000125,paid,107,45+,tier3,11,6,3,160,True,True,True,9,0.529,0.61
USR_000126,paid,64,25-34,tier1,9,5,20,252,False,False,True,19,0.293,0.65
USR_000127,trial,6,18-24,tier2,6,3,7,42,False,False,False,20,0.373,0.57
USR_000128,paid,46,45+,tier2,7,15,9,393,True,True,True,8,0.549,0.56
USR_000129,trial,6,25-34,tier2,10,10,5,120,True,False,True,15,0.234,0.55
USR_000130,trial,4,35-44,tier2,4,6,3,72,False,False,False,5,0.272,0.49
USR_000131,trial,2,35-44,tier1,5,8,5,48,True,False,True,17,0.435,0.55
USR_000132,churned,39,18-24,tier3,3,0,0,18,False,False,False,18,0.112,0.15
USR_000133,inactive,27,18-24,tier2,2,0,0,7,False,False,False,18,0.029,0.21
USR_000134,trial,2,25-34,tier2,3,4,2,40,True,False,False,15,0.318,0.74
USR_000135,trial,2,25-34,tier1,6,9,0,81,False,True,True,17,0.333,0.56
USR_000136,churned,60,25-34,tier1,1,0,0,23,False,False,False,18,0.13,0.36
USR_000137,paid,27,18-24,tier1,12,18,13,400,False,True,True,22,0.57,0.82
USR_000138,paid,80,25-34,tier1,6,14,26,423,True,True,False,15,0.47,0.56
USR_000139,inactive,30,25-34,tier1,0,0,0,37,False,False,False,20,0.061,0.16
USR_000140,trial,0,25-34,tier3,11,2,6,22,False,False,False,23,0.327,0.42
USR_000141,paid,56,35-44,tier2,10,12,19,254,True,True,True,15,0.458,0.7
USR_000142,churned,169,45+,tier2,1,0,0,42,False,False,False,16,0.02,0.21
USR_000143,paid,10,35-44,tier3,7,4,17,128,True,False,True,5,0.411,0.63
USR_000144,trial,5,45+,tier1,6,6,4,78,False,False,False,9,0.221,0.42
USR_000145,inactive,68,35-44,tier3,1,0,0,11,False,False,False,13,0.03,0.19
USR_000146,churned,106,25-34,tier3,2,0,0,21,False,False,False,15,0.041,0.12
USR_000147,paid,19,35-44,tier3,11,14,3,396,True,True,True,18,0.452,0.6
USR_000148,trial,0,35-44,tier2,4,3,4,24,False,False,False,17,0.306,0.73
USR_000149,paid,76,35-44,tier2,13,7,12,256,True,True,True,18,0.419,0.85
USR_000150,trial,2,18-24,tier3,3,7,4,91,True,True,True,19,0.259,0.76
USR_000151,churned,155,25-34,tier2,3,1,0,34,False,False,False,16,0.11,0.15
USR_000152,inactive,23,45+,tier2,1,0,0,23,False,False,False,5,0.044,0.14
USR_000153,trial,7,25-34,tier3,8,2,3,30,True,False,True,12,0.321,0.61
USR_000154,paid,20,45+,tier1,10,5,15,192,True,False,True,19,0.388,0.5
USR_000155,trial,0,35-44,tier1,3,4,3,56,True,True,False,13,0.355,0.37
USR_000156,inactive,19,45+,tier3,0,0,0,42,False,False,False,8,0.047,0.16
USR_000157,trial,3,35-44,tier2,7,7,4,91,True,True,True,19,0.278,0.57
USR_000158,trial,1,35-44,tier1,6,8,0,80,False,True,False,20,0.274,0.53
USR_000159,trial,7,18-24,tier3,5,7,2,42,False,True,False,16,0.223,0.49
USR_000160,trial,2,18-24,tier3,10,4,0,48,False,True,True,12,0.194,0.4
USR_000161,paid,19,25-34,tier1,9,5,18,281,True,True,True,7,0.555,0.61
USR_000162,paid,42,25-34,tier1,9,10,4,350,True,True,True,11,0.355,0.66
USR_000163,paid,58,18-24,tier1,10,13,25,361,True,False,True,7,0.317,0.65
USR_000164,paid,48,18-24,tier2,10,15,18,429,True,True,True,17,0.328,0.76
USR_000165,trial,7,35-44,tier1,9,3,4,27,True,False,False,17,0.215,0.7
USR_000166,trial,6,25-34,tier3,3,9,3,90,False,False,False,17,0.41,0.6
USR_000167,churned,51,35-44,tier2,0,0,0,21,False,False,False,17,0.114,0.14
USR_000168,inactive,47,25-34,tier1,0,0,0,9,False,False,False,18,0.06,0.21
USR_000169,trial,6,18-24,tier1,11,2,6,12,True,True,False,19,0.296,0.77
USR_000170,paid,46,25-34,tier2,5,14,3,344,True,True,False,19,0.441,0.65
USR_000171,paid,59,45+,tier1,11,5,16,182,False,False,True,10,0.259,0.55
USR_000172,trial,1,25-34,tier3,10,6,2,66,True,False,True,22,0.244,0.5
USR_000173,paid,116,25-34,tier2,12,6,22,174,False,True,True,13,0.391,0.86
USR_000174,paid,84,18-24,tier2,8,10,9,237,True,True,True,19,0.466,0.79
USR_000175,trial,5,25-34,tier1,10,5,1,60,False,False,True,16,0.376,0.56
USR_000176,paid,105,18-24,tier1,8,4,9,170,False,True,True,18,0.435,0.63
USR_000177,churned,40,35-44,tier2,2,0,0,16,False,False,False,19,0.02,0.22
USR_000178,trial,1,35-44,tier2,9,3,5,24,False,False,False,7,0.21,0.66
USR_000179,churned,166,35-44,tier2,0,1,0,6,False,False,False,21,0.095,0.29
USR_000180,trial,0,35-44,tier2,11,8,0,96,True,False,False,18,0.414,0.79
USR_000181,trial,6,25-34,tier2,7,7,6,70,False,True,False,14,0.422,0.45
USR_000182,paid,19,35-44,tier3,14,9,18,294,True,True,True,13,0.332,0.6
USR_000183,churned,174,18-24,tier2,2,1,0,10,True,False,False,9,0.126,0.33
USR_000184,paid,33,18-24,tier3,21,18,29,333,False,False,True,17,0.298,0.64
USR_000185,paid,37,18-24,tier2,13,6,6,200,True,True,True,18,0.268,0.6
USR_000186,inactive,23,25-34,tier1,0,0,0,41,False,False,False,20,0.066,0.07
USR_000187,inactive,15,18-24,tier2,1,0,0,6,False,False,False,18,0.022,0.1
USR_000188,trial,5,18-24,tier3,12,4,1,20,True,False,False,19,0.393,0.54
USR_000189,churned,162,25-34,tier2,1,0,0,40,False,False,False,15,0.045,0.29
USR_000190,paid,54,25-34,tier3,19,5,26,250,True,True,True,22,0.556,0.76
USR_000191,trial,0,18-24,tier1,12,5,2,35,False,True,True,20,0.36,0.76
USR_000192,trial,3,18-24,tier2,13,3,2,24,False,False,False,16,0.313,0.69
USR_000193,trial,7,18-24,tier2,9,2,5,20,True,True,True,8,0.34,0.73
USR_000194,paid,29,35-44,tier3,9,13,23,431,True,False,True,13,0.468,0.75
USR_000195,paid,15,25-34,tier2,13,12,13,185,True,True,True,10,0.429,0.61
USR_000196,trial,2,25-34,tier2,4,10,0,100,False,False,True,11,0.501,0.8
USR_000197,trial,0,18-24,tier2,5,9,7,117,True,True,True,22,0.305,0.88
USR_000198,paid,108,25-34,tier2,10,13,16,309,True,True,True,21,0.556,0.77
USR_000199,trial,5,25-34,tier1,8,7,0,56,False,True,False,13,0.217,0.54
USR_000200,paid,26,45+,tier3,13,4,23,231,True,True,True,20,0.32,0.77
USR_000201,trial,0,35-44,tier1,5,8,1,72,False,False,False,18,0.238,0.45
USR_000202,trial,1,45+,tier1,3,2,2,12,False,False,True,8,0.228,0.49
USR_000203,trial,0,35-44,tier2,4,8,0,56,False,True,True,9,0.446,0.71
USR_000204,trial,3,25-34,tier2,4,2,5,30,True,False,True,9,0.264,0.46
USR_000205,paid,41,25-34,tier2,19,5,31,125,True,False,True,20,0.519,0.59
USR_000206,inactive,69,18-24,tier3,1,0,0,2,False,False,False,16,0.074,0.22
USR_000207,paid,71,25-34,tier2,11,12,4,267,True,True,True,17,0.473,0.63
USR_000208,churned,154,25-34,tier2,1,1,0,30,True,False,True,20,0.046,0.18
USR_000209,paid,28,35-44,tier3,5,11,9,382,False,True,True,7,0.589,0.78
USR_000210,inactive,44,45+,tier1,0,0,0,12,True,False,False,13,0.05,0.22
USR_000211,churned,168,35-44,tier3,0,0,0,8,False,False,True,20,0.036,0.15
USR_000212,trial,5,18-24,tier3,3,3,5,45,True,False,True,11,0.355,0.47
USR_000213,paid,25,18-24,tier2,22,16,17,443,True,True,True,19,0.607,0.79
USR_000214,churned,105,35-44,tier2,0,1,0,39,False,False,False,5,0.09,0.36
USR_000215,trial,2,25-34,tier3,5,2,2,20,False,False,False,18,0.382,0.56
USR_000216,paid,16,18-24,tier1,10,15,23,504,True,True,True,17,0.521,0.52
USR_000217,paid,81,35-44,tier3,13,12,6,326,False,True,True,20,0.269,0.48
USR_000218,trial,1,18-24,tier3,6,10,6,100,False,False,True,18,0.191,0.75
USR_000219,trial,4,18-24,tier2,10,5,0,75,False,False,True,8,0.187,0.6
USR_000220,paid,34,25-34,tier1,7,7,4,251,True,True,True,18,0.334,0.84
USR_000221,paid,13,25-34,tier1,8,9,8,407,True,True,True,7,0.372,0.59
USR_000222,trial,6,18-24,tier2,13,8,7,112,True,True,True,22,0.179,0.69
USR_000223,inactive,32,35-44,tier2,0,0,0,27,False,False,False,13,0.086,0.28
USR_000224,trial,4,35-44,tier1,5,6,4,30,False,False,False,15,0.395,0.38
USR_000225,churned,137,25-34,tier2,0,0,0,34,False,True,True,19,0.105,0.27
USR_000226,inactive,76,35-44,tier2,1,0,0,44,False,False,False,12,0.07,0.14
USR_000227,trial,5,25-34,tier3,3,8,2,96,False,False,True,20,0.195,0.54
USR_000228,churned,52,18-24,tier3,0,0,0,19,False,False,False,19,0.036,0.32
USR_000229,churned,164,25-34,tier3,2,0,0,17,False,False,False,21,0.102,0.35
USR_000230,paid,23,25-34,tier2,15,7,17,199,False,True,True,14,0.561,0.7
USR_000231,trial,3,25-34,tier1,10,6,4,42,False,True,False,19,0.154,0.51
USR_000232,paid,40,25-34,tier1,13,16,21,487,True,True,True,16,0.368,0.78
USR_000233,churned,160,25-34,tier1,2,1,0,17,False,False,False,16,0.055,0.26
USR_000234,paid,99,35-44,tier2,18,12,7,325,True,True,True,18,0.414,0.69
USR_000235,churned,96,25-34,tier3,2,0,0,40,False,False,False,19,0.094,0.27
USR_000236,churned,159,35-44,tier2,0,0,0,11,False,False,False,17,0.079,0.25
USR_000237,inactive,42,35-44,tier2,0,0,0,40,False,False,False,19,0.044,0.23
USR_000238,paid,32,45+,tier1,10,13,10,398,True,False,True,7,0.375,0.51
USR_000239,trial,7,25-34,tier3,5,9,2,54,False,True,False,17,0.189,0.43
USR_000240,trial,6,25-34,tier2,12,5,0,75,False,True,True,20,0.207,0.5
USR_000241,trial,5,25-34,tier1,5,2,3,26,True,True,False,16,0.312,0.53
USR_000242,trial,5,35-44,tier3,10,5,4,40,False,False,True,7,0.427,0.43
USR_000243,churned,123,25-34,tier1,2,1,0,1,False,False,False,7,0.03,0.28
USR_000244,trial,1,18-24,tier2,9,6,1,84,False,True,False,20,0.266,0.75
USR_000245,churned,160,25-34,tier3,2,0,0,45,False,False,False,17,0.036,0.13
USR_000246,paid,34,18-24,tier2,17,12,10,219,True,True,True,18,0.538,0.51
USR_000247,inactive,51,25-34,tier2,0,0,0,48,False,False,False,15,0.018,0.27
USR_000248,inactive,35,18-24,tier1,0,0,0,29,False,False,False,12,0.036,0.12
USR_000249,trial,6,25-34,tier3,8,8,0,112,True,False,True,15,0.376,0.75
USR_000250,churned,121,18-24,tier2,2,1,0,4,False,False,False,22,0.069,0.32
USR_000251,trial,3,18-24,tier3,12,8,2,120,False,True,False,15,0.278,0.66
USR_000252,paid,86,18-24,tier3,6,14,7,314,False,True,True,18,0.396,0.88
USR_000253,paid,112,25-34,tier2,8,10,25,283,False,True,True,16,0.5,0.7
USR_000254,paid,19,25-34,tier1,16,16,19,438,True,True,True,14,0.605,0.86
USR_000255,trial,5,35-44,tier2,8,2,5,12,False,False,False,8,0.303,0.48
USR_000256,trial,6,18-24,tier1,4,7,1,77,True,True,False,20,0.223,0.87
USR_000257,trial,1,25-34,tier2,10,5,4,70,True,True,True,7,0.529,0.88
USR_000258,paid,30,25-34,tier3,15,6,25,222,False,True,True,21,0.387,0.55
USR_000259,paid,111,18-24,tier2,8,11,25,277,True,True,True,20,0.639,0.84
USR_000260,trial,2,25-34,tier2,12,7,7,98,False,True,True,14,0.321,0.65
USR_000261,inactive,82,25-34,tier2,0,0,0,10,True,False,False,9,0.063,0.18
USR_000262,inactive,21,25-34,tier1,1,0,0,47,False,False,False,19,0.065,0.06
USR_000263,paid,109,25-34,tier2,17,8,21,194,True,True,True,13,0.52,0.92
USR_000264,trial,7,35-44,tier3,9,8,4,72,False,False,False,18,0.479,0.65
USR_000265,paid,30,45+,tier1,12,4,3,116,True,True,False,5,0.392,0.51
USR_000266,trial,4,18-24,tier1,7,6,2,66,True,True,True,11,0.354,0.79
USR_000267,paid,35,25-34,tier2,15,9,11,255,True,True,True,19,0.56,0.93
USR_000268,paid,87,35-44,tier2,8,4,25,265,False,True,True,17,0.277,0.63
USR_000269,churned,79,25-34,tier1,0,0,0,13,False,False,False,9,0.094,0.37
USR_000270,inactive,82,25-34,tier1,1,0,0,2,False,False,False,6,0.059,0.15
USR_000271,trial,1,18-24,tier3,8,4,1,60,False,True,True,20,0.327,0.59
USR_000272,churned,41,18-24,tier3,2,0,0,25,False,False,True,21,0.06,0.13
USR_000273,churned,86,18-24,tier1,0,0,0,46,False,True,False,23,0.106,0.26
USR_000274,paid,119,45+,tier1,10,4,2,188,True,False,True,16,0.559,0.62
USR_000275,paid,28,25-34,tier2,8,13,10,502,False,True,True,19,0.563,0.55
USR_000276,trial,3,25-34,tier2,10,6,2,72,False,True,False,21,0.239,0.46
USR_000277,trial,2,25-34,tier2,8,5,2,50,True,True,True,19,0.299,0.61
USR_000278,trial,7,25-34,tier3,7,8,3,64,False,True,True,20,0.405,0.45
USR_000279,trial,1,35-44,tier1,9,7,3,91,False,False,True,5,0.254,0.69
USR_000280,paid,36,35-44,tier2,17,11,24,346,True,True,True,5,0.327,0.53
USR_000281,trial,2,18-24,tier2,11,6,2,60,False,True,True,10,0.213,0.51
USR_000282,paid,13,35-44,tier3,17,7,19,297,False,False,True,15,0.331,0.66
USR_000283,paid,40,35-44,tier1,9,14,14,358,False,True,True,16,0.415,0.56
USR_000284,trial,3,18-24,tier2,5,3,4,36,False,True,True,12,0.418,0.81
USR_000285,trial,0,18-24,tier3,5,3,4,39,False,False,True,13,0.419,0.47
USR_000286,inactive,16,25-34,tier2,1,0,0,26,False,False,False,16,0.026,0.29
USR_000287,paid,31,35-44,tier3,12,10,6,201,False,True,True,12,0.33,0.73
USR_000288,paid,113,35-44,tier2,6,5,14,258,True,True,True,6,0.449,0.73
USR_000289,churned,140,35-44,tier3,1,0,0,47,False,False,False,12,0.081,0.23
USR_000290,inactive,68,35-44,tier2,0,0,0,50,False,False,False,7,0.063,0.25
USR_000291,trial,6,25-34,tier2,9,7,2,70,True,False,True,20,0.29,0.58
USR_000292,paid,34,45+,tier2,9,13,14,262,True,True,True,8,0.487,0.59
USR_000293,churned,71,25-34,tier2,0,1,0,5,False,False,True,15,0.093,0.34
USR_000294,churned,52,25-34,tier2,0,0,0,38,False,False,False,17,0.086,0.11
USR_000295,trial,7,35-44,tier1,5,3,3,21,True,True,False,15,0.245,0.69
USR_000296,churned,70,25-34,tier2,0,0,0,35,False,False,True,19,0.123,0.3
USR_000297,trial,5,35-44,tier3,5,7,1,91,False,True,True,7,0.354,0.79
USR_000298,trial,4,18-24,tier3,11,9,4,108,False,False,False,21,0.504,0.75
USR_000299,churned,153,35-44,tier3,0,0,0,0,False,False,False,20,0.08,0.36
USR_000300,churned,132,18-24,tier2,2,1,0,43,False,False,False,15,0.133,0.38
USR_000301,inactive,44,18-24,tier3,1,0,0,43,False,False,False,12,0.071,0.1
USR_000302,inactive,83,25-34,tier1,1,0,0,48,False,False,False,12,0.02,0.12
USR_000303,inactive,87,18-24,tier1,0,0,0,7,True,False,False,21,0.044,0.28
USR_000304,churned,33,25-34,tier2,2,0,0,21,False,False,False,12,0.119,0.21
USR_000305,paid,97,25-34,tier1,15,8,13,328,True,False,True,20,0.514,0.67
USR_000306,paid,102,25-34,tier1,6,14,7,380,False,False,True,19,0.541,0.69
USR_000307,paid,96,25-34,tier2,7,7,10,264,True,True,True,14,0.512,0.88
USR_000308,trial,3,18-24,tier3,9,7,4,42,True,True,True,21,0.351,0.89
USR_000309,paid,26,18-24,tier2,20,14,32,411,True,True,True,11,0.393,0.69
USR_000310,churned,131,25-34,tier2,0,0,0,46,False,False,False,9,0.019,0.21
USR_000311,trial,1,18-24,tier3,5,5,0,30,False,True,False,19,0.548,0.87
USR_000312,trial,6,18-24,tier2,6,4,2,40,True,False,True,20,0.46,0.71
USR_000313,inactive,48,25-34,tier3,1,0,0,40,False,False,False,20,0.04,0.18
USR_000314,paid,77,18-24,tier2,9,6,13,284,True,True,True,21,0.324,0.69
USR_000315,paid,104,25-34,tier2,12,4,15,201,True,True,True,15,0.451,0.63
USR_000316,trial,6,25-34,tier2,5,2,4,26,False,False,False,12,0.378,0.66
USR_000317,churned,76,25-34,tier3,0,0,0,1,False,False,False,8,0.123,0.24
USR_000318,trial,7,18-24,tier2,11,4,1,20,True,True,False,6,0.315,0.65
USR_000319,trial,0,35-44,tier3,4,4,3,32,False,True,True,5,0.426,0.44
USR_000320,paid,12,45+,tier1,6,11,4,311,True,True,False,19,0.324,0.65
USR_000321,paid,33,18-24,tier2,12,5,24,222,True,True,True,21,0.538,0.94
USR_000322,trial,7,18-24,tier3,10,3,5,15,False,False,True,23,0.382,0.52
USR_000323,trial,1,25-34,tier3,4,3,6,30,False,False,True,9,0.419,0.79
USR_000324,churned,142,18-24,tier1,1,1,0,35,False,False,False,22,0.084,0.27
USR_000325,trial,4,25-34,tier2,8,5,5,50,False,False,False,14,0.366,0.65
USR_000326,churned,129,25-34,tier2,0,1,0,2,False,False,False,7,0.083,0.15
USR_000327,churned,81,18-24,tier3,0,0,0,14,False,False,False,19,0.023,0.29
USR_000328,paid,34,18-24,tier3,16,18,28,316,True,True,True,22,0.559,0.71
USR_000329,paid,17,25-34,tier3,19,17,5,447,True,True,True,11,0.524,0.83
USR_000330,churned,177,25-34,tier1,1,0,0,38,False,False,False,14,0.037,0.35
USR_000331,paid,49,25-34,tier2,18,10,21,322,True,True,True,14,0.507,0.87
USR_000332,inactive,18,25-34,tier2,2,0,0,44,False,False,False,20,0.011,0.3
USR_000333,churned,176,35-44,tier2,2,0,0,5,False,False,False,8,0.103,0.2
USR_000334,paid,17,25-34,tier1,15,14,7,378,True,True,True,17,0.407,0.83
USR_000335,churned,141,35-44,tier2,1,1,0,19,False,False,True,18,0.055,0.16
USR_000336,paid,49,18-24,tier2,14,8,5,302,True,True,True,18,0.379,0.83
USR_000337,trial,0,18-24,tier2,9,4,3,56,False,False,True,14,0.288,0.62
USR_000338,trial,3,25-34,tier3,5,4,3,40,False,True,True,14,0.237,0.74
USR_000339,paid,52,18-24,tier2,16,20,17,318,True,False,True,17,0.497,0.57
USR_000340,churned,67,18-24,tier2,3,1,0,13,True,False,True,14,0.08,0.31
USR_000341,paid,87,35-44,tier2,15,5,20,153,True,True,True,7,0.331,0.48
USR_000342,paid,92,45+,tier1,7,12,16,286,True,False,True,7,0.412,0.72
USR_000343,paid,33,25-34,tier1,11,9,26,329,True,True,True,15,0.294,0.48
USR_000344,paid,72,18-24,tier3,10,5,10,250,False,False,False,23,0.35,0.67
USR_000345,churned,88,18-24,tier2,1,1,0,43,False,False,True,20,0.078,0.19
USR_000346,churned,164,35-44,tier2,2,0,0,46,False,False,True,6,0.079,0.31
USR_000347,trial,0,18-24,tier3,10,9,3,72,False,False,False,23,0.247,0.61
USR_000348,trial,4,18-24,tier3,9,7,4,84,True,True,False,12,0.409,0.52
USR_000349,churned,155,25-34,tier3,1,0,0,12,False,False,False,10,0.089,0.22
USR_000350,churned,142,18-24,tier3,2,1,0,20,False,False,True,21,0.059,0.24
USR_000351,paid,76,45+,tier2,11,14,21,368,True,False,True,21,0.445,0.66
USR_000352,paid,14,25-34,tier2,8,10,28,308,True,True,True,21,0.553,0.85
USR_000353,churned,58,25-34,tier3,0,1,0,12,False,False,True,16,0.117,0.26
USR_000354,inactive,34,18-24,tier2,1,0,0,10,False,False,False,21,0.045,0.16
USR_000355,paid,50,25-34,tier3,13,13,7,435,True,True,True,13,0.593,0.89
USR_000356,paid,33,18-24,tier1,5,15,3,541,True,True,True,18,0.357,0.72
USR_000357,paid,39,18-24,tier2,21,9,23,296,True,True,True,17,0.359,0.87
USR_000358,churned,42,18-24,tier3,0,2,0,47,False,False,False,19,0.119,0.19
USR_000359,paid,46,45+,tier1,7,13,20,444,False,True,True,6,0.563,0.68
USR_000360,paid,15,18-24,tier1,6,14,20,396,True,True,True,7,0.425,0.94
USR_000361,paid,24,45+,tier2,12,9,20,173,False,False,True,8,0.336,0.65
USR_000362,paid,34,35-44,tier3,15,16,12,320,True,True,True,7,0.353,0.59
USR_000363,trial,1,25-34,tier3,9,4,5,48,True,True,True,14,0.396,0.71
USR_000364,churned,147,25-34,tier2,2,1,0,20,False,False,False,12,0.103,0.34
USR_000365,paid,50,18-24,tier2,19,18,14,493,True,True,True,20,0.635,0.94
USR_000366,paid,98,35-44,tier3,16,12,9,258,False,True,False,9,0.405,0.49
USR_000367,paid,19,18-24,tier1,12,4,16,131,True,False,True,19,0.549,0.73
USR_000368,churned,63,45+,tier2,0,0,0,21,True,False,True,17,0.119,0.32
USR_000369,paid,92,18-24,tier2,18,4,27,171,True,True,True,19,0.566,0.79
USR_000370,trial,1,18-24,tier1,5,5,2,50,False,True,True,11,0.328,0.47
USR_000371,paid,94,18-24,tier1,6,9,5,318,True,False,True,20,0.425,0.68
USR_000372,trial,1,18-24,tier3,12,8,3,96,False,False,True,18,0.349,0.47
USR_000373,paid,86,45+,tier1,7,7,6,230,True,True,True,11,0.308,0.74
USR_000374,paid,52,35-44,tier2,13,5,5,265,False,True,True,18,0.489,0.82
USR_000375,trial,7,18-24,tier1,6,4,5,60,False,True,False,19,0.247,0.7
USR_000376,churned,154,25-34,tier3,0,1,0,38,False,False,False,17,0.085,0.13
USR_000377,churned,45,25-34,tier2,0,1,0,24,False,True,True,8,0.082,0.37
USR_000378,paid,120,25-34,tier1,9,11,26,290,False,True,False,14,0.295,0.61
USR_000379,paid,55,18-24,tier2,21,20,3,571,False,True,True,9,0.436,0.75
USR_000380,churned,84,25-34,tier2,2,0,0,8,False,False,True,23,0.089,0.22
USR_000381,trial,7,25-34,tier1,8,9,0,126,False,False,False,18,0.416,0.45
USR_000382,trial,7,25-34,tier2,6,3,3,42,False,False,False,12,0.402,0.4
USR_000383,paid,98,45+,tier2,9,10,25,303,False,True,False,16,0.33,0.48
USR_000384,inactive,23,18-24,tier2,1,0,0,36,False,False,True,18,0.075,0.2
USR_000385,churned,105,25-34,tier3,0,0,0,3,False,False,True,16,0.037,0.32
USR_000386,churned,36,18-24,tier3,0,0,0,7,False,True,False,22,0.02,0.36
USR_000387,paid,92,35-44,tier3,10,13,9,271,True,True,True,10,0.313,0.73
USR_000388,churned,128,35-44,tier2,0,0,0,10,False,False,False,18,0.028,0.15
USR_000389,paid,104,25-34,tier2,19,7,22,284,True,True,True,12,0.542,0.68
USR_000390,inactive,82,25-34,tier1,1,0,0,25,False,False,False,8,0.059,0.27
USR_000391,paid,94,25-34,tier1,13,6,11,262,True,True,True,20,0.295,0.77
USR_000392,trial,4,25-34,tier1,5,2,4,12,False,False,True,17,0.176,0.41
USR_000393,trial,2,25-34,tier2,11,7,1,105,False,False,False,12,0.3,0.63
USR_000394,churned,48,18-24,tier1,0,0,0,12,False,False,True,11,0.138,0.4
USR_000395,paid,26,18-24,tier2,15,11,22,318,True,True,True,11,0.482,0.55
USR_000396,inactive,18,18-24,tier2,1,0,0,46,False,False,False,18,0.043,0.28
USR_000397,churned,30,35-44,tier2,1,1,0,41,False,False,False,9,0.021,0.13
USR_000398,trial,1,25-34,tier3,10,8,2,48,False,False,False,12,0.267,0.5
USR_000399,paid,88,25-34,tier1,10,6,3,336,False,True,True,19,0.44,0.49
USR_000400,inactive,16,35-44,tier3,0,0,0,34,False,False,False,14,0.052,0.05
USR_000401,trial,0,25-34,tier3,9,5,0,45,False,True,True,6,0.411,0.85
USR_000402,churned,46,18-24,tier2,2,0,0,43,False,False,False,21,0.134,0.34
USR_000403,paid,77,18-24,tier2,8,18,28,569,True,True,True,13,0.451,0.84
USR_000404,trial,2,18-24,tier2,4,10,4,150,True,True,True,14,0.207,0.79
USR_000405,paid,109,18-24,tier2,19,15,9,402,True,True,True,19,0.307,0.79
USR_000406,paid,46,18-24,tier3,11,4,10,236,True,True,True,21,0.424,0.55
USR_000407,churned,79,25-34,tier2,0,0,0,13,False,True,False,7,0.062,0.37
USR_000408,paid,105,18-24,tier3,12,6,4,342,True,True,True,11,0.367,0.74
USR_000409,trial,5,18-24,tier2,5,3,1,15,False,True,False,11,0.329,0.52
USR_000410,inactive,72,18-24,tier3,0,0,0,17,False,False,False,9,0.046,0.1
USR_000411,trial,2,35-44,tier2,9,3,1,24,False,False,False,16,0.306,0.45
USR_000412,trial,3,35-44,tier2,7,8,1,112,False,True,True,16,0.473,0.72
USR_000413,inactive,67,35-44,tier3,1,0,0,28,True,False,False,18,0.07,0.22
USR_000414,paid,96,18-24,tier3,17,19,7,356,True,True,True,16,0.497,0.63
USR_000415,paid,31,18-24,tier3,18,10,17,349,False,True,True,16,0.305,0.79
USR_000416,churned,83,25-34,tier2,2,0,0,23,True,False,False,21,0.031,0.32
USR_000417,paid,90,18-24,tier2,15,5,25,187,False,True,True,18,0.56,0.59
USR_000418,trial,6,35-44,tier2,5,2,2,18,False,True,False,17,0.33,0.61
USR_000419,paid,96,25-34,tier2,17,18,5,326,True,True,True,12,0.666,0.9
USR_000420,trial,3,25-34,tier2,8,7,2,63,False,True,True,15,0.422,0.88
USR_000421,trial,5,18-24,tier3,7,5,4,35,False,False,False,18,0.25,0.56
USR_000422,inactive,43,18-24,tier3,1,1,0,18,False,False,False,23,0.055,0.06
USR_000423,trial,2,18-24,tier3,4,3,7,30,False,True,True,20,0.39,0.69
USR_000424,trial,4,25-34,tier3,4,2,6,26,False,False,True,22,0.367,0.78
USR_000425,trial,4,25-34,tier2,12,8,7,96,False,False,False,14,0.209,0.73
USR_000426,inactive,53,18-24,tier2,0,0,0,49,False,False,False,19,0.063,0.14
USR_000427,trial,7,18-24,tier2,10,11,7,121,False,False,True,10,0.371,0.6
USR_000428,trial,5,35-44,tier2,2,4,2,48,False,True,False,18,0.29,0.59
USR_000429,trial,6,35-44,tier3,8,4,5,56,True,True,False,15,0.27,0.63
USR_000430,churned,99,18-24,tier2,1,1,0,19,False,False,False,19,0.023,0.33
USR_000431,churned,148,18-24,tier2,0,1,0,11,False,False,True,20,0.047,0.19
USR_000432,paid,23,25-34,tier1,15,10,27,275,True,True,True,11,0.519,0.73
USR_000433,paid,28,25-34,tier3,13,6,15,190,True,True,True,18,0.636,0.81
USR_000434,trial,3,25-34,tier1,9,3,0,45,False,False,False,18,0.275,0.74
USR_000435,churned,120,25-34,tier2,2,0,0,14,False,False,False,8,0.033,0.21
USR_000436,churned,164,35-44,tier2,2,1,0,22,False,False,True,6,0.02,0.32
USR_000437,trial,5,25-34,tier3,4,4,5,24,True,False,False,13,0.208,0.46
USR_000438,paid,10,35-44,tier1,14,12,3,271,False,True,True,6,0.32,0.47
USR_000439,churned,82,35-44,tier3,1,0,0,32,False,False,False,16,0.05,0.1
USR_000440,churned,47,25-34,tier2,0,1,0,6,False,False,False,17,0.118,0.17
USR_000441,inactive,74,35-44,tier3,0,0,0,7,False,False,False,7,0.026,0.26
USR_000442,churned,163,18-24,tier2,0,1,0,19,True,False,True,16,0.085,0.27
USR_000443,churned,134,35-44,tier1,0,1,0,31,False,False,False,7,0.114,0.1
USR_000444,churned,51,25-34,tier2,0,0,0,12,False,False,True,14,0.043,0.39
USR_000445,paid,115,45+,tier1,9,8,19,350,True,True,True,19,0.395,0.68
USR_000446,paid,23,18-24,tier2,10,12,23,397,True,True,True,20,0.561,0.56
USR_000447,trial,1,25-34,tier1,8,5,3,65,True,False,True,17,0.416,0.6
USR_000448,paid,63,45+,tier1,14,4,12,235,True,True,True,14,0.545,0.71
USR_000449,paid,105,18-24,tier2,7,15,24,521,True,True,True,18,0.436,0.81
USR_000450,paid,49,25-34,tier3,5,12,6,414,False,True,True,18,0.399,0.66
USR_000451,inactive,45,25-34,tier1,0,0,0,29,False,False,False,6,0.034,0.26
USR_000452,churned,137,25-34,tier2,0,1,0,43,False,False,False,20,0.031,0.4
USR_000453,trial,5,25-34,tier3,4,4,6,36,False,False,True,20,0.214,0.5
USR_000454,trial,3,45+,tier2,7,8,4,80,False,True,False,12,0.298,0.62
USR_000455,churned,106,25-34,tier2,1,1,0,45,False,False,False,9,0.019,0.22
USR_000456,paid,92,18-24,tier2,22,16,18,359,True,True,True,18,0.526,0.92
USR_000457,trial,4,25-34,tier1,10,5,5,75,False,False,True,12,0.235,0.81
USR_000458,paid,32,25-34,tier1,5,14,10,256,False,True,True,9,0.368,0.68
USR_000459,churned,40,18-24,tier2,3,1,0,23,True,False,False,22,0.067,0.36
USR_000460,churned,65,35-44,tier2,0,1,0,5,False,False,False,15,0.066,0.13
USR_000461,trial,5,18-24,tier3,11,8,6,88,False,True,True,14,0.27,0.77
USR_000462,trial,5,25-34,tier2,9,3,4,30,True,True,False,8,0.317,0.64
USR_000463,churned,38,18-24,tier3,2,1,0,23,False,False,False,16,0.128,0.31
USR_000464,inactive,44,25-34,tier2,1,0,0,13,False,False,False,20,0.025,0.15
USR_000465,inactive,54,18-24,tier2,2,0,0,21,False,False,False,18,0.035,0.06
USR_000466,churned,71,35-44,tier3,1,0,0,41,False,False,False,5,0.023,0.25
USR_000467,trial,0,25-34,tier2,6,7,2,98,True,False,False,20,0.365,0.44
USR_000468,churned,152,35-44,tier2,2,0,0,24,False,False,True,11,0.061,0.26
USR_000469,inactive,16,35-44,tier1,1,0,0,27,False,False,False,7,0.039,0.24
USR_000470,paid,29,18-24,tier3,21,6,24,214,False,True,True,12,0.52,0.7
USR_000471,trial,3,25-34,tier1,7,9,1,126,False,True,True,12,0.256,0.7
USR_000472,paid,90,18-24,tier2,13,4,7,140,False,True,True,20,0.513,0.65
USR_000473,trial,3,18-24,tier2,8,5,4,55,False,False,False,8,0.345,0.74
USR_000474,trial,0,25-34,tier2,8,4,3,24,False,True,True,17,0.235,0.87
USR_000475,trial,4,45+,tier2,8,8,1,80,False,False,True,8,0.48,0.75
USR_000476,churned,172,25-34,tier3,2,1,0,27,False,False,True,11,0.086,0.12
USR_000477,trial,7,35-44,tier2,5,7,3,49,False,False,True,6,0.438,0.61
USR_000478,churned,174,25-34,tier3,2,1,0,43,False,False,False,7,0.112,0.39
USR_000479,trial,1,18-24,tier2,7,7,7,63,True,True,False,20,0.341,0.82
USR_000480,paid,91,18-24,tier3,15,11,31,341,False,True,True,22,0.623,0.95
USR_000481,churned,127,25-34,tier2,0,0,0,41,False,True,False,15,0.065,0.33
USR_000482,churned,155,25-34,tier1,2,1,0,28,False,False,True,14,0.042,0.35
USR_000483,inactive,68,25-34,tier2,0,0,0,41,False,False,False,22,0.054,0.1
USR_000484,churned,164,18-24,tier2,0,1,0,27,False,False,False,16,0.047,0.34
USR_000485,trial,0,18-24,tier1,7,6,3,30,False,False,True,19,0.41,0.63
USR_000486,trial,2,25-34,tier1,10,2,2,20,True,False,False,16,0.442,0.71
USR_000487,inactive,37,35-44,tier1,0,0,0,29,False,True,False,5,0.056,0.19
USR_000488,churned,154,35-44,tier3,0,1,0,12,False,False,False,6,0.033,0.28
USR_000489,trial,0,18-24,tier3,5,7,5,84,False,False,True,16,0.31,0.62
USR_000490,paid,102,18-24,tier3,17,19,17,266,True,True,True,22,0.327,0.89
USR_000491,paid,116,25-34,tier3,12,12,22,409,True,True,True,19,0.674,0.95
USR_000492,churned,110,25-34,tier2,1,0,0,10,True,False,False,16,0.071,0.37
USR_000493,trial,3,18-24,tier2,8,7,5,77,False,False,True,22,0.446,0.86
USR_000494,inactive,60,35-44,tier2,1,0,0,38,False,False,False,6,0.023,0.19
USR_000495,paid,71,35-44,tier3,8,6,3,132,False,True,True,19,0.506,0.46
USR_000496,trial,3,18-24,tier1,7,10,5,140,False,False,False,22,0.481,0.78
USR_000497,churned,142,25-34,tier3,2,1,0,32,False,False,False,8,0.087,0.39
USR_000498,trial,5,25-34,tier3,4,4,3,32,False,True,False,13,0.209,0.65
USR_000499,paid,39,25-34,tier3,17,10,10,338,True,True,True,18,0.339,0.58
USR_000500,trial,7,25-34,tier3,11,6,4,60,False,False,False,16,0.209,0.87
USR_000501,trial,0,45+,tier1,5,1,5,9,False,False,False,16,0.383,0.38
USR_000502,paid,119,35-44,tier3,8,12,24,381,True,True,False,17,0.372,0.45
USR_000503,paid,52,25-34,tier2,19,15,14,393,True,True,True,19,0.498,0.59
USR_000504,inactive,84,18-24,tier1,0,0,0,27,False,False,False,22,0.027,0.06
USR_000505,inactive,61,18-24,tier1,0,0,0,15,False,False,False,8,0.034,0.24
USR_000506,churned,166,45+,tier2,2,0,0,6,False,False,True,9,0.1,0.27
USR_000507,trial,5,25-34,tier3,7,3,2,45,True,True,True,9,0.185,0.61
USR_000508,paid,58,25-34,tier2,18,12,21,342,True,True,True,15,0.38,0.95
USR_000509,churned,165,18-24,tier3,0,0,0,7,False,False,False,19,0.065,0.32
USR_000510,paid,23,18-24,tier2,12,20,12,485,False,True,True,10,0.587,0.72
USR_000511,trial,5,25-34,tier1,3,2,3,14,False,True,True,20,0.407,0.53
USR_000512,churned,145,25-34,tier2,2,0,0,2,False,False,False,21,0.05,0.13
USR_000513,inactive,25,35-44,tier3,1,0,0,39,False,False,False,15,0.023,0.22
USR_000514,paid,74,35-44,tier3,7,9,24,287,False,True,True,18,0.324,0.5
USR_000515,churned,41,25-34,tier2,1,1,0,34,True,False,False,7,0.116,0.15
USR_000516,trial,1,18-24,tier2,5,11,5,77,False,True,False,16,0.172,0.43
USR_000517,paid,113,18-24,tier2,21,5,10,268,True,True,True,23,0.384,0.77
USR_000518,paid,89,18-24,tier1,8,17,10,555,True,True,True,21,0.429,0.93
USR_000519,trial,2,25-34,tier1,6,9,5,126,False,False,True,6,0.314,0.64
USR_000520,trial,7,45+,tier1,4,3,3,39,False,True,False,8,0.226,0.73
USR_000521,paid,23,18-24,tier2,20,16,34,453,True,True,True,22,0.662,0.9
USR_000522,trial,3,25-34,tier2,7,7,0,77,False,True,True,21,0.405,0.75
USR_000523,paid,58,25-34,tier2,13,15,21,471,True,False,True,18,0.362,0.53
USR_000524,paid,9,35-44,tier3,6,8,7,258,False,False,True,17,0.298,0.45
USR_000525,trial,4,25-34,tier2,7,8,4,56,False,False,True,12,0.282,0.4
USR_000526,paid,95,25-34,tier2,14,6,19,207,True,True,True,21,0.564,0.84
USR_000527,churned,166,18-24,tier3,2,1,0,26,False,False,False,22,0.047,0.1
USR_000528,trial,5,25-34,tier2,8,2,5,28,False,False,True,15,0.238,0.42
USR_000529,churned,138,45+,tier1,2,1,0,40,True,False,True,10,0.018,0.16
USR_000530,inactive,74,35-44,tier1,0,0,0,40,False,False,False,16,0.06,0.11
USR_000531,paid,12,18-24,tier3,11,18,23,298,True,True,True,19,0.459,0.85
USR_000532,paid,20,18-24,tier2,16,11,30,279,True,True,True,18,0.528,0.85
USR_000533,churned,162,25-34,tier1,0,0,0,16,True,False,False,17,0.088,0.26
USR_000534,paid,31,25-34,tier2,9,15,4,297,True,False,True,13,0.559,0.64
USR_000535,paid,9,25-34,tier2,13,13,7,275,False,True,True,14,0.579,0.61
USR_000536,trial,7,25-34,tier2,8,4,4,20,False,True,True,16,0.475,0.88
USR_000537,paid,96,35-44,tier2,7,12,8,262,False,True,True,7,0.357,0.78
USR_000538,trial,2,25-34,tier2,5,3,4,21,True,True,True,9,0.485,0.78
USR_000539,trial,0,25-34,tier1,4,3,0,36,True,False,False,14,0.248,0.77
USR_000540,trial,6,35-44,tier2,10,2,0,30,False,True,True,12,0.391,0.81
USR_000541,trial,3,18-24,tier2,12,5,1,60,False,True,True,18,0.329,0.52
USR_000542,trial,1,18-24,tier2,5,5,7,60,True,False,True,20,0.359,0.78
USR_000543,churned,132,25-34,tier2,2,1,0,24,False,False,False,10,0.06,0.16
USR_000544,paid,78,45+,tier2,5,12,9,430,True,True,True,8,0.42,0.65
USR_000545,paid,11,25-34,tier2,8,7,21,194,True,False,True,18,0.532,0.66
USR_000546,trial,5,25-34,tier2,5,4,2,52,False,True,False,23,0.533,0.81
USR_000547,inactive,58,18-24,tier2,1,0,0,25,False,False,False,21,0.019,0.19
USR_000548,trial,3,25-34,tier1,7,7,5,77,False,False,True,9,0.431,0.72
USR_000549,trial,5,25-34,tier2,4,9,2,99,False,False,True,10,0.323,0.77
USR_000550,churned,180,25-34,tier2,0,1,0,25,False,False,False,18,0.078,0.15
USR_000551,inactive,82,18-24,tier2,0,0,0,44,False,False,False,20,0.023,0.29
USR_000552,paid,57,18-24,tier1,9,7,21,183,True,True,True,22,0.38,0.53
USR_000553,trial,6,25-34,tier3,11,8,0,112,False,False,True,18,0.432,0.5
USR_000554,trial,3,25-34,tier2,3,3,0,42,False,False,False,20,0.305,0.6
USR_000555,trial,7,18-24,tier2,7,10,6,110,False,False,True,14,0.355,0.6
USR_000556,paid,80,35-44,tier1,5,11,3,352,True,True,True,17,0.314,0.77
USR_000557,paid,55,35-44,tier1,5,4,20,243,True,True,True,14,0.28,0.55
USR_000558,trial,0,25-34,tier1,2,2,6,24,False,False,True,17,0.228,0.54
USR_000559,trial,2,35-44,tier3,9,6,1,72,False,True,False,5,0.221,0.42
USR_000560,paid,94,18-24,tier1,13,10,4,303,True,True,True,12,0.537,0.79
USR_000561,paid,33,18-24,tier2,21,10,10,244,True,False,True,14,0.462,0.54
USR_000562,churned,72,35-44,tier1,0,0,0,14,False,False,False,12,0.061,0.17
USR_000563,trial,6,25-34,tier1,8,1,1,11,False,True,False,7,0.411,0.48
USR_000564,trial,1,25-34,tier3,9,8,6,56,True,True,True,18,0.295,0.68
USR_000565,trial,5,25-34,tier3,11,7,0,35,False,False,False,19,0.285,0.41
USR_000566,trial,4,25-34,tier3,5,5,1,40,True,False,True,14,0.33,0.44
USR_000567,inactive,56,25-34,tier3,0,0,0,46,False,False,False,19,0.023,0.06
USR_000568,trial,3,18-24,tier2,11,8,1,64,False,True,True,10,0.358,0.84
USR_000569,trial,2,45+,tier3,3,5,4,40,True,True,False,8,0.419,0.74
USR_000570,paid,81,25-34,tier2,12,13,10,388,True,False,True,8,0.463,0.85
USR_000571,churned,127,35-44,tier1,1,0,0,18,False,False,False,12,0.048,0.16
USR_000572,paid,25,25-34,tier1,14,6,26,277,False,False,True,15,0.37,0.48
USR_000573,paid,17,18-24,tier3,12,4,30,264,True,True,True,15,0.577,0.67
USR_000574,churned,44,25-34,tier2,2,1,0,41,True,False,False,18,0.089,0.17
USR_000575,trial,2,25-34,tier3,5,6,6,84,True,False,True,21,0.321,0.82
USR_000576,inactive,68,18-24,tier3,0,0,0,46,False,False,False,21,0.063,0.18
USR_000577,inactive,58,18-24,tier2,1,0,0,49,False,True,False,18,0.016,0.24
USR_000578,churned,140,25-34,tier2,0,0,0,3,False,False,False,20,0.035,0.16
USR_000579,churned,134,35-44,tier1,1,1,0,15,True,True,True,6,0.02,0.25
USR_000580,paid,15,25-34,tier1,8,16,19,462,True,True,True,14,0.482,0.81
USR_000581,paid,55,18-24,tier2,17,10,13,180,True,True,True,7,0.546,0.61
USR_000582,paid,25,25-34,tier3,5,5,17,213,True,True,True,18,0.643,0.93
USR_000583,trial,5,25-34,tier3,3,4,0,24,True,True,True,15,0.394,0.8
USR_000584,trial,7,45+,tier3,10,7,5,91,True,True,True,12,0.351,0.65
USR_000585,trial,7,25-34,tier1,4,5,0,55,True,True,False,18,0.197,0.69
USR_000586,inactive,55,18-24,tier3,1,0,0,46,False,False,False,13,0.045,0.11
USR_000587,paid,36,35-44,tier2,17,13,18,408,True,True,True,12,0.509,0.75
USR_000588,trial,1,18-24,tier1,6,7,1,63,False,True,True,17,0.453,0.87
USR_000589,trial,6,25-34,tier3,5,4,4,48,False,False,True,15,0.368,0.8
USR_000590,trial,3,35-44,tier2,7,5,3,30,False,False,False,16,0.235,0.45
USR_000591,trial,3,35-44,tier2,7,7,2,35,True,False,True,17,0.473,0.84
USR_000592,inactive,64,35-44,tier3,0,0,0,25,True,False,False,14,0.031,0.08
USR_000593,paid,97,25-34,tier2,19,14,18,433,True,False,False,7,0.543,0.54
USR_000594,churned,153,25-34,tier2,0,0,0,9,False,True,False,17,0.096,0.32
USR_000595,paid,29,45+,tier2,16,4,26,200,True,False,True,13,0.547,0.52
USR_000596,trial,2,18-24,tier2,10,5,5,75,False,False,False,20,0.274,0.8
USR_000597,paid,23,18-24,tier1,12,13,17,343,True,True,True,21,0.491,0.51
USR_000598,paid,81,25-34,tier2,7,8,23,266,True,True,True,15,0.611,0.89
USR_000599,paid,109,25-34,tier3,14,14,8,361,True,True,True,6,0.453,0.8
USR_000600,trial,1,25-34,tier2,8,9,0,45,False,True,True,15,0.535,0.89
USR_000601,trial,4,18-24,tier3,9,6,4,36,False,False,True,19,0.245,0.75
USR_000602,churned,66,18-24,tier1,0,1,0,16,False,False,True,20,0.026,0.28
USR_000603,trial,7,25-34,tier1,3,3,2,24,False,True,False,23,0.404,0.71
USR_000604,churned,160,25-34,tier2,1,0,0,7,False,True,False,7,0.034,0.4
USR_000605,churned,52,25-34,tier2,1,0,0,6,False,True,False,22,0.063,0.36
USR_000606,churned,108,18-24,tier2,2,1,0,20,False,False,False,12,0.022,0.2
USR_000607,inactive,82,25-34,tier2,1,0,0,36,False,False,False,18,0.019,0.2
USR_000608,churned,124,18-24,tier3,2,0,0,27,False,False,False,18,0.049,0.31
USR_000609,paid,37,25-34,tier3,9,16,28,437,True,True,True,19,0.591,0.68
USR_000610,trial,7,25-34,tier2,10,2,6,26,False,True,True,18,0.404,0.74
USR_000611,churned,31,25-34,tier2,2,1,0,38,False,False,False,21,0.071,0.17
USR_000612,trial,3,25-34,tier1,4,4,0,60,True,False,True,22,0.259,0.55
USR_000613,trial,1,25-34,tier3,5,5,1,65,False,False,False,21,0.411,0.4
USR_000614,churned,154,18-24,tier2,0,0,0,27,False,False,False,17,0.017,0.19
USR_000615,paid,27,18-24,tier2,12,19,3,419,True,True,True,17,0.626,0.85
USR_000616,inactive,31,25-34,tier2,0,0,0,2,False,False,True,15,0.066,0.27
USR_000617,trial,4,18-24,tier2,4,6,4,66,True,False,False,17,0.421,0.74
USR_000618,trial,2,45+,tier3,3,5,4,45,False,True,False,16,0.27,0.44
USR_000619,trial,2,18-24,tier2,11,4,2,24,True,False,False,18,0.285,0.46
USR_000620,churned,68,25-34,tier1,0,0,0,26,False,False,False,7,0.025,0.38
USR_000621,paid,36,25-34,tier3,10,10,16,262,True,True,True,14,0.441,0.79
USR_000622,trial,5,18-24,tier2,5,6,7,30,True,False,True,16,0.174,0.45
USR_000623,churned,122,35-44,tier1,1,0,0,8,False,False,False,12,0.113,0.22
USR_000624,paid,91,25-34,tier1,16,6,14,145,False,True,True,16,0.484,0.52
USR_000625,trial,5,25-34,tier3,11,5,5,70,True,True,False,16,0.19,0.86
USR_000626,trial,0,45+,tier2,9,6,4,66,False,False,False,7,0.382,0.53
USR_000627,paid,34,25-34,tier2,8,6,9,220,False,True,True,19,0.483,0.81
USR_000628,trial,3,18-24,tier1,3,4,0,32,False,False,True,21,0.337,0.47
USR_000629,inactive,58,18-24,tier1,1,1,0,3,False,False,False,22,0.032,0.29
USR_000630,paid,101,18-24,tier2,22,7,33,269,False,True,True,12,0.542,0.74
USR_000631,inactive,70,25-34,tier2,0,0,0,30,False,False,False,19,0.037,0.25
USR_000632,trial,2,18-24,tier1,4,6,5,36,True,True,True,17,0.376,0.72
USR_000633,trial,6,25-34,tier2,4,6,5,90,False,True,True,20,0.447,0.8
USR_000634,inactive,48,18-24,tier3,0,0,0,12,False,False,False,17,0.064,0.29
USR_000635,trial,2,35-44,tier3,5,5,1,30,True,False,True,5,0.332,0.6
USR_000636,paid,36,35-44,tier1,4,8,5,279,True,False,True,19,0.55,0.68
USR_000637,trial,4,18-24,tier1,6,7,0,98,False,False,True,14,0.376,0.86
USR_000638,trial,4,25-34,tier3,8,4,6,20,False,True,True,21,0.399,0.54
USR_000639,inactive,32,45+,tier3,0,0,0,5,False,True,False,19,0.029,0.21
USR_000640,trial,5,18-24,tier3,6,5,5,55,False,True,False,20,0.239,0.61
USR_000641,paid,76,25-34,tier2,18,9,19,192,True,True,True,19,0.357,0.69
USR_000642,inactive,31,18-24,tier2,2,0,0,26,False,False,False,13,0.074,0.26
USR_000643,trial,2,35-44,tier1,3,6,0,72,False,True,True,6,0.356,0.66
USR_000644,churned,123,35-44,tier1,0,0,0,19,False,False,False,7,0.078,0.3
USR_000645,paid,90,25-34,tier2,16,8,7,383,True,True,True,6,0.62,0.9
USR_000646,churned,108,18-24,tier2,2,0,0,14,False,False,True,14,0.094,0.39
USR_000647,paid,85,35-44,tier3,15,13,14,327,True,False,True,18,0.465,0.58
USR_000648,trial,5,18-24,tier2,3,4,4,20,False,False,True,19,0.327,0.43
USR_000649,trial,0,18-24,tier2,9,9,0,72,False,True,True,16,0.279,0.56
USR_000650,trial,2,25-34,tier2,9,2,2,28,True,False,True,17,0.308,0.77
USR_000651,inactive,73,18-24,tier1,0,0,0,32,False,False,False,20,0.076,0.11
USR_000652,paid,106,25-34,tier2,10,15,12,309,False,True,True,19,0.401,0.66
USR_000653,inactive,26,25-34,tier3,1,0,0,18,False,False,False,7,0.031,0.19
USR_000654,trial,1,18-24,tier2,4,8,3,112,False,False,True,23,0.533,0.89
USR_000655,paid,60,25-34,tier2,18,17,6,366,False,False,True,18,0.443,0.67
USR_000656,paid,39,25-34,tier3,15,11,7,271,True,True,False,10,0.528,0.55
USR_000657,paid,67,25-34,tier3,6,6,5,254,True,True,True,7,0.444,0.93
USR_000658,churned,39,25-34,tier2,1,1,0,50,False,False,False,7,0.1,0.16
USR_000659,paid,119,25-34,tier1,5,13,13,469,True,True,True,7,0.537,0.58
USR_000660,paid,114,25-34,tier2,6,17,15,416,True,True,True,16,0.517,0.93
USR_000661,paid,9,25-34,tier2,14,17,8,393,True,True,True,20,0.563,0.83
USR_000662,trial,5,25-34,tier1,3,9,2,126,True,True,False,8,0.307,0.63
USR_000663,trial,6,18-24,tier3,10,9,4,90,True,True,False,23,0.263,0.51
USR_000664,trial,1,35-44,tier2,8,6,3,42,False,False,True,18,0.192,0.57
USR_000665,paid,28,25-34,tier2,13,9,27,184,True,True,True,21,0.601,0.81
USR_000666,trial,1,18-24,tier3,8,8,7,64,False,False,True,16,0.268,0.45
USR_000667,churned,150,25-34,tier1,2,0,0,50,False,False,False,15,0.119,0.23
USR_000668,trial,4,18-24,tier3,6,10,7,130,True,False,True,9,0.443,0.74
USR_000669,churned,176,25-34,tier2,3,0,0,40,False,False,False,17,0.029,0.16
USR_000670,paid,48,25-34,tier2,13,10,5,371,True,True,True,20,0.533,0.86
USR_000671,trial,0,18-24,tier1,7,7,4,49,False,False,True,17,0.353,0.41
USR_000672,inactive,37,25-34,tier3,0,0,0,17,False,False,False,19,0.056,0.18
USR_000673,trial,1,18-24,tier1,4,9,0,72,True,True,True,22,0.416,0.47
USR_000674,paid,17,25-34,tier1,11,12,8,375,False,True,True,8,0.37,0.65
USR_000675,paid,51,35-44,tier1,17,9,16,272,True,True,False,7,0.281,0.64
USR_000676,paid,22,18-24,tier3,20,4,7,245,False,True,True,14,0.284,0.54
USR_000677,churned,132,25-34,tier2,2,0,0,10,False,False,True,19,0.088,0.35
USR_000678,churned,144,45+,tier2,1,1,0,4,False,False,False,9,0.088,0.26
USR_000679,paid,40,35-44,tier3,12,7,22,246,False,True,True,7,0.391,0.71
USR_000680,trial,2,18-24,tier2,11,3,2,33,False,False,False,22,0.301,0.41
USR_000681,trial,4,18-24,tier1,9,10,5,80,False,False,False,18,0.451,0.74
USR_000682,trial,4,35-44,tier2,6,2,1,10,False,False,True,17,0.414,0.53
USR_000683,inactive,65,18-24,tier3,0,0,0,20,True,False,False,17,0.029,0.13
USR_000684,churned,110,25-34,tier2,1,0,0,6,False,False,False,20,0.133,0.4
USR_000685,trial,1,18-24,tier1,12,9,5,45,True,False,False,21,0.313,0.51
USR_000686,inactive,19,35-44,tier2,0,0,0,29,False,False,False,7,0.017,0.13
USR_000687,trial,6,18-24,tier1,9,7,3,42,False,False,True,21,0.298,0.52
USR_000688,trial,3,18-24,tier1,9,8,1,64,False,True,True,14,0.381,0.44
USR_000689,paid,105,18-24,tier3,14,17,25,505,True,True,True,23,0.342,0.64
USR_000690,inactive,65,35-44,tier2,0,0,0,15,False,False,False,19,0.059,0.12
USR_000691,trial,7,25-34,tier2,9,5,1,25,True,True,True,16,0.368,0.86
USR_000692,paid,56,25-34,tier1,15,9,10,231,True,True,True,15,0.495,0.65
USR_000693,trial,4,18-24,tier1,5,6,2,54,False,True,True,15,0.478,0.84
USR_000694,paid,89,18-24,tier1,9,12,23,297,True,True,True,16,0.535,0.54
USR_000695,trial,7,18-24,tier1,4,2,3,28,True,True,True,20,0.423,0.57
USR_000696,paid,119,25-34,tier1,8,5,23,140,False,True,True,8,0.333,0.72
USR_000697,trial,5,25-34,tier2,12,4,3,56,True,True,False,21,0.401,0.58
USR_000698,paid,89,18-24,tier2,6,20,30,522,True,True,True,21,0.64,0.8
USR_000699,churned,57,18-24,tier3,3,1,0,21,False,False,False,15,0.1,0.37
USR_000700,paid,47,25-34,tier3,7,12,21,208,True,True,True,19,0.435,0.88
USR_000701,paid,27,25-34,tier2,13,8,18,167,True,True,True,16,0.328,0.57
USR_000702,paid,114,18-24,tier2,5,8,14,230,False,True,True,13,0.297,0.63
USR_000703,inactive,24,18-24,tier2,0,0,0,19,False,False,False,22,0.069,0.11
USR_000704,paid,120,18-24,tier2,11,13,24,501,True,True,True,11,0.443,0.59
USR_000705,trial,1,35-44,tier3,3,4,1,20,False,True,True,13,0.319,0.78
USR_000706,inactive,25,18-24,tier3,1,0,0,48,False,False,False,19,0.028,0.11
USR_000707,churned,148,18-24,tier2,2,2,0,18,True,False,False,16,0.025,0.12
USR_000708,paid,23,25-34,tier3,16,13,22,309,True,True,True,16,0.321,0.52
USR_000709,paid,111,25-34,tier3,12,13,6,462,False,True,True,9,0.392,0.5
USR_000710,trial,2,18-24,tier2,11,10,4,70,False,False,True,18,0.404,0.81
USR_000711,trial,3,25-34,tier1,6,4,4,44,False,False,True,18,0.219,0.84
USR_000712,churned,60,18-24,tier2,1,0,0,29,False,False,True,23,0.127,0.29
USR_000713,inactive,34,25-34,tier1,0,0,0,46,False,False,True,18,0.032,0.13
USR_000714,paid,25,25-34,tier3,9,14,11,335,False,True,True,16,0.496,0.68
USR_000715,churned,179,25-34,tier2,1,0,0,48,False,True,True,21,0.075,0.36
USR_000716,trial,3,35-44,tier3,3,8,4,48,False,False,True,8,0.164,0.53
USR_000717,paid,11,25-34,tier2,19,8,22,259,False,True,True,11,0.42,0.67
USR_000718,trial,3,18-24,tier3,4,2,7,12,True,True,True,21,0.311,0.45
USR_000719,trial,7,25-34,tier3,4,3,5,45,False,False,False,20,0.307,0.65
USR_000720,paid,108,18-24,tier1,13,5,17,251,True,True,False,16,0.504,0.52
USR_000721,trial,1,35-44,tier3,7,3,3,27,True,False,True,19,0.352,0.64
USR_000722,churned,81,18-24,tier2,1,1,0,4,False,False,False,22,0.043,0.26
USR_000723,churned,39,25-34,tier2,1,0,0,6,False,False,False,8,0.102,0.32
USR_000724,trial,6,25-34,tier2,7,8,6,88,False,True,False,9,0.334,0.51
USR_000725,churned,43,25-34,tier2,1,0,0,22,False,True,True,18,0.122,0.31
USR_000726,trial,3,25-34,tier1,3,1,2,8,False,False,True,20,0.471,0.74
USR_000727,churned,76,18-24,tier1,0,0,0,4,False,True,False,20,0.097,0.37
USR_000728,trial,5,25-34,tier2,11,9,3,90,False,False,False,11,0.43,0.55
USR_000729,churned,135,25-34,tier1,2,1,0,23,False,False,False,19,0.037,0.15
USR_000730,churned,90,35-44,tier1,1,1,0,5,False,True,False,12,0.098,0.11
USR_000731,trial,0,35-44,tier2,10,4,0,40,True,False,True,9,0.309,0.48
USR_000732,inactive,57,35-44,tier3,1,0,0,46,False,False,False,13,0.039,0.18
USR_000733,inactive,84,35-44,tier3,0,0,0,10,False,False,False,16,0.048,0.24
USR_000734,inactive,44,25-34,tier3,0,0,0,39,False,False,False,14,0.04,0.29
USR_000735,trial,0,18-24,tier2,4,7,2,84,True,False,True,18,0.448,0.53
USR_000736,paid,82,25-34,tier2,20,8,20,220,True,True,True,12,0.554,0.64
USR_000737,paid,14,18-24,tier2,9,15,9,385,True,True,True,15,0.609,0.73
USR_000738,trial,0,35-44,tier3,7,4,0,44,False,True,True,11,0.411,0.56
USR_000739,trial,0,25-34,tier2,6,8,2,40,False,False,False,18,0.21,0.6
USR_000740,trial,1,18-24,tier2,9,9,4,45,False,False,True,14,0.469,0.79
USR_000741,churned,50,18-24,tier3,3,2,0,33,False,False,False,19,0.031,0.27
USR_000742,churned,163,25-34,tier2,1,0,0,47,False,False,False,14,0.065,0.19
USR_000743,inactive,66,25-34,tier2,0,0,0,8,False,False,False,15,0.053,0.28
USR_000744,inactive,88,18-24,tier3,1,0,0,49,False,False,False,13,0.043,0.14
USR_000745,trial,2,18-24,tier2,4,4,4,24,False,True,True,18,0.436,0.87
USR_000746,trial,6,35-44,tier3,5,4,3,20,True,False,False,16,0.371,0.68
USR_000747,trial,6,35-44,tier3,7,7,2,91,False,False,False,16,0.444,0.7
USR_000748,trial,5,35-44,tier2,8,5,2,25,False,True,False,8,0.291,0.46
USR_000749,paid,116,35-44,tier2,17,7,12,343,False,True,True,19,0.551,0.79
USR_000750,trial,5,35-44,tier2,5,2,1,16,False,True,False,22,0.396,0.59
USR_000751,churned,160,18-24,tier1,2,0,0,13,False,False,True,22,0.022,0.39
USR_000752,trial,7,45+,tier2,6,7,1,49,False,False,True,10,0.217,0.41
USR_000753,inactive,59,25-34,tier1,1,0,0,4,False,False,False,19,0.052,0.07
USR_000754,churned,140,18-24,tier3,0,1,0,15,False,False,False,23,0.081,0.16
USR_000755,trial,3,25-34,tier3,5,3,5,24,True,True,False,22,0.473,0.77
USR_000756,trial,3,18-24,tier2,10,2,5,18,False,True,True,19,0.491,0.71
USR_000757,churned,155,35-44,tier2,2,0,0,28,True,True,False,18,0.048,0.23
USR_000758,trial,7,25-34,tier1,11,6,2,90,True,False,False,20,0.344,0.57
USR_000759,trial,6,18-24,tier2,4,9,2,72,False,False,True,23,0.239,0.56
USR_000760,trial,6,35-44,tier2,4,8,3,40,True,False,True,6,0.359,0.75
USR_000761,churned,120,18-24,tier3,2,1,0,14,False,False,True,19,0.113,0.26
USR_000762,trial,6,18-24,tier2,5,9,7,63,True,False,True,17,0.281,0.42
USR_000763,trial,3,18-24,tier2,3,9,6,117,False,False,False,22,0.182,0.59
USR_000764,churned,33,35-44,tier2,2,1,0,27,False,False,False,19,0.094,0.12
USR_000765,paid,33,18-24,tier2,7,20,21,487,True,True,True,16,0.37,0.67
USR_000766,trial,5,25-34,tier2,10,8,3,72,True,False,True,16,0.204,0.69
USR_000767,trial,1,35-44,tier3,7,3,5,24,True,True,False,15,0.433,0.63
USR_000768,trial,5,25-34,tier2,11,2,5,24,False,True,True,17,0.332,0.7
USR_000769,trial,7,25-34,tier2,8,9,7,54,True,False,True,19,0.191,0.44
USR_000770,trial,0,25-34,tier3,10,5,4,45,True,False,True,6,0.203,0.66
USR_000771,churned,112,35-44,tier2,1,0,0,16,False,False,False,17,0.068,0.13
USR_000772,paid,103,18-24,tier2,18,18,7,309,False,True,True,13,0.309,0.74
USR_000773,churned,147,18-24,tier1,1,0,0,17,False,False,False,20,0.111,0.15
USR_000774,trial,4,35-44,tier2,5,7,6,49,False,True,False,6,0.233,0.64
USR_000775,trial,6,18-24,tier3,6,8,4,64,False,False,False,18,0.205,0.54
USR_000776,inactive,32,18-24,tier3,0,0,0,19,False,False,False,18,0.039,0.07
USR_000777,paid,56,18-24,tier2,19,16,14,374,True,True,True,14,0.368,0.88
USR_000778,churned,94,25-34,tier2,2,1,0,13,True,False,False,18,0.094,0.2
USR_000779,paid,32,35-44,tier3,9,5,20,219,True,True,True,9,0.27,0.45
USR_000780,paid,90,18-24,tier2,10,12,4,466,True,True,True,21,0.604,0.81
USR_000781,paid,104,25-34,tier3,13,5,12,129,True,True,True,20,0.321,0.78
USR_000782,paid,117,25-34,tier2,13,18,8,560,True,True,True,13,0.541,0.78
USR_000783,trial,0,25-34,tier2,3,9,3,63,True,True,True,9,0.349,0.76
USR_000784,paid,47,35-44,tier3,8,8,10,193,True,True,True,6,0.307,0.68
USR_000785,trial,2,25-34,tier1,9,3,2,24,False,True,False,18,0.4,0.42
USR_000786,churned,127,25-34,tier2,2,0,0,44,False,False,False,9,0.047,0.19
USR_000787,paid,54,18-24,tier2,11,14,17,385,False,True,True,17,0.48,0.78
USR_000788,trial,3,35-44,tier3,5,8,3,48,True,False,True,7,0.254,0.69
USR_000789,paid,67,25-34,tier2,14,9,13,378,True,True,True,20,0.292,0.76
USR_000790,trial,5,25-34,tier1,5,5,1,40,False,False,False,15,0.252,0.39
USR_000791,trial,6,25-34,tier2,5,10,6,110,False,True,True,19,0.509,0.78
USR_000792,paid,46,18-24,tier1,19,18,29,345,False,True,True,16,0.567,0.59
USR_000793,churned,131,18-24,tier2,0,0,0,15,False,True,False,14,0.029,0.36
USR_000794,trial,0,25-34,tier3,7,4,3,24,False,False,False,20,0.414,0.74
USR_000795,paid,59,18-24,tier3,18,18,27,286,True,True,True,18,0.566,0.83
USR_000796,inactive,60,18-24,tier1,0,0,0,27,False,False,False,14,0.024,0.24
USR_000797,trial,2,25-34,tier1,5,4,5,48,False,False,True,18,0.376,0.4
USR_000798,churned,133,18-24,tier3,2,0,0,49,False,False,False,23,0.062,0.27
USR_000799,trial,1,25-34,tier3,8,8,3,88,False,True,True,14,0.406,0.59
USR_000800,paid,27,25-34,tier2,5,18,23,279,True,True,True,15,0.417,0.62
USR_000801,inactive,90,25-34,tier1,1,0,0,20,False,False,False,14,0.01,0.12
USR_000802,trial,0,18-24,tier1,8,5,1,60,True,True,True,22,0.279,0.67
USR_000803,churned,164,18-24,tier3,1,0,0,46,False,False,False,12,0.066,0.11
USR_000804,trial,6,35-44,tier3,5,3,4,42,False,True,False,21,0.43,0.68
USR_000805,trial,3,18-24,tier2,10,2,4,10,False,True,False,14,0.302,0.51
USR_000806,paid,42,35-44,tier2,4,6,22,156,True,True,True,16,0.321,0.75
USR_000807,churned,147,18-24,tier2,2,1,0,29,False,True,False,17,0.065,0.22
USR_000808,inactive,35,25-34,tier2,1,0,0,33,False,False,False,14,0.025,0.26
USR_000809,paid,94,18-24,tier2,13,7,21,285,True,True,True,21,0.391,0.78
USR_000810,paid,116,25-34,tier2,7,10,9,370,True,False,True,23,0.56,0.55
USR_000811,churned,111,25-34,tier2,2,1,0,25,False,False,False,17,0.044,0.31
USR_000812,paid,65,25-34,tier3,7,16,13,525,False,False,True,18,0.279,0.5
USR_000813,paid,25,25-34,tier2,14,11,5,276,True,True,True,8,0.506,0.76
USR_000814,trial,6,25-34,tier3,7,8,5,80,False,False,True,21,0.421,0.48
USR_000815,trial,7,18-24,tier1,7,7,3,49,True,False,False,21,0.406,0.52
USR_000816,trial,0,25-34,tier1,8,4,3,56,False,False,False,21,0.33,0.6
USR_000817,paid,69,25-34,tier1,16,4,23,255,True,True,True,21,0.526,0.83
USR_000818,churned,178,18-24,tier3,2,0,0,41,False,False,False,14,0.027,0.22
USR_000819,churned,92,25-34,tier3,2,0,0,33,False,False,False,6,0.031,0.2
USR_000820,trial,5,18-24,tier2,10,5,5,35,True,False,False,13,0.434,0.68
USR_000821,trial,3,18-24,tier2,3,4,2,56,True,False,False,6,0.303,0.69
USR_000822,inactive,89,45+,tier2,1,0,0,0,False,False,False,7,0.077,0.24
USR_000823,churned,82,18-24,tier1,0,0,0,47,False,False,False,23,0.125,0.34
USR_000824,churned,88,35-44,tier2,2,0,0,34,False,False,False,21,0.112,0.27
USR_000825,inactive,86,45+,tier1,0,0,0,38,False,False,False,15,0.019,0.08
USR_000826,trial,1,18-24,tier3,12,3,2,15,True,False,True,12,0.414,0.5
USR_000827,trial,1,25-34,tier1,6,5,0,60,False,True,True,15,0.462,0.66
USR_000828,churned,146,18-24,tier3,3,0,0,16,False,False,False,16,0.084,0.18
USR_000829,inactive,85,18-24,tier2,1,0,0,11,False,True,False,18,0.046,0.24
USR_000830,trial,7,25-34,tier2,6,7,6,84,True,True,True,13,0.38,0.5
USR_000831,trial,2,18-24,tier2,6,4,3,56,True,False,True,19,0.29,0.49
USR_000832,churned,97,35-44,tier2,1,1,0,25,False,False,False,14,0.059,0.14
USR_000833,churned,44,18-24,tier3,3,0,0,18,False,True,False,14,0.106,0.39
USR_000834,churned,127,18-24,tier2,1,1,0,30,False,False,True,15,0.05,0.16
USR_000835,inactive,19,25-34,tier3,1,0,0,21,False,False,False,7,0.013,0.23
USR_000836,trial,1,25-34,tier3,7,9,0,117,False,False,False,17,0.398,0.89
USR_000837,trial,4,18-24,tier2,9,9,5,90,False,False,False,21,0.429,0.47
USR_000838,inactive,37,25-34,tier3,0,0,0,41,False,False,False,21,0.017,0.1
USR_000839,paid,14,25-34,tier2,18,5,31,247,True,False,False,20,0.384,0.67
USR_000840,paid,80,25-34,tier3,6,11,6,244,True,False,True,16,0.464,0.57
USR_000841,churned,145,25-34,tier2,2,2,0,27,False,False,False,19,0.095,0.2
USR_000842,inactive,63,25-34,tier2,0,0,0,49,False,False,False,16,0.054,0.11
USR_000843,churned,177,35-44,tier3,0,1,0,4,True,False,False,18,0.071,0.14
USR_000844,trial,3,18-24,tier1,5,3,7,18,False,False,True,22,0.439,0.52
USR_000845,churned,83,25-34,tier2,1,0,0,46,False,False,True,9,0.11,0.16
USR_000846,paid,70,18-24,tier1,16,9,31,270,True,True,True,18,0.449,0.69
USR_000847,trial,1,35-44,tier2,5,9,5,99,False,True,False,6,0.36,0.58
USR_000848,inactive,55,18-24,tier3,0,0,0,13,False,False,False,9,0.046,0.05
USR_000849,inactive,67,25-34,tier2,1,0,0,50,False,False,False,14,0.075,0.18
USR_000850,trial,5,25-34,tier2,11,4,2,20,True,False,True,20,0.498,0.79
USR_000851,paid,29,35-44,tier3,6,3,24,156,False,True,True,21,0.504,0.49
USR_000852,inactive,74,35-44,tier1,0,0,0,36,False,False,False,14,0.063,0.18
USR_000853,trial,2,18-24,tier1,5,2,0,20,False,True,True,14,0.369,0.6
USR_000854,churned,162,25-34,tier2,1,1,0,24,False,False,False,21,0.019,0.14
USR_000855,paid,9,35-44,tier3,6,4,22,253,True,True,True,10,0.444,0.52
USR_000856,inactive,70,25-34,tier2,0,0,0,35,False,False,False,20,0.047,0.28
USR_000857,paid,105,18-24,tier3,14,5,14,177,False,True,True,18,0.333,0.79
USR_000858,inactive,24,18-24,tier2,2,1,0,12,False,False,False,20,0.068,0.26
USR_000859,churned,68,25-34,tier2,1,1,0,43,False,False,False,8,0.035,0.26
USR_000860,trial,2,25-34,tier2,8,10,3,110,True,False,True,15,0.307,0.5
USR_000861,inactive,52,25-34,tier1,0,0,0,9,False,False,False,7,0.036,0.12
USR_000862,paid,39,18-24,tier3,11,6,15,213,True,True,True,23,0.339,0.77
USR_000863,churned,82,25-34,tier2,1,1,0,42,False,False,True,18,0.062,0.1
USR_000864,paid,86,35-44,tier2,11,4,27,221,True,True,True,12,0.629,0.86
USR_000865,paid,118,18-24,tier3,18,16,9,560,False,True,True,17,0.526,0.55
USR_000866,paid,43,25-34,tier3,17,14,27,462,True,True,True,14,0.298,0.79
USR_000867,paid,42,18-24,tier2,7,17,25,296,False,True,True,23,0.419,0.75
USR_000868,paid,54,18-24,tier3,15,15,21,317,True,True,True,18,0.474,0.87
USR_000869,churned,36,25-34,tier3,0,0,0,22,False,False,True,16,0.111,0.2
USR_000870,churned,93,18-24,tier3,0,1,0,41,False,False,True,19,0.117,0.31
USR_000871,trial,2,25-34,tier2,11,9,2,54,False,False,True,20,0.203,0.71
USR_000872,paid,31,18-24,tier2,18,7,30,148,True,True,True,13,0.34,0.72
USR_000873,trial,4,18-24,tier2,11,7,3,63,True,True,True,22,0.312,0.75
USR_000874,trial,2,18-24,tier2,13,3,7,36,False,True,True,11,0.534,0.81
USR_000875,churned,100,18-24,tier1,0,0,0,1,False,False,False,13,0.047,0.17
USR_000876,inactive,85,25-34,tier2,1,0,0,45,False,False,False,23,0.066,0.26
USR_000877,churned,140,25-34,tier3,1,1,0,15,False,False,True,20,0.122,0.2
USR_000878,churned,159,25-34,tier1,2,1,0,14,False,False,False,23,0.114,0.33
USR_000879,paid,87,25-34,tier1,10,11,4,220,True,True,True,21,0.487,0.9
USR_000880,churned,175,18-24,tier3,0,1,0,19,False,False,True,17,0.092,0.28
USR_000881,paid,80,25-34,tier2,17,11,14,431,False,True,True,22,0.32,0.84
USR_000882,trial,6,45+,tier2,8,7,1,42,False,True,True,14,0.322,0.63
USR_000883,trial,6,18-24,tier2,11,5,3,30,True,True,True,18,0.269,0.82
USR_000884,trial,1,25-34,tier1,5,7,3,91,False,False,True,14,0.187,0.39
USR_000885,trial,5,18-24,tier2,12,11,1,154,True,True,True,22,0.477,0.71
USR_000886,paid,116,18-24,tier2,21,7,8,257,True,True,True,23,0.65,0.87
USR_000887,trial,2,25-34,tier2,11,6,4,72,False,False,False,17,0.331,0.9
USR_000888,inactive,45,25-34,tier1,0,0,0,42,False,False,False,21,0.063,0.09
USR_000889,churned,163,35-44,tier1,0,1,0,8,False,False,False,17,0.048,0.23
USR_000890,paid,62,18-24,tier3,12,10,17,254,True,True,True,18,0.55,0.72
USR_000891,paid,47,18-24,tier3,20,15,20,502,True,True,True,23,0.383,0.58
USR_000892,trial,2,35-44,tier3,6,6,0,72,False,True,True,10,0.355,0.46
USR_000893,trial,6,25-34,tier1,4,7,6,56,True,False,False,23,0.414,0.38
USR_000894,paid,26,35-44,tier1,11,10,8,334,True,True,True,9,0.621,0.78
USR_000895,churned,101,25-34,tier2,2,0,0,44,True,False,True,19,0.03,0.18
USR_000896,trial,7,25-34,tier1,3,5,1,70,False,False,False,12,0.268,0.73
USR_000897,trial,3,35-44,tier2,10,6,3,42,False,False,True,8,0.386,0.44
USR_000898,trial,6,25-34,tier1,8,5,0,50,True,False,False,9,0.234,0.66
USR_000899,trial,4,18-24,tier1,11,5,1,40,False,True,True,10,0.232,0.72
USR_000900,trial,7,25-34,tier1,3,3,3,39,True,False,True,18,0.296,0.64
USR_000901,trial,5,25-34,tier3,6,3,0,24,False,False,False,19,0.188,0.52
USR_000902,churned,35,18-24,tier2,2,2,0,39,False,False,False,21,0.095,0.29
USR_000903,trial,7,45+,tier2,10,2,3,14,True,False,True,20,0.455,0.52
USR_000904,paid,26,18-24,tier3,6,10,29,397,False,True,True,14,0.456,0.88
USR_000905,churned,123,25-34,tier2,1,1,0,50,False,False,False,22,0.098,0.26
USR_000906,paid,105,35-44,tier2,15,8,10,247,True,True,True,19,0.582,0.64
USR_000907,trial,6,18-24,tier3,12,5,7,35,True,False,True,7,0.335,0.41
USR_000908,paid,27,25-34,tier3,11,10,26,184,False,True,False,18,0.488,0.56
USR_000909,churned,43,18-24,tier1,1,0,0,20,False,False,False,10,0.083,0.21
USR_000910,paid,98,35-44,tier2,7,7,23,296,False,True,True,20,0.382,0.54
USR_000911,churned,67,35-44,tier3,2,0,0,23,False,False,False,16,0.133,0.33
USR_000912,inactive,16,25-34,tier1,1,0,0,25,False,False,True,8,0.032,0.26
USR_000913,inactive,39,18-24,tier3,2,0,0,26,False,False,False,9,0.079,0.29
USR_000914,inactive,79,25-34,tier2,0,0,0,27,False,True,False,13,0.04,0.17
USR_000915,trial,7,18-24,tier3,9,5,0,60,False,True,True,16,0.253,0.84
USR_000916,paid,97,18-24,tier2,12,10,19,335,True,True,True,17,0.417,0.95
USR_000917,trial,1,18-24,tier2,11,10,6,60,True,True,False,15,0.246,0.85
USR_000918,trial,1,35-44,tier3,2,1,5,10,False,True,False,19,0.331,0.75
USR_000919,churned,65,18-24,tier1,0,1,0,5,False,True,False,15,0.021,0.13
USR_000920,paid,112,25-34,tier1,7,16,18,230,True,True,False,7,0.315,0.55
USR_000921,trial,3,18-24,tier1,9,7,0,98,False,False,True,20,0.326,0.49
USR_000922,paid,40,25-34,tier1,16,13,16,338,False,True,True,7,0.309,0.75
USR_000923,paid,105,35-44,tier1,15,8,25,291,True,True,True,17,0.481,0.69
USR_000924,trial,7,35-44,tier2,5,4,3,48,False,True,True,17,0.296,0.64
USR_000925,trial,6,35-44,tier3,6,8,2,120,False,False,True,7,0.233,0.42
USR_000926,trial,2,25-34,tier2,4,10,1,130,False,True,True,16,0.187,0.41
USR_000927,trial,7,18-24,tier2,7,11,1,99,True,False,True,16,0.36,0.88
USR_000928,trial,3,25-34,tier2,7,2,2,18,False,False,True,8,0.187,0.48
USR_000929,trial,2,25-34,tier2,6,10,0,100,False,True,True,10,0.441,0.62
USR_000930,paid,43,35-44,tier2,12,11,11,300,True,True,True,21,0.33,0.56
USR_000931,paid,73,25-34,tier1,17,8,6,261,True,True,False,22,0.499,0.61
USR_000932,paid,99,18-24,tier3,7,17,5,437,True,True,True,18,0.313,0.61
USR_000933,paid,33,18-24,tier3,19,14,31,379,True,True,True,14,0.569,0.77
USR_000934,churned,32,25-34,tier3,0,0,0,28,False,False,False,19,0.114,0.11
USR_000935,paid,105,25-34,tier2,10,17,16,320,True,True,True,13,0.269,0.59
USR_000936,paid,100,25-34,tier2,11,4,15,224,True,True,True,18,0.378,0.65
USR_000937,trial,1,25-34,tier1,10,2,0,20,False,True,True,14,0.17,0.46
USR_000938,churned,164,25-34,tier2,1,1,0,14,True,False,True,19,0.114,0.26
USR_000939,trial,0,25-34,tier2,9,7,3,77,False,False,False,8,0.234,0.42
USR_000940,churned,104,25-34,tier1,1,1,0,44,True,False,False,17,0.018,0.25
USR_000941,trial,2,35-44,tier2,6,3,0,42,False,True,True,12,0.441,0.67
USR_000942,trial,6,18-24,tier3,4,4,0,24,False,False,True,14,0.182,0.7
USR_000943,churned,175,35-44,tier1,1,0,0,16,False,False,False,17,0.039,0.14
USR_000944,trial,2,18-24,tier1,11,3,6,39,False,False,False,13,0.314,0.59
USR_000945,paid,39,35-44,tier2,5,5,2,149,True,True,True,5,0.381,0.49
USR_000946,trial,6,18-24,tier1,10,5,2,40,True,True,True,13,0.327,0.73
USR_000947,trial,0,25-34,tier3,10,9,1,45,False,False,False,18,0.226,0.46
USR_000948,churned,69,25-34,tier3,0,0,0,42,False,False,False,6,0.105,0.11
USR_000949,trial,4,35-44,tier2,8,3,1,15,False,True,False,18,0.503,0.7
USR_000950,inactive,76,35-44,tier2,1,0,0,23,False,False,False,15,0.033,0.11
USR_000951,churned,118,25-34,tier2,1,1,0,26,False,True,False,21,0.101,0.4
USR_000952,paid,25,25-34,tier2,10,9,16,263,False,True,True,16,0.612,0.84
USR_000953,paid,110,35-44,tier1,11,15,20,392,True,True,True,22,0.473,0.74
USR_000954,trial,2,45+,tier2,8,6,4,66,False,False,True,19,0.322,0.58
USR_000955,trial,1,25-34,tier2,5,7,1,84,False,False,False,22,0.448,0.75
USR_000956,trial,3,18-24,tier3,10,4,1,60,False,True,True,16,0.24,0.72
USR_000957,trial,6,18-24,tier3,12,8,0,120,True,True,True,19,0.477,0.7
USR_000958,paid,12,18-24,tier2,14,10,11,385,False,True,True,18,0.48,0.71
USR_000959,inactive,25,25-34,tier3,0,0,0,30,False,False,False,19,0.027,0.23
USR_000960,trial,7,18-24,tier3,5,5,0,60,False,False,False,18,0.293,0.46
USR_000961,trial,0,25-34,tier3,5,2,3,30,False,False,True,17,0.276,0.49
USR_000962,trial,7,35-44,tier1,4,4,4,56,True,True,True,7,0.439,0.62
USR_000963,churned,59,18-24,tier2,0,0,0,33,False,False,False,20,0.021,0.38
USR_000964,inactive,67,25-34,tier2,0,0,0,15,False,False,False,14,0.037,0.16
USR_000965,inactive,34,35-44,tier1,0,0,0,37,False,False,False,21,0.056,0.18
USR_000966,paid,26,25-34,tier1,9,13,12,332,True,True,True,12,0.441,0.63
USR_000967,trial,3,18-24,tier2,5,6,3,42,False,False,False,21,0.188,0.45
USR_000968,inactive,75,18-24,tier3,1,1,0,3,False,False,False,15,0.026,0.11
USR_000969,churned,131,18-24,tier2,0,1,0,50,False,False,False,12,0.083,0.22
USR_000970,paid,89,25-34,tier3,7,12,10,228,True,True,True,7,0.626,0.85
USR_000971,paid,111,25-34,tier2,20,9,26,296,False,True,True,16,0.555,0.77
USR_000972,trial,1,25-34,tier3,5,4,1,40,False,True,False,21,0.327,0.54
USR_000973,inactive,66,18-24,tier2,0,0,0,43,False,False,False,20,0.021,0.1
USR_000974,paid,110,25-34,tier2,12,11,6,420,True,True,True,18,0.421,0.83
USR_000975,trial,7,25-34,tier2,8,3,4,27,False,False,False,6,0.21,0.53
USR_000976,inactive,88,25-34,tier3,1,0,0,20,False,False,False,8,0.038,0.12
USR_000977,trial,0,18-24,tier2,3,2,0,30,True,True,False,18,0.179,0.67
USR_000978,paid,87,18-24,tier2,18,9,10,281,True,True,False,17,0.34,0.6
USR_000979,paid,113,35-44,tier1,9,9,2,307,True,True,False,18,0.286,0.49
USR_000980,trial,2,25-34,tier1,10,4,0,24,False,False,False,16,0.246,0.7
USR_000981,paid,57,25-34,tier1,16,13,3,307,True,True,True,20,0.416,0.8
USR_000982,paid,34,25-34,tier2,11,14,20,362,True,True,True,13,0.441,0.81
USR_000983,inactive,17,25-34,tier3,1,0,0,27,False,True,False,14,0.01,0.07
USR_000984,churned,95,35-44,tier1,0,0,0,12,False,False,False,15,0.07,0.15
USR_000985,churned,88,45+,tier2,0,1,0,27,True,True,False,10,0.05,0.28
USR_000986,trial,4,35-44,tier1,3,2,5,18,False,False,False,19,0.397,0.61
USR_000987,paid,38,45+,tier3,4,14,16,389,False,True,False,12,0.469,0.45
USR_000988,trial,0,45+,tier1,4,2,1,14,False,False,True,7,0.317,0.65
USR_000989,trial,4,25-34,tier2,7,5,5,45,True,False,True,23,0.221,0.76
USR_000990,paid,58,35-44,tier2,12,13,25,400,True,True,True,16,0.552,0.67
USR_000991,paid,71,25-34,tier2,7,4,5,170,True,True,True,14,0.432,0.95
USR_000992,paid,107,35-44,tier1,12,5,22,247,False,True,True,8,0.29,0.73
USR_000993,trial,5,25-34,tier3,10,5,2,60,False,False,False,12,0.159,0.43
USR_000994,inactive,23,35-44,tier3,1,0,0,32,False,False,False,11,0.022,0.15
USR_000995,trial,4,45+,tier1,2,4,3,40,False,True,False,8,0.244,0.47
USR_000996,trial,7,25-34,tier1,9,5,3,55,False,False,True,23,0.22,0.7
USR_000997,trial,4,25-34,tier3,4,8,1,88,True,True,True,6,0.214,0.71
USR_000998,paid,27,25-34,tier3,11,11,29,356,False,True,True,19,0.512,0.59
USR_000999,inactive,28,18-24,tier2,0,0,0,47,False,False,False,15,0.049,0.2
USR_001000,trial,4,25-34,tier2,10,8,1,88,False,True,False,12,0.524,0.81
USR_001001,trial,4,25-34,tier3,3,3,1,39,False,True,False,21,0.422,0.79
USR_001002,paid,50,25-34,tier2,9,7,20,250,True,True,True,7,0.468,0.93
USR_001003,paid,55,45+,tier2,6,6,23,226,False,True,True,17,0.364,0.64
USR_001004,trial,1,18-24,tier2,4,3,5,21,False,False,False,21,0.355,0.48
USR_001005,inactive,31,18-24,tier1,0,0,0,6,False,False,False,13,0.033,0.28
USR_001006,trial,0,25-34,tier3,10,3,1,42,False,True,False,18,0.326,0.6
USR_001007,trial,4,18-24,tier2,5,9,4,108,True,True,True,17,0.217,0.65
USR_001008,churned,105,25-34,tier2,2,1,0,45,False,False,False,9,0.074,0.38
USR_001009,trial,1,18-24,tier2,5,11,1,121,True,True,True,15,0.34,0.76
USR_001010,trial,4,25-34,tier3,11,3,3,27,True,True,True,6,0.386,0.42
USR_001011,paid,58,35-44,tier2,15,15,14,276,True,True,True,20,0.567,0.82
USR_001012,inactive,25,18-24,tier2,1,1,0,26,False,False,False,23,0.065,0.27
USR_001013,trial,5,18-24,tier2,11,5,0,65,False,False,True,16,0.377,0.64
USR_001014,trial,3,25-34,tier2,7,10,5,100,False,False,True,19,0.176,0.63
USR_001015,trial,1,25-34,tier3,7,9,6,81,False,True,True,17,0.346,0.86
USR_001016,inactive,88,35-44,tier3,0,0,0,17,False,False,False,13,0.07,0.05
USR_001017,paid,10,35-44,tier3,11,15,22,364,True,True,True,22,0.354,0.71
USR_001018,inactive,56,35-44,tier2,0,0,0,46,False,False,False,6,0.074,0.15
USR_001019,trial,6,25-34,tier2,4,5,5,30,False,True,False,18,0.358,0.58
USR_001020,inactive,14,35-44,tier3,1,0,0,49,False,False,False,10,0.046,0.22
USR_001021,paid,86,25-34,tier2,9,5,25,126,True,True,False,19,0.574,0.66
USR_001022,trial,3,18-24,tier2,8,10,5,110,False,False,True,21,0.362,0.41
USR_001023,trial,1,18-24,tier2,13,9,6,45,False,False,True,16,0.319,0.87
USR_001024,trial,0,18-24,tier2,13,10,5,140,False,False,False,11,0.429,0.61
USR_001025,paid,68,35-44,tier2,11,16,21,493,True,True,True,9,0.368,0.62
USR_001026,trial,2,18-24,tier3,10,9,7,81,False,False,False,17,0.307,0.54
USR_001027,paid,31,18-24,tier2,18,18,32,330,False,True,True,15,0.407,0.77
USR_001028,paid,14,25-34,tier1,8,14,16,457,False,True,True,17,0.515,0.71
USR_001029,churned,40,18-24,tier2,1,2,0,30,False,True,True,23,0.017,0.2
USR_001030,trial,1,35-44,tier2,5,6,3,90,True,True,False,16,0.472,0.75
USR_001031,churned,62,25-34,tier3,0,1,0,49,False,True,False,12,0.105,0.25
USR_001032,churned,140,25-34,tier1,0,1,0,15,False,False,False,21,0.049,0.25
USR_001033,paid,40,35-44,tier3,13,9,26,230,True,True,True,7,0.471,0.61
USR_001034,trial,0,18-24,tier3,10,8,1,40,False,False,False,20,0.401,0.51
USR_001035,paid,26,18-24,tier2,18,17,30,340,True,True,True,18,0.338,0.65
USR_001036,paid,92,18-24,tier2,9,12,12,472,True,True,True,22,0.271,0.52
USR_001037,trial,2,25-34,tier3,5,3,5,24,False,True,True,13,0.236,0.64
USR_001038,churned,129,18-24,tier2,0,1,0,41,False,False,False,6,0.072,0.14
USR_001039,inactive,80,18-24,tier3,0,0,0,18,False,False,True,23,0.016,0.18
USR_001040,trial,2,18-24,tier3,9,10,0,80,True,False,True,19,0.185,0.88
USR_001041,trial,6,25-34,tier3,5,8,4,112,False,False,True,14,0.297,0.71
USR_001042,trial,5,18-24,tier1,6,8,3,64,False,False,False,12,0.456,0.65
USR_001043,paid,76,18-24,tier2,23,5,24,142,True,True,True,15,0.353,0.94
USR_001044,inactive,89,25-34,tier3,1,0,0,48,False,False,False,17,0.067,0.28
USR_001045,trial,2,25-34,tier2,9,7,0,98,False,True,True,13,0.211,0.82
USR_001046,trial,5,25-34,tier1,10,7,3,49,False,False,False,18,0.203,0.46
USR_001047,trial,3,18-24,tier1,4,4,0,36,False,True,False,20,0.279,0.62
USR_001048,churned,70,25-34,tier2,1,0,0,9,False,False,True,19,0.041,0.26
USR_001049,paid,29,25-34,tier2,9,11,18,354,False,False,True,21,0.643,0.8
USR_001050,churned,85,25-34,tier2,3,0,0,1,False,False,False,19,0.109,0.34
USR_001051,trial,7,18-24,tier3,12,9,0,108,False,True,False,23,0.212,0.75
USR_001052,paid,112,25-34,tier3,7,11,17,374,True,False,True,18,0.546,0.6
USR_001053,paid,41,18-24,tier2,10,13,29,338,True,False,True,21,0.465,0.52
USR_001054,trial,1,25-34,tier2,10,4,1,20,False,True,False,19,0.392,0.54
USR_001055,inactive,35,25-34,tier1,1,0,0,23,False,False,False,19,0.043,0.07
USR_001056,trial,0,25-34,tier3,9,9,2,117,False,False,True,12,0.226,0.74
USR_001057,churned,152,25-34,tier2,0,1,0,2,False,False,False,7,0.055,0.15
USR_001058,paid,14,25-34,tier1,4,7,9,201,True,True,True,17,0.398,0.62
USR_001059,paid,49,35-44,tier2,9,4,10,195,True,False,True,5,0.4,0.54
USR_001060,trial,7,25-34,tier2,8,8,0,72,False,False,False,9,0.191,0.71
USR_001061,churned,94,35-44,tier3,2,0,0,30,True,False,False,19,0.036,0.23
USR_001062,paid,56,45+,tier2,14,5,18,258,True,True,True,9,0.483,0.61
USR_001063,paid,60,25-34,tier3,9,4,26,143,True,True,True,15,0.339,0.84
USR_001064,paid,88,18-24,tier2,12,10,26,389,False,True,True,15,0.545,0.84
USR_001065,churned,35,18-24,tier3,2,1,0,1,False,False,False,19,0.126,0.34
USR_001066,churned,172,25-34,tier2,2,1,0,21,False,True,False,18,0.087,0.18
USR_001067,trial,4,25-34,tier1,4,8,1,88,True,False,True,13,0.415,0.74
USR_001068,churned,53,35-44,tier3,0,1,0,40,False,False,False,7,0.084,0.28
USR_001069,churned,112,25-34,tier1,2,0,0,20,True,True,False,19,0.064,0.1
USR_001070,inactive,66,18-24,tier3,1,0,0,21,False,False,True,21,0.046,0.05
USR_001071,churned,164,18-24,tier1,2,0,0,46,False,False,False,7,0.03,0.24
USR_001072,inactive,41,35-44,tier3,0,0,0,36,False,False,False,19,0.057,0.24
USR_001073,trial,6,25-34,tier1,7,4,0,56,False,True,False,8,0.208,0.45
USR_001074,paid,50,18-24,tier2,11,5,11,198,False,False,True,19,0.539,0.52
USR_001075,paid,71,35-44,tier2,17,9,27,198,True,True,True,13,0.592,0.79
USR_001076,inactive,60,18-24,tier3,0,0,0,6,True,False,False,16,0.066,0.27
USR_001077,inactive,57,35-44,tier2,0,0,0,9,False,False,False,13,0.046,0.09
USR_001078,paid,45,45+,tier3,13,3,8,265,True,True,True,7,0.395,0.77
USR_001079,churned,84,25-34,tier2,0,0,0,23,False,False,False,18,0.02,0.12
USR_001080,inactive,51,25-34,tier1,0,0,0,39,False,False,False,19,0.064,0.28
USR_001081,inactive,62,25-34,tier2,1,0,0,5,False,False,False,19,0.072,0.21
USR_001082,inactive,60,18-24,tier2,1,0,0,50,False,False,False,22,0.046,0.09
USR_001083,inactive,38,18-24,tier1,0,0,0,3,False,False,False,19,0.074,0.11
USR_001084,paid,68,25-34,tier3,7,12,15,387,False,True,True,9,0.466,0.69
USR_001085,paid,54,18-24,tier2,17,19,19,553,True,True,True,16,0.296,0.8
USR_001086,inactive,86,18-24,tier1,1,0,0,17,False,False,False,20,0.042,0.26
USR_001087,trial,5,25-34,tier2,6,2,6,16,False,False,False,18,0.183,0.41
USR_001088,churned,60,18-24,tier2,0,0,0,2,False,False,False,18,0.087,0.26
USR_001089,inactive,42,35-44,tier1,0,0,0,24,False,False,False,6,0.079,0.17
USR_001090,paid,112,18-24,tier2,16,17,29,336,False,True,True,20,0.276,0.51
USR_001091,trial,3,25-34,tier1,10,9,4,108,True,True,False,12,0.464,0.68
USR_001092,paid,99,18-24,tier1,20,17,23,596,True,True,True,9,0.589,0.84
USR_001093,inactive,86,35-44,tier3,1,0,0,12,False,False,False,6,0.021,0.1
USR_001094,paid,48,18-24,tier1,10,17,8,331,True,True,True,18,0.388,0.91
USR_001095,trial,3,18-24,tier2,11,4,4,32,True,False,True,17,0.212,0.73
USR_001096,paid,47,35-44,tier2,8,4,27,212,True,True,True,15,0.652,0.84
USR_001097,trial,3,45+,tier1,7,6,2,42,False,False,False,11,0.311,0.54
USR_001098,trial,7,35-44,tier2,10,6,5,72,True,False,False,7,0.301,0.43
USR_001099,churned,139,25-34,tier2,2,0,0,21,False,False,False,23,0.059,0.17
USR_001100,trial,0,35-44,tier3,6,6,3,72,False,False,True,14,0.183,0.65
USR_001101,trial,2,25-34,tier3,10,2,5,30,True,False,True,10,0.269,0.59
USR_001102,trial,5,45+,tier2,2,4,6,28,False,True,True,6,0.403,0.78
USR_001103,trial,6,25-34,tier2,12,8,7,104,False,False,True,18,0.346,0.68
USR_001104,inactive,18,45+,tier1,1,0,0,16,False,False,False,15,0.06,0.18
USR_001105,paid,120,18-24,tier1,14,16,20,338,True,True,True,20,0.463,0.75
USR_001106,trial,6,35-44,tier1,6,4,3,56,True,False,True,12,0.2,0.76
USR_001107,trial,7,25-34,tier3,8,5,3,35,False,True,True,20,0.481,0.83
USR_001108,trial,0,25-34,tier2,10,6,5,30,False,False,False,14,0.337,0.4
USR_001109,churned,129,35-44,tier3,1,1,0,21,True,True,False,15,0.102,0.24
USR_001110,inactive,81,18-24,tier1,0,0,0,34,False,False,False,20,0.017,0.14
USR_001111,churned,86,35-44,tier3,2,0,0,20,False,False,True,6,0.098,0.34
USR_001112,trial,7,35-44,tier3,4,8,2,112,True,False,True,17,0.299,0.8
USR_001113,churned,159,25-34,tier1,0,1,0,1,False,False,False,22,0.07,0.1
USR_001114,paid,44,35-44,tier3,15,6,7,251,True,True,True,16,0.591,0.7
USR_001115,paid,114,18-24,tier1,16,12,10,373,False,True,True,16,0.391,0.52
USR_001116,trial,3,18-24,tier1,10,6,6,54,True,True,False,10,0.48,0.66
USR_001117,inactive,27,18-24,tier3,0,0,0,33,False,False,False,6,0.061,0.24
USR_001118,paid,24,18-24,tier3,18,4,14,272,True,True,True,17,0.551,0.61
USR_001119,churned,44,35-44,tier2,2,1,0,45,False,False,False,19,0.031,0.21
USR_001120,trial,4,18-24,tier3,8,5,4,35,False,True,False,19,0.25,0.88
USR_001121,trial,1,25-34,tier1,9,5,2,40,False,False,True,20,0.252,0.44
USR_001122,paid,38,35-44,tier1,5,13,22,326,False,True,True,5,0.405,0.75
USR_001123,trial,2,25-34,tier2,9,4,2,32,False,True,False,19,0.212,0.66
USR_001124,paid,100,35-44,tier3,17,11,6,243,True,True,True,7,0.35,0.45
USR_001125,paid,77,35-44,tier1,14,4,5,113,True,True,True,17,0.504,0.75
USR_001126,paid,39,18-24,tier1,11,11,8,359,True,True,True,17,0.531,0.75
USR_001127,churned,112,35-44,tier2,0,1,0,5,False,False,False,5,0.031,0.17
USR_001128,paid,66,35-44,tier2,10,12,8,246,True,False,True,21,0.449,0.52
USR_001129,paid,99,18-24,tier2,18,19,23,459,False,True,True,13,0.532,0.93
USR_001130,inactive,55,45+,tier3,1,0,0,15,False,False,False,14,0.055,0.09
USR_001131,churned,111,35-44,tier2,1,0,0,18,False,False,False,7,0.105,0.23
USR_001132,trial,4,18-24,tier2,9,11,4,55,True,False,True,22,0.375,0.76
USR_001133,trial,0,18-24,tier1,6,7,4,49,False,False,True,20,0.462,0.78
USR_001134,paid,39,25-34,tier3,6,4,21,158,True,True,True,19,0.337,0.94
USR_001135,trial,7,18-24,tier3,9,10,6,100,False,False,True,14,0.408,0.66
USR_001136,churned,166,25-34,tier1,1,0,0,24,False,False,True,12,0.053,0.31
USR_001137,paid,81,35-44,tier3,8,9,11,323,False,True,True,20,0.328,0.8
USR_001138,trial,5,35-44,tier3,8,2,1,28,False,False,True,18,0.418,0.48
USR_001139,paid,83,25-34,tier1,11,11,5,418,True,True,True,8,0.556,0.65
USR_001140,paid,85,25-34,tier1,15,12,5,305,True,False,True,18,0.281,0.64
USR_001141,churned,93,35-44,tier3,0,1,0,29,False,False,False,15,0.08,0.1
USR_001142,churned,163,25-34,tier2,0,1,0,21,False,False,False,18,0.03,0.13
USR_001143,inactive,31,25-34,tier2,0,0,0,50,False,False,False,22,0.064,0.26
USR_001144,trial,3,25-34,tier2,9,6,2,42,False,False,False,10,0.336,0.79
USR_001145,trial,5,25-34,tier2,8,5,5,35,False,True,True,19,0.193,0.47
USR_001146,inactive,60,45+,tier2,1,0,0,27,False,False,False,15,0.014,0.11
USR_001147,inactive,30,18-24,tier1,1,0,0,0,False,False,False,22,0.05,0.08
USR_001148,trial,3,25-34,tier2,3,2,2,18,False,False,False,16,0.335,0.85
USR_001149,paid,107,25-34,tier2,20,9,15,257,True,True,True,20,0.341,0.58
USR_001150,trial,1,25-34,tier3,3,2,6,14,False,True,True,19,0.209,0.8
USR_001151,paid,20,18-24,tier1,17,13,15,388,True,True,False,20,0.405,0.57
USR_001152,trial,7,25-34,tier1,8,4,6,44,True,False,False,16,0.244,0.77
USR_001153,trial,6,25-34,tier1,4,5,3,25,False,False,True,6,0.192,0.55
USR_001154,trial,3,45+,tier3,7,2,4,20,False,False,False,10,0.223,0.74
USR_001155,paid,97,25-34,tier3,17,4,4,127,True,True,False,18,0.276,0.62
USR_001156,trial,1,25-34,tier2,11,2,5,30,True,False,False,20,0.325,0.53
USR_001157,churned,46,25-34,tier2,0,0,0,25,True,False,False,17,0.073,0.28
USR_001158,churned,87,25-34,tier2,2,0,0,24,False,False,False,12,0.065,0.31
USR_001159,inactive,20,18-24,tier2,1,0,0,37,False,False,False,20,0.048,0.26
USR_001160,paid,86,25-34,tier3,11,4,22,159,True,True,True,18,0.321,0.91
USR_001161,paid,29,35-44,tier2,6,9,24,218,True,True,True,8,0.581,0.75
USR_001162,paid,73,25-34,tier2,14,17,25,503,True,True,False,22,0.526,0.7
USR_001163,trial,6,35-44,tier1,9,3,0,42,False,False,True,15,0.472,0.67
USR_001164,inactive,15,45+,tier2,0,0,0,12,False,False,False,17,0.021,0.17
USR_001165,paid,19,18-24,tier2,19,15,32,378,True,True,True,13,0.513,0.73
USR_001166,churned,152,25-34,tier3,1,0,0,22,False,False,False,19,0.062,0.21
USR_001167,paid,39,25-34,tier2,8,8,28,272,True,True,True,8,0.628,0.81
USR_001168,trial,6,18-24,tier2,10,4,4,36,True,True,False,9,0.301,0.59
USR_001169,trial,5,25-34,tier1,3,2,6,26,False,False,True,17,0.193,0.55
USR_001170,inactive,48,45+,tier3,0,0,0,48,False,False,False,11,0.08,0.17
USR_001171,paid,10,25-34,tier1,13,4,10,162,False,True,True,19,0.372,0.57
USR_001172,churned,134,18-24,tier1,2,0,0,1,False,False,True,16,0.098,0.11
USR_001173,inactive,52,25-34,tier3,0,0,0,26,False,False,False,12,0.064,0.16
USR_001174,paid,69,18-24,tier3,20,18,5,332,True,True,True,19,0.299,0.73
USR_001175,paid,18,25-34,tier1,11,9,24,351,True,True,True,15,0.367,0.52
USR_001176,paid,39,25-34,tier2,16,12,22,377,True,True,True,18,0.587,0.75
USR_001177,paid,14,45+,tier3,5,10,19,281,True,True,True,9,0.509,0.68
USR_001178,paid,95,18-24,tier1,16,7,19,173,True,True,True,15,0.653,0.84
USR_001179,paid,15,18-24,tier2,12,4,4,169,True,True,True,23,0.384,0.8
USR_001180,inactive,49,45+,tier2,1,0,0,50,False,True,False,7,0.01,0.14
USR_001181,inactive,76,18-24,tier3,1,0,0,38,False,False,False,15,0.065,0.19
USR_001182,trial,5,18-24,tier3,5,5,2,75,False,False,True,16,0.179,0.47
USR_001183,trial,0,25-34,tier1,2,8,2,96,True,True,True,19,0.335,0.79
USR_001184,churned,110,25-34,tier2,1,0,0,16,False,True,False,22,0.067,0.15
USR_001185,paid,15,25-34,tier2,5,17,18,342,True,False,True,16,0.43,0.55
USR_001186,trial,7,25-34,tier3,11,9,6,99,True,False,False,20,0.35,0.54
USR_001187,trial,0,25-34,tier3,4,4,5,52,True,True,False,19,0.494,0.84
USR_001188,trial,2,25-34,tier3,6,4,3,40,True,False,False,16,0.426,0.55
USR_001189,churned,38,45+,tier2,1,0,0,7,False,False,True,7,0.109,0.19
USR_001190,trial,7,18-24,tier3,6,6,5,66,False,False,False,7,0.331,0.77
USR_001191,churned,72,18-24,tier2,1,0,0,41,False,False,True,18,0.097,0.27
USR_001192,paid,108,35-44,tier1,9,6,3,202,False,True,True,18,0.328,0.55
USR_001193,paid,120,18-24,tier3,10,4,30,257,True,True,True,22,0.456,0.82
USR_001194,inactive,36,35-44,tier2,0,0,0,44,False,True,False,18,0.069,0.13
USR_001195,trial,1,25-34,tier1,2,7,5,91,False,True,True,8,0.332,0.76
USR_001196,paid,57,18-24,tier2,19,13,16,433,True,True,True,20,0.31,0.76
USR_001197,paid,43,18-24,tier2,20,15,11,364,False,False,False,19,0.571,0.6
USR_001198,trial,3,35-44,tier3,7,2,1,22,True,False,False,17,0.322,0.62
USR_001199,inactive,40,18-24,tier3,2,0,0,0,False,False,False,12,0.061,0.06
USR_001200,trial,1,18-24,tier1,9,5,3,75,False,False,False,20,0.31,0.46
USR_001201,paid,18,25-34,tier1,16,6,12,173,True,False,False,12,0.348,0.51
USR_001202,paid,43,35-44,tier3,10,13,23,227,True,True,True,16,0.563,0.71
USR_001203,trial,7,25-34,tier3,10,5,1,30,False,False,False,17,0.296,0.59
USR_001204,trial,6,35-44,tier1,10,6,2,36,True,False,False,9,0.163,0.38
USR_001205,churned,102,35-44,tier3,0,0,0,39,False,False,False,16,0.021,0.2
USR_001206,trial,6,35-44,tier3,6,3,3,15,False,False,True,12,0.293,0.53
USR_001207,paid,74,25-34,tier2,19,12,16,372,True,True,True,14,0.459,0.95
USR_001208,paid,56,35-44,tier2,5,11,6,312,True,True,True,11,0.617,0.87
USR_001209,trial,0,45+,tier2,8,8,3,48,False,False,True,12,0.513,0.77
USR_001210,paid,93,25-34,tier3,16,10,13,273,True,True,True,18,0.307,0.58
USR_001211,inactive,32,25-34,tier1,1,0,0,23,False,False,False,21,0.056,0.07
USR_001212,trial,5,18-24,tier3,10,5,6,50,False,False,True,19,0.179,0.42
USR_001213,paid,101,18-24,tier2,6,14,10,422,True,True,True,13,0.594,0.82
USR_001214,inactive,55,25-34,tier3,1,0,0,16,False,False,False,16,0.018,0.06
USR_001215,churned,137,18-24,tier1,0,1,0,41,False,True,True,21,0.132,0.38
USR_001216,churned,177,45+,tier1,0,0,0,47,False,False,False,8,0.062,0.19
USR_001217,inactive,70,25-34,tier1,0,0,0,16,False,False,False,6,0.071,0.06
USR_001218,inactive,78,35-44,tier2,1,0,0,35,False,False,False,15,0.039,0.21
USR_001219,paid,24,35-44,tier2,13,7,14,276,False,True,True,17,0.534,0.52
USR_001220,churned,48,35-44,tier1,0,0,0,13,False,False,False,6,0.118,0.28
USR_001221,inactive,70,35-44,tier3,0,0,0,27,False,False,True,19,0.076,0.12
USR_001222,trial,3,25-34,tier1,11,9,5,135,False,False,False,13,0.26,0.82
USR_001223,inactive,83,18-24,tier3,0,0,0,23,False,True,False,19,0.033,0.16
USR_001224,inactive,15,18-24,tier2,1,0,0,38,False,False,False,21,0.059,0.24
USR_001225,trial,1,18-24,tier3,7,6,2,66,False,True,False,20,0.318,0.7
USR_001226,trial,0,25-34,tier1,6,6,6,36,False,True,False,18,0.458,0.53
USR_001227,churned,174,18-24,tier3,1,2,0,46,False,False,True,16,0.058,0.36
USR_001228,inactive,89,35-44,tier2,0,0,0,8,False,False,False,18,0.054,0.05
USR_001229,paid,98,25-34,tier3,16,13,20,335,True,True,True,23,0.419,0.91
USR_001230,churned,178,18-24,tier2,0,0,0,4,False,True,False,23,0.044,0.11
USR_001231,paid,36,25-34,tier3,19,8,19,247,False,True,True,11,0.449,0.9
USR_001232,trial,6,25-34,tier1,11,6,3,78,False,True,False,20,0.187,0.69
USR_001233,paid,107,25-34,tier2,16,7,16,261,False,True,False,18,0.451,0.62
USR_001234,paid,36,45+,tier2,4,8,13,148,False,True,True,7,0.408,0.75
USR_001235,paid,24,45+,tier2,16,5,5,176,True,True,True,19,0.505,0.66
USR_001236,churned,47,18-24,tier3,0,1,0,34,False,False,True,15,0.09,0.29
USR_001237,paid,9,25-34,tier2,7,17,5,543,True,True,True,12,0.502,0.68
USR_001238,churned,169,45+,tier2,1,1,0,15,False,False,False,7,0.02,0.11
USR_001239,paid,9,35-44,tier1,15,5,11,213,True,True,True,5,0.462,0.63
USR_001240,trial,3,35-44,tier3,8,5,1,50,False,True,False,17,0.207,0.55
USR_001241,inactive,87,25-34,tier1,1,0,0,35,False,False,False,9,0.035,0.18
USR_001242,paid,80,25-34,tier3,16,13,15,370,True,True,True,7,0.653,0.82
USR_001243,paid,117,35-44,tier2,7,11,12,272,True,True,True,18,0.407,0.87
USR_001244,churned,152,45+,tier1,0,0,0,9,False,False,False,7,0.089,0.23
USR_001245,trial,4,18-24,tier2,10,9,7,72,False,True,False,23,0.387,0.83
USR_001246,churned,33,25-34,tier3,0,1,0,22,False,False,False,8,0.062,0.18
USR_001247,inactive,45,18-24,tier3,0,0,0,0,False,False,False,17,0.039,0.24
USR_001248,churned,89,35-44,tier2,2,0,0,41,False,False,False,18,0.09,0.21
USR_001249,trial,1,25-34,tier2,7,5,4,45,True,False,True,8,0.462,0.83
USR_001250,trial,4,45+,tier2,3,4,1,40,False,True,True,11,0.32,0.61
USR_001251,paid,61,35-44,tier3,15,15,13,472,False,True,True,20,0.318,0.76
USR_001252,paid,105,18-24,tier2,19,9,4,345,True,True,True,21,0.585,0.93
USR_001253,trial,7,25-34,tier2,4,9,2,135,False,True,False,11,0.414,0.62
USR_001254,trial,5,35-44,tier2,5,3,4,45,False,False,True,14,0.521,0.78
USR_001255,paid,26,25-34,tier3,14,14,27,322,True,True,True,10,0.498,0.82
USR_001256,churned,147,45+,tier2,2,0,0,44,False,False,False,7,0.096,0.1
USR_001257,trial,7,18-24,tier3,7,5,5,50,False,False,False,19,0.242,0.58
USR_001258,churned,98,25-34,tier3,2,1,0,17,False,False,False,17,0.122,0.2
USR_001259,paid,72,45+,tier2,9,13,13,326,True,True,True,5,0.545,0.81
USR_001260,trial,4,35-44,tier2,7,8,1,96,True,False,True,12,0.251,0.57
USR_001261,trial,7,35-44,tier1,9,3,1,15,False,True,True,6,0.434,0.67
USR_001262,inactive,88,45+,tier2,0,0,0,28,False,False,False,7,0.065,0.14
USR_001263,paid,36,18-24,tier3,7,18,30,356,False,False,True,19,0.359,0.51
USR_001264,inactive,71,18-24,tier3,0,1,0,32,False,False,False,22,0.037,0.09
USR_001265,churned,157,18-24,tier3,0,1,0,47,False,False,True,19,0.098,0.15
USR_001266,churned,145,18-24,tier2,0,0,0,48,False,True,False,10,0.106,0.22
USR_001267,paid,64,25-34,tier1,18,4,26,142,True,True,True,6,0.319,0.63
USR_001268,trial,3,18-24,tier2,4,2,2,30,False,True,False,21,0.379,0.88
USR_001269,churned,38,25-34,tier1,0,0,0,11,False,False,False,19,0.08,0.2
USR_001270,paid,39,25-34,tier2,10,14,30,444,False,True,True,10,0.33,0.66
USR_001271,churned,74,18-24,tier2,0,0,0,27,False,False,False,15,0.044,0.31
USR_001272,trial,6,25-34,tier1,3,2,6,14,True,False,False,8,0.284,0.4
USR_001273,churned,33,18-24,tier1,1,0,0,40,False,False,False,23,0.094,0.29
USR_001274,inactive,77,25-34,tier3,1,0,0,48,False,False,False,16,0.033,0.23
USR_001275,trial,3,18-24,tier3,13,10,1,70,False,True,True,19,0.223,0.48
USR_001276,trial,2,45+,tier3,8,6,4,84,True,False,True,9,0.446,0.71
USR_001277,inactive,20,18-24,tier2,2,0,0,17,False,False,True,20,0.049,0.25
USR_001278,paid,113,35-44,tier2,8,10,10,226,False,True,True,10,0.306,0.84
USR_001279,churned,160,18-24,tier2,2,1,0,2,False,False,True,21,0.112,0.35
USR_001280,paid,30,18-24,tier1,19,13,13,418,False,True,True,23,0.393,0.69
USR_001281,trial,6,45+,tier1,6,2,1,18,False,True,True,5,0.196,0.54
USR_001282,trial,1,45+,tier2,7,6,0,66,True,True,False,13,0.416,0.68
USR_001283,inactive,86,25-34,tier2,1,0,0,38,False,False,False,16,0.014,0.18
USR_001284,inactive,63,18-24,tier2,1,0,0,40,False,False,False,19,0.035,0.22
USR_001285,inactive,53,45+,tier2,0,0,0,21,False,True,False,15,0.048,0.13
USR_001286,trial,1,18-24,tier1,8,5,0,45,False,True,True,20,0.406,0.57
USR_001287,paid,61,25-34,tier1,18,9,10,243,False,True,True,16,0.434,0.71
USR_001288,paid,62,18-24,tier3,16,4,28,207,True,True,True,18,0.263,0.51
USR_001289,paid,64,25-34,tier3,6,16,18,436,True,True,True,7,0.396,0.66
USR_001290,trial,2,18-24,tier1,7,7,3,98,True,True,True,19,0.41,0.52
USR_001291,churned,102,25-34,tier2,1,0,0,16,False,False,False,19,0.049,0.2
USR_001292,churned,61,35-44,tier2,1,1,0,14,False,False,False,8,0.07,0.31
USR_001293,paid,10,18-24,tier2,14,15,23,480,True,True,True,18,0.496,0.75
USR_001294,inactive,80,25-34,tier2,1,0,0,11,False,False,False,15,0.012,0.09
USR_001295,trial,5,25-34,tier1,5,8,2,56,False,False,True,20,0.192,0.52
USR_001296,trial,6,18-24,tier2,12,5,0,30,True,True,True,22,0.477,0.76
USR_001297,trial,7,18-24,tier3,6,5,2,25,False,True,True,20,0.335,0.75
USR_001298,paid,81,25-34,tier3,14,17,10,477,True,True,True,15,0.302,0.66
USR_001299,paid,31,18-24,tier1,8,10,29,237,True,True,True,16,0.395,0.83
USR_001300,trial,6,18-24,tier2,8,8,6,120,False,False,True,21,0.473,0.6
USR_001301,trial,4,25-34,tier1,6,6,0,72,False,False,False,15,0.278,0.8
USR_001302,trial,5,45+,tier2,3,3,4,33,False,True,False,14,0.266,0.73
USR_001303,trial,2,25-34,tier2,5,3,7,24,True,True,True,15,0.504,0.71
USR_001304,trial,3,18-24,tier1,5,6,0,66,False,True,True,23,0.176,0.75
USR_001305,trial,5,25-34,tier2,5,8,1,104,True,True,False,21,0.419,0.72
USR_001306,churned,37,35-44,tier1,0,1,0,47,False,False,True,21,0.074,0.12
USR_001307,churned,146,35-44,tier1,1,1,0,16,True,False,False,19,0.057,0.12
USR_001308,churned,56,25-34,tier3,2,0,0,11,False,False,False,20,0.12,0.25
USR_001309,inactive,83,18-24,tier2,0,1,0,20,False,False,False,23,0.022,0.25
USR_001310,paid,96,35-44,tier2,9,8,16,293,False,True,True,8,0.379,0.78
USR_001311,paid,20,45+,tier3,5,4,3,112,False,True,True,20,0.448,0.63
USR_001312,paid,45,18-24,tier3,16,16,30,398,True,True,True,15,0.414,0.77
USR_001313,paid,71,18-24,tier1,20,15,10,371,True,True,True,13,0.326,0.75
USR_001314,churned,127,25-34,tier2,2,0,0,1,False,False,True,12,0.053,0.32
USR_001315,trial,5,35-44,tier2,2,5,5,50,False,False,False,17,0.159,0.38
USR_001316,trial,2,25-34,tier2,6,7,1,84,False,True,True,9,0.521,0.87
USR_001317,trial,2,18-24,tier3,3,2,3,14,True,False,True,17,0.405,0.67
USR_001318,trial,6,18-24,tier1,5,3,2,21,False,True,True,18,0.428,0.78
USR_001319,paid,45,18-24,tier2,17,20,4,359,True,True,True,20,0.458,0.67
USR_001320,trial,0,18-24,tier2,3,7,6,49,False,True,False,14,0.197,0.51
USR_001321,churned,58,25-34,tier2,2,1,0,7,False,False,False,6,0.102,0.26
USR_001322,paid,57,18-24,tier2,11,9,7,388,True,True,True,23,0.644,0.88
USR_001323,paid,74,25-34,tier3,9,14,13,301,False,True,True,19,0.475,0.68
USR_001324,trial,6,18-24,tier2,11,3,1,18,False,True,True,15,0.203,0.41
USR_001325,trial,1,25-34,tier2,4,9,3,54,False,False,False,12,0.424,0.81
USR_001326,churned,170,25-34,tier1,0,0,0,12,False,False,False,7,0.054,0.21
USR_001327,churned,131,25-34,tier1,0,0,0,0,False,False,False,21,0.07,0.11
USR_001328,inactive,67,25-34,tier1,1,0,0,29,False,True,False,18,0.02,0.18
USR_001329,churned,75,45+,tier3,2,1,0,30,False,False,False,19,0.042,0.31
USR_001330,paid,89,25-34,tier2,7,13,18,324,False,True,True,8,0.465,0.87
USR_001331,trial,2,18-24,tier1,5,3,4,42,False,False,False,17,0.2,0.45
USR_001332,churned,35,18-24,tier2,1,2,0,40,True,False,False,22,0.032,0.13
USR_001333,inactive,48,25-34,tier1,0,0,0,37,False,False,False,18,0.034,0.19
USR_001334,paid,77,35-44,tier2,14,8,15,362,True,True,True,17,0.424,0.78
USR_001335,paid,81,18-24,tier3,19,6,16,269,True,True,False,17,0.344,0.64
USR_001336,paid,46,18-24,tier2,21,13,22,313,True,True,True,18,0.612,0.7
USR_001337,churned,35,25-34,tier2,1,1,0,25,False,False,False,18,0.077,0.19
USR_001338,trial,4,45+,tier1,3,4,1,24,False,True,True,13,0.395,0.51
USR_001339,inactive,17,18-24,tier2,0,0,0,2,False,False,False,16,0.019,0.09
USR_001340,trial,6,18-24,tier2,7,7,7,56,False,True,False,17,0.172,0.41
USR_001341,trial,3,35-44,tier2,10,7,2,42,False,False,False,18,0.231,0.52
USR_001342,paid,9,25-34,tier3,7,17,24,450,True,True,True,19,0.596,0.91
USR_001343,paid,90,35-44,tier2,7,15,27,445,True,True,True,18,0.589,0.64
USR_001344,paid,100,18-24,tier3,20,14,19,375,False,False,True,20,0.324,0.57
USR_001345,trial,4,18-24,tier2,4,7,0,70,False,False,True,23,0.429,0.64
USR_001346,trial,2,45+,tier2,3,8,3,56,False,True,True,7,0.445,0.55
USR_001347,trial,4,18-24,tier1,7,2,3,28,False,False,False,16,0.357,0.64
USR_001348,paid,112,18-24,tier3,9,7,3,127,False,True,True,15,0.366,0.87
USR_001349,churned,53,25-34,tier2,2,0,0,49,False,False,False,16,0.034,0.24
USR_001350,trial,5,25-34,tier3,8,7,2,70,True,False,True,20,0.199,0.56
USR_001351,trial,7,18-24,tier2,7,3,0,36,True,False,True,16,0.185,0.57
USR_001352,paid,54,18-24,tier1,15,9,7,296,True,True,True,12,0.545,0.7
USR_001353,paid,81,18-24,tier3,13,8,28,285,True,True,True,9,0.359,0.77
USR_001354,trial,3,35-44,tier2,9,5,3,65,False,False,False,19,0.384,0.46
USR_001355,trial,7,35-44,tier2,4,4,3,60,False,True,True,17,0.266,0.46
USR_001356,trial,0,18-24,tier1,4,6,0,72,False,True,False,18,0.395,0.61
USR_001357,churned,131,45+,tier2,1,0,0,27,False,False,False,18,0.08,0.15
USR_001358,trial,0,35-44,tier1,7,2,3,20,False,False,True,8,0.45,0.58
USR_001359,trial,6,25-34,tier2,9,4,2,60,False,False,True,16,0.382,0.73
USR_001360,paid,29,25-34,tier2,14,17,26,284,True,True,True,17,0.662,0.9
USR_001361,trial,7,18-24,tier3,10,7,6,84,False,False,True,19,0.407,0.82
USR_001362,inactive,88,25-34,tier3,1,0,0,10,False,False,False,15,0.061,0.13
USR_001363,paid,18,25-34,tier2,8,7,3,362,True,True,True,19,0.484,0.74
USR_001364,trial,0,45+,tier2,9,1,4,12,False,False,True,17,0.436,0.65
USR_001365,paid,79,18-24,tier2,20,19,21,358,False,True,True,16,0.425,0.6
USR_001366,inactive,54,18-24,tier3,0,0,0,34,False,False,False,8,0.081,0.24
USR_001367,trial,2,25-34,tier2,9,4,0,52,True,True,True,20,0.45,0.76
USR_001368,churned,64,18-24,tier2,1,1,0,25,False,False,False,18,0.053,0.12
USR_001369,trial,5,25-34,tier1,7,6,3,66,True,False,False,18,0.31,0.48
USR_001370,trial,3,25-34,tier2,3,4,2,44,False,False,True,19,0.195,0.59
USR_001371,trial,0,25-34,tier2,9,9,6,135,True,True,True,17,0.487,0.64
USR_001372,paid,45,18-24,tier3,8,5,27,252,False,True,True,22,0.469,0.62
USR_001373,paid,112,18-24,tier2,16,9,29,329,True,True,True,19,0.253,0.52
USR_001374,trial,6,18-24,tier2,4,10,7,100,True,True,True,21,0.223,0.53
USR_001375,churned,177,35-44,tier2,2,0,0,36,False,False,False,21,0.122,0.29
USR_001376,trial,4,25-34,tier3,11,6,5,60,False,True,False,10,0.481,0.84
USR_001377,paid,70,35-44,tier1,5,6,7,251,True,True,True,6,0.31,0.67
USR_001378,churned,108,35-44,tier1,2,1,0,32,False,False,False,17,0.059,0.32
USR_001379,trial,7,18-24,tier2,8,9,0,135,False,False,True,23,0.24,0.76
USR_001380,inactive,30,45+,tier1,0,0,0,5,False,True,False,17,0.026,0.24
USR_001381,paid,67,25-34,tier2,7,8,11,218,False,True,True,19,0.282,0.51
USR_001382,trial,1,45+,tier1,2,4,3,56,False,True,False,12,0.265,0.36
USR_001383,churned,129,25-34,tier1,2,1,0,18,False,True,False,12,0.031,0.15
USR_001384,trial,3,35-44,tier2,4,2,3,10,True,True,True,6,0.291,0.67
USR_001385,paid,96,18-24,tier2,17,5,32,137,True,True,True,17,0.594,0.85
USR_001386,paid,82,18-24,tier3,6,9,17,146,True,True,True,23,0.454,0.64
USR_001387,churned,78,18-24,tier2,2,0,0,4,False,False,False,10,0.068,0.15
USR_001388,churned,36,25-34,tier1,2,0,0,35,False,False,True,16,0.083,0.3
USR_001389,churned,31,45+,tier2,1,0,0,8,False,False,False,17,0.128,0.35
USR_001390,trial,0,18-24,tier2,4,3,7,27,True,False,False,20,0.158,0.53
USR_001391,trial,7,35-44,tier3,9,4,0,44,False,False,True,7,0.207,0.66
USR_001392,trial,0,25-34,tier3,11,7,1,42,False,False,True,14,0.197,0.57
USR_001393,paid,76,18-24,tier3,15,17,8,506,False,False,True,21,0.547,0.69
USR_001394,paid,73,25-34,tier3,15,5,15,247,False,True,True,16,0.327,0.95
USR_001395,churned,174,25-34,tier1,0,0,0,48,False,False,True,15,0.105,0.34
USR_001396,paid,33,35-44,tier3,9,15,17,420,False,False,True,8,0.447,0.79
USR_001397,paid,75,18-24,tier2,12,9,9,179,True,True,True,21,0.474,0.82
USR_001398,paid,105,18-24,tier3,9,5,3,116,True,True,True,17,0.366,0.73
USR_001399,trial,1,25-34,tier3,4,2,5,16,False,False,True,19,0.32,0.41
USR_001400,trial,7,25-34,tier3,9,6,2,78,False,True,False,22,0.477,0.67
USR_001401,paid,13,45+,tier2,5,15,22,419,True,True,True,6,0.336,0.84
USR_001402,trial,5,18-24,tier3,4,7,4,35,True,True,True,21,0.224,0.75
USR_001403,trial,0,18-24,tier3,3,3,5,27,False,False,True,19,0.337,0.54
USR_001404,paid,63,25-34,tier3,11,14,5,347,True,True,True,8,0.553,0.75
USR_001405,trial,7,18-24,tier1,8,8,7,72,False,True,False,18,0.168,0.47
USR_001406,churned,121,35-44,tier2,1,0,0,6,False,False,True,9,0.037,0.36
USR_001407,inactive,56,25-34,tier1,0,0,0,25,False,False,False,17,0.026,0.06
USR_001408,trial,2,18-24,tier2,5,4,3,28,True,True,True,11,0.169,0.43
USR_001409,trial,6,35-44,tier2,3,2,0,20,False,False,True,18,0.333,0.81
USR_001410,trial,4,35-44,tier3,5,7,6,63,True,True,True,22,0.406,0.5
USR_001411,paid,19,45+,tier1,8,3,13,190,True,True,True,11,0.325,0.67
USR_001412,paid,60,25-34,tier2,13,6,12,240,False,False,True,9,0.397,0.55
USR_001413,paid,52,25-34,tier3,18,14,28,511,True,True,True,20,0.636,0.89
USR_001414,paid,87,35-44,tier2,8,9,4,349,True,True,True,13,0.543,0.54
USR_001415,paid,24,45+,tier3,7,13,21,257,True,True,True,9,0.303,0.54
USR_001416,trial,4,35-44,tier2,7,7,1,105,False,True,True,17,0.39,0.5
USR_001417,churned,156,35-44,tier1,1,0,0,37,False,False,False,9,0.049,0.12
USR_001418,churned,75,25-34,tier3,2,1,0,6,False,False,False,20,0.02,0.34
USR_001419,churned,71,45+,tier1,1,0,0,3,True,False,False,5,0.096,0.26
USR_001420,trial,0,25-34,tier2,10,4,1,32,False,False,True,7,0.23,0.76
USR_001421,trial,0,25-34,tier3,3,8,0,96,False,False,False,10,0.355,0.41
USR_001422,churned,172,25-34,tier2,1,1,0,39,False,False,False,22,0.095,0.29
USR_001423,inactive,47,45+,tier3,0,0,0,13,False,False,False,5,0.017,0.18
USR_001424,inactive,35,18-24,tier2,1,0,0,29,False,False,False,8,0.018,0.19
USR_001425,paid,22,18-24,tier1,20,5,3,224,True,True,True,13,0.614,0.81
USR_001426,paid,70,35-44,tier2,9,6,14,266,False,False,True,18,0.451,0.65
USR_001427,paid,29,45+,tier1,11,10,8,419,True,False,False,7,0.554,0.69
USR_001428,trial,6,45+,tier2,7,7,1,42,True,False,False,8,0.306,0.65
USR_001429,trial,5,35-44,tier3,8,8,5,48,True,True,True,9,0.182,0.4
USR_001430,trial,5,35-44,tier1,2,8,4,48,True,False,True,7,0.39,0.57
USR_001431,paid,44,35-44,tier2,12,7,4,200,True,True,True,18,0.269,0.48
USR_001432,inactive,23,18-24,tier1,0,0,0,39,False,False,False,21,0.026,0.23
USR_001433,inactive,25,18-24,tier2,0,0,0,37,False,False,False,13,0.047,0.24
USR_001434,churned,150,35-44,tier1,0,0,0,6,True,False,True,14,0.075,0.32
USR_001435,trial,7,25-34,tier3,7,4,1,44,False,True,False,17,0.209,0.59
USR_001436,trial,5,18-24,tier2,11,6,3,72,False,False,True,14,0.391,0.47
USR_001437,trial,7,25-34,tier2,8,7,1,49,True,True,True,23,0.352,0.73
USR_001438,inactive,52,18-24,tier1,1,0,0,33,False,False,False,21,0.035,0.1
USR_001439,paid,79,18-24,tier2,14,9,4,292,True,True,True,17,0.348,0.69
USR_001440,inactive,40,25-34,tier3,1,0,0,30,False,False,False,17,0.059,0.15
USR_001441,paid,11,25-34,tier2,17,11,29,303,True,True,True,13,0.459,0.95
USR_001442,trial,2,35-44,tier2,6,6,4,48,True,False,True,8,0.183,0.83
USR_001443,churned,44,25-34,tier2,2,1,0,1,False,False,False,7,0.095,0.25
USR_001444,trial,2,35-44,tier2,6,8,4,96,False,True,False,7,0.331,0.44
USR_001445,trial,5,35-44,tier3,7,5,3,50,True,True,False,7,0.49,0.8
USR_001446,trial,3,18-24,tier2,3,3,0,21,False,True,False,14,0.169,0.61
USR_001447,churned,170,45+,tier3,0,1,0,4,False,False,True,9,0.018,0.13
USR_001448,paid,35,35-44,tier3,15,4,25,167,False,False,True,20,0.364,0.63
USR_001449,trial,4,35-44,tier1,5,3,0,15,True,True,True,21,0.473,0.69
USR_001450,paid,58,45+,tier1,13,6,3,209,True,True,False,8,0.52,0.72
USR_001451,trial,7,25-34,tier3,4,8,1,88,False,True,False,12,0.425,0.69
USR_001452,trial,7,35-44,tier3,5,4,1,60,False,True,False,16,0.264,0.75
USR_001453,paid,72,18-24,tier3,19,11,27,186,True,True,True,22,0.335,0.69
USR_001454,paid,13,35-44,tier1,6,12,23,331,False,False,True,5,0.373,0.73
USR_001455,trial,3,35-44,tier2,4,3,6,15,True,True,True,17,0.248,0.49
USR_001456,trial,5,35-44,tier1,4,7,4,56,False,False,False,18,0.216,0.36
USR_001457,paid,120,35-44,tier1,6,13,11,302,True,True,True,11,0.471,0.49
USR_001458,trial,4,45+,tier2,3,8,0,40,False,True,False,14,0.377,0.71
USR_001459,trial,3,18-24,tier2,4,6,4,36,True,True,True,21,0.236,0.54
USR_001460,paid,109,35-44,tier2,6,5,12,261,True,True,True,13,0.533,0.5
USR_001461,trial,6,25-34,tier2,5,2,6,28,False,True,True,19,0.182,0.75
USR_001462,paid,42,25-34,tier3,9,5,4,184,True,True,True,13,0.264,0.57
USR_001463,trial,1,35-44,tier1,4,6,0,42,False,False,False,8,0.373,0.71
USR_001464,paid,27,25-34,tier3,19,11,9,216,True,True,True,17,0.346,0.87
USR_001465,trial,6,25-34,tier2,7,5,4,30,False,False,True,23,0.343,0.88
USR_001466,paid,51,25-34,tier1,11,11,10,364,True,True,True,19,0.392,0.66
USR_001467,trial,7,35-44,tier2,3,7,0,56,False,True,False,7,0.259,0.62
USR_001468,inactive,61,25-34,tier2,0,0,0,50,False,False,False,17,0.031,0.09
USR_001469,churned,106,25-34,tier1,1,1,0,15,False,False,True,22,0.109,0.31
USR_001470,inactive,36,18-24,tier2,1,0,0,16,False,False,False,12,0.038,0.21
USR_001471,inactive,20,35-44,tier3,1,0,0,47,False,False,True,8,0.012,0.06
USR_001472,churned,81,25-34,tier1,1,0,0,26,True,False,False,20,0.099,0.33
USR_001473,inactive,76,45+,tier1,1,0,0,8,False,False,False,11,0.036,0.06
USR_001474,paid,53,18-24,tier2,5,13,10,271,True,True,True,20,0.532,0.58
USR_001475,inactive,28,35-44,tier3,0,0,0,22,False,False,False,7,0.014,0.11
USR_001476,trial,3,35-44,tier1,6,4,3,32,False,False,False,18,0.278,0.51
USR_001477,churned,41,25-34,tier1,2,1,0,31,False,True,False,6,0.026,0.23
USR_001478,paid,97,25-34,tier1,7,15,10,474,True,False,True,16,0.329,0.57
USR_001479,churned,129,35-44,tier2,1,0,0,48,False,False,False,18,0.053,0.1
USR_001480,trial,7,25-34,tier1,4,5,4,50,False,False,True,14,0.302,0.51
USR_001481,paid,42,18-24,tier3,8,10,11,237,True,True,True,19,0.343,0.64
USR_001482,churned,135,18-24,tier2,2,0,0,34,False,False,False,17,0.064,0.39
USR_001483,churned,119,35-44,tier3,2,0,0,50,False,False,False,15,0.104,0.22
USR_001484,trial,1,25-34,tier3,7,8,5,48,False,True,True,18,0.36,0.69
USR_001485,trial,7,25-34,tier2,9,9,2,72,True,True,False,6,0.432,0.55
USR_001486,churned,160,25-34,tier3,0,0,0,35,False,False,False,19,0.115,0.23
USR_001487,inactive,66,18-24,tier1,1,0,0,21,False,True,False,18,0.043,0.12
USR_001488,trial,0,35-44,tier2,6,7,3,84,False,True,False,16,0.397,0.47
USR_001489,inactive,55,18-24,tier3,1,0,0,27,False,False,False,15,0.071,0.19
USR_001490,churned,132,35-44,tier2,1,0,0,43,False,False,False,7,0.111,0.15
USR_001491,inactive,88,18-24,tier1,1,0,0,9,False,False,False,13,0.017,0.2
USR_001492,paid,34,18-24,tier3,18,7,5,354,False,True,True,16,0.394,0.83
USR_001493,trial,3,18-24,tier3,12,2,5,28,True,False,True,9,0.288,0.88
USR_001494,paid,56,25-34,tier1,13,4,11,181,True,True,False,17,0.605,0.71
USR_001495,paid,92,25-34,tier3,16,15,21,553,True,True,True,19,0.343,0.85
USR_001496,inactive,48,18-24,tier2,1,0,0,16,False,False,False,10,0.036,0.21
USR_001497,inactive,32,25-34,tier3,1,0,0,9,False,False,False,7,0.047,0.05
USR_001498,paid,14,18-24,tier2,9,12,20,336,False,False,True,13,0.336,0.73
USR_001499,paid,114,25-34,tier3,9,11,23,334,False,True,True,18,0.543,0.51
USR_001500,paid,8,18-24,tier2,13,14,6,332,False,True,True,18,0.427,0.77
