"user_id","segment_id","lifecycle_day","notif_1_template_id","notif_1_time","notif_1_channel","notif_2_template_id","notif_2_time","notif_2_channel","notif_3_template_id","notif_3_time","notif_3_channel","notif_4_template_id","notif_4_time","notif_4_channel","notif_5_template_id","notif_5_time","notif_5_channel","notif_6_template_id","notif_6_time","notif_6_channel","notif_7_template_id","notif_7_time","notif_7_channel","notif_8_template_id","notif_8_time","notif_8_channel","notif_9_template_id","notif_9_time","notif_9_channel"
"USR_000001","2","Day 36","Paid_Social_Achiever_Week_4_Creativity_and_Feedback_T1","late_afternoon","Push","Paid_Social_Achiever_Week_4_Creativity_and_Feedback_T2","late_afternoon","Push","Paid_Social_Achiever_Week_4_Creativity_and_Feedback_T3","evening","Push","Paid_Social_Achiever_Week_4_Creativity_and_Feedback_T4","night","In-App","Paid_Social_Achiever_Week_4_Creativity_and_Feedback_T5","night","In-App","Paid_Social_Achiever_Week_4_Creativity_and_Feedback_T1","night","In-App","Paid_Social_Achiever_Week_4_Creativity_and_Feedback_T2","night","In-App","Paid_Social_Achiever_Week_4_Creativity_and_Feedback_T3","night","In-App","Paid_Social_Achiever_Week_4_Creativity_and_Feedback_T4","early_morning","In-App"
"USR_000002","2","Day 119","Paid_Social_Achiever_Week_4_Creativity_and_Feedback_T1","early_morning","Push","Paid_Social_Achiever_Week_4_Creativity_and_Feedback_T2","mid_morning","Push","Paid_Social_Achiever_Week_4_Creativity_and_Feedback_T3","mid_morning","Push","Paid_Social_Achiever_Week_4_Creativity_and_Feedback_T4","afternoon","In-App","Paid_Social_Achiever_Week_4_Creativity_and_Feedback_T5","late_afternoon","In-App","Paid_Social_Achiever_Week_4_Creativity_and_Feedback_T1","late_afternoon","In-App","Paid_Social_Achiever_Week_4_Creativity_and_Feedback_T2","evening","In-App","Paid_Social_Achiever_Week_4_Creativity_and_Feedback_T3","night","In-App","Paid_Social_Achiever_Week_4_Creativity_and_Feedback_T4","night","In-App"
"USR_000003","0","Day 126","Inactive_Socialite_Day_1_Unpredictability_T1","evening","Push","Inactive_Socialite_Day_1_Unpredictability_T2","evening","Push","Inactive_Socialite_Day_1_Unpredictability_T3","night","Push","Inactive_Socialite_Day_1_Unpredictability_T4","night","In-App","Inactive_Socialite_Day_1_Unpredictability_T5","night","In-App","Inactive_Socialite_Day_1_Unpredictability_T1","night","In-App","Inactive_Socialite_Day_1_Unpredictability_T2","early_morning","In-App","Inactive_Socialite_Day_1_Unpredictability_T3","early_morning","In-App","Inactive_Socialite_Day_1_Unpredictability_T4","mid_morning","In-App"
"USR_000004","4","Day 72","Dormant_Social_Day_1_Unpredictability_T1","late_afternoon","Push","Dormant_Social_Day_1_Unpredictability_T2","evening","Push","Dormant_Social_Day_1_Unpredictability_T3","evening","Push","Dormant_Social_Day_1_Unpredictability_T4","night","In-App","Dormant_Social_Day_1_Unpredictability_T5","night","In-App","Dormant_Social_Day_1_Unpredictability_T1","night","In-App","Dormant_Social_Day_1_Unpredictability_T2","night","In-App","Dormant_Social_Day_1_Unpredictability_T3","early_morning","In-App","Dormant_Social_Day_1_Unpredictability_T4","early_morning","In-App"
"USR_000005","1","Day 3","Inactive_Social_Learners_Day_1_Social_Influence_T1","mid_morning","Push","Inactive_Social_Learners_Day_1_Social_Influence_T2","mid_morning","Push","Inactive_Social_Learners_Day_1_Social_Influence_T3","afternoon","Push","Inactive_Social_Learners_Day_1_Social_Influence_T4","late_afternoon","In-App","Inactive_Social_Learners_Day_1_Social_Influence_T5","late_afternoon","In-App","Inactive_Social_Learners_Day_1_Social_Influence_T1","evening","In-App","Inactive_Social_Learners_Day_1_Social_Influence_T2","night","In-App","Inactive_Social_Learners_Day_1_Social_Influence_T3","night","In-App","Inactive_Social_Learners_Day_1_Social_Influence_T4","night","In-App"
"USR_000006","3","Day 7","Inactive_Socialite_Day_1_Scarcity_and_Impatience_T1","afternoon","Push","Inactive_Socialite_Day_1_Scarcity_and_Impatience_T2","late_afternoon","Push","Inactive_Socialite_Day_1_Scarcity_and_Impatience_T3","evening","Push","Inactive_Socialite_Day_1_Scarcity_and_Impatience_T4","evening","In-App","Inactive_Socialite_Day_1_Scarcity_and_Impatience_T5","night","In-App","Inactive_Socialite_Day_1_Scarcity_and_Impatience_T1","night","In-App","Inactive_Socialite_Day_1_Scarcity_and_Impatience_T2","night","In-App","Inactive_Socialite_Day_1_Scarcity_and_Impatience_T3","night","In-App","Inactive_Socialite_Day_1_Scarcity_and_Impatience_T4","early_morning","In-App"
"USR_000007","2","Day 22","Paid_Social_Achiever_Week_4_Creativity_and_Feedback_T1","late_afternoon","Push","Paid_Social_Achiever_Week_4_Creativity_and_Feedback_T2","late_afternoon","Push","Paid_Social_Achiever_Week_4_Creativity_and_Feedback_T3","evening","Push","Paid_Social_Achiever_Week_4_Creativity_and_Feedback_T4","night","In-App","Paid_Social_Achiever_Week_4_Creativity_and_Feedback_T5","night","In-App","Paid_Social_Achiever_Week_4_Creativity_and_Feedback_T1","night","In-App","Paid_Social_Achiever_Week_4_Creativity_and_Feedback_T2","night","In-App","Paid_Social_Achiever_Week_4_Creativity_and_Feedback_T3","night","In-App","Paid_Social_Achiever_Week_4_Creativity_and_Feedback_T4","early_morning","In-App"
"USR_000008","0","Day 117","Inactive_Socialite_Day_1_Unpredictability_T1","mid_morning","Push","Inactive_Socialite_Day_1_Unpredictability_T2","mid_morning","Push","Inactive_Socialite_Day_1_Unpredictability_T3","afternoon","Push","Inactive_Socialite_Day_1_Unpredictability_T4","late_afternoon","In-App","Inactive_Socialite_Day_1_Unpredictability_T5","late_afternoon","In-App","Inactive_Socialite_Day_1_Unpredictability_T1","evening","In-App","Inactive_Socialite_Day_1_Unpredictability_T2","night","In-App","Inactive_Socialite_Day_1_Unpredictability_T3","night","In-App","Inactive_Socialite_Day_1_Unpredictability_T4","night","In-App"
"USR_000009","5","Day 2","Dormant_Achiever_Day_1_Scarcity_and_Impatience_T1","early_morning","Push","Dormant_Achiever_Day_1_Scarcity_and_Impatience_T2","mid_morning","Push","Dormant_Achiever_Day_1_Scarcity_and_Impatience_T3","afternoon","Push","Dormant_Achiever_Day_1_Scarcity_and_Impatience_T4","afternoon","In-App","Dormant_Achiever_Day_1_Scarcity_and_Impatience_T5","late_afternoon","In-App","Dormant_Achiever_Day_1_Scarcity_and_Impatience_T1","evening","In-App","Dormant_Achiever_Day_1_Scarcity_and_Impatience_T2","evening","In-App","Dormant_Achiever_Day_1_Scarcity_and_Impatience_T3","night","In-App","Dormant_Achiever_Day_1_Scarcity_and_Impatience_T4","night","In-App"
"USR_000010","3","Day 1","Inactive_Socialite_Day_1_Scarcity_and_Impatience_T1","evening","Push","Inactive_Socialite_Day_1_Scarcity_and_Impatience_T2","night","Push","Inactive_Socialite_Day_1_Scarcity_and_Impatience_T3","night","Push","Inactive_Socialite_Day_1_Scarcity_and_Impatience_T4","night","In-App","Inactive_Socialite_Day_1_Scarcity_and_Impatience_T5","night","In-App","Inactive_Socialite_Day_1_Scarcity_and_Impatience_T1","night","In-App","Inactive_Socialite_Day_1_Scarcity_and_Impatience_T2","early_morning","In-App","Inactive_Socialite_Day_1_Scarcity_and_Impatience_T3","mid_morning","In-App","Inactive_Socialite_Day_1_Scarcity_and_Impatience_T4","mid_morning","In-App"
"USR_000011","2","Day 101","Paid_Social_Achiever_Week_4_Creativity_and_Feedback_T1","late_afternoon","Push","Paid_Social_Achiever_Week_4_Creativity_and_Feedback_T2","late_afternoon","Push","Paid_Social_Achiever_Week_4_Creativity_and_Feedback_T3","evening","Push","Paid_Social_Achiever_Week_4_Creativity_and_Feedback_T4","night","In-App","Paid_Social_Achiever_Week_4_Creativity_and_Feedback_T5","night","In-App","Paid_Social_Achiever_Week_4_Creativity_and_Feedback_T1","night","In-App","Paid_Social_Achiever_Week_4_Creativity_and_Feedback_T2","night","In-App","Paid_Social_Achiever_Week_4_Creativity_and_Feedback_T3","night","In-App","Paid_Social_Achiever_Week_4_Creativity_and_Feedback_T4","early_morning","In-App"
"USR_000012","2","Day 98","Paid_Social_Achiever_Week_4_Creativity_and_Feedback_T1","mid_morning","Push","Paid_Social_Achiever_Week_4_Creativity_and_Feedback_T2","mid_morning","Push","Paid_Social_Achiever_Week_4_Creativity_and_Feedback_T3","afternoon","Push","Paid_Social_Achiever_Week_4_Creativity_and_Feedback_T4","late_afternoon","In-App","Paid_Social_Achiever_Week_4_Creativity_and_Feedback_T5","late_afternoon","In-App","Paid_Social_Achiever_Week_4_Creativity_and_Feedback_T1","evening","In-App","Paid_Social_Achiever_Week_4_Creativity_and_Feedback_T2","night","In-App","Paid_Social_Achiever_Week_4_Creativity_and_Feedback_T3","night","In-App","Paid_Social_Achiever_Week_4_Creativity_and_Feedback_T4","night","In-App"
"USR_000013","4","Day 54","Dormant_Social_Day_1_Unpredictability_T1","early_morning","Push","Dormant_Social_Day_1_Unpredictability_T2","early_morning","Push","Dormant_Social_Day_1_Unpredictability_T3","mid_morning","Push","Dormant_Social_Day_1_Unpredictability_T4","afternoon","In-App","Dormant_Social_Day_1_Unpredictability_T5","afternoon","In-App","Dormant_Social_Day_1_Unpredictability_T1","late_afternoon","In-App","Dormant_Social_Day_1_Unpredictability_T2","evening","In-App","Dormant_Social_Day_1_Unpredictability_T3","evening","In-App","Dormant_Social_Day_1_Unpredictability_T4","night","In-App"
"USR_000014","5","Day 6","Dormant_Achiever_Day_1_Scarcity_and_Impatience_T1","evening","Push","Dormant_Achiever_Day_1_Scarcity_and_Impatience_T2","night","Push","Dormant_Achiever_Day_1_Scarcity_and_Impatience_T3","night","Push","Dormant_Achiever_Day_1_Scarcity_and_Impatience_T4","night","In-App","Dormant_Achiever_Day_1_Scarcity_and_Impatience_T5","night","In-App","Dormant_Achiever_Day_1_Scarcity_and_Impatience_T1","early_morning","In-App","Dormant_Achiever_Day_1_Scarcity_and_Impatience_T2","early_morning","In-App","Dormant_Achiever_Day_1_Scarcity_and_Impatience_T3","mid_morning","In-App","Dormant_Achiever_Day_1_Scarcity_and_Impatience_T4","afternoon","In-App"
"USR_000015","4","Day 35","Dormant_Social_Day_1_Unpredictability_T1","evening","Push","Dormant_Social_Day_1_Unpredictability_T2","night","Push","Dormant_Social_Day_1_Unpredictability_T3","night","Push","Dormant_Social_Day_1_Unpredictability_T4","night","In-App","Dormant_Social_Day_1_Unpredictability_T5","night","In-App","Dormant_Social_Day_1_Unpredictability_T1","early_morning","In-App","Dormant_Social_Day_1_Unpredictability_T2","early_morning","In-App","Dormant_Social_Day_1_Unpredictability_T3","mid_morning","In-App","Dormant_Social_Day_1_Unpredictability_T4","afternoon","In-App"
"USR_000016","6","Day 79","Dormant_Scholar_Day_1_Creativity_and_Feedback_T1","early_morning","Push","Dormant_Scholar_Day_1_Creativity_and_Feedback_T2","mid_morning","Push","Dormant_Scholar_Day_1_Creativity_and_Feedback_T3","afternoon","Push","Dormant_Scholar_Day_1_Creativity_and_Feedback_T4","afternoon","In-App","Dormant_Scholar_Day_1_Creativity_and_Feedback_T5","late_afternoon","In-App","Dormant_Scholar_Day_1_Creativity_and_Feedback_T1","evening","In-App","Dormant_Scholar_Day_1_Creativity_and_Feedback_T2","evening","In-App","Dormant_Scholar_Day_1_Creativity_and_Feedback_T3","night","In-App","Dormant_Scholar_Day_1_Creativity_and_Feedback_T4","night","In-App"
"USR_000017","4","Day 79","Dormant_Social_Day_1_Unpredictability_T1","mid_morning","Push","Dormant_Social_Day_1_Unpredictability_T2","afternoon","Push","Dormant_Social_Day_1_Unpredictability_T3","late_afternoon","Push","Dormant_Social_Day_1_Unpredictability_T4","late_afternoon","In-App","Dormant_Social_Day_1_Unpredictability_T5","evening","In-App","Dormant_Social_Day_1_Unpredictability_T1","night","In-App","Dormant_Social_Day_1_Unpredictability_T2","night","In-App","Dormant_Social_Day_1_Unpredictability_T3","night","In-App","Dormant_Social_Day_1_Unpredictability_T4","night","In-App"
"USR_000018","5","Day 5","Dormant_Achiever_Day_1_Scarcity_and_Impatience_T1","afternoon","Push","Dormant_Achiever_Day_1_Scarcity_and_Impatience_T2","late_afternoon","Push","Dormant_Achiever_Day_1_Scarcity_and_Impatience_T3","late_afternoon","Push","Dormant_Achiever_Day_1_Scarcity_and_Impatience_T4","evening","In-App","Dormant_Achiever_Day_1_Scarcity_and_Impatience_T5","night","In-App","Dormant_Achiever_Day_1_Scarcity_and_Impatience_T1","night","In-App","Dormant_Achiever_Day_1_Scarcity_and_Impatience_T2","night","In-App","Dormant_Achiever_Day_1_Scarcity_and_Impatience_T3","night","In-App","Dormant_Achiever_Day_1_Scarcity_and_Impatience_T4","night","In-App"
"USR_000019","5","Day 1","Dormant_Achiever_Day_1_Scarcity_and_Impatience_T1","early_morning","Push","Dormant_Achiever_Day_1_Scarcity_and_Impatience_T2","mid_morning","Push","Dormant_Achiever_Day_1_Scarcity_and_Impatience_T3","afternoon","Push","Dormant_Achiever_Day_1_Scarcity_and_Impatience_T4","afternoon","In-App","Dormant_Achiever_Day_1_Scarcity_and_Impatience_T5","late_afternoon","In-App","Dormant_Achiever_Day_1_Scarcity_and_Impatience_T1","evening","In-App","Dormant_Achiever_Day_1_Scarcity_and_Impatience_T2","evening","In-App","Dormant_Achiever_Day_1_Scarcity_and_Impatience_T3","night","In-App","Dormant_Achiever_Day_1_Scarcity_and_Impatience_T4","night","In-App"
"USR_000020","7","Day 9","Paid_Competitive_Week_2_Ownership_and_Possession_T1","late_afternoon","Push","Paid_Competitive_Week_2_Ownership_and_Possession_T2","evening","Push","Paid_Competitive_Week_2_Ownership_and_Possession_T3","evening","Push","Paid_Competitive_Week_2_Ownership_and_Possession_T4","night","In-App","Paid_Competitive_Week_2_Ownership_and_Possession_T5","night","In-App","Paid_Competitive_Week_2_Ownership_and_Possession_T1","night","In-App","Paid_Competitive_Week_2_Ownership_and_Possession_T2","night","In-App","Paid_Competitive_Week_2_Ownership_and_Possession_T3","early_morning","In-App","Paid_Competitive_Week_2_Ownership_and_Possession_T4","early_morning","In-App"
"USR_000021","0","Day 97","Inactive_Socialite_Day_1_Unpredictability_T1","late_afternoon","Push","Inactive_Socialite_Day_1_Unpredictability_T2","evening","Push","Inactive_Socialite_Day_1_Unpredictability_T3","evening","Push","Inactive_Socialite_Day_1_Unpredictability_T4","night","In-App","Inactive_Socialite_Day_1_Unpredictability_T5","night","In-App","Inactive_Socialite_Day_1_Unpredictability_T1","night","In-App","Inactive_Socialite_Day_1_Unpredictability_T2","night","In-App","Inactive_Socialite_Day_1_Unpredictability_T3","early_morning","In-App","Inactive_Socialite_Day_1_Unpredictability_T4","early_morning","In-App"
"USR_000022","1","Day 0","Inactive_Social_Learners_Day_1_Social_Influence_T1","late_afternoon","Push","Inactive_Social_Learners_Day_1_Social_Influence_T2","late_afternoon","Push","Inactive_Social_Learners_Day_1_Social_Influence_T3","evening","Push","Inactive_Social_Learners_Day_1_Social_Influence_T4","night","In-App","Inactive_Social_Learners_Day_1_Social_Influence_T5","night","In-App","Inactive_Social_Learners_Day_1_Social_Influence_T1","night","In-App","Inactive_Social_Learners_Day_1_Social_Influence_T2","night","In-App","Inactive_Social_Learners_Day_1_Social_Influence_T3","night","In-App","Inactive_Social_Learners_Day_1_Social_Influence_T4","early_morning","In-App"
"USR_000023","4","Day 59","Dormant_Social_Day_1_Unpredictability_T1","early_morning","Push","Dormant_Social_Day_1_Unpredictability_T2","mid_morning","Push","Dormant_Social_Day_1_Unpredictability_T3","mid_morning","Push","Dormant_Social_Day_1_Unpredictability_T4","afternoon","In-App","Dormant_Social_Day_1_Unpredictability_T5","late_afternoon","In-App","Dormant_Social_Day_1_Unpredictability_T1","late_afternoon","In-App","Dormant_Social_Day_1_Unpredictability_T2","evening","In-App","Dormant_Social_Day_1_Unpredictability_T3","night","In-App","Dormant_Social_Day_1_Unpredictability_T4","night","In-App"
"USR_000024","4","Day 17","Dormant_Social_Day_1_Unpredictability_T1","early_morning","Push","Dormant_Social_Day_1_Unpredictability_T2","mid_morning","Push","Dormant_Social_Day_1_Unpredictability_T3","mid_morning","Push","Dormant_Social_Day_1_Unpredictability_T4","afternoon","In-App","Dormant_Social_Day_1_Unpredictability_T5","late_afternoon","In-App","Dormant_Social_Day_1_Unpredictability_T1","late_afternoon","In-App","Dormant_Social_Day_1_Unpredictability_T2","evening","In-App","Dormant_Social_Day_1_Unpredictability_T3","night","In-App","Dormant_Social_Day_1_Unpredictability_T4","night","In-App"
"USR_000025","4","Day 72","Dormant_Social_Day_1_Unpredictability_T1","early_morning","Push","Dormant_Social_Day_1_Unpredictability_T2","early_morning","Push","Dormant_Social_Day_1_Unpredictability_T3","mid_morning","Push","Dormant_Social_Day_1_Unpredictability_T4","afternoon","In-App","Dormant_Social_Day_1_Unpredictability_T5","afternoon","In-App","Dormant_Social_Day_1_Unpredictability_T1","late_afternoon","In-App","Dormant_Social_Day_1_Unpredictability_T2","evening","In-App","Dormant_Social_Day_1_Unpredictability_T3","evening","In-App","Dormant_Social_Day_1_Unpredictability_T4","night","In-App"
"USR_000026","6","Day 76","Dormant_Scholar_Day_1_Creativity_and_Feedback_T1","late_afternoon","Push","Dormant_Scholar_Day_1_Creativity_and_Feedback_T2","evening","Push","Dormant_Scholar_Day_1_Creativity_and_Feedback_T3","night","Push","Dormant_Scholar_Day_1_Creativity_and_Feedback_T4","night","In-App","Dormant_Scholar_Day_1_Creativity_and_Feedback_T5","night","In-App","Dormant_Scholar_Day_1_Creativity_and_Feedback_T1","night","In-App","Dormant_Scholar_Day_1_Creativity_and_Feedback_T2","night","In-App","Dormant_Scholar_Day_1_Creativity_and_Feedback_T3","early_morning","In-App","Dormant_Scholar_Day_1_Creativity_and_Feedback_T4","mid_morning","In-App"
"USR_000027","7","Day 81","Paid_Competitive_Week_4_Ownership_and_Possession_T1","evening","Push","Paid_Competitive_Week_4_Ownership_and_Possession_T2","night","Push","Paid_Competitive_Week_4_Ownership_and_Possession_T3","night","Push","Paid_Competitive_Week_4_Ownership_and_Possession_T4","night","In-App","Paid_Competitive_Week_4_Ownership_and_Possession_T5","night","In-App","Paid_Competitive_Week_4_Ownership_and_Possession_T1","night","In-App","Paid_Competitive_Week_4_Ownership_and_Possession_T2","early_morning","In-App","Paid_Competitive_Week_4_Ownership_and_Possession_T3","mid_morning","In-App","Paid_Competitive_Week_4_Ownership_and_Possession_T4","mid_morning","In-App"
"USR_000028","4","Day 29","Dormant_Social_Day_1_Unpredictability_T1","afternoon","Push","Dormant_Social_Day_1_Unpredictability_T2","late_afternoon","Push","Dormant_Social_Day_1_Unpredictability_T3","late_afternoon","Push","Dormant_Social_Day_1_Unpredictability_T4","evening","In-App","Dormant_Social_Day_1_Unpredictability_T5","night","In-App","Dormant_Social_Day_1_Unpredictability_T1","night","In-App","Dormant_Social_Day_1_Unpredictability_T2","night","In-App","Dormant_Social_Day_1_Unpredictability_T3","night","In-App","Dormant_Social_Day_1_Unpredictability_T4","night","In-App"
"USR_000029","0","Day 133","Inactive_Socialite_Day_1_Unpredictability_T1","evening","Push","Inactive_Socialite_Day_1_Unpredictability_T2","evening","Push","Inactive_Socialite_Day_1_Unpredictability_T3","night","Push","Inactive_Socialite_Day_1_Unpredictability_T4","night","In-App","Inactive_Socialite_Day_1_Unpredictability_T5","night","In-App","Inactive_Socialite_Day_1_Unpredictability_T1","night","In-App","Inactive_Socialite_Day_1_Unpredictability_T2","early_morning","In-App","Inactive_Socialite_Day_1_Unpredictability_T3","early_morning","In-App","Inactive_Socialite_Day_1_Unpredictability_T4","mid_morning","In-App"
"USR_000030","4","Day 51","Dormant_Social_Day_1_Unpredictability_T1","late_afternoon","Push","Dormant_Social_Day_1_Unpredictability_T2","evening","Push","Dormant_Social_Day_1_Unpredictability_T3","night","Push","Dormant_Social_Day_1_Unpredictability_T4","night","In-App","Dormant_Social_Day_1_Unpredictability_T5","night","In-App","Dormant_Social_Day_1_Unpredictability_T1","night","In-App","Dormant_Social_Day_1_Unpredictability_T2","night","In-App","Dormant_Social_Day_1_Unpredictability_T3","early_morning","In-App","Dormant_Social_Day_1_Unpredictability_T4","mid_morning","In-App"
"USR_000031","3","Day 1","Inactive_Socialite_Day_1_Scarcity_and_Impatience_T1","evening","Push","Inactive_Socialite_Day_1_Scarcity_and_Impatience_T2","evening","Push","Inactive_Socialite_Day_1_Scarcity_and_Impatience_T3","night","Push","Inactive_Socialite_Day_1_Scarcity_and_Impatience_T4","night","In-App","Inactive_Socialite_Day_1_Scarcity_and_Impatience_T5","night","In-App","Inactive_Socialite_Day_1_Scarcity_and_Impatience_T1","night","In-App","Inactive_Socialite_Day_1_Scarcity_and_Impatience_T2","early_morning","In-App","Inactive_Socialite_Day_1_Scarcity_and_Impatience_T3","early_morning","In-App","Inactive_Socialite_Day_1_Scarcity_and_Impatience_T4","mid_morning","In-App"
"USR_000032","0","Day 162","Inactive_Socialite_Day_1_Unpredictability_T1","evening","Push","Inactive_Socialite_Day_1_Unpredictability_T2","night","Push","Inactive_Socialite_Day_1_Unpredictability_T3","night","Push","Inactive_Socialite_Day_1_Unpredictability_T4","night","In-App","Inactive_Socialite_Day_1_Unpredictability_T5","night","In-App","Inactive_Socialite_Day_1_Unpredictability_T1","night","In-App","Inactive_Socialite_Day_1_Unpredictability_T2","early_morning","In-App","Inactive_Socialite_Day_1_Unpredictability_T3","mid_morning","In-App","Inactive_Socialite_Day_1_Unpredictability_T4","mid_morning","In-App"
"USR_000033","4","Day 78","Dormant_Social_Day_1_Unpredictability_T1","evening","Push","Dormant_Social_Day_1_Unpredictability_T2","night","Push","Dormant_Social_Day_1_Unpredictability_T3","night","Push","Dormant_Social_Day_1_Unpredictability_T4","night","In-App","Dormant_Social_Day_1_Unpredictability_T5","night","In-App","Dormant_Social_Day_1_Unpredictability_T1","early_morning","In-App","Dormant_Social_Day_1_Unpredictability_T2","early_morning","In-App","Dormant_Social_Day_1_Unpredictability_T3","mid_morning","In-App","Dormant_Social_Day_1_Unpredictability_T4","afternoon","In-App"
"USR_000034","2","Day 17","Paid_Social_Achiever_Week_4_Creativity_and_Feedback_T1","early_morning","Push","Paid_Social_Achiever_Week_4_Creativity_and_Feedback_T2","mid_morning","Push","Paid_Social_Achiever_Week_4_Creativity_and_Feedback_T3","afternoon","Push","Paid_Social_Achiever_Week_4_Creativity_and_Feedback_T4","afternoon","In-App","Paid_Social_Achiever_Week_4_Creativity_and_Feedback_T5","late_afternoon","In-App","Paid_Social_Achiever_Week_4_Creativity_and_Feedback_T1","evening","In-App","Paid_Social_Achiever_Week_4_Creativity_and_Feedback_T2","evening","In-App","Paid_Social_Achiever_Week_4_Creativity_and_Feedback_T3","night","In-App","Paid_Social_Achiever_Week_4_Creativity_and_Feedback_T4","night","In-App"
"USR_000035","5","Day 6","Dormant_Achiever_Day_1_Scarcity_and_Impatience_T1","night","Push","Dormant_Achiever_Day_1_Scarcity_and_Impatience_T2","night","Push","Dormant_Achiever_Day_1_Scarcity_and_Impatience_T3","night","Push","Dormant_Achiever_Day_1_Scarcity_and_Impatience_T4","night","In-App","Dormant_Achiever_Day_1_Scarcity_and_Impatience_T5","early_morning","In-App","Dormant_Achiever_Day_1_Scarcity_and_Impatience_T1","early_morning","In-App","Dormant_Achiever_Day_1_Scarcity_and_Impatience_T2","mid_morning","In-App","Dormant_Achiever_Day_1_Scarcity_and_Impatience_T3","afternoon","In-App","Dormant_Achiever_Day_1_Scarcity_and_Impatience_T4","afternoon","In-App"
"USR_000036","4","Day 83","Dormant_Social_Day_1_Unpredictability_T1","late_afternoon","Push","Dormant_Social_Day_1_Unpredictability_T2","evening","Push","Dormant_Social_Day_1_Unpredictability_T3","evening","Push","Dormant_Social_Day_1_Unpredictability_T4","night","In-App","Dormant_Social_Day_1_Unpredictability_T5","night","In-App","Dormant_Social_Day_1_Unpredictability_T1","night","In-App","Dormant_Social_Day_1_Unpredictability_T2","night","In-App","Dormant_Social_Day_1_Unpredictability_T3","early_morning","In-App","Dormant_Social_Day_1_Unpredictability_T4","early_morning","In-App"
"USR_000037","4","Day 64","Dormant_Social_Day_1_Unpredictability_T1","early_morning","Push","Dormant_Social_Day_1_Unpredictability_T2","mid_morning","Push","Dormant_Social_Day_1_Unpredictability_T3","afternoon","Push","Dormant_Social_Day_1_Unpredictability_T4","afternoon","In-App","Dormant_Social_Day_1_Unpredictability_T5","late_afternoon","In-App","Dormant_Social_Day_1_Unpredictability_T1","evening","In-App","Dormant_Social_Day_1_Unpredictability_T2","evening","In-App","Dormant_Social_Day_1_Unpredictability_T3","night","In-App","Dormant_Social_Day_1_Unpredictability_T4","night","In-App"
"USR_000038","0","Day 137","Inactive_Socialite_Day_1_Unpredictability_T1","evening","Push","Inactive_Socialite_Day_1_Unpredictability_T2","night","Push","Inactive_Socialite_Day_1_Unpredictability_T3","night","Push","Inactive_Socialite_Day_1_Unpredictability_T4","night","In-App","Inactive_Socialite_Day_1_Unpredictability_T5","night","In-App","Inactive_Socialite_Day_1_Unpredictability_T1","night","In-App","Inactive_Socialite_Day_1_Unpredictability_T2","early_morning","In-App","Inactive_Socialite_Day_1_Unpredictability_T3","mid_morning","In-App","Inactive_Socialite_Day_1_Unpredictability_T4","mid_morning","In-App"
"USR_000039","3","Day 2","Inactive_Socialite_Day_1_Scarcity_and_Impatience_T1","evening","Push","Inactive_Socialite_Day_1_Scarcity_and_Impatience_T2","night","Push","Inactive_Socialite_Day_1_Scarcity_and_Impatience_T3","night","Push","Inactive_Socialite_Day_1_Scarcity_and_Impatience_T4","night","In-App","Inactive_Socialite_Day_1_Scarcity_and_Impatience_T5","night","In-App","Inactive_Socialite_Day_1_Scarcity_and_Impatience_T1","night","In-App","Inactive_Socialite_Day_1_Scarcity_and_Impatience_T2","early_morning","In-App","Inactive_Socialite_Day_1_Scarcity_and_Impatience_T3","mid_morning","In-App","Inactive_Socialite_Day_1_Scarcity_and_Impatience_T4","mid_morning","In-App"
"USR_000040","0","Day 178","Inactive_Socialite_Day_1_Unpredictability_T1","evening","Push","Inactive_Socialite_Day_1_Unpredictability_T2","night","Push","Inactive_Socialite_Day_1_Unpredictability_T3","night","Push","Inactive_Socialite_Day_1_Unpredictability_T4","night","In-App","Inactive_Socialite_Day_1_Unpredictability_T5","night","In-App","Inactive_Socialite_Day_1_Unpredictability_T1","early_morning","In-App","Inactive_Socialite_Day_1_Unpredictability_T2","early_morning","In-App","Inactive_Socialite_Day_1_Unpredictability_T3","mid_morning","In-App","Inactive_Socialite_Day_1_Unpredictability_T4","afternoon","In-App"
"USR_000041","4","Day 60","Dormant_Social_Day_1_Unpredictability_T1","early_morning","Push","Dormant_Social_Day_1_Unpredictability_T2","mid_morning","Push","Dormant_Social_Day_1_Unpredictability_T3","afternoon","Push","Dormant_Social_Day_1_Unpredictability_T4","afternoon","In-App","Dormant_Social_Day_1_Unpredictability_T5","late_afternoon","In-App","Dormant_Social_Day_1_Unpredictability_T1","evening","In-App","Dormant_Social_Day_1_Unpredictability_T2","evening","In-App","Dormant_Social_Day_1_Unpredictability_T3","night","In-App","Dormant_Social_Day_1_Unpredictability_T4","night","In-App"
"USR_000042","6","Day 7","Dormant_Scholar_Day_1_Creativity_and_Feedback_T1","mid_morning","Push","Dormant_Scholar_Day_1_Creativity_and_Feedback_T2","afternoon","Push","Dormant_Scholar_Day_1_Creativity_and_Feedback_T3","late_afternoon","Push","Dormant_Scholar_Day_1_Creativity_and_Feedback_T4","late_afternoon","In-App","Dormant_Scholar_Day_1_Creativity_and_Feedback_T5","evening","In-App","Dormant_Scholar_Day_1_Creativity_and_Feedback_T1","night","In-App","Dormant_Scholar_Day_1_Creativity_and_Feedback_T2","night","In-App","Dormant_Scholar_Day_1_Creativity_and_Feedback_T3","night","In-App","Dormant_Scholar_Day_1_Creativity_and_Feedback_T4","night","In-App"
"USR_000043","3","Day 1","Inactive_Socialite_Day_1_Scarcity_and_Impatience_T1","mid_morning","Push","Inactive_Socialite_Day_1_Scarcity_and_Impatience_T2","afternoon","Push","Inactive_Socialite_Day_1_Scarcity_and_Impatience_T3","afternoon","Push","Inactive_Socialite_Day_1_Scarcity_and_Impatience_T4","late_afternoon","In-App","Inactive_Socialite_Day_1_Scarcity_and_Impatience_T5","evening","In-App","Inactive_Socialite_Day_1_Scarcity_and_Impatience_T1","evening","In-App","Inactive_Socialite_Day_1_Scarcity_and_Impatience_T2","night","In-App","Inactive_Socialite_Day_1_Scarcity_and_Impatience_T3","night","In-App","Inactive_Socialite_Day_1_Scarcity_and_Impatience_T4","night","In-App"
"USR_000044","4","Day 100","Dormant_Social_Day_1_Unpredictability_T1","evening","Push","Dormant_Social_Day_1_Unpredictability_T2","evening","Push","Dormant_Social_Day_1_Unpredictability_T3","night","Push","Dormant_Social_Day_1_Unpredictability_T4","night","In-App","Dormant_Social_Day_1_Unpredictability_T5","night","In-App","Dormant_Social_Day_1_Unpredictability_T1","night","In-App","Dormant_Social_Day_1_Unpredictability_T2","early_morning","In-App","Dormant_Social_Day_1_Unpredictability_T3","early_morning","In-App","Dormant_Social_Day_1_Unpredictability_T4","mid_morning","In-App"
"USR_000045","0","Day 92","Inactive_Socialite_Day_1_Unpredictability_T1","evening","Push","Inactive_Socialite_Day_1_Unpredictability_T2","night","Push","Inactive_Socialite_Day_1_Unpredictability_T3","night","Push","Inactive_Socialite_Day_1_Unpredictability_T4","night","In-App","Inactive_Socialite_Day_1_Unpredictability_T5","night","In-App","Inactive_Socialite_Day_1_Unpredictability_T1","early_morning","In-App","Inactive_Socialite_Day_1_Unpredictability_T2","early_morning","In-App","Inactive_Socialite_Day_1_Unpredictability_T3","mid_morning","In-App","Inactive_Socialite_Day_1_Unpredictability_T4","afternoon","In-App"
"USR_000046","5","Day 2","Dormant_Achiever_Day_1_Scarcity_and_Impatience_T1","evening","Push","Dormant_Achiever_Day_1_Scarcity_and_Impatience_T2","night","Push","Dormant_Achiever_Day_1_Scarcity_and_Impatience_T3","night","Push","Dormant_Achiever_Day_1_Scarcity_and_Impatience_T4","night","In-App","Dormant_Achiever_Day_1_Scarcity_and_Impatience_T5","night","In-App","Dormant_Achiever_Day_1_Scarcity_and_Impatience_T1","early_morning","In-App","Dormant_Achiever_Day_1_Scarcity_and_Impatience_T2","early_morning","In-App","Dormant_Achiever_Day_1_Scarcity_and_Impatience_T3","mid_morning","In-App","Dormant_Achiever_Day_1_Scarcity_and_Impatience_T4","afternoon","In-App"
"USR_000047","5","Day 4","Dormant_Achiever_Day_1_Scarcity_and_Impatience_T1","early_morning","Push","Dormant_Achiever_Day_1_Scarcity_and_Impatience_T2","mid_morning","Push","Dormant_Achiever_Day_1_Scarcity_and_Impatience_T3","afternoon","Push","Dormant_Achiever_Day_1_Scarcity_and_Impatience_T4","afternoon","In-App","Dormant_Achiever_Day_1_Scarcity_and_Impatience_T5","late_afternoon","In-App","Dormant_Achiever_Day_1_Scarcity_and_Impatience_T1","evening","In-App","Dormant_Achiever_Day_1_Scarcity_and_Impatience_T2","evening","In-App","Dormant_Achiever_Day_1_Scarcity_and_Impatience_T3","night","In-App","Dormant_Achiever_Day_1_Scarcity_and_Impatience_T4","night","In-App"
"USR_000048","7","Day 118","Paid_Competitive_Week_4_Ownership_and_Possession_T1","evening","Push","Paid_Competitive_Week_4_Ownership_and_Possession_T2","night","Push","Paid_Competitive_Week_4_Ownership_and_Possession_T3","night","Push","Paid_Competitive_Week_4_Ownership_and_Possession_T4","night","In-App","Paid_Competitive_Week_4_Ownership_and_Possession_T5","night","In-App","Paid_Competitive_Week_4_Ownership_and_Possession_T1","night","In-App","Paid_Competitive_Week_4_Ownership_and_Possession_T2","early_morning","In-App","Paid_Competitive_Week_4_Ownership_and_Possession_T3","mid_morning","In-App","Paid_Competitive_Week_4_Ownership_and_Possession_T4","mid_morning","In-App"
"USR_000049","7","Day 87","Paid_Competitive_Week_4_Ownership_and_Possession_T1","evening","Push","Paid_Competitive_Week_4_Ownership_and_Possession_T2","evening","Push","Paid_Competitive_Week_4_Ownership_and_Possession_T3","night","Push","Paid_Competitive_Week_4_Ownership_and_Possession_T4","night","In-App","Paid_Competitive_Week_4_Ownership_and_Possession_T5","night","In-App","Paid_Competitive_Week_4_Ownership_and_Possession_T1","night","In-App","Paid_Competitive_Week_4_Ownership_and_Possession_T2","early_morning","In-App","Paid_Competitive_Week_4_Ownership_and_Possession_T3","early_morning","In-App","Paid_Competitive_Week_4_Ownership_and_Possession_T4","mid_morning","In-App"
"USR_000050","1","Day 38","Inactive_Social_Learners_Day_1_Social_Influence_T1","evening","Push","Inactive_Social_Learners_Day_1_Social_Influence_T2","night","Push","Inactive_Social_Learners_Day_1_Social_Influence_T3","night","Push","Inactive_Social_Learners_Day_1_Social_Influence_T4","night","In-App","Inactive_Social_Learners_Day_1_Social_Influence_T5","night","In-App","Inactive_Social_Learners_Day_1_Social_Influence_T1","early_morning","In-App","Inactive_Social_Learners_Day_1_Social_Influence_T2","early_morning","In-App","Inactive_Social_Learners_Day_1_Social_Influence_T3","mid_morning","In-App","Inactive_Social_Learners_Day_1_Social_Influence_T4","afternoon","In-App"
"USR_000051","0","Day 180","Inactive_Socialite_Day_1_Unpredictability_T1","early_morning","Push","Inactive_Socialite_Day_1_Unpredictability_T2","early_morning","Push","Inactive_Socialite_Day_1_Unpredictability_T3","mid_morning","Push","Inactive_Socialite_Day_1_Unpredictability_T4","afternoon","In-App","Inactive_Socialite_Day_1_Unpredictability_T5","afternoon","In-App","Inactive_Socialite_Day_1_Unpredictability_T1","late_afternoon","In-App","Inactive_Socialite_Day_1_Unpredictability_T2","evening","In-App","Inactive_Socialite_Day_1_Unpredictability_T3","evening","In-App","Inactive_Socialite_Day_1_Unpredictability_T4","night","In-App"
"USR_000052","2","Day 64","Paid_Social_Achiever_Week_4_Creativity_and_Feedback_T1","night","Push","Paid_Social_Achiever_Week_4_Creativity_and_Feedback_T2","early_morning","Push","Paid_Social_Achiever_Week_4_Creativity_and_Feedback_T3","mid_morning","Push","Paid_Social_Achiever_Week_4_Creativity_and_Feedback_T4","mid_morning","In-App","Paid_Social_Achiever_Week_4_Creativity_and_Feedback_T5","afternoon","In-App","Paid_Social_Achiever_Week_4_Creativity_and_Feedback_T1","late_afternoon","In-App","Paid_Social_Achiever_Week_4_Creativity_and_Feedback_T2","late_afternoon","In-App","Paid_Social_Achiever_Week_4_Creativity_and_Feedback_T3","evening","In-App","Paid_Social_Achiever_Week_4_Creativity_and_Feedback_T4","night","In-App"
"USR_000053","5","Day 0","Dormant_Achiever_Day_1_Scarcity_and_Impatience_T1","night","Push","Dormant_Achiever_Day_1_Scarcity_and_Impatience_T2","night","Push","Dormant_Achiever_Day_1_Scarcity_and_Impatience_T3","night","Push","Dormant_Achiever_Day_1_Scarcity_and_Impatience_T4","night","In-App","Dormant_Achiever_Day_1_Scarcity_and_Impatience_T5","early_morning","In-App","Dormant_Achiever_Day_1_Scarcity_and_Impatience_T1","mid_morning","In-App","Dormant_Achiever_Day_1_Scarcity_and_Impatience_T2","mid_morning","In-App","Dormant_Achiever_Day_1_Scarcity_and_Impatience_T3","afternoon","In-App","Dormant_Achiever_Day_1_Scarcity_and_Impatience_T4","late_afternoon","In-App"
"USR_000054","2","Day 68","Paid_Social_Achiever_Week_4_Creativity_and_Feedback_T1","evening","Push","Paid_Social_Achiever_Week_4_Creativity_and_Feedback_T2","night","Push","Paid_Social_Achiever_Week_4_Creativity_and_Feedback_T3","night","Push","Paid_Social_Achiever_Week_4_Creativity_and_Feedback_T4","night","In-App","Paid_Social_Achiever_Week_4_Creativity_and_Feedback_T5","night","In-App","Paid_Social_Achiever_Week_4_Creativity_and_Feedback_T1","early_morning","In-App","Paid_Social_Achiever_Week_4_Creativity_and_Feedback_T2","early_morning","In-App","Paid_Social_Achiever_Week_4_Creativity_and_Feedback_T3","mid_morning","In-App","Paid_Social_Achiever_Week_4_Creativity_and_Feedback_T4","afternoon","In-App"
"USR_000055","3","Day 6","Inactive_Socialite_Day_1_Scarcity_and_Impatience_T1","evening","Push","Inactive_Socialite_Day_1_Scarcity_and_Impatience_T2","night","Push","Inactive_Socialite_Day_1_Scarcity_and_Impatience_T3","night","Push","Inactive_Socialite_Day_1_Scarcity_and_Impatience_T4","night","In-App","Inactive_Socialite_Day_1_Scarcity_and_Impatience_T5","night","In-App","Inactive_Socialite_Day_1_Scarcity_and_Impatience_T1","early_morning","In-App","Inactive_Socialite_Day_1_Scarcity_and_Impatience_T2","early_morning","In-App","Inactive_Socialite_Day_1_Scarcity_and_Impatience_T3","mid_morning","In-App","Inactive_Socialite_Day_1_Scarcity_and_Impatience_T4","afternoon","In-App"
"USR_000056","0","Day 103","Inactive_Socialite_Day_1_Unpredictability_T1","evening","Push","Inactive_Socialite_Day_1_Unpredictability_T2","night","Push","Inactive_Socialite_Day_1_Unpredictability_T3","night","Push","Inactive_Socialite_Day_1_Unpredictability_T4","night","In-App","Inactive_Socialite_Day_1_Unpredictability_T5","night","In-App","Inactive_Socialite_Day_1_Unpredictability_T1","night","In-App","Inactive_Socialite_Day_1_Unpredictability_T2","early_morning","In-App","Inactive_Socialite_Day_1_Unpredictability_T3","mid_morning","In-App","Inactive_Socialite_Day_1_Unpredictability_T4","mid_morning","In-App"
"USR_000057","5","Day 1","Dormant_Achiever_Day_1_Scarcity_and_Impatience_T1","afternoon","Push","Dormant_Achiever_Day_1_Scarcity_and_Impatience_T2","late_afternoon","Push","Dormant_Achiever_Day_1_Scarcity_and_Impatience_T3","evening","Push","Dormant_Achiever_Day_1_Scarcity_and_Impatience_T4","evening","In-App","Dormant_Achiever_Day_1_Scarcity_and_Impatience_T5","night","In-App","Dormant_Achiever_Day_1_Scarcity_and_Impatience_T1","night","In-App","Dormant_Achiever_Day_1_Scarcity_and_Impatience_T2","night","In-App","Dormant_Achiever_Day_1_Scarcity_and_Impatience_T3","night","In-App","Dormant_Achiever_Day_1_Scarcity_and_Impatience_T4","early_morning","In-App"
"USR_000058","2","Day 120","Paid_Social_Achiever_Week_4_Creativity_and_Feedback_T1","night","Push","Paid_Social_Achiever_Week_4_Creativity_and_Feedback_T2","early_morning","Push","Paid_Social_Achiever_Week_4_Creativity_and_Feedback_T3","mid_morning","Push","Paid_Social_Achiever_Week_4_Creativity_and_Feedback_T4","mid_morning","In-App","Paid_Social_Achiever_Week_4_Creativity_and_Feedback_T5","afternoon","In-App","Paid_Social_Achiever_Week_4_Creativity_and_Feedback_T1","late_afternoon","In-App","Paid_Social_Achiever_Week_4_Creativity_and_Feedback_T2","late_afternoon","In-App","Paid_Social_Achiever_Week_4_Creativity_and_Feedback_T3","evening","In-App","Paid_Social_Achiever_Week_4_Creativity_and_Feedback_T4","night","In-App"
"USR_000059","7","Day 105","Paid_Competitive_Week_4_Ownership_and_Possession_T1","evening","Push","Paid_Competitive_Week_4_Ownership_and_Possession_T2","night","Push","Paid_Competitive_Week_4_Ownership_and_Possession_T3","night","Push","Paid_Competitive_Week_4_Ownership_and_Possession_T4","night","In-App","Paid_Competitive_Week_4_Ownership_and_Possession_T5","night","In-App","Paid_Competitive_Week_4_Ownership_and_Possession_T1","night","In-App","Paid_Competitive_Week_4_Ownership_and_Possession_T2","early_morning","In-App","Paid_Competitive_Week_4_Ownership_and_Possession_T3","mid_morning","In-App","Paid_Competitive_Week_4_Ownership_and_Possession_T4","mid_morning","In-App"
"USR_000060","7","Day 27","Paid_Competitive_Week_4_Ownership_and_Possession_T1","late_afternoon","Push","Paid_Competitive_Week_4_Ownership_and_Possession_T2","evening","Push","Paid_Competitive_Week_4_Ownership_and_Possession_T3","night","Push","Paid_Competitive_Week_4_Ownership_and_Possession_T4","night","In-App","Paid_Competitive_Week_4_Ownership_and_Possession_T5","night","In-App","Paid_Competitive_Week_4_Ownership_and_Possession_T1","night","In-App","Paid_Competitive_Week_4_Ownership_and_Possession_T2","night","In-App","Paid_Competitive_Week_4_Ownership_and_Possession_T3","early_morning","In-App","Paid_Competitive_Week_4_Ownership_and_Possession_T4","mid_morning","In-App"
"USR_000061","4","Day 47","Dormant_Social_Day_1_Unpredictability_T1","early_morning","Push","Dormant_Social_Day_1_Unpredictability_T2","mid_morning","Push","Dormant_Social_Day_1_Unpredictability_T3","afternoon","Push","Dormant_Social_Day_1_Unpredictability_T4","afternoon","In-App","Dormant_Social_Day_1_Unpredictability_T5","late_afternoon","In-App","Dormant_Social_Day_1_Unpredictability_T1","evening","In-App","Dormant_Social_Day_1_Unpredictability_T2","evening","In-App","Dormant_Social_Day_1_Unpredictability_T3","night","In-App","Dormant_Social_Day_1_Unpredictability_T4","night","In-App"
"USR_000062","2","Day 38","Paid_Social_Achiever_Week_4_Creativity_and_Feedback_T1","evening","Push","Paid_Social_Achiever_Week_4_Creativity_and_Feedback_T2","night","Push","Paid_Social_Achiever_Week_4_Creativity_and_Feedback_T3","night","Push","Paid_Social_Achiever_Week_4_Creativity_and_Feedback_T4","night","In-App","Paid_Social_Achiever_Week_4_Creativity_and_Feedback_T5","night","In-App","Paid_Social_Achiever_Week_4_Creativity_and_Feedback_T1","early_morning","In-App","Paid_Social_Achiever_Week_4_Creativity_and_Feedback_T2","early_morning","In-App","Paid_Social_Achiever_Week_4_Creativity_and_Feedback_T3","mid_morning","In-App","Paid_Social_Achiever_Week_4_Creativity_and_Feedback_T4","afternoon","In-App"
"USR_000063","1","Day 5","Inactive_Social_Learners_Day_1_Social_Influence_T1","afternoon","Push","Inactive_Social_Learners_Day_1_Social_Influence_T2","afternoon","Push","Inactive_Social_Learners_Day_1_Social_Influence_T3","late_afternoon","Push","Inactive_Social_Learners_Day_1_Social_Influence_T4","evening","In-App","Inactive_Social_Learners_Day_1_Social_Influence_T5","evening","In-App","Inactive_Social_Learners_Day_1_Social_Influence_T1","night","In-App","Inactive_Social_Learners_Day_1_Social_Influence_T2","night","In-App","Inactive_Social_Learners_Day_1_Social_Influence_T3","night","In-App","Inactive_Social_Learners_Day_1_Social_Influence_T4","night","In-App"
"USR_000064","4","Day 46","Dormant_Social_Day_1_Unpredictability_T1","night","Push","Dormant_Social_Day_1_Unpredictability_T2","night","Push","Dormant_Social_Day_1_Unpredictability_T3","night","Push","Dormant_Social_Day_1_Unpredictability_T4","night","In-App","Dormant_Social_Day_1_Unpredictability_T5","early_morning","In-App","Dormant_Social_Day_1_Unpredictability_T1","mid_morning","In-App","Dormant_Social_Day_1_Unpredictability_T2","mid_morning","In-App","Dormant_Social_Day_1_Unpredictability_T3","afternoon","In-App","Dormant_Social_Day_1_Unpredictability_T4","late_afternoon","In-App"
"USR_000065","2","Day 116","Paid_Social_Achiever_Week_4_Creativity_and_Feedback_T1","evening","Push","Paid_Social_Achiever_Week_4_Creativity_and_Feedback_T2","night","Push","Paid_Social_Achiever_Week_4_Creativity_and_Feedback_T3","night","Push","Paid_Social_Achiever_Week_4_Creativity_and_Feedback_T4","night","In-App","Paid_Social_Achiever_Week_4_Creativity_and_Feedback_T5","night","In-App","Paid_Social_Achiever_Week_4_Creativity_and_Feedback_T1","night","In-App","Paid_Social_Achiever_Week_4_Creativity_and_Feedback_T2","early_morning","In-App","Paid_Social_Achiever_Week_4_Creativity_and_Feedback_T3","mid_morning","In-App","Paid_Social_Achiever_Week_4_Creativity_and_Feedback_T4","mid_morning","In-App"
"USR_000066","3","Day 0","Inactive_Socialite_Day_1_Scarcity_and_Impatience_T1","early_morning","Push","Inactive_Socialite_Day_1_Scarcity_and_Impatience_T2","mid_morning","Push","Inactive_Socialite_Day_1_Scarcity_and_Impatience_T3","mid_morning","Push","Inactive_Socialite_Day_1_Scarcity_and_Impatience_T4","afternoon","In-App","Inactive_Socialite_Day_1_Scarcity_and_Impatience_T5","late_afternoon","In-App","Inactive_Socialite_Day_1_Scarcity_and_Impatience_T1","late_afternoon","In-App","Inactive_Socialite_Day_1_Scarcity_and_Impatience_T2","evening","In-App","Inactive_Socialite_Day_1_Scarcity_and_Impatience_T3","night","In-App","Inactive_Socialite_Day_1_Scarcity_and_Impatience_T4","night","In-App"
"USR_000067","4","Day 65","Dormant_Social_Day_1_Unpredictability_T1","early_morning","Push","Dormant_Social_Day_1_Unpredictability_T2","mid_morning","Push","Dormant_Social_Day_1_Unpredictability_T3","mid_morning","Push","Dormant_Social_Day_1_Unpredictability_T4","afternoon","In-App","Dormant_Social_Day_1_Unpredictability_T5","late_afternoon","In-App","Dormant_Social_Day_1_Unpredictability_T1","late_afternoon","In-App","Dormant_Social_Day_1_Unpredictability_T2","evening","In-App","Dormant_Social_Day_1_Unpredictability_T3","night","In-App","Dormant_Social_Day_1_Unpredictability_T4","night","In-App"
"USR_000068","2","Day 120","Paid_Social_Achiever_Week_4_Creativity_and_Feedback_T1","night","Push","Paid_Social_Achiever_Week_4_Creativity_and_Feedback_T2","night","Push","Paid_Social_Achiever_Week_4_Creativity_and_Feedback_T3","night","Push","Paid_Social_Achiever_Week_4_Creativity_and_Feedback_T4","night","In-App","Paid_Social_Achiever_Week_4_Creativity_and_Feedback_T5","night","In-App","Paid_Social_Achiever_Week_4_Creativity_and_Feedback_T1","early_morning","In-App","Paid_Social_Achiever_Week_4_Creativity_and_Feedback_T2","mid_morning","In-App","Paid_Social_Achiever_Week_4_Creativity_and_Feedback_T3","mid_morning","In-App","Paid_Social_Achiever_Week_4_Creativity_and_Feedback_T4","afternoon","In-App"
"USR_000069","2","Day 36","Paid_Social_Achiever_Week_4_Creativity_and_Feedback_T1","mid_morning","Push","Paid_Social_Achiever_Week_4_Creativity_and_Feedback_T2","mid_morning","Push","Paid_Social_Achiever_Week_4_Creativity_and_Feedback_T3","afternoon","Push","Paid_Social_Achiever_Week_4_Creativity_and_Feedback_T4","late_afternoon","In-App","Paid_Social_Achiever_Week_4_Creativity_and_Feedback_T5","late_afternoon","In-App","Paid_Social_Achiever_Week_4_Creativity_and_Feedback_T1","evening","In-App","Paid_Social_Achiever_Week_4_Creativity_and_Feedback_T2","night","In-App","Paid_Social_Achiever_Week_4_Creativity_and_Feedback_T3","night","In-App","Paid_Social_Achiever_Week_4_Creativity_and_Feedback_T4","night","In-App"
"USR_000070","0","Day 125","Inactive_Socialite_Day_1_Unpredictability_T1","early_morning","Push","Inactive_Socialite_Day_1_Unpredictability_T2","mid_morning","Push","Inactive_Socialite_Day_1_Unpredictability_T3","mid_morning","Push","Inactive_Socialite_Day_1_Unpredictability_T4","afternoon","In-App","Inactive_Socialite_Day_1_Unpredictability_T5","late_afternoon","In-App","Inactive_Socialite_Day_1_Unpredictability_T1","late_afternoon","In-App","Inactive_Socialite_Day_1_Unpredictability_T2","evening","In-App","Inactive_Socialite_Day_1_Unpredictability_T3","night","In-App","Inactive_Socialite_Day_1_Unpredictability_T4","night","In-App"
"USR_000071","1","Day 0","Inactive_Social_Learners_Day_1_Social_Influence_T1","evening","Push","Inactive_Social_Learners_Day_1_Social_Influence_T2","night","Push","Inactive_Social_Learners_Day_1_Social_Influence_T3","night","Push","Inactive_Social_Learners_Day_1_Social_Influence_T4","night","In-App","Inactive_Social_Learners_Day_1_Social_Influence_T5","night","In-App","Inactive_Social_Learners_Day_1_Social_Influence_T1","night","In-App","Inactive_Social_Learners_Day_1_Social_Influence_T2","early_morning","In-App","Inactive_Social_Learners_Day_1_Social_Influence_T3","mid_morning","In-App","Inactive_Social_Learners_Day_1_Social_Influence_T4","mid_morning","In-App"
"USR_000072","2","Day 91","Paid_Social_Achiever_Week_4_Creativity_and_Feedback_T1","night","Push","Paid_Social_Achiever_Week_4_Creativity_and_Feedback_T2","night","Push","Paid_Social_Achiever_Week_4_Creativity_and_Feedback_T3","night","Push","Paid_Social_Achiever_Week_4_Creativity_and_Feedback_T4","night","In-App","Paid_Social_Achiever_Week_4_Creativity_and_Feedback_T5","early_morning","In-App","Paid_Social_Achiever_Week_4_Creativity_and_Feedback_T1","early_morning","In-App","Paid_Social_Achiever_Week_4_Creativity_and_Feedback_T2","mid_morning","In-App","Paid_Social_Achiever_Week_4_Creativity_and_Feedback_T3","afternoon","In-App","Paid_Social_Achiever_Week_4_Creativity_and_Feedback_T4","afternoon","In-App"
"USR_000073","2","Day 58","Paid_Social_Achiever_Week_4_Creativity_and_Feedback_T1","evening","Push","Paid_Social_Achiever_Week_4_Creativity_and_Feedback_T2","night","Push","Paid_Social_Achiever_Week_4_Creativity_and_Feedback_T3","night","Push","Paid_Social_Achiever_Week_4_Creativity_and_Feedback_T4","night","In-App","Paid_Social_Achiever_Week_4_Creativity_and_Feedback_T5","night","In-App","Paid_Social_Achiever_Week_4_Creativity_and_Feedback_T1","early_morning","In-App","Paid_Social_Achiever_Week_4_Creativity_and_Feedback_T2","early_morning","In-App","Paid_Social_Achiever_Week_4_Creativity_and_Feedback_T3","mid_morning","In-App","Paid_Social_Achiever_Week_4_Creativity_and_Feedback_T4","afternoon","In-App"
"USR_000074","0","Day 84","Inactive_Socialite_Day_1_Unpredictability_T1","evening","Push","Inactive_Socialite_Day_1_Unpredictability_T2","night","Push","Inactive_Socialite_Day_1_Unpredictability_T3","night","Push","Inactive_Socialite_Day_1_Unpredictability_T4","night","In-App","Inactive_Socialite_Day_1_Unpredictability_T5","night","In-App","Inactive_Socialite_Day_1_Unpredictability_T1","night","In-App","Inactive_Socialite_Day_1_Unpredictability_T2","early_morning","In-App","Inactive_Socialite_Day_1_Unpredictability_T3","mid_morning","In-App","Inactive_Socialite_Day_1_Unpredictability_T4","mid_morning","In-App"
"USR_000075","1","Day 118","Inactive_Social_Learners_Day_1_Social_Influence_T1","evening","Push","Inactive_Social_Learners_Day_1_Social_Influence_T2","evening","Push","Inactive_Social_Learners_Day_1_Social_Influence_T3","night","Push","Inactive_Social_Learners_Day_1_Social_Influence_T4","night","In-App","Inactive_Social_Learners_Day_1_Social_Influence_T5","night","In-App","Inactive_Social_Learners_Day_1_Social_Influence_T1","night","In-App","Inactive_Social_Learners_Day_1_Social_Influence_T2","early_morning","In-App","Inactive_Social_Learners_Day_1_Social_Influence_T3","early_morning","In-App","Inactive_Social_Learners_Day_1_Social_Influence_T4","mid_morning","In-App"
"USR_000076","7","Day 65","Paid_Competitive_Week_4_Ownership_and_Possession_T1","night","Push","Paid_Competitive_Week_4_Ownership_and_Possession_T2","night","Push","Paid_Competitive_Week_4_Ownership_and_Possession_T3","night","Push","Paid_Competitive_Week_4_Ownership_and_Possession_T4","night","In-App","Paid_Competitive_Week_4_Ownership_and_Possession_T5","early_morning","In-App","Paid_Competitive_Week_4_Ownership_and_Possession_T1","early_morning","In-App","Paid_Competitive_Week_4_Ownership_and_Possession_T2","mid_morning","In-App","Paid_Competitive_Week_4_Ownership_and_Possession_T3","afternoon","In-App","Paid_Competitive_Week_4_Ownership_and_Possession_T4","afternoon","In-App"
"USR_000077","2","Day 64","Paid_Social_Achiever_Week_4_Creativity_and_Feedback_T1","late_afternoon","Push","Paid_Social_Achiever_Week_4_Creativity_and_Feedback_T2","evening","Push","Paid_Social_Achiever_Week_4_Creativity_and_Feedback_T3","evening","Push","Paid_Social_Achiever_Week_4_Creativity_and_Feedback_T4","night","In-App","Paid_Social_Achiever_Week_4_Creativity_and_Feedback_T5","night","In-App","Paid_Social_Achiever_Week_4_Creativity_and_Feedback_T1","night","In-App","Paid_Social_Achiever_Week_4_Creativity_and_Feedback_T2","night","In-App","Paid_Social_Achiever_Week_4_Creativity_and_Feedback_T3","early_morning","In-App","Paid_Social_Achiever_Week_4_Creativity_and_Feedback_T4","early_morning","In-App"
"USR_000078","2","Day 22","Paid_Social_Achiever_Week_4_Creativity_and_Feedback_T1","afternoon","Push","Paid_Social_Achiever_Week_4_Creativity_and_Feedback_T2","late_afternoon","Push","Paid_Social_Achiever_Week_4_Creativity_and_Feedback_T3","evening","Push","Paid_Social_Achiever_Week_4_Creativity_and_Feedback_T4","evening","In-App","Paid_Social_Achiever_Week_4_Creativity_and_Feedback_T5","night","In-App","Paid_Social_Achiever_Week_4_Creativity_and_Feedback_T1","night","In-App","Paid_Social_Achiever_Week_4_Creativity_and_Feedback_T2","night","In-App","Paid_Social_Achiever_Week_4_Creativity_and_Feedback_T3","night","In-App","Paid_Social_Achiever_Week_4_Creativity_and_Feedback_T4","early_morning","In-App"
"USR_000079","5","Day 2","Dormant_Achiever_Day_1_Scarcity_and_Impatience_T1","afternoon","Push","Dormant_Achiever_Day_1_Scarcity_and_Impatience_T2","afternoon","Push","Dormant_Achiever_Day_1_Scarcity_and_Impatience_T3","late_afternoon","Push","Dormant_Achiever_Day_1_Scarcity_and_Impatience_T4","evening","In-App","Dormant_Achiever_Day_1_Scarcity_and_Impatience_T5","evening","In-App","Dormant_Achiever_Day_1_Scarcity_and_Impatience_T1","night","In-App","Dormant_Achiever_Day_1_Scarcity_and_Impatience_T2","night","In-App","Dormant_Achiever_Day_1_Scarcity_and_Impatience_T3","night","In-App","Dormant_Achiever_Day_1_Scarcity_and_Impatience_T4","night","In-App"
"USR_000080","7","Day 119","Paid_Competitive_Week_4_Ownership_and_Possession_T1","late_afternoon","Push","Paid_Competitive_Week_4_Ownership_and_Possession_T2","evening","Push","Paid_Competitive_Week_4_Ownership_and_Possession_T3","night","Push","Paid_Competitive_Week_4_Ownership_and_Possession_T4","night","In-App","Paid_Competitive_Week_4_Ownership_and_Possession_T5","night","In-App","Paid_Competitive_Week_4_Ownership_and_Possession_T1","night","In-App","Paid_Competitive_Week_4_Ownership_and_Possession_T2","night","In-App","Paid_Competitive_Week_4_Ownership_and_Possession_T3","early_morning","In-App","Paid_Competitive_Week_4_Ownership_and_Possession_T4","mid_morning","In-App"
"USR_000081","4","Day 59","Dormant_Social_Day_1_Unpredictability_T1","evening","Push","Dormant_Social_Day_1_Unpredictability_T2","evening","Push","Dormant_Social_Day_1_Unpredictability_T3","night","Push","Dormant_Social_Day_1_Unpredictability_T4","night","In-App","Dormant_Social_Day_1_Unpredictability_T5","night","In-App","Dormant_Social_Day_1_Unpredictability_T1","night","In-App","Dormant_Social_Day_1_Unpredictability_T2","early_morning","In-App","Dormant_Social_Day_1_Unpredictability_T3","early_morning","In-App","Dormant_Social_Day_1_Unpredictability_T4","mid_morning","In-App"
"USR_000082","0","Day 109","Inactive_Socialite_Day_1_Unpredictability_T1","night","Push","Inactive_Socialite_Day_1_Unpredictability_T2","night","Push","Inactive_Socialite_Day_1_Unpredictability_T3","night","Push","Inactive_Socialite_Day_1_Unpredictability_T4","night","In-App","Inactive_Socialite_Day_1_Unpredictability_T5","early_morning","In-App","Inactive_Socialite_Day_1_Unpredictability_T1","mid_morning","In-App","Inactive_Socialite_Day_1_Unpredictability_T2","mid_morning","In-App","Inactive_Socialite_Day_1_Unpredictability_T3","afternoon","In-App","Inactive_Socialite_Day_1_Unpredictability_T4","late_afternoon","In-App"
"USR_000083","3","Day 5","Inactive_Socialite_Day_1_Scarcity_and_Impatience_T1","early_morning","Push","Inactive_Socialite_Day_1_Scarcity_and_Impatience_T2","mid_morning","Push","Inactive_Socialite_Day_1_Scarcity_and_Impatience_T3","mid_morning","Push","Inactive_Socialite_Day_1_Scarcity_and_Impatience_T4","afternoon","In-App","Inactive_Socialite_Day_1_Scarcity_and_Impatience_T5","late_afternoon","In-App","Inactive_Socialite_Day_1_Scarcity_and_Impatience_T1","late_afternoon","In-App","Inactive_Socialite_Day_1_Scarcity_and_Impatience_T2","evening","In-App","Inactive_Socialite_Day_1_Scarcity_and_Impatience_T3","night","In-App","Inactive_Socialite_Day_1_Scarcity_and_Impatience_T4","night","In-App"
"USR_000084","4","Day 99","Dormant_Social_Day_1_Unpredictability_T1","afternoon","Push","Dormant_Social_Day_1_Unpredictability_T2","late_afternoon","Push","Dormant_Social_Day_1_Unpredictability_T3","late_afternoon","Push","Dormant_Social_Day_1_Unpredictability_T4","evening","In-App","Dormant_Social_Day_1_Unpredictability_T5","night","In-App","Dormant_Social_Day_1_Unpredictability_T1","night","In-App","Dormant_Social_Day_1_Unpredictability_T2","night","In-App","Dormant_Social_Day_1_Unpredictability_T3","night","In-App","Dormant_Social_Day_1_Unpredictability_T4","night","In-App"
"USR_000085","3","Day 2","Inactive_Socialite_Day_1_Scarcity_and_Impatience_T1","late_afternoon","Push","Inactive_Socialite_Day_1_Scarcity_and_Impatience_T2","late_afternoon","Push","Inactive_Socialite_Day_1_Scarcity_and_Impatience_T3","evening","Push","Inactive_Socialite_Day_1_Scarcity_and_Impatience_T4","night","In-App","Inactive_Socialite_Day_1_Scarcity_and_Impatience_T5","night","In-App","Inactive_Socialite_Day_1_Scarcity_and_Impatience_T1","night","In-App","Inactive_Socialite_Day_1_Scarcity_and_Impatience_T2","night","In-App","Inactive_Socialite_Day_1_Scarcity_and_Impatience_T3","night","In-App","Inactive_Socialite_Day_1_Scarcity_and_Impatience_T4","early_morning","In-App"
"USR_000086","4","Day 40","Dormant_Social_Day_1_Unpredictability_T1","late_afternoon","Push","Dormant_Social_Day_1_Unpredictability_T2","evening","Push","Dormant_Social_Day_1_Unpredictability_T3","evening","Push","Dormant_Social_Day_1_Unpredictability_T4","night","In-App","Dormant_Social_Day_1_Unpredictability_T5","night","In-App","Dormant_Social_Day_1_Unpredictability_T1","night","In-App","Dormant_Social_Day_1_Unpredictability_T2","night","In-App","Dormant_Social_Day_1_Unpredictability_T3","early_morning","In-App","Dormant_Social_Day_1_Unpredictability_T4","early_morning","In-App"
"USR_000087","3","Day 5","Inactive_Socialite_Day_1_Scarcity_and_Impatience_T1","early_morning","Push","Inactive_Socialite_Day_1_Scarcity_and_Impatience_T2","mid_morning","Push","Inactive_Socialite_Day_1_Scarcity_and_Impatience_T3","afternoon","Push","Inactive_Socialite_Day_1_Scarcity_and_Impatience_T4","afternoon","In-App","Inactive_Socialite_Day_1_Scarcity_and_Impatience_T5","late_afternoon","In-App","Inactive_Socialite_Day_1_Scarcity_and_Impatience_T1","evening","In-App","Inactive_Socialite_Day_1_Scarcity_and_Impatience_T2","evening","In-App","Inactive_Socialite_Day_1_Scarcity_and_Impatience_T3","night","In-App","Inactive_Socialite_Day_1_Scarcity_and_Impatience_T4","night","In-App"
"USR_000088","3","Day 3","Inactive_Socialite_Day_1_Scarcity_and_Impatience_T1","mid_morning","Push","Inactive_Socialite_Day_1_Scarcity_and_Impatience_T2","mid_morning","Push","Inactive_Socialite_Day_1_Scarcity_and_Impatience_T3","afternoon","Push","Inactive_Socialite_Day_1_Scarcity_and_Impatience_T4","late_afternoon","In-App","Inactive_Socialite_Day_1_Scarcity_and_Impatience_T5","late_afternoon","In-App","Inactive_Socialite_Day_1_Scarcity_and_Impatience_T1","evening","In-App","Inactive_Socialite_Day_1_Scarcity_and_Impatience_T2","night","In-App","Inactive_Socialite_Day_1_Scarcity_and_Impatience_T3","night","In-App","Inactive_Socialite_Day_1_Scarcity_and_Impatience_T4","night","In-App"
"USR_000089","5","Day 7","Dormant_Achiever_Day_1_Scarcity_and_Impatience_T1","late_afternoon","Push","Dormant_Achiever_Day_1_Scarcity_and_Impatience_T2","evening","Push","Dormant_Achiever_Day_1_Scarcity_and_Impatience_T3","night","Push","Dormant_Achiever_Day_1_Scarcity_and_Impatience_T4","night","In-App","Dormant_Achiever_Day_1_Scarcity_and_Impatience_T5","night","In-App","Dormant_Achiever_Day_1_Scarcity_and_Impatience_T1","night","In-App","Dormant_Achiever_Day_1_Scarcity_and_Impatience_T2","night","In-App","Dormant_Achiever_Day_1_Scarcity_and_Impatience_T3","early_morning","In-App","Dormant_Achiever_Day_1_Scarcity_and_Impatience_T4","mid_morning","In-App"
"USR_000090","2","Day 109","Paid_Social_Achiever_Week_4_Creativity_and_Feedback_T1","early_morning","Push","Paid_Social_Achiever_Week_4_Creativity_and_Feedback_T2","mid_morning","Push","Paid_Social_Achiever_Week_4_Creativity_and_Feedback_T3","mid_morning","Push","Paid_Social_Achiever_Week_4_Creativity_and_Feedback_T4","afternoon","In-App","Paid_Social_Achiever_Week_4_Creativity_and_Feedback_T5","late_afternoon","In-App","Paid_Social_Achiever_Week_4_Creativity_and_Feedback_T1","late_afternoon","In-App","Paid_Social_Achiever_Week_4_Creativity_and_Feedback_T2","evening","In-App","Paid_Social_Achiever_Week_4_Creativity_and_Feedback_T3","night","In-App","Paid_Social_Achiever_Week_4_Creativity_and_Feedback_T4","night","In-App"
"USR_000091","2","Day 102","Paid_Social_Achiever_Week_4_Creativity_and_Feedback_T1","early_morning","Push","Paid_Social_Achiever_Week_4_Creativity_and_Feedback_T2","mid_morning","Push","Paid_Social_Achiever_Week_4_Creativity_and_Feedback_T3","mid_morning","Push","Paid_Social_Achiever_Week_4_Creativity_and_Feedback_T4","afternoon","In-App","Paid_Social_Achiever_Week_4_Creativity_and_Feedback_T5","late_afternoon","In-App","Paid_Social_Achiever_Week_4_Creativity_and_Feedback_T1","late_afternoon","In-App","Paid_Social_Achiever_Week_4_Creativity_and_Feedback_T2","evening","In-App","Paid_Social_Achiever_Week_4_Creativity_and_Feedback_T3","night","In-App","Paid_Social_Achiever_Week_4_Creativity_and_Feedback_T4","night","In-App"
"USR_000092","7","Day 64","Paid_Competitive_Week_4_Ownership_and_Possession_T1","evening","Push","Paid_Competitive_Week_4_Ownership_and_Possession_T2","night","Push","Paid_Competitive_Week_4_Ownership_and_Possession_T3","night","Push","Paid_Competitive_Week_4_Ownership_and_Possession_T4","night","In-App","Paid_Competitive_Week_4_Ownership_and_Possession_T5","night","In-App","Paid_Competitive_Week_4_Ownership_and_Possession_T1","early_morning","In-App","Paid_Competitive_Week_4_Ownership_and_Possession_T2","early_morning","In-App","Paid_Competitive_Week_4_Ownership_and_Possession_T3","mid_morning","In-App","Paid_Competitive_Week_4_Ownership_and_Possession_T4","afternoon","In-App"
"USR_000093","6","Day 4","Dormant_Scholar_Day_1_Creativity_and_Feedback_T1","afternoon","Push","Dormant_Scholar_Day_1_Creativity_and_Feedback_T2","late_afternoon","Push","Dormant_Scholar_Day_1_Creativity_and_Feedback_T3","evening","Push","Dormant_Scholar_Day_1_Creativity_and_Feedback_T4","evening","In-App","Dormant_Scholar_Day_1_Creativity_and_Feedback_T5","night","In-App","Dormant_Scholar_Day_1_Creativity_and_Feedback_T1","night","In-App","Dormant_Scholar_Day_1_Creativity_and_Feedback_T2","night","In-App","Dormant_Scholar_Day_1_Creativity_and_Feedback_T3","night","In-App","Dormant_Scholar_Day_1_Creativity_and_Feedback_T4","early_morning","In-App"
"USR_000094","7","Day 47","Paid_Competitive_Week_4_Ownership_and_Possession_T1","night","Push","Paid_Competitive_Week_4_Ownership_and_Possession_T2","night","Push","Paid_Competitive_Week_4_Ownership_and_Possession_T3","night","Push","Paid_Competitive_Week_4_Ownership_and_Possession_T4","night","In-App","Paid_Competitive_Week_4_Ownership_and_Possession_T5","night","In-App","Paid_Competitive_Week_4_Ownership_and_Possession_T1","early_morning","In-App","Paid_Competitive_Week_4_Ownership_and_Possession_T2","mid_morning","In-App","Paid_Competitive_Week_4_Ownership_and_Possession_T3","mid_morning","In-App","Paid_Competitive_Week_4_Ownership_and_Possession_T4","afternoon","In-App"
"USR_000095","2","Day 35","Paid_Social_Achiever_Week_4_Creativity_and_Feedback_T1","late_afternoon","Push","Paid_Social_Achiever_Week_4_Creativity_and_Feedback_T2","evening","Push","Paid_Social_Achiever_Week_4_Creativity_and_Feedback_T3","evening","Push","Paid_Social_Achiever_Week_4_Creativity_and_Feedback_T4","night","In-App","Paid_Social_Achiever_Week_4_Creativity_and_Feedback_T5","night","In-App","Paid_Social_Achiever_Week_4_Creativity_and_Feedback_T1","night","In-App","Paid_Social_Achiever_Week_4_Creativity_and_Feedback_T2","night","In-App","Paid_Social_Achiever_Week_4_Creativity_and_Feedback_T3","early_morning","In-App","Paid_Social_Achiever_Week_4_Creativity_and_Feedback_T4","early_morning","In-App"
"USR_000096","4","Day 33","Dormant_Social_Day_1_Unpredictability_T1","evening","Push","Dormant_Social_Day_1_Unpredictability_T2","evening","Push","Dormant_Social_Day_1_Unpredictability_T3","night","Push","Dormant_Social_Day_1_Unpredictability_T4","night","In-App","Dormant_Social_Day_1_Unpredictability_T5","night","In-App","Dormant_Social_Day_1_Unpredictability_T1","night","In-App","Dormant_Social_Day_1_Unpredictability_T2","early_morning","In-App","Dormant_Social_Day_1_Unpredictability_T3","early_morning","In-App","Dormant_Social_Day_1_Unpredictability_T4","mid_morning","In-App"
"USR_000097","7","Day 37","Paid_Competitive_Week_4_Ownership_and_Possession_T1","night","Push","Paid_Competitive_Week_4_Ownership_and_Possession_T2","night","Push","Paid_Competitive_Week_4_Ownership_and_Possession_T3","night","Push","Paid_Competitive_Week_4_Ownership_and_Possession_T4","night","In-App","Paid_Competitive_Week_4_Ownership_and_Possession_T5","night","In-App","Paid_Competitive_Week_4_Ownership_and_Possession_T1","early_morning","In-App","Paid_Competitive_Week_4_Ownership_and_Possession_T2","mid_morning","In-App","Paid_Competitive_Week_4_Ownership_and_Possession_T3","mid_morning","In-App","Paid_Competitive_Week_4_Ownership_and_Possession_T4","afternoon","In-App"
"USR_000098","7","Day 33","Paid_Competitive_Week_4_Ownership_and_Possession_T1","evening","Push","Paid_Competitive_Week_4_Ownership_and_Possession_T2","night","Push","Paid_Competitive_Week_4_Ownership_and_Possession_T3","night","Push","Paid_Competitive_Week_4_Ownership_and_Possession_T4","night","In-App","Paid_Competitive_Week_4_Ownership_and_Possession_T5","night","In-App","Paid_Competitive_Week_4_Ownership_and_Possession_T1","early_morning","In-App","Paid_Competitive_Week_4_Ownership_and_Possession_T2","early_morning","In-App","Paid_Competitive_Week_4_Ownership_and_Possession_T3","mid_morning","In-App","Paid_Competitive_Week_4_Ownership_and_Possession_T4","afternoon","In-App"
"USR_000099","4","Day 67","Dormant_Social_Day_1_Unpredictability_T1","late_afternoon","Push","Dormant_Social_Day_1_Unpredictability_T2","evening","Push","Dormant_Social_Day_1_Unpredictability_T3","night","Push","Dormant_Social_Day_1_Unpredictability_T4","night","In-App","Dormant_Social_Day_1_Unpredictability_T5","night","In-App","Dormant_Social_Day_1_Unpredictability_T1","night","In-App","Dormant_Social_Day_1_Unpredictability_T2","night","In-App","Dormant_Social_Day_1_Unpredictability_T3","early_morning","In-App","Dormant_Social_Day_1_Unpredictability_T4","mid_morning","In-App"
"USR_000100","4","Day 26","Dormant_Social_Day_1_Unpredictability_T1","early_morning","Push","Dormant_Social_Day_1_Unpredictability_T2","mid_morning","Push","Dormant_Social_Day_1_Unpredictability_T3","afternoon","Push","Dormant_Social_Day_1_Unpredictability_T4","afternoon","In-App","Dormant_Social_Day_1_Unpredictability_T5","late_afternoon","In-App","Dormant_Social_Day_1_Unpredictability_T1","evening","In-App","Dormant_Social_Day_1_Unpredictability_T2","evening","In-App","Dormant_Social_Day_1_Unpredictability_T3","night","In-App","Dormant_Social_Day_1_Unpredictability_T4","night","In-App"
"USR_000101","2","Day 35","Paid_Social_Achiever_Week_4_Creativity_and_Feedback_T1","night","Push","Paid_Social_Achiever_Week_4_Creativity_and_Feedback_T2","early_morning","Push","Paid_Social_Achiever_Week_4_Creativity_and_Feedback_T3","mid_morning","Push","Paid_Social_Achiever_Week_4_Creativity_and_Feedback_T4","mid_morning","In-App","Paid_Social_Achiever_Week_4_Creativity_and_Feedback_T5","afternoon","In-App","Paid_Social_Achiever_Week_4_Creativity_and_Feedback_T1","late_afternoon","In-App","Paid_Social_Achiever_Week_4_Creativity_and_Feedback_T2","late_afternoon","In-App","Paid_Social_Achiever_Week_4_Creativity_and_Feedback_T3","evening","In-App","Paid_Social_Achiever_Week_4_Creativity_and_Feedback_T4","night","In-App"
"USR_000102","1","Day 0","Inactive_Social_Learners_Day_1_Social_Influence_T1","early_morning","Push","Inactive_Social_Learners_Day_1_Social_Influence_T2","mid_morning","Push","Inactive_Social_Learners_Day_1_Social_Influence_T3","mid_morning","Push","Inactive_Social_Learners_Day_1_Social_Influence_T4","afternoon","In-App","Inactive_Social_Learners_Day_1_Social_Influence_T5","late_afternoon","In-App","Inactive_Social_Learners_Day_1_Social_Influence_T1","late_afternoon","In-App","Inactive_Social_Learners_Day_1_Social_Influence_T2","evening","In-App","Inactive_Social_Learners_Day_1_Social_Influence_T3","night","In-App","Inactive_Social_Learners_Day_1_Social_Influence_T4","night","In-App"
"USR_000103","4","Day 78","Dormant_Social_Day_1_Unpredictability_T1","night","Push","Dormant_Social_Day_1_Unpredictability_T2","night","Push","Dormant_Social_Day_1_Unpredictability_T3","night","Push","Dormant_Social_Day_1_Unpredictability_T4","night","In-App","Dormant_Social_Day_1_Unpredictability_T5","night","In-App","Dormant_Social_Day_1_Unpredictability_T1","early_morning","In-App","Dormant_Social_Day_1_Unpredictability_T2","mid_morning","In-App","Dormant_Social_Day_1_Unpredictability_T3","mid_morning","In-App","Dormant_Social_Day_1_Unpredictability_T4","afternoon","In-App"
"USR_000104","5","Day 5","Dormant_Achiever_Day_1_Scarcity_and_Impatience_T1","late_afternoon","Push","Dormant_Achiever_Day_1_Scarcity_and_Impatience_T2","evening","Push","Dormant_Achiever_Day_1_Scarcity_and_Impatience_T3","evening","Push","Dormant_Achiever_Day_1_Scarcity_and_Impatience_T4","night","In-App","Dormant_Achiever_Day_1_Scarcity_and_Impatience_T5","night","In-App","Dormant_Achiever_Day_1_Scarcity_and_Impatience_T1","night","In-App","Dormant_Achiever_Day_1_Scarcity_and_Impatience_T2","night","In-App","Dormant_Achiever_Day_1_Scarcity_and_Impatience_T3","early_morning","In-App","Dormant_Achiever_Day_1_Scarcity_and_Impatience_T4","early_morning","In-App"
"USR_000105","3","Day 4","Inactive_Socialite_Day_1_Scarcity_and_Impatience_T1","afternoon","Push","Inactive_Socialite_Day_1_Scarcity_and_Impatience_T2","late_afternoon","Push","Inactive_Socialite_Day_1_Scarcity_and_Impatience_T3","evening","Push","Inactive_Socialite_Day_1_Scarcity_and_Impatience_T4","evening","In-App","Inactive_Socialite_Day_1_Scarcity_and_Impatience_T5","night","In-App","Inactive_Socialite_Day_1_Scarcity_and_Impatience_T1","night","In-App","Inactive_Socialite_Day_1_Scarcity_and_Impatience_T2","night","In-App","Inactive_Socialite_Day_1_Scarcity_and_Impatience_T3","night","In-App","Inactive_Socialite_Day_1_Scarcity_and_Impatience_T4","early_morning","In-App"
"USR_000106","5","Day 5","Dormant_Achiever_Day_1_Scarcity_and_Impatience_T1","mid_morning","Push","Dormant_Achiever_Day_1_Scarcity_and_Impatience_T2","mid_morning","Push","Dormant_Achiever_Day_1_Scarcity_and_Impatience_T3","afternoon","Push","Dormant_Achiever_Day_1_Scarcity_and_Impatience_T4","late_afternoon","In-App","Dormant_Achiever_Day_1_Scarcity_and_Impatience_T5","late_afternoon","In-App","Dormant_Achiever_Day_1_Scarcity_and_Impatience_T1","evening","In-App","Dormant_Achiever_Day_1_Scarcity_and_Impatience_T2","night","In-App","Dormant_Achiever_Day_1_Scarcity_and_Impatience_T3","night","In-App","Dormant_Achiever_Day_1_Scarcity_and_Impatience_T4","night","In-App"
"USR_000107","4","Day 68","Dormant_Social_Day_1_Unpredictability_T1","afternoon","Push","Dormant_Social_Day_1_Unpredictability_T2","late_afternoon","Push","Dormant_Social_Day_1_Unpredictability_T3","late_afternoon","Push","Dormant_Social_Day_1_Unpredictability_T4","evening","In-App","Dormant_Social_Day_1_Unpredictability_T5","night","In-App","Dormant_Social_Day_1_Unpredictability_T1","night","In-App","Dormant_Social_Day_1_Unpredictability_T2","night","In-App","Dormant_Social_Day_1_Unpredictability_T3","night","In-App","Dormant_Social_Day_1_Unpredictability_T4","night","In-App"
"USR_000108","6","Day 5","Dormant_Scholar_Day_1_Creativity_and_Feedback_T1","late_afternoon","Push","Dormant_Scholar_Day_1_Creativity_and_Feedback_T2","evening","Push","Dormant_Scholar_Day_1_Creativity_and_Feedback_T3","evening","Push","Dormant_Scholar_Day_1_Creativity_and_Feedback_T4","night","In-App","Dormant_Scholar_Day_1_Creativity_and_Feedback_T5","night","In-App","Dormant_Scholar_Day_1_Creativity_and_Feedback_T1","night","In-App","Dormant_Scholar_Day_1_Creativity_and_Feedback_T2","night","In-App","Dormant_Scholar_Day_1_Creativity_and_Feedback_T3","early_morning","In-App","Dormant_Scholar_Day_1_Creativity_and_Feedback_T4","early_morning","In-App"
"USR_000109","4","Day 70","Dormant_Social_Day_1_Unpredictability_T1","evening","Push","Dormant_Social_Day_1_Unpredictability_T2","night","Push","Dormant_Social_Day_1_Unpredictability_T3","night","Push","Dormant_Social_Day_1_Unpredictability_T4","night","In-App","Dormant_Social_Day_1_Unpredictability_T5","night","In-App","Dormant_Social_Day_1_Unpredictability_T1","early_morning","In-App","Dormant_Social_Day_1_Unpredictability_T2","early_morning","In-App","Dormant_Social_Day_1_Unpredictability_T3","mid_morning","In-App","Dormant_Social_Day_1_Unpredictability_T4","afternoon","In-App"
"USR_000110","7","Day 54","Paid_Competitive_Week_4_Ownership_and_Possession_T1","evening","Push","Paid_Competitive_Week_4_Ownership_and_Possession_T2","night","Push","Paid_Competitive_Week_4_Ownership_and_Possession_T3","night","Push","Paid_Competitive_Week_4_Ownership_and_Possession_T4","night","In-App","Paid_Competitive_Week_4_Ownership_and_Possession_T5","night","In-App","Paid_Competitive_Week_4_Ownership_and_Possession_T1","night","In-App","Paid_Competitive_Week_4_Ownership_and_Possession_T2","early_morning","In-App","Paid_Competitive_Week_4_Ownership_and_Possession_T3","mid_morning","In-App","Paid_Competitive_Week_4_Ownership_and_Possession_T4","mid_morning","In-App"
"USR_000111","5","Day 7","Dormant_Achiever_Day_1_Scarcity_and_Impatience_T1","night","Push","Dormant_Achiever_Day_1_Scarcity_and_Impatience_T2","night","Push","Dormant_Achiever_Day_1_Scarcity_and_Impatience_T3","night","Push","Dormant_Achiever_Day_1_Scarcity_and_Impatience_T4","night","In-App","Dormant_Achiever_Day_1_Scarcity_and_Impatience_T5","early_morning","In-App","Dormant_Achiever_Day_1_Scarcity_and_Impatience_T1","early_morning","In-App","Dormant_Achiever_Day_1_Scarcity_and_Impatience_T2","mid_morning","In-App","Dormant_Achiever_Day_1_Scarcity_and_Impatience_T3","afternoon","In-App","Dormant_Achiever_Day_1_Scarcity_and_Impatience_T4","afternoon","In-App"
"USR_000112","5","Day 4","Dormant_Achiever_Day_1_Scarcity_and_Impatience_T1","afternoon","Push","Dormant_Achiever_Day_1_Scarcity_and_Impatience_T2","late_afternoon","Push","Dormant_Achiever_Day_1_Scarcity_and_Impatience_T3","evening","Push","Dormant_Achiever_Day_1_Scarcity_and_Impatience_T4","evening","In-App","Dormant_Achiever_Day_1_Scarcity_and_Impatience_T5","night","In-App","Dormant_Achiever_Day_1_Scarcity_and_Impatience_T1","night","In-App","Dormant_Achiever_Day_1_Scarcity_and_Impatience_T2","night","In-App","Dormant_Achiever_Day_1_Scarcity_and_Impatience_T3","night","In-App","Dormant_Achiever_Day_1_Scarcity_and_Impatience_T4","early_morning","In-App"
"USR_000113","3","Day 2","Inactive_Socialite_Day_1_Scarcity_and_Impatience_T1","evening","Push","Inactive_Socialite_Day_1_Scarcity_and_Impatience_T2","night","Push","Inactive_Socialite_Day_1_Scarcity_and_Impatience_T3","night","Push","Inactive_Socialite_Day_1_Scarcity_and_Impatience_T4","night","In-App","Inactive_Socialite_Day_1_Scarcity_and_Impatience_T5","night","In-App","Inactive_Socialite_Day_1_Scarcity_and_Impatience_T1","early_morning","In-App","Inactive_Socialite_Day_1_Scarcity_and_Impatience_T2","early_morning","In-App","Inactive_Socialite_Day_1_Scarcity_and_Impatience_T3","mid_morning","In-App","Inactive_Socialite_Day_1_Scarcity_and_Impatience_T4","afternoon","In-App"
"USR_000114","7","Day 52","Paid_Competitive_Week_4_Ownership_and_Possession_T1","evening","Push","Paid_Competitive_Week_4_Ownership_and_Possession_T2","night","Push","Paid_Competitive_Week_4_Ownership_and_Possession_T3","night","Push","Paid_Competitive_Week_4_Ownership_and_Possession_T4","night","In-App","Paid_Competitive_Week_4_Ownership_and_Possession_T5","night","In-App","Paid_Competitive_Week_4_Ownership_and_Possession_T1","early_morning","In-App","Paid_Competitive_Week_4_Ownership_and_Possession_T2","early_morning","In-App","Paid_Competitive_Week_4_Ownership_and_Possession_T3","mid_morning","In-App","Paid_Competitive_Week_4_Ownership_and_Possession_T4","afternoon","In-App"
"USR_000115","6","Day 5","Dormant_Scholar_Day_1_Creativity_and_Feedback_T1","evening","Push","Dormant_Scholar_Day_1_Creativity_and_Feedback_T2","night","Push","Dormant_Scholar_Day_1_Creativity_and_Feedback_T3","night","Push","Dormant_Scholar_Day_1_Creativity_and_Feedback_T4","night","In-App","Dormant_Scholar_Day_1_Creativity_and_Feedback_T5","night","In-App","Dormant_Scholar_Day_1_Creativity_and_Feedback_T1","early_morning","In-App","Dormant_Scholar_Day_1_Creativity_and_Feedback_T2","early_morning","In-App","Dormant_Scholar_Day_1_Creativity_and_Feedback_T3","mid_morning","In-App","Dormant_Scholar_Day_1_Creativity_and_Feedback_T4","afternoon","In-App"
"USR_000116","7","Day 27","Paid_Competitive_Week_4_Ownership_and_Possession_T1","mid_morning","Push","Paid_Competitive_Week_4_Ownership_and_Possession_T2","afternoon","Push","Paid_Competitive_Week_4_Ownership_and_Possession_T3","late_afternoon","Push","Paid_Competitive_Week_4_Ownership_and_Possession_T4","late_afternoon","In-App","Paid_Competitive_Week_4_Ownership_and_Possession_T5","evening","In-App","Paid_Competitive_Week_4_Ownership_and_Possession_T1","night","In-App","Paid_Competitive_Week_4_Ownership_and_Possession_T2","night","In-App","Paid_Competitive_Week_4_Ownership_and_Possession_T3","night","In-App","Paid_Competitive_Week_4_Ownership_and_Possession_T4","night","In-App"
"USR_000117","0","Day 157","Inactive_Socialite_Day_1_Unpredictability_T1","late_afternoon","Push","Inactive_Socialite_Day_1_Unpredictability_T2","evening","Push","Inactive_Socialite_Day_1_Unpredictability_T3","evening","Push","Inactive_Socialite_Day_1_Unpredictability_T4","night","In-App","Inactive_Socialite_Day_1_Unpredictability_T5","night","In-App","Inactive_Socialite_Day_1_Unpredictability_T1","night","In-App","Inactive_Socialite_Day_1_Unpredictability_T2","night","In-App","Inactive_Socialite_Day_1_Unpredictability_T3","early_morning","In-App","Inactive_Socialite_Day_1_Unpredictability_T4","early_morning","In-App"
"USR_000118","2","Day 85","Paid_Social_Achiever_Week_4_Creativity_and_Feedback_T1","late_afternoon","Push","Paid_Social_Achiever_Week_4_Creativity_and_Feedback_T2","evening","Push","Paid_Social_Achiever_Week_4_Creativity_and_Feedback_T3","evening","Push","Paid_Social_Achiever_Week_4_Creativity_and_Feedback_T4","night","In-App","Paid_Social_Achiever_Week_4_Creativity_and_Feedback_T5","night","In-App","Paid_Social_Achiever_Week_4_Creativity_and_Feedback_T1","night","In-App","Paid_Social_Achiever_Week_4_Creativity_and_Feedback_T2","night","In-App","Paid_Social_Achiever_Week_4_Creativity_and_Feedback_T3","early_morning","In-App","Paid_Social_Achiever_Week_4_Creativity_and_Feedback_T4","early_morning","In-App"
"USR_000119","3","Day 0","Inactive_Socialite_Day_1_Scarcity_and_Impatience_T1","late_afternoon","Push","Inactive_Socialite_Day_1_Scarcity_and_Impatience_T2","evening","Push","Inactive_Socialite_Day_1_Scarcity_and_Impatience_T3","night","Push","Inactive_Socialite_Day_1_Scarcity_and_Impatience_T4","night","In-App","Inactive_Socialite_Day_1_Scarcity_and_Impatience_T5","night","In-App","Inactive_Socialite_Day_1_Scarcity_and_Impatience_T1","night","In-App","Inactive_Socialite_Day_1_Scarcity_and_Impatience_T2","night","In-App","Inactive_Socialite_Day_1_Scarcity_and_Impatience_T3","early_morning","In-App","Inactive_Socialite_Day_1_Scarcity_and_Impatience_T4","mid_morning","In-App"
"USR_000120","2","Day 47","Paid_Social_Achiever_Week_4_Creativity_and_Feedback_T1","afternoon","Push","Paid_Social_Achiever_Week_4_Creativity_and_Feedback_T2","afternoon","Push","Paid_Social_Achiever_Week_4_Creativity_and_Feedback_T3","late_afternoon","Push","Paid_Social_Achiever_Week_4_Creativity_and_Feedback_T4","evening","In-App","Paid_Social_Achiever_Week_4_Creativity_and_Feedback_T5","evening","In-App","Paid_Social_Achiever_Week_4_Creativity_and_Feedback_T1","night","In-App","Paid_Social_Achiever_Week_4_Creativity_and_Feedback_T2","night","In-App","Paid_Social_Achiever_Week_4_Creativity_and_Feedback_T3","night","In-App","Paid_Social_Achiever_Week_4_Creativity_and_Feedback_T4","night","In-App"
"USR_000121","2","Day 120","Paid_Social_Achiever_Week_4_Creativity_and_Feedback_T1","early_morning","Push","Paid_Social_Achiever_Week_4_Creativity_and_Feedback_T2","mid_morning","Push","Paid_Social_Achiever_Week_4_Creativity_and_Feedback_T3","afternoon","Push","Paid_Social_Achiever_Week_4_Creativity_and_Feedback_T4","afternoon","In-App","Paid_Social_Achiever_Week_4_Creativity_and_Feedback_T5","late_afternoon","In-App","Paid_Social_Achiever_Week_4_Creativity_and_Feedback_T1","evening","In-App","Paid_Social_Achiever_Week_4_Creativity_and_Feedback_T2","evening","In-App","Paid_Social_Achiever_Week_4_Creativity_and_Feedback_T3","night","In-App","Paid_Social_Achiever_Week_4_Creativity_and_Feedback_T4","night","In-App"
"USR_000122","3","Day 1","Inactive_Socialite_Day_1_Scarcity_and_Impatience_T1","afternoon","Push","Inactive_Socialite_Day_1_Scarcity_and_Impatience_T2","late_afternoon","Push","Inactive_Socialite_Day_1_Scarcity_and_Impatience_T3","evening","Push","Inactive_Socialite_Day_1_Scarcity_and_Impatience_T4","evening","In-App","Inactive_Socialite_Day_1_Scarcity_and_Impatience_T5","night","In-App","Inactive_Socialite_Day_1_Scarcity_and_Impatience_T1","night","In-App","Inactive_Socialite_Day_1_Scarcity_and_Impatience_T2","night","In-App","Inactive_Socialite_Day_1_Scarcity_and_Impatience_T3","night","In-App","Inactive_Socialite_Day_1_Scarcity_and_Impatience_T4","early_morning","In-App"
"USR_000123","3","Day 7","Inactive_Socialite_Day_1_Scarcity_and_Impatience_T1","evening","Push","Inactive_Socialite_Day_1_Scarcity_and_Impatience_T2","night","Push","Inactive_Socialite_Day_1_Scarcity_and_Impatience_T3","night","Push","Inactive_Socialite_Day_1_Scarcity_and_Impatience_T4","night","In-App","Inactive_Socialite_Day_1_Scarcity_and_Impatience_T5","night","In-App","Inactive_Socialite_Day_1_Scarcity_and_Impatience_T1","night","In-App","Inactive_Socialite_Day_1_Scarcity_and_Impatience_T2","early_morning","In-App","Inactive_Socialite_Day_1_Scarcity_and_Impatience_T3","mid_morning","In-App","Inactive_Socialite_Day_1_Scarcity_and_Impatience_T4","mid_morning","In-App"
"USR_000124","3","Day 4","Inactive_Socialite_Day_1_Scarcity_and_Impatience_T1","evening","Push","Inactive_Socialite_Day_1_Scarcity_and_Impatience_T2","night","Push","Inactive_Socialite_Day_1_Scarcity_and_Impatience_T3","night","Push","Inactive_Socialite_Day_1_Scarcity_and_Impatience_T4","night","In-App","Inactive_Socialite_Day_1_Scarcity_and_Impatience_T5","night","In-App","Inactive_Socialite_Day_1_Scarcity_and_Impatience_T1","night","In-App","Inactive_Socialite_Day_1_Scarcity_and_Impatience_T2","early_morning","In-App","Inactive_Socialite_Day_1_Scarcity_and_Impatience_T3","mid_morning","In-App","Inactive_Socialite_Day_1_Scarcity_and_Impatience_T4","mid_morning","In-App"
"USR_000125","2","Day 107","Paid_Social_Achiever_Week_4_Creativity_and_Feedback_T1","mid_morning","Push","Paid_Social_Achiever_Week_4_Creativity_and_Feedback_T2","mid_morning","Push","Paid_Social_Achiever_Week_4_Creativity_and_Feedback_T3","afternoon","Push","Paid_Social_Achiever_Week_4_Creativity_and_Feedback_T4","late_afternoon","In-App","Paid_Social_Achiever_Week_4_Creativity_and_Feedback_T5","late_afternoon","In-App","Paid_Social_Achiever_Week_4_Creativity_and_Feedback_T1","evening","In-App","Paid_Social_Achiever_Week_4_Creativity_and_Feedback_T2","night","In-App","Paid_Social_Achiever_Week_4_Creativity_and_Feedback_T3","night","In-App","Paid_Social_Achiever_Week_4_Creativity_and_Feedback_T4","night","In-App"
"USR_000126","7","Day 64","Paid_Competitive_Week_4_Ownership_and_Possession_T1","evening","Push","Paid_Competitive_Week_4_Ownership_and_Possession_T2","night","Push","Paid_Competitive_Week_4_Ownership_and_Possession_T3","night","Push","Paid_Competitive_Week_4_Ownership_and_Possession_T4","night","In-App","Paid_Competitive_Week_4_Ownership_and_Possession_T5","night","In-App","Paid_Competitive_Week_4_Ownership_and_Possession_T1","night","In-App","Paid_Competitive_Week_4_Ownership_and_Possession_T2","early_morning","In-App","Paid_Competitive_Week_4_Ownership_and_Possession_T3","mid_morning","In-App","Paid_Competitive_Week_4_Ownership_and_Possession_T4","mid_morning","In-App"
"USR_000127","5","Day 6","Dormant_Achiever_Day_1_Scarcity_and_Impatience_T1","evening","Push","Dormant_Achiever_Day_1_Scarcity_and_Impatience_T2","night","Push","Dormant_Achiever_Day_1_Scarcity_and_Impatience_T3","night","Push","Dormant_Achiever_Day_1_Scarcity_and_Impatience_T4","night","In-App","Dormant_Achiever_Day_1_Scarcity_and_Impatience_T5","night","In-App","Dormant_Achiever_Day_1_Scarcity_and_Impatience_T1","early_morning","In-App","Dormant_Achiever_Day_1_Scarcity_and_Impatience_T2","early_morning","In-App","Dormant_Achiever_Day_1_Scarcity_and_Impatience_T3","mid_morning","In-App","Dormant_Achiever_Day_1_Scarcity_and_Impatience_T4","afternoon","In-App"
"USR_000128","2","Day 46","Paid_Social_Achiever_Week_4_Creativity_and_Feedback_T1","early_morning","Push","Paid_Social_Achiever_Week_4_Creativity_and_Feedback_T2","mid_morning","Push","Paid_Social_Achiever_Week_4_Creativity_and_Feedback_T3","afternoon","Push","Paid_Social_Achiever_Week_4_Creativity_and_Feedback_T4","afternoon","In-App","Paid_Social_Achiever_Week_4_Creativity_and_Feedback_T5","late_afternoon","In-App","Paid_Social_Achiever_Week_4_Creativity_and_Feedback_T1","evening","In-App","Paid_Social_Achiever_Week_4_Creativity_and_Feedback_T2","evening","In-App","Paid_Social_Achiever_Week_4_Creativity_and_Feedback_T3","night","In-App","Paid_Social_Achiever_Week_4_Creativity_and_Feedback_T4","night","In-App"
"USR_000129","6","Day 6","Dormant_Scholar_Day_1_Creativity_and_Feedback_T1","late_afternoon","Push","Dormant_Scholar_Day_1_Creativity_and_Feedback_T2","late_afternoon","Push","Dormant_Scholar_Day_1_Creativity_and_Feedback_T3","evening","Push","Dormant_Scholar_Day_1_Creativity_and_Feedback_T4","night","In-App","Dormant_Scholar_Day_1_Creativity_and_Feedback_T5","night","In-App","Dormant_Scholar_Day_1_Creativity_and_Feedback_T1","night","In-App","Dormant_Scholar_Day_1_Creativity_and_Feedback_T2","night","In-App","Dormant_Scholar_Day_1_Creativity_and_Feedback_T3","night","In-App","Dormant_Scholar_Day_1_Creativity_and_Feedback_T4","early_morning","In-App"
"USR_000130","5","Day 4","Dormant_Achiever_Day_1_Scarcity_and_Impatience_T1","night","Push","Dormant_Achiever_Day_1_Scarcity_and_Impatience_T2","early_morning","Push","Dormant_Achiever_Day_1_Scarcity_and_Impatience_T3","mid_morning","Push","Dormant_Achiever_Day_1_Scarcity_and_Impatience_T4","mid_morning","In-App","Dormant_Achiever_Day_1_Scarcity_and_Impatience_T5","afternoon","In-App","Dormant_Achiever_Day_1_Scarcity_and_Impatience_T1","late_afternoon","In-App","Dormant_Achiever_Day_1_Scarcity_and_Impatience_T2","late_afternoon","In-App","Dormant_Achiever_Day_1_Scarcity_and_Impatience_T3","evening","In-App","Dormant_Achiever_Day_1_Scarcity_and_Impatience_T4","night","In-App"
"USR_000131","6","Day 2","Dormant_Scholar_Day_1_Creativity_and_Feedback_T1","late_afternoon","Push","Dormant_Scholar_Day_1_Creativity_and_Feedback_T2","evening","Push","Dormant_Scholar_Day_1_Creativity_and_Feedback_T3","night","Push","Dormant_Scholar_Day_1_Creativity_and_Feedback_T4","night","In-App","Dormant_Scholar_Day_1_Creativity_and_Feedback_T5","night","In-App","Dormant_Scholar_Day_1_Creativity_and_Feedback_T1","night","In-App","Dormant_Scholar_Day_1_Creativity_and_Feedback_T2","night","In-App","Dormant_Scholar_Day_1_Creativity_and_Feedback_T3","early_morning","In-App","Dormant_Scholar_Day_1_Creativity_and_Feedback_T4","mid_morning","In-App"
"USR_000132","4","Day 39","Dormant_Social_Day_1_Unpredictability_T1","evening","Push","Dormant_Social_Day_1_Unpredictability_T2","evening","Push","Dormant_Social_Day_1_Unpredictability_T3","night","Push","Dormant_Social_Day_1_Unpredictability_T4","night","In-App","Dormant_Social_Day_1_Unpredictability_T5","night","In-App","Dormant_Social_Day_1_Unpredictability_T1","night","In-App","Dormant_Social_Day_1_Unpredictability_T2","early_morning","In-App","Dormant_Social_Day_1_Unpredictability_T3","early_morning","In-App","Dormant_Social_Day_1_Unpredictability_T4","mid_morning","In-App"
"USR_000133","4","Day 27","Dormant_Social_Day_1_Unpredictability_T1","evening","Push","Dormant_Social_Day_1_Unpredictability_T2","evening","Push","Dormant_Social_Day_1_Unpredictability_T3","night","Push","Dormant_Social_Day_1_Unpredictability_T4","night","In-App","Dormant_Social_Day_1_Unpredictability_T5","night","In-App","Dormant_Social_Day_1_Unpredictability_T1","night","In-App","Dormant_Social_Day_1_Unpredictability_T2","early_morning","In-App","Dormant_Social_Day_1_Unpredictability_T3","early_morning","In-App","Dormant_Social_Day_1_Unpredictability_T4","mid_morning","In-App"
"USR_000134","6","Day 2","Dormant_Scholar_Day_1_Creativity_and_Feedback_T1","late_afternoon","Push","Dormant_Scholar_Day_1_Creativity_and_Feedback_T2","late_afternoon","Push","Dormant_Scholar_Day_1_Creativity_and_Feedback_T3","evening","Push","Dormant_Scholar_Day_1_Creativity_and_Feedback_T4","night","In-App","Dormant_Scholar_Day_1_Creativity_and_Feedback_T5","night","In-App","Dormant_Scholar_Day_1_Creativity_and_Feedback_T1","night","In-App","Dormant_Scholar_Day_1_Creativity_and_Feedback_T2","night","In-App","Dormant_Scholar_Day_1_Creativity_and_Feedback_T3","night","In-App","Dormant_Scholar_Day_1_Creativity_and_Feedback_T4","early_morning","In-App"
"USR_000135","3","Day 2","Inactive_Socialite_Day_1_Scarcity_and_Impatience_T1","late_afternoon","Push","Inactive_Socialite_Day_1_Scarcity_and_Impatience_T2","evening","Push","Inactive_Socialite_Day_1_Scarcity_and_Impatience_T3","night","Push","Inactive_Socialite_Day_1_Scarcity_and_Impatience_T4","night","In-App","Inactive_Socialite_Day_1_Scarcity_and_Impatience_T5","night","In-App","Inactive_Socialite_Day_1_Scarcity_and_Impatience_T1","night","In-App","Inactive_Socialite_Day_1_Scarcity_and_Impatience_T2","night","In-App","Inactive_Socialite_Day_1_Scarcity_and_Impatience_T3","early_morning","In-App","Inactive_Socialite_Day_1_Scarcity_and_Impatience_T4","mid_morning","In-App"
"USR_000136","4","Day 60","Dormant_Social_Day_1_Unpredictability_T1","evening","Push","Dormant_Social_Day_1_Unpredictability_T2","evening","Push","Dormant_Social_Day_1_Unpredictability_T3","night","Push","Dormant_Social_Day_1_Unpredictability_T4","night","In-App","Dormant_Social_Day_1_Unpredictability_T5","night","In-App","Dormant_Social_Day_1_Unpredictability_T1","night","In-App","Dormant_Social_Day_1_Unpredictability_T2","early_morning","In-App","Dormant_Social_Day_1_Unpredictability_T3","early_morning","In-App","Dormant_Social_Day_1_Unpredictability_T4","mid_morning","In-App"
"USR_000137","7","Day 27","Paid_Competitive_Week_4_Ownership_and_Possession_T1","night","Push","Paid_Competitive_Week_4_Ownership_and_Possession_T2","night","Push","Paid_Competitive_Week_4_Ownership_and_Possession_T3","night","Push","Paid_Competitive_Week_4_Ownership_and_Possession_T4","night","In-App","Paid_Competitive_Week_4_Ownership_and_Possession_T5","early_morning","In-App","Paid_Competitive_Week_4_Ownership_and_Possession_T1","early_morning","In-App","Paid_Competitive_Week_4_Ownership_and_Possession_T2","mid_morning","In-App","Paid_Competitive_Week_4_Ownership_and_Possession_T3","afternoon","In-App","Paid_Competitive_Week_4_Ownership_and_Possession_T4","afternoon","In-App"
"USR_000138","2","Day 80","Paid_Social_Achiever_Week_4_Creativity_and_Feedback_T1","late_afternoon","Push","Paid_Social_Achiever_Week_4_Creativity_and_Feedback_T2","late_afternoon","Push","Paid_Social_Achiever_Week_4_Creativity_and_Feedback_T3","evening","Push","Paid_Social_Achiever_Week_4_Creativity_and_Feedback_T4","night","In-App","Paid_Social_Achiever_Week_4_Creativity_and_Feedback_T5","night","In-App","Paid_Social_Achiever_Week_4_Creativity_and_Feedback_T1","night","In-App","Paid_Social_Achiever_Week_4_Creativity_and_Feedback_T2","night","In-App","Paid_Social_Achiever_Week_4_Creativity_and_Feedback_T3","night","In-App","Paid_Social_Achiever_Week_4_Creativity_and_Feedback_T4","early_morning","In-App"
"USR_000139","4","Day 30","Dormant_Social_Day_1_Unpredictability_T1","evening","Push","Dormant_Social_Day_1_Unpredictability_T2","night","Push","Dormant_Social_Day_1_Unpredictability_T3","night","Push","Dormant_Social_Day_1_Unpredictability_T4","night","In-App","Dormant_Social_Day_1_Unpredictability_T5","night","In-App","Dormant_Social_Day_1_Unpredictability_T1","early_morning","In-App","Dormant_Social_Day_1_Unpredictability_T2","early_morning","In-App","Dormant_Social_Day_1_Unpredictability_T3","mid_morning","In-App","Dormant_Social_Day_1_Unpredictability_T4","afternoon","In-App"
"USR_000140","5","Day 0","Dormant_Achiever_Day_1_Scarcity_and_Impatience_T1","night","Push","Dormant_Achiever_Day_1_Scarcity_and_Impatience_T2","night","Push","Dormant_Achiever_Day_1_Scarcity_and_Impatience_T3","night","Push","Dormant_Achiever_Day_1_Scarcity_and_Impatience_T4","night","In-App","Dormant_Achiever_Day_1_Scarcity_and_Impatience_T5","early_morning","In-App","Dormant_Achiever_Day_1_Scarcity_and_Impatience_T1","mid_morning","In-App","Dormant_Achiever_Day_1_Scarcity_and_Impatience_T2","mid_morning","In-App","Dormant_Achiever_Day_1_Scarcity_and_Impatience_T3","afternoon","In-App","Dormant_Achiever_Day_1_Scarcity_and_Impatience_T4","late_afternoon","In-App"
"USR_000141","2","Day 56","Paid_Social_Achiever_Week_4_Creativity_and_Feedback_T1","late_afternoon","Push","Paid_Social_Achiever_Week_4_Creativity_and_Feedback_T2","late_afternoon","Push","Paid_Social_Achiever_Week_4_Creativity_and_Feedback_T3","evening","Push","Paid_Social_Achiever_Week_4_Creativity_and_Feedback_T4","night","In-App","Paid_Social_Achiever_Week_4_Creativity_and_Feedback_T5","night","In-App","Paid_Social_Achiever_Week_4_Creativity_and_Feedback_T1","night","In-App","Paid_Social_Achiever_Week_4_Creativity_and_Feedback_T2","night","In-App","Paid_Social_Achiever_Week_4_Creativity_and_Feedback_T3","night","In-App","Paid_Social_Achiever_Week_4_Creativity_and_Feedback_T4","early_morning","In-App"
"USR_000142","0","Day 169","Inactive_Socialite_Day_1_Unpredictability_T1","late_afternoon","Push","Inactive_Socialite_Day_1_Unpredictability_T2","evening","Push","Inactive_Socialite_Day_1_Unpredictability_T3","evening","Push","Inactive_Socialite_Day_1_Unpredictability_T4","night","In-App","Inactive_Socialite_Day_1_Unpredictability_T5","night","In-App","Inactive_Socialite_Day_1_Unpredictability_T1","night","In-App","Inactive_Socialite_Day_1_Unpredictability_T2","night","In-App","Inactive_Socialite_Day_1_Unpredictability_T3","early_morning","In-App","Inactive_Socialite_Day_1_Unpredictability_T4","early_morning","In-App"
"USR_000143","6","Day 10","Dormant_Scholar_Day_1_Creativity_and_Feedback_T1","night","Push","Dormant_Scholar_Day_1_Creativity_and_Feedback_T2","early_morning","Push","Dormant_Scholar_Day_1_Creativity_and_Feedback_T3","mid_morning","Push","Dormant_Scholar_Day_1_Creativity_and_Feedback_T4","mid_morning","In-App","Dormant_Scholar_Day_1_Creativity_and_Feedback_T5","afternoon","In-App","Dormant_Scholar_Day_1_Creativity_and_Feedback_T1","late_afternoon","In-App","Dormant_Scholar_Day_1_Creativity_and_Feedback_T2","late_afternoon","In-App","Dormant_Scholar_Day_1_Creativity_and_Feedback_T3","evening","In-App","Dormant_Scholar_Day_1_Creativity_and_Feedback_T4","night","In-App"
"USR_000144","5","Day 5","Dormant_Achiever_Day_1_Scarcity_and_Impatience_T1","mid_morning","Push","Dormant_Achiever_Day_1_Scarcity_and_Impatience_T2","mid_morning","Push","Dormant_Achiever_Day_1_Scarcity_and_Impatience_T3","afternoon","Push","Dormant_Achiever_Day_1_Scarcity_and_Impatience_T4","late_afternoon","In-App","Dormant_Achiever_Day_1_Scarcity_and_Impatience_T5","late_afternoon","In-App","Dormant_Achiever_Day_1_Scarcity_and_Impatience_T1","evening","In-App","Dormant_Achiever_Day_1_Scarcity_and_Impatience_T2","night","In-App","Dormant_Achiever_Day_1_Scarcity_and_Impatience_T3","night","In-App","Dormant_Achiever_Day_1_Scarcity_and_Impatience_T4","night","In-App"
"USR_000145","4","Day 68","Dormant_Social_Day_1_Unpredictability_T1","afternoon","Push","Dormant_Social_Day_1_Unpredictability_T2","late_afternoon","Push","Dormant_Social_Day_1_Unpredictability_T3","late_afternoon","Push","Dormant_Social_Day_1_Unpredictability_T4","evening","In-App","Dormant_Social_Day_1_Unpredictability_T5","night","In-App","Dormant_Social_Day_1_Unpredictability_T1","night","In-App","Dormant_Social_Day_1_Unpredictability_T2","night","In-App","Dormant_Social_Day_1_Unpredictability_T3","night","In-App","Dormant_Social_Day_1_Unpredictability_T4","night","In-App"
"USR_000146","4","Day 106","Dormant_Social_Day_1_Unpredictability_T1","late_afternoon","Push","Dormant_Social_Day_1_Unpredictability_T2","late_afternoon","Push","Dormant_Social_Day_1_Unpredictability_T3","evening","Push","Dormant_Social_Day_1_Unpredictability_T4","night","In-App","Dormant_Social_Day_1_Unpredictability_T5","night","In-App","Dormant_Social_Day_1_Unpredictability_T1","night","In-App","Dormant_Social_Day_1_Unpredictability_T2","night","In-App","Dormant_Social_Day_1_Unpredictability_T3","night","In-App","Dormant_Social_Day_1_Unpredictability_T4","early_morning","In-App"
"USR_000147","2","Day 19","Paid_Social_Achiever_Week_4_Creativity_and_Feedback_T1","evening","Push","Paid_Social_Achiever_Week_4_Creativity_and_Feedback_T2","evening","Push","Paid_Social_Achiever_Week_4_Creativity_and_Feedback_T3","night","Push","Paid_Social_Achiever_Week_4_Creativity_and_Feedback_T4","night","In-App","Paid_Social_Achiever_Week_4_Creativity_and_Feedback_T5","night","In-App","Paid_Social_Achiever_Week_4_Creativity_and_Feedback_T1","night","In-App","Paid_Social_Achiever_Week_4_Creativity_and_Feedback_T2","early_morning","In-App","Paid_Social_Achiever_Week_4_Creativity_and_Feedback_T3","early_morning","In-App","Paid_Social_Achiever_Week_4_Creativity_and_Feedback_T4","mid_morning","In-App"
"USR_000148","5","Day 0","Dormant_Achiever_Day_1_Scarcity_and_Impatience_T1","late_afternoon","Push","Dormant_Achiever_Day_1_Scarcity_and_Impatience_T2","evening","Push","Dormant_Achiever_Day_1_Scarcity_and_Impatience_T3","night","Push","Dormant_Achiever_Day_1_Scarcity_and_Impatience_T4","night","In-App","Dormant_Achiever_Day_1_Scarcity_and_Impatience_T5","night","In-App","Dormant_Achiever_Day_1_Scarcity_and_Impatience_T1","night","In-App","Dormant_Achiever_Day_1_Scarcity_and_Impatience_T2","night","In-App","Dormant_Achiever_Day_1_Scarcity_and_Impatience_T3","early_morning","In-App","Dormant_Achiever_Day_1_Scarcity_and_Impatience_T4","mid_morning","In-App"
"USR_000149","2","Day 76","Paid_Social_Achiever_Week_4_Creativity_and_Feedback_T1","evening","Push","Paid_Social_Achiever_Week_4_Creativity_and_Feedback_T2","evening","Push","Paid_Social_Achiever_Week_4_Creativity_and_Feedback_T3","night","Push","Paid_Social_Achiever_Week_4_Creativity_and_Feedback_T4","night","In-App","Paid_Social_Achiever_Week_4_Creativity_and_Feedback_T5","night","In-App","Paid_Social_Achiever_Week_4_Creativity_and_Feedback_T1","night","In-App","Paid_Social_Achiever_Week_4_Creativity_and_Feedback_T2","early_morning","In-App","Paid_Social_Achiever_Week_4_Creativity_and_Feedback_T3","early_morning","In-App","Paid_Social_Achiever_Week_4_Creativity_and_Feedback_T4","mid_morning","In-App"
"USR_000150","1","Day 2","Inactive_Social_Learners_Day_1_Social_Influence_T1","evening","Push","Inactive_Social_Learners_Day_1_Social_Influence_T2","night","Push","Inactive_Social_Learners_Day_1_Social_Influence_T3","night","Push","Inactive_Social_Learners_Day_1_Social_Influence_T4","night","In-App","Inactive_Social_Learners_Day_1_Social_Influence_T5","night","In-App","Inactive_Social_Learners_Day_1_Social_Influence_T1","night","In-App","Inactive_Social_Learners_Day_1_Social_Influence_T2","early_morning","In-App","Inactive_Social_Learners_Day_1_Social_Influence_T3","mid_morning","In-App","Inactive_Social_Learners_Day_1_Social_Influence_T4","mid_morning","In-App"
"USR_000151","0","Day 155","Inactive_Socialite_Day_1_Unpredictability_T1","late_afternoon","Push","Inactive_Socialite_Day_1_Unpredictability_T2","evening","Push","Inactive_Socialite_Day_1_Unpredictability_T3","evening","Push","Inactive_Socialite_Day_1_Unpredictability_T4","night","In-App","Inactive_Socialite_Day_1_Unpredictability_T5","night","In-App","Inactive_Socialite_Day_1_Unpredictability_T1","night","In-App","Inactive_Socialite_Day_1_Unpredictability_T2","night","In-App","Inactive_Socialite_Day_1_Unpredictability_T3","early_morning","In-App","Inactive_Socialite_Day_1_Unpredictability_T4","early_morning","In-App"
"USR_000152","4","Day 23","Dormant_Social_Day_1_Unpredictability_T1","night","Push","Dormant_Social_Day_1_Unpredictability_T2","early_morning","Push","Dormant_Social_Day_1_Unpredictability_T3","mid_morning","Push","Dormant_Social_Day_1_Unpredictability_T4","mid_morning","In-App","Dormant_Social_Day_1_Unpredictability_T5","afternoon","In-App","Dormant_Social_Day_1_Unpredictability_T1","late_afternoon","In-App","Dormant_Social_Day_1_Unpredictability_T2","late_afternoon","In-App","Dormant_Social_Day_1_Unpredictability_T3","evening","In-App","Dormant_Social_Day_1_Unpredictability_T4","night","In-App"
"USR_000153","6","Day 7","Dormant_Scholar_Day_1_Creativity_and_Feedback_T1","afternoon","Push","Dormant_Scholar_Day_1_Creativity_and_Feedback_T2","afternoon","Push","Dormant_Scholar_Day_1_Creativity_and_Feedback_T3","late_afternoon","Push","Dormant_Scholar_Day_1_Creativity_and_Feedback_T4","evening","In-App","Dormant_Scholar_Day_1_Creativity_and_Feedback_T5","evening","In-App","Dormant_Scholar_Day_1_Creativity_and_Feedback_T1","night","In-App","Dormant_Scholar_Day_1_Creativity_and_Feedback_T2","night","In-App","Dormant_Scholar_Day_1_Creativity_and_Feedback_T3","night","In-App","Dormant_Scholar_Day_1_Creativity_and_Feedback_T4","night","In-App"
"USR_000154","6","Day 20","Dormant_Scholar_Day_1_Creativity_and_Feedback_T1","evening","Push","Dormant_Scholar_Day_1_Creativity_and_Feedback_T2","night","Push","Dormant_Scholar_Day_1_Creativity_and_Feedback_T3","night","Push","Dormant_Scholar_Day_1_Creativity_and_Feedback_T4","night","In-App","Dormant_Scholar_Day_1_Creativity_and_Feedback_T5","night","In-App","Dormant_Scholar_Day_1_Creativity_and_Feedback_T1","night","In-App","Dormant_Scholar_Day_1_Creativity_and_Feedback_T2","early_morning","In-App","Dormant_Scholar_Day_1_Creativity_and_Feedback_T3","mid_morning","In-App","Dormant_Scholar_Day_1_Creativity_and_Feedback_T4","mid_morning","In-App"
"USR_000155","1","Day 0","Inactive_Social_Learners_Day_1_Social_Influence_T1","afternoon","Push","Inactive_Social_Learners_Day_1_Social_Influence_T2","late_afternoon","Push","Inactive_Social_Learners_Day_1_Social_Influence_T3","late_afternoon","Push","Inactive_Social_Learners_Day_1_Social_Influence_T4","evening","In-App","Inactive_Social_Learners_Day_1_Social_Influence_T5","night","In-App","Inactive_Social_Learners_Day_1_Social_Influence_T1","night","In-App","Inactive_Social_Learners_Day_1_Social_Influence_T2","night","In-App","Inactive_Social_Learners_Day_1_Social_Influence_T3","night","In-App","Inactive_Social_Learners_Day_1_Social_Influence_T4","night","In-App"
"USR_000156","4","Day 19","Dormant_Social_Day_1_Unpredictability_T1","early_morning","Push","Dormant_Social_Day_1_Unpredictability_T2","mid_morning","Push","Dormant_Social_Day_1_Unpredictability_T3","afternoon","Push","Dormant_Social_Day_1_Unpredictability_T4","afternoon","In-App","Dormant_Social_Day_1_Unpredictability_T5","late_afternoon","In-App","Dormant_Social_Day_1_Unpredictability_T1","evening","In-App","Dormant_Social_Day_1_Unpredictability_T2","evening","In-App","Dormant_Social_Day_1_Unpredictability_T3","night","In-App","Dormant_Social_Day_1_Unpredictability_T4","night","In-App"
"USR_000157","1","Day 3","Inactive_Social_Learners_Day_1_Social_Influence_T1","evening","Push","Inactive_Social_Learners_Day_1_Social_Influence_T2","night","Push","Inactive_Social_Learners_Day_1_Social_Influence_T3","night","Push","Inactive_Social_Learners_Day_1_Social_Influence_T4","night","In-App","Inactive_Social_Learners_Day_1_Social_Influence_T5","night","In-App","Inactive_Social_Learners_Day_1_Social_Influence_T1","night","In-App","Inactive_Social_Learners_Day_1_Social_Influence_T2","early_morning","In-App","Inactive_Social_Learners_Day_1_Social_Influence_T3","mid_morning","In-App","Inactive_Social_Learners_Day_1_Social_Influence_T4","mid_morning","In-App"
"USR_000158","3","Day 1","Inactive_Socialite_Day_1_Scarcity_and_Impatience_T1","evening","Push","Inactive_Socialite_Day_1_Scarcity_and_Impatience_T2","night","Push","Inactive_Socialite_Day_1_Scarcity_and_Impatience_T3","night","Push","Inactive_Socialite_Day_1_Scarcity_and_Impatience_T4","night","In-App","Inactive_Socialite_Day_1_Scarcity_and_Impatience_T5","night","In-App","Inactive_Socialite_Day_1_Scarcity_and_Impatience_T1","early_morning","In-App","Inactive_Socialite_Day_1_Scarcity_and_Impatience_T2","early_morning","In-App","Inactive_Socialite_Day_1_Scarcity_and_Impatience_T3","mid_morning","In-App","Inactive_Socialite_Day_1_Scarcity_and_Impatience_T4","afternoon","In-App"
"USR_000159","3","Day 7","Inactive_Socialite_Day_1_Scarcity_and_Impatience_T1","late_afternoon","Push","Inactive_Socialite_Day_1_Scarcity_and_Impatience_T2","evening","Push","Inactive_Socialite_Day_1_Scarcity_and_Impatience_T3","evening","Push","Inactive_Socialite_Day_1_Scarcity_and_Impatience_T4","night","In-App","Inactive_Socialite_Day_1_Scarcity_and_Impatience_T5","night","In-App","Inactive_Socialite_Day_1_Scarcity_and_Impatience_T1","night","In-App","Inactive_Socialite_Day_1_Scarcity_and_Impatience_T2","night","In-App","Inactive_Socialite_Day_1_Scarcity_and_Impatience_T3","early_morning","In-App","Inactive_Socialite_Day_1_Scarcity_and_Impatience_T4","early_morning","In-App"
"USR_000160","3","Day 2","Inactive_Socialite_Day_1_Scarcity_and_Impatience_T1","afternoon","Push","Inactive_Socialite_Day_1_Scarcity_and_Impatience_T2","afternoon","Push","Inactive_Socialite_Day_1_Scarcity_and_Impatience_T3","late_afternoon","Push","Inactive_Socialite_Day_1_Scarcity_and_Impatience_T4","evening","In-App","Inactive_Socialite_Day_1_Scarcity_and_Impatience_T5","evening","In-App","Inactive_Socialite_Day_1_Scarcity_and_Impatience_T1","night","In-App","Inactive_Socialite_Day_1_Scarcity_and_Impatience_T2","night","In-App","Inactive_Socialite_Day_1_Scarcity_and_Impatience_T3","night","In-App","Inactive_Socialite_Day_1_Scarcity_and_Impatience_T4","night","In-App"
"USR_000161","2","Day 19","Paid_Social_Achiever_Week_4_Creativity_and_Feedback_T1","early_morning","Push","Paid_Social_Achiever_Week_4_Creativity_and_Feedback_T2","mid_morning","Push","Paid_Social_Achiever_Week_4_Creativity_and_Feedback_T3","mid_morning","Push","Paid_Social_Achiever_Week_4_Creativity_and_Feedback_T4","afternoon","In-App","Paid_Social_Achiever_Week_4_Creativity_and_Feedback_T5","late_afternoon","In-App","Paid_Social_Achiever_Week_4_Creativity_and_Feedback_T1","late_afternoon","In-App","Paid_Social_Achiever_Week_4_Creativity_and_Feedback_T2","evening","In-App","Paid_Social_Achiever_Week_4_Creativity_and_Feedback_T3","night","In-App","Paid_Social_Achiever_Week_4_Creativity_and_Feedback_T4","night","In-App"
"USR_000162","2","Day 42","Paid_Social_Achiever_Week_4_Creativity_and_Feedback_T1","mid_morning","Push","Paid_Social_Achiever_Week_4_Creativity_and_Feedback_T2","afternoon","Push","Paid_Social_Achiever_Week_4_Creativity_and_Feedback_T3","late_afternoon","Push","Paid_Social_Achiever_Week_4_Creativity_and_Feedback_T4","late_afternoon","In-App","Paid_Social_Achiever_Week_4_Creativity_and_Feedback_T5","evening","In-App","Paid_Social_Achiever_Week_4_Creativity_and_Feedback_T1","night","In-App","Paid_Social_Achiever_Week_4_Creativity_and_Feedback_T2","night","In-App","Paid_Social_Achiever_Week_4_Creativity_and_Feedback_T3","night","In-App","Paid_Social_Achiever_Week_4_Creativity_and_Feedback_T4","night","In-App"
"USR_000163","2","Day 58","Paid_Social_Achiever_Week_4_Creativity_and_Feedback_T1","early_morning","Push","Paid_Social_Achiever_Week_4_Creativity_and_Feedback_T2","mid_morning","Push","Paid_Social_Achiever_Week_4_Creativity_and_Feedback_T3","mid_morning","Push","Paid_Social_Achiever_Week_4_Creativity_and_Feedback_T4","afternoon","In-App","Paid_Social_Achiever_Week_4_Creativity_and_Feedback_T5","late_afternoon","In-App","Paid_Social_Achiever_Week_4_Creativity_and_Feedback_T1","late_afternoon","In-App","Paid_Social_Achiever_Week_4_Creativity_and_Feedback_T2","evening","In-App","Paid_Social_Achiever_Week_4_Creativity_and_Feedback_T3","night","In-App","Paid_Social_Achiever_Week_4_Creativity_and_Feedback_T4","night","In-App"
"USR_000164","2","Day 48","Paid_Social_Achiever_Week_4_Creativity_and_Feedback_T1","late_afternoon","Push","Paid_Social_Achiever_Week_4_Creativity_and_Feedback_T2","evening","Push","Paid_Social_Achiever_Week_4_Creativity_and_Feedback_T3","night","Push","Paid_Social_Achiever_Week_4_Creativity_and_Feedback_T4","night","In-App","Paid_Social_Achiever_Week_4_Creativity_and_Feedback_T5","night","In-App","Paid_Social_Achiever_Week_4_Creativity_and_Feedback_T1","night","In-App","Paid_Social_Achiever_Week_4_Creativity_and_Feedback_T2","night","In-App","Paid_Social_Achiever_Week_4_Creativity_and_Feedback_T3","early_morning","In-App","Paid_Social_Achiever_Week_4_Creativity_and_Feedback_T4","mid_morning","In-App"
"USR_000165","6","Day 7","Dormant_Scholar_Day_1_Creativity_and_Feedback_T1","late_afternoon","Push","Dormant_Scholar_Day_1_Creativity_and_Feedback_T2","evening","Push","Dormant_Scholar_Day_1_Creativity_and_Feedback_T3","night","Push","Dormant_Scholar_Day_1_Creativity_and_Feedback_T4","night","In-App","Dormant_Scholar_Day_1_Creativity_and_Feedback_T5","night","In-App","Dormant_Scholar_Day_1_Creativity_and_Feedback_T1","night","In-App","Dormant_Scholar_Day_1_Creativity_and_Feedback_T2","night","In-App","Dormant_Scholar_Day_1_Creativity_and_Feedback_T3","early_morning","In-App","Dormant_Scholar_Day_1_Creativity_and_Feedback_T4","mid_morning","In-App"
"USR_000166","5","Day 6","Dormant_Achiever_Day_1_Scarcity_and_Impatience_T1","late_afternoon","Push","Dormant_Achiever_Day_1_Scarcity_and_Impatience_T2","evening","Push","Dormant_Achiever_Day_1_Scarcity_and_Impatience_T3","night","Push","Dormant_Achiever_Day_1_Scarcity_and_Impatience_T4","night","In-App","Dormant_Achiever_Day_1_Scarcity_and_Impatience_T5","night","In-App","Dormant_Achiever_Day_1_Scarcity_and_Impatience_T1","night","In-App","Dormant_Achiever_Day_1_Scarcity_and_Impatience_T2","night","In-App","Dormant_Achiever_Day_1_Scarcity_and_Impatience_T3","early_morning","In-App","Dormant_Achiever_Day_1_Scarcity_and_Impatience_T4","mid_morning","In-App"
"USR_000167","4","Day 51","Dormant_Social_Day_1_Unpredictability_T1","late_afternoon","Push","Dormant_Social_Day_1_Unpredictability_T2","evening","Push","Dormant_Social_Day_1_Unpredictability_T3","night","Push","Dormant_Social_Day_1_Unpredictability_T4","night","In-App","Dormant_Social_Day_1_Unpredictability_T5","night","In-App","Dormant_Social_Day_1_Unpredictability_T1","night","In-App","Dormant_Social_Day_1_Unpredictability_T2","night","In-App","Dormant_Social_Day_1_Unpredictability_T3","early_morning","In-App","Dormant_Social_Day_1_Unpredictability_T4","mid_morning","In-App"
"USR_000168","4","Day 47","Dormant_Social_Day_1_Unpredictability_T1","evening","Push","Dormant_Social_Day_1_Unpredictability_T2","evening","Push","Dormant_Social_Day_1_Unpredictability_T3","night","Push","Dormant_Social_Day_1_Unpredictability_T4","night","In-App","Dormant_Social_Day_1_Unpredictability_T5","night","In-App","Dormant_Social_Day_1_Unpredictability_T1","night","In-App","Dormant_Social_Day_1_Unpredictability_T2","early_morning","In-App","Dormant_Social_Day_1_Unpredictability_T3","early_morning","In-App","Dormant_Social_Day_1_Unpredictability_T4","mid_morning","In-App"
"USR_000169","1","Day 6","Inactive_Social_Learners_Day_1_Social_Influence_T1","evening","Push","Inactive_Social_Learners_Day_1_Social_Influence_T2","night","Push","Inactive_Social_Learners_Day_1_Social_Influence_T3","night","Push","Inactive_Social_Learners_Day_1_Social_Influence_T4","night","In-App","Inactive_Social_Learners_Day_1_Social_Influence_T5","night","In-App","Inactive_Social_Learners_Day_1_Social_Influence_T1","night","In-App","Inactive_Social_Learners_Day_1_Social_Influence_T2","early_morning","In-App","Inactive_Social_Learners_Day_1_Social_Influence_T3","mid_morning","In-App","Inactive_Social_Learners_Day_1_Social_Influence_T4","mid_morning","In-App"
"USR_000170","2","Day 46","Paid_Social_Achiever_Week_4_Creativity_and_Feedback_T1","evening","Push","Paid_Social_Achiever_Week_4_Creativity_and_Feedback_T2","night","Push","Paid_Social_Achiever_Week_4_Creativity_and_Feedback_T3","night","Push","Paid_Social_Achiever_Week_4_Creativity_and_Feedback_T4","night","In-App","Paid_Social_Achiever_Week_4_Creativity_and_Feedback_T5","night","In-App","Paid_Social_Achiever_Week_4_Creativity_and_Feedback_T1","night","In-App","Paid_Social_Achiever_Week_4_Creativity_and_Feedback_T2","early_morning","In-App","Paid_Social_Achiever_Week_4_Creativity_and_Feedback_T3","mid_morning","In-App","Paid_Social_Achiever_Week_4_Creativity_and_Feedback_T4","mid_morning","In-App"
"USR_000171","7","Day 59","Paid_Competitive_Week_4_Ownership_and_Possession_T1","mid_morning","Push","Paid_Competitive_Week_4_Ownership_and_Possession_T2","afternoon","Push","Paid_Competitive_Week_4_Ownership_and_Possession_T3","afternoon","Push","Paid_Competitive_Week_4_Ownership_and_Possession_T4","late_afternoon","In-App","Paid_Competitive_Week_4_Ownership_and_Possession_T5","evening","In-App","Paid_Competitive_Week_4_Ownership_and_Possession_T1","evening","In-App","Paid_Competitive_Week_4_Ownership_and_Possession_T2","night","In-App","Paid_Competitive_Week_4_Ownership_and_Possession_T3","night","In-App","Paid_Competitive_Week_4_Ownership_and_Possession_T4","night","In-App"
"USR_000172","6","Day 1","Dormant_Scholar_Day_1_Creativity_and_Feedback_T1","night","Push","Dormant_Scholar_Day_1_Creativity_and_Feedback_T2","night","Push","Dormant_Scholar_Day_1_Creativity_and_Feedback_T3","night","Push","Dormant_Scholar_Day_1_Creativity_and_Feedback_T4","night","In-App","Dormant_Scholar_Day_1_Creativity_and_Feedback_T5","early_morning","In-App","Dormant_Scholar_Day_1_Creativity_and_Feedback_T1","early_morning","In-App","Dormant_Scholar_Day_1_Creativity_and_Feedback_T2","mid_morning","In-App","Dormant_Scholar_Day_1_Creativity_and_Feedback_T3","afternoon","In-App","Dormant_Scholar_Day_1_Creativity_and_Feedback_T4","afternoon","In-App"
"USR_000173","7","Day 116","Paid_Competitive_Week_4_Ownership_and_Possession_T1","afternoon","Push","Paid_Competitive_Week_4_Ownership_and_Possession_T2","late_afternoon","Push","Paid_Competitive_Week_4_Ownership_and_Possession_T3","late_afternoon","Push","Paid_Competitive_Week_4_Ownership_and_Possession_T4","evening","In-App","Paid_Competitive_Week_4_Ownership_and_Possession_T5","night","In-App","Paid_Competitive_Week_4_Ownership_and_Possession_T1","night","In-App","Paid_Competitive_Week_4_Ownership_and_Possession_T2","night","In-App","Paid_Competitive_Week_4_Ownership_and_Possession_T3","night","In-App","Paid_Competitive_Week_4_Ownership_and_Possession_T4","night","In-App"
"USR_000174","2","Day 84","Paid_Social_Achiever_Week_4_Creativity_and_Feedback_T1","evening","Push","Paid_Social_Achiever_Week_4_Creativity_and_Feedback_T2","night","Push","Paid_Social_Achiever_Week_4_Creativity_and_Feedback_T3","night","Push","Paid_Social_Achiever_Week_4_Creativity_and_Feedback_T4","night","In-App","Paid_Social_Achiever_Week_4_Creativity_and_Feedback_T5","night","In-App","Paid_Social_Achiever_Week_4_Creativity_and_Feedback_T1","night","In-App","Paid_Social_Achiever_Week_4_Creativity_and_Feedback_T2","early_morning","In-App","Paid_Social_Achiever_Week_4_Creativity_and_Feedback_T3","mid_morning","In-App","Paid_Social_Achiever_Week_4_Creativity_and_Feedback_T4","mid_morning","In-App"
"USR_000175","5","Day 5","Dormant_Achiever_Day_1_Scarcity_and_Impatience_T1","late_afternoon","Push","Dormant_Achiever_Day_1_Scarcity_and_Impatience_T2","evening","Push","Dormant_Achiever_Day_1_Scarcity_and_Impatience_T3","evening","Push","Dormant_Achiever_Day_1_Scarcity_and_Impatience_T4","night","In-App","Dormant_Achiever_Day_1_Scarcity_and_Impatience_T5","night","In-App","Dormant_Achiever_Day_1_Scarcity_and_Impatience_T1","night","In-App","Dormant_Achiever_Day_1_Scarcity_and_Impatience_T2","night","In-App","Dormant_Achiever_Day_1_Scarcity_and_Impatience_T3","early_morning","In-App","Dormant_Achiever_Day_1_Scarcity_and_Impatience_T4","early_morning","In-App"
"USR_000176","7","Day 105","Paid_Competitive_Week_4_Ownership_and_Possession_T1","evening","Push","Paid_Competitive_Week_4_Ownership_and_Possession_T2","evening","Push","Paid_Competitive_Week_4_Ownership_and_Possession_T3","night","Push","Paid_Competitive_Week_4_Ownership_and_Possession_T4","night","In-App","Paid_Competitive_Week_4_Ownership_and_Possession_T5","night","In-App","Paid_Competitive_Week_4_Ownership_and_Possession_T1","night","In-App","Paid_Competitive_Week_4_Ownership_and_Possession_T2","early_morning","In-App","Paid_Competitive_Week_4_Ownership_and_Possession_T3","early_morning","In-App","Paid_Competitive_Week_4_Ownership_and_Possession_T4","mid_morning","In-App"
"USR_000177","4","Day 40","Dormant_Social_Day_1_Unpredictability_T1","evening","Push","Dormant_Social_Day_1_Unpredictability_T2","night","Push","Dormant_Social_Day_1_Unpredictability_T3","night","Push","Dormant_Social_Day_1_Unpredictability_T4","night","In-App","Dormant_Social_Day_1_Unpredictability_T5","night","In-App","Dormant_Social_Day_1_Unpredictability_T1","night","In-App","Dormant_Social_Day_1_Unpredictability_T2","early_morning","In-App","Dormant_Social_Day_1_Unpredictability_T3","mid_morning","In-App","Dormant_Social_Day_1_Unpredictability_T4","mid_morning","In-App"
"USR_000178","5","Day 1","Dormant_Achiever_Day_1_Scarcity_and_Impatience_T1","early_morning","Push","Dormant_Achiever_Day_1_Scarcity_and_Impatience_T2","mid_morning","Push","Dormant_Achiever_Day_1_Scarcity_and_Impatience_T3","mid_morning","Push","Dormant_Achiever_Day_1_Scarcity_and_Impatience_T4","afternoon","In-App","Dormant_Achiever_Day_1_Scarcity_and_Impatience_T5","late_afternoon","In-App","Dormant_Achiever_Day_1_Scarcity_and_Impatience_T1","late_afternoon","In-App","Dormant_Achiever_Day_1_Scarcity_and_Impatience_T2","evening","In-App","Dormant_Achiever_Day_1_Scarcity_and_Impatience_T3","night","In-App","Dormant_Achiever_Day_1_Scarcity_and_Impatience_T4","night","In-App"
"USR_000179","0","Day 166","Inactive_Socialite_Day_1_Unpredictability_T1","night","Push","Inactive_Socialite_Day_1_Unpredictability_T2","night","Push","Inactive_Socialite_Day_1_Unpredictability_T3","night","Push","Inactive_Socialite_Day_1_Unpredictability_T4","night","In-App","Inactive_Socialite_Day_1_Unpredictability_T5","night","In-App","Inactive_Socialite_Day_1_Unpredictability_T1","early_morning","In-App","Inactive_Socialite_Day_1_Unpredictability_T2","mid_morning","In-App","Inactive_Socialite_Day_1_Unpredictability_T3","mid_morning","In-App","Inactive_Socialite_Day_1_Unpredictability_T4","afternoon","In-App"
"USR_000180","6","Day 0","Dormant_Scholar_Day_1_Creativity_and_Feedback_T1","evening","Push","Dormant_Scholar_Day_1_Creativity_and_Feedback_T2","evening","Push","Dormant_Scholar_Day_1_Creativity_and_Feedback_T3","night","Push","Dormant_Scholar_Day_1_Creativity_and_Feedback_T4","night","In-App","Dormant_Scholar_Day_1_Creativity_and_Feedback_T5","night","In-App","Dormant_Scholar_Day_1_Creativity_and_Feedback_T1","night","In-App","Dormant_Scholar_Day_1_Creativity_and_Feedback_T2","early_morning","In-App","Dormant_Scholar_Day_1_Creativity_and_Feedback_T3","early_morning","In-App","Dormant_Scholar_Day_1_Creativity_and_Feedback_T4","mid_morning","In-App"
"USR_000181","3","Day 6","Inactive_Socialite_Day_1_Scarcity_and_Impatience_T1","afternoon","Push","Inactive_Socialite_Day_1_Scarcity_and_Impatience_T2","late_afternoon","Push","Inactive_Socialite_Day_1_Scarcity_and_Impatience_T3","evening","Push","Inactive_Socialite_Day_1_Scarcity_and_Impatience_T4","evening","In-App","Inactive_Socialite_Day_1_Scarcity_and_Impatience_T5","night","In-App","Inactive_Socialite_Day_1_Scarcity_and_Impatience_T1","night","In-App","Inactive_Socialite_Day_1_Scarcity_and_Impatience_T2","night","In-App","Inactive_Socialite_Day_1_Scarcity_and_Impatience_T3","night","In-App","Inactive_Socialite_Day_1_Scarcity_and_Impatience_T4","early_morning","In-App"
"USR_000182","2","Day 19","Paid_Social_Achiever_Week_4_Creativity_and_Feedback_T1","afternoon","Push","Paid_Social_Achiever_Week_4_Creativity_and_Feedback_T2","late_afternoon","Push","Paid_Social_Achiever_Week_4_Creativity_and_Feedback_T3","late_afternoon","Push","Paid_Social_Achiever_Week_4_Creativity_and_Feedback_T4","evening","In-App","Paid_Social_Achiever_Week_4_Creativity_and_Feedback_T5","night","In-App","Paid_Social_Achiever_Week_4_Creativity_and_Feedback_T1","night","In-App","Paid_Social_Achiever_Week_4_Creativity_and_Feedback_T2","night","In-App","Paid_Social_Achiever_Week_4_Creativity_and_Feedback_T3","night","In-App","Paid_Social_Achiever_Week_4_Creativity_and_Feedback_T4","night","In-App"
"USR_000183","0","Day 174","Inactive_Socialite_Day_1_Unpredictability_T1","mid_morning","Push","Inactive_Socialite_Day_1_Unpredictability_T2","mid_morning","Push","Inactive_Socialite_Day_1_Unpredictability_T3","afternoon","Push","Inactive_Socialite_Day_1_Unpredictability_T4","late_afternoon","In-App","Inactive_Socialite_Day_1_Unpredictability_T5","late_afternoon","In-App","Inactive_Socialite_Day_1_Unpredictability_T1","evening","In-App","Inactive_Socialite_Day_1_Unpredictability_T2","night","In-App","Inactive_Socialite_Day_1_Unpredictability_T3","night","In-App","Inactive_Socialite_Day_1_Unpredictability_T4","night","In-App"
"USR_000184","7","Day 33","Paid_Competitive_Week_4_Ownership_and_Possession_T1","late_afternoon","Push","Paid_Competitive_Week_4_Ownership_and_Possession_T2","evening","Push","Paid_Competitive_Week_4_Ownership_and_Possession_T3","night","Push","Paid_Competitive_Week_4_Ownership_and_Possession_T4","night","In-App","Paid_Competitive_Week_4_Ownership_and_Possession_T5","night","In-App","Paid_Competitive_Week_4_Ownership_and_Possession_T1","night","In-App","Paid_Competitive_Week_4_Ownership_and_Possession_T2","night","In-App","Paid_Competitive_Week_4_Ownership_and_Possession_T3","early_morning","In-App","Paid_Competitive_Week_4_Ownership_and_Possession_T4","mid_morning","In-App"
"USR_000185","2","Day 37","Paid_Social_Achiever_Week_4_Creativity_and_Feedback_T1","evening","Push","Paid_Social_Achiever_Week_4_Creativity_and_Feedback_T2","evening","Push","Paid_Social_Achiever_Week_4_Creativity_and_Feedback_T3","night","Push","Paid_Social_Achiever_Week_4_Creativity_and_Feedback_T4","night","In-App","Paid_Social_Achiever_Week_4_Creativity_and_Feedback_T5","night","In-App","Paid_Social_Achiever_Week_4_Creativity_and_Feedback_T1","night","In-App","Paid_Social_Achiever_Week_4_Creativity_and_Feedback_T2","early_morning","In-App","Paid_Social_Achiever_Week_4_Creativity_and_Feedback_T3","early_morning","In-App","Paid_Social_Achiever_Week_4_Creativity_and_Feedback_T4","mid_morning","In-App"
"USR_000186","4","Day 23","Dormant_Social_Day_1_Unpredictability_T1","evening","Push","Dormant_Social_Day_1_Unpredictability_T2","night","Push","Dormant_Social_Day_1_Unpredictability_T3","night","Push","Dormant_Social_Day_1_Unpredictability_T4","night","In-App","Dormant_Social_Day_1_Unpredictability_T5","night","In-App","Dormant_Social_Day_1_Unpredictability_T1","early_morning","In-App","Dormant_Social_Day_1_Unpredictability_T2","early_morning","In-App","Dormant_Social_Day_1_Unpredictability_T3","mid_morning","In-App","Dormant_Social_Day_1_Unpredictability_T4","afternoon","In-App"
"USR_000187","4","Day 15","Dormant_Social_Day_1_Unpredictability_T1","evening","Push","Dormant_Social_Day_1_Unpredictability_T2","evening","Push","Dormant_Social_Day_1_Unpredictability_T3","night","Push","Dormant_Social_Day_1_Unpredictability_T4","night","In-App","Dormant_Social_Day_1_Unpredictability_T5","night","In-App","Dormant_Social_Day_1_Unpredictability_T1","night","In-App","Dormant_Social_Day_1_Unpredictability_T2","early_morning","In-App","Dormant_Social_Day_1_Unpredictability_T3","early_morning","In-App","Dormant_Social_Day_1_Unpredictability_T4","mid_morning","In-App"
"USR_000188","6","Day 5","Dormant_Scholar_Day_1_Creativity_and_Feedback_T1","evening","Push","Dormant_Scholar_Day_1_Creativity_and_Feedback_T2","night","Push","Dormant_Scholar_Day_1_Creativity_and_Feedback_T3","night","Push","Dormant_Scholar_Day_1_Creativity_and_Feedback_T4","night","In-App","Dormant_Scholar_Day_1_Creativity_and_Feedback_T5","night","In-App","Dormant_Scholar_Day_1_Creativity_and_Feedback_T1","night","In-App","Dormant_Scholar_Day_1_Creativity_and_Feedback_T2","early_morning","In-App","Dormant_Scholar_Day_1_Creativity_and_Feedback_T3","mid_morning","In-App","Dormant_Scholar_Day_1_Creativity_and_Feedback_T4","mid_morning","In-App"
"USR_000189","0","Day 162","Inactive_Socialite_Day_1_Unpredictability_T1","late_afternoon","Push","Inactive_Socialite_Day_1_Unpredictability_T2","late_afternoon","Push","Inactive_Socialite_Day_1_Unpredictability_T3","evening","Push","Inactive_Socialite_Day_1_Unpredictability_T4","night","In-App","Inactive_Socialite_Day_1_Unpredictability_T5","night","In-App","Inactive_Socialite_Day_1_Unpredictability_T1","night","In-App","Inactive_Socialite_Day_1_Unpredictability_T2","night","In-App","Inactive_Socialite_Day_1_Unpredictability_T3","night","In-App","Inactive_Socialite_Day_1_Unpredictability_T4","early_morning","In-App"
"USR_000190","2","Day 54","Paid_Social_Achiever_Week_4_Creativity_and_Feedback_T1","night","Push","Paid_Social_Achiever_Week_4_Creativity_and_Feedback_T2","night","Push","Paid_Social_Achiever_Week_4_Creativity_and_Feedback_T3","night","Push","Paid_Social_Achiever_Week_4_Creativity_and_Feedback_T4","night","In-App","Paid_Social_Achiever_Week_4_Creativity_and_Feedback_T5","early_morning","In-App","Paid_Social_Achiever_Week_4_Creativity_and_Feedback_T1","early_morning","In-App","Paid_Social_Achiever_Week_4_Creativity_and_Feedback_T2","mid_morning","In-App","Paid_Social_Achiever_Week_4_Creativity_and_Feedback_T3","afternoon","In-App","Paid_Social_Achiever_Week_4_Creativity_and_Feedback_T4","afternoon","In-App"
"USR_000191","3","Day 0","Inactive_Socialite_Day_1_Scarcity_and_Impatience_T1","evening","Push","Inactive_Socialite_Day_1_Scarcity_and_Impatience_T2","night","Push","Inactive_Socialite_Day_1_Scarcity_and_Impatience_T3","night","Push","Inactive_Socialite_Day_1_Scarcity_and_Impatience_T4","night","In-App","Inactive_Socialite_Day_1_Scarcity_and_Impatience_T5","night","In-App","Inactive_Socialite_Day_1_Scarcity_and_Impatience_T1","early_morning","In-App","Inactive_Socialite_Day_1_Scarcity_and_Impatience_T2","early_morning","In-App","Inactive_Socialite_Day_1_Scarcity_and_Impatience_T3","mid_morning","In-App","Inactive_Socialite_Day_1_Scarcity_and_Impatience_T4","afternoon","In-App"
"USR_000192","5","Day 3","Dormant_Achiever_Day_1_Scarcity_and_Impatience_T1","late_afternoon","Push","Dormant_Achiever_Day_1_Scarcity_and_Impatience_T2","evening","Push","Dormant_Achiever_Day_1_Scarcity_and_Impatience_T3","evening","Push","Dormant_Achiever_Day_1_Scarcity_and_Impatience_T4","night","In-App","Dormant_Achiever_Day_1_Scarcity_and_Impatience_T5","night","In-App","Dormant_Achiever_Day_1_Scarcity_and_Impatience_T1","night","In-App","Dormant_Achiever_Day_1_Scarcity_and_Impatience_T2","night","In-App","Dormant_Achiever_Day_1_Scarcity_and_Impatience_T3","early_morning","In-App","Dormant_Achiever_Day_1_Scarcity_and_Impatience_T4","early_morning","In-App"
"USR_000193","1","Day 7","Inactive_Social_Learners_Day_1_Social_Influence_T1","early_morning","Push","Inactive_Social_Learners_Day_1_Social_Influence_T2","mid_morning","Push","Inactive_Social_Learners_Day_1_Social_Influence_T3","afternoon","Push","Inactive_Social_Learners_Day_1_Social_Influence_T4","afternoon","In-App","Inactive_Social_Learners_Day_1_Social_Influence_T5","late_afternoon","In-App","Inactive_Social_Learners_Day_1_Social_Influence_T1","evening","In-App","Inactive_Social_Learners_Day_1_Social_Influence_T2","evening","In-App","Inactive_Social_Learners_Day_1_Social_Influence_T3","night","In-App","Inactive_Social_Learners_Day_1_Social_Influence_T4","night","In-App"
"USR_000194","2","Day 29","Paid_Social_Achiever_Week_4_Creativity_and_Feedback_T1","afternoon","Push","Paid_Social_Achiever_Week_4_Creativity_and_Feedback_T2","late_afternoon","Push","Paid_Social_Achiever_Week_4_Creativity_and_Feedback_T3","late_afternoon","Push","Paid_Social_Achiever_Week_4_Creativity_and_Feedback_T4","evening","In-App","Paid_Social_Achiever_Week_4_Creativity_and_Feedback_T5","night","In-App","Paid_Social_Achiever_Week_4_Creativity_and_Feedback_T1","night","In-App","Paid_Social_Achiever_Week_4_Creativity_and_Feedback_T2","night","In-App","Paid_Social_Achiever_Week_4_Creativity_and_Feedback_T3","night","In-App","Paid_Social_Achiever_Week_4_Creativity_and_Feedback_T4","night","In-App"
"USR_000195","2","Day 15","Paid_Social_Achiever_Week_4_Creativity_and_Feedback_T1","mid_morning","Push","Paid_Social_Achiever_Week_4_Creativity_and_Feedback_T2","afternoon","Push","Paid_Social_Achiever_Week_4_Creativity_and_Feedback_T3","afternoon","Push","Paid_Social_Achiever_Week_4_Creativity_and_Feedback_T4","late_afternoon","In-App","Paid_Social_Achiever_Week_4_Creativity_and_Feedback_T5","evening","In-App","Paid_Social_Achiever_Week_4_Creativity_and_Feedback_T1","evening","In-App","Paid_Social_Achiever_Week_4_Creativity_and_Feedback_T2","night","In-App","Paid_Social_Achiever_Week_4_Creativity_and_Feedback_T3","night","In-App","Paid_Social_Achiever_Week_4_Creativity_and_Feedback_T4","night","In-App"
"USR_000196","5","Day 2","Dormant_Achiever_Day_1_Scarcity_and_Impatience_T1","mid_morning","Push","Dormant_Achiever_Day_1_Scarcity_and_Impatience_T2","afternoon","Push","Dormant_Achiever_Day_1_Scarcity_and_Impatience_T3","late_afternoon","Push","Dormant_Achiever_Day_1_Scarcity_and_Impatience_T4","late_afternoon","In-App","Dormant_Achiever_Day_1_Scarcity_and_Impatience_T5","evening","In-App","Dormant_Achiever_Day_1_Scarcity_and_Impatience_T1","night","In-App","Dormant_Achiever_Day_1_Scarcity_and_Impatience_T2","night","In-App","Dormant_Achiever_Day_1_Scarcity_and_Impatience_T3","night","In-App","Dormant_Achiever_Day_1_Scarcity_and_Impatience_T4","night","In-App"
"USR_000197","1","Day 0","Inactive_Social_Learners_Day_1_Social_Influence_T1","night","Push","Inactive_Social_Learners_Day_1_Social_Influence_T2","night","Push","Inactive_Social_Learners_Day_1_Social_Influence_T3","night","Push","Inactive_Social_Learners_Day_1_Social_Influence_T4","night","In-App","Inactive_Social_Learners_Day_1_Social_Influence_T5","early_morning","In-App","Inactive_Social_Learners_Day_1_Social_Influence_T1","early_morning","In-App","Inactive_Social_Learners_Day_1_Social_Influence_T2","mid_morning","In-App","Inactive_Social_Learners_Day_1_Social_Influence_T3","afternoon","In-App","Inactive_Social_Learners_Day_1_Social_Influence_T4","afternoon","In-App"
"USR_000198","2","Day 108","Paid_Social_Achiever_Week_4_Creativity_and_Feedback_T1","night","Push","Paid_Social_Achiever_Week_4_Creativity_and_Feedback_T2","night","Push","Paid_Social_Achiever_Week_4_Creativity_and_Feedback_T3","night","Push","Paid_Social_Achiever_Week_4_Creativity_and_Feedback_T4","night","In-App","Paid_Social_Achiever_Week_4_Creativity_and_Feedback_T5","night","In-App","Paid_Social_Achiever_Week_4_Creativity_and_Feedback_T1","early_morning","In-App","Paid_Social_Achiever_Week_4_Creativity_and_Feedback_T2","mid_morning","In-App","Paid_Social_Achiever_Week_4_Creativity_and_Feedback_T3","mid_morning","In-App","Paid_Social_Achiever_Week_4_Creativity_and_Feedback_T4","afternoon","In-App"
"USR_000199","3","Day 5","Inactive_Socialite_Day_1_Scarcity_and_Impatience_T1","afternoon","Push","Inactive_Socialite_Day_1_Scarcity_and_Impatience_T2","late_afternoon","Push","Inactive_Socialite_Day_1_Scarcity_and_Impatience_T3","late_afternoon","Push","Inactive_Socialite_Day_1_Scarcity_and_Impatience_T4","evening","In-App","Inactive_Socialite_Day_1_Scarcity_and_Impatience_T5","night","In-App","Inactive_Socialite_Day_1_Scarcity_and_Impatience_T1","night","In-App","Inactive_Socialite_Day_1_Scarcity_and_Impatience_T2","night","In-App","Inactive_Socialite_Day_1_Scarcity_and_Impatience_T3","night","In-App","Inactive_Socialite_Day_1_Scarcity_and_Impatience_T4","night","In-App"
"USR_000200","2","Day 26","Paid_Social_Achiever_Week_4_Creativity_and_Feedback_T1","evening","Push","Paid_Social_Achiever_Week_4_Creativity_and_Feedback_T2","night","Push","Paid_Social_Achiever_Week_4_Creativity_and_Feedback_T3","night","Push","Paid_Social_Achiever_Week_4_Creativity_and_Feedback_T4","night","In-App","Paid_Social_Achiever_Week_4_Creativity_and_Feedback_T5","night","In-App","Paid_Social_Achiever_Week_4_Creativity_and_Feedback_T1","early_morning","In-App","Paid_Social_Achiever_Week_4_Creativity_and_Feedback_T2","early_morning","In-App","Paid_Social_Achiever_Week_4_Creativity_and_Feedback_T3","mid_morning","In-App","Paid_Social_Achiever_Week_4_Creativity_and_Feedback_T4","afternoon","In-App"
"USR_000201","5","Day 0","Dormant_Achiever_Day_1_Scarcity_and_Impatience_T1","evening","Push","Dormant_Achiever_Day_1_Scarcity_and_Impatience_T2","evening","Push","Dormant_Achiever_Day_1_Scarcity_and_Impatience_T3","night","Push","Dormant_Achiever_Day_1_Scarcity_and_Impatience_T4","night","In-App","Dormant_Achiever_Day_1_Scarcity_and_Impatience_T5","night","In-App","Dormant_Achiever_Day_1_Scarcity_and_Impatience_T1","night","In-App","Dormant_Achiever_Day_1_Scarcity_and_Impatience_T2","early_morning","In-App","Dormant_Achiever_Day_1_Scarcity_and_Impatience_T3","early_morning","In-App","Dormant_Achiever_Day_1_Scarcity_and_Impatience_T4","mid_morning","In-App"
"USR_000202","5","Day 1","Dormant_Achiever_Day_1_Scarcity_and_Impatience_T1","early_morning","Push","Dormant_Achiever_Day_1_Scarcity_and_Impatience_T2","mid_morning","Push","Dormant_Achiever_Day_1_Scarcity_and_Impatience_T3","afternoon","Push","Dormant_Achiever_Day_1_Scarcity_and_Impatience_T4","afternoon","In-App","Dormant_Achiever_Day_1_Scarcity_and_Impatience_T5","late_afternoon","In-App","Dormant_Achiever_Day_1_Scarcity_and_Impatience_T1","evening","In-App","Dormant_Achiever_Day_1_Scarcity_and_Impatience_T2","evening","In-App","Dormant_Achiever_Day_1_Scarcity_and_Impatience_T3","night","In-App","Dormant_Achiever_Day_1_Scarcity_and_Impatience_T4","night","In-App"
"USR_000203","3","Day 0","Inactive_Socialite_Day_1_Scarcity_and_Impatience_T1","mid_morning","Push","Inactive_Socialite_Day_1_Scarcity_and_Impatience_T2","mid_morning","Push","Inactive_Socialite_Day_1_Scarcity_and_Impatience_T3","afternoon","Push","Inactive_Socialite_Day_1_Scarcity_and_Impatience_T4","late_afternoon","In-App","Inactive_Socialite_Day_1_Scarcity_and_Impatience_T5","late_afternoon","In-App","Inactive_Socialite_Day_1_Scarcity_and_Impatience_T1","evening","In-App","Inactive_Socialite_Day_1_Scarcity_and_Impatience_T2","night","In-App","Inactive_Socialite_Day_1_Scarcity_and_Impatience_T3","night","In-App","Inactive_Socialite_Day_1_Scarcity_and_Impatience_T4","night","In-App"
"USR_000204","6","Day 3","Dormant_Scholar_Day_1_Creativity_and_Feedback_T1","mid_morning","Push","Dormant_Scholar_Day_1_Creativity_and_Feedback_T2","mid_morning","Push","Dormant_Scholar_Day_1_Creativity_and_Feedback_T3","afternoon","Push","Dormant_Scholar_Day_1_Creativity_and_Feedback_T4","late_afternoon","In-App","Dormant_Scholar_Day_1_Creativity_and_Feedback_T5","late_afternoon","In-App","Dormant_Scholar_Day_1_Creativity_and_Feedback_T1","evening","In-App","Dormant_Scholar_Day_1_Creativity_and_Feedback_T2","night","In-App","Dormant_Scholar_Day_1_Creativity_and_Feedback_T3","night","In-App","Dormant_Scholar_Day_1_Creativity_and_Feedback_T4","night","In-App"
"USR_000205","2","Day 41","Paid_Social_Achiever_Week_4_Creativity_and_Feedback_T1","evening","Push","Paid_Social_Achiever_Week_4_Creativity_and_Feedback_T2","night","Push","Paid_Social_Achiever_Week_4_Creativity_and_Feedback_T3","night","Push","Paid_Social_Achiever_Week_4_Creativity_and_Feedback_T4","night","In-App","Paid_Social_Achiever_Week_4_Creativity_and_Feedback_T5","night","In-App","Paid_Social_Achiever_Week_4_Creativity_and_Feedback_T1","early_morning","In-App","Paid_Social_Achiever_Week_4_Creativity_and_Feedback_T2","early_morning","In-App","Paid_Social_Achiever_Week_4_Creativity_and_Feedback_T3","mid_morning","In-App","Paid_Social_Achiever_Week_4_Creativity_and_Feedback_T4","afternoon","In-App"
"USR_000206","4","Day 69","Dormant_Social_Day_1_Unpredictability_T1","late_afternoon","Push","Dormant_Social_Day_1_Unpredictability_T2","evening","Push","Dormant_Social_Day_1_Unpredictability_T3","evening","Push","Dormant_Social_Day_1_Unpredictability_T4","night","In-App","Dormant_Social_Day_1_Unpredictability_T5","night","In-App","Dormant_Social_Day_1_Unpredictability_T1","night","In-App","Dormant_Social_Day_1_Unpredictability_T2","night","In-App","Dormant_Social_Day_1_Unpredictability_T3","early_morning","In-App","Dormant_Social_Day_1_Unpredictability_T4","early_morning","In-App"
"USR_000207","2","Day 71","Paid_Social_Achiever_Week_4_Creativity_and_Feedback_T1","late_afternoon","Push","Paid_Social_Achiever_Week_4_Creativity_and_Feedback_T2","evening","Push","Paid_Social_Achiever_Week_4_Creativity_and_Feedback_T3","night","Push","Paid_Social_Achiever_Week_4_Creativity_and_Feedback_T4","night","In-App","Paid_Social_Achiever_Week_4_Creativity_and_Feedback_T5","night","In-App","Paid_Social_Achiever_Week_4_Creativity_and_Feedback_T1","night","In-App","Paid_Social_Achiever_Week_4_Creativity_and_Feedback_T2","night","In-App","Paid_Social_Achiever_Week_4_Creativity_and_Feedback_T3","early_morning","In-App","Paid_Social_Achiever_Week_4_Creativity_and_Feedback_T4","mid_morning","In-App"
"USR_000208","0","Day 154","Inactive_Socialite_Day_1_Unpredictability_T1","evening","Push","Inactive_Socialite_Day_1_Unpredictability_T2","night","Push","Inactive_Socialite_Day_1_Unpredictability_T3","night","Push","Inactive_Socialite_Day_1_Unpredictability_T4","night","In-App","Inactive_Socialite_Day_1_Unpredictability_T5","night","In-App","Inactive_Socialite_Day_1_Unpredictability_T1","early_morning","In-App","Inactive_Socialite_Day_1_Unpredictability_T2","early_morning","In-App","Inactive_Socialite_Day_1_Unpredictability_T3","mid_morning","In-App","Inactive_Socialite_Day_1_Unpredictability_T4","afternoon","In-App"
"USR_000209","7","Day 28","Paid_Competitive_Week_4_Ownership_and_Possession_T1","early_morning","Push","Paid_Competitive_Week_4_Ownership_and_Possession_T2","mid_morning","Push","Paid_Competitive_Week_4_Ownership_and_Possession_T3","mid_morning","Push","Paid_Competitive_Week_4_Ownership_and_Possession_T4","afternoon","In-App","Paid_Competitive_Week_4_Ownership_and_Possession_T5","late_afternoon","In-App","Paid_Competitive_Week_4_Ownership_and_Possession_T1","late_afternoon","In-App","Paid_Competitive_Week_4_Ownership_and_Possession_T2","evening","In-App","Paid_Competitive_Week_4_Ownership_and_Possession_T3","night","In-App","Paid_Competitive_Week_4_Ownership_and_Possession_T4","night","In-App"
"USR_000210","4","Day 44","Dormant_Social_Day_1_Unpredictability_T1","afternoon","Push","Dormant_Social_Day_1_Unpredictability_T2","late_afternoon","Push","Dormant_Social_Day_1_Unpredictability_T3","late_afternoon","Push","Dormant_Social_Day_1_Unpredictability_T4","evening","In-App","Dormant_Social_Day_1_Unpredictability_T5","night","In-App","Dormant_Social_Day_1_Unpredictability_T1","night","In-App","Dormant_Social_Day_1_Unpredictability_T2","night","In-App","Dormant_Social_Day_1_Unpredictability_T3","night","In-App","Dormant_Social_Day_1_Unpredictability_T4","night","In-App"
"USR_000211","0","Day 168","Inactive_Socialite_Day_1_Unpredictability_T1","evening","Push","Inactive_Socialite_Day_1_Unpredictability_T2","night","Push","Inactive_Socialite_Day_1_Unpredictability_T3","night","Push","Inactive_Socialite_Day_1_Unpredictability_T4","night","In-App","Inactive_Socialite_Day_1_Unpredictability_T5","night","In-App","Inactive_Socialite_Day_1_Unpredictability_T1","early_morning","In-App","Inactive_Socialite_Day_1_Unpredictability_T2","early_morning","In-App","Inactive_Socialite_Day_1_Unpredictability_T3","mid_morning","In-App","Inactive_Socialite_Day_1_Unpredictability_T4","afternoon","In-App"
"USR_000212","6","Day 5","Dormant_Scholar_Day_1_Creativity_and_Feedback_T1","mid_morning","Push","Dormant_Scholar_Day_1_Creativity_and_Feedback_T2","afternoon","Push","Dormant_Scholar_Day_1_Creativity_and_Feedback_T3","late_afternoon","Push","Dormant_Scholar_Day_1_Creativity_and_Feedback_T4","late_afternoon","In-App","Dormant_Scholar_Day_1_Creativity_and_Feedback_T5","evening","In-App","Dormant_Scholar_Day_1_Creativity_and_Feedback_T1","night","In-App","Dormant_Scholar_Day_1_Creativity_and_Feedback_T2","night","In-App","Dormant_Scholar_Day_1_Creativity_and_Feedback_T3","night","In-App","Dormant_Scholar_Day_1_Creativity_and_Feedback_T4","night","In-App"
"USR_000213","2","Day 25","Paid_Social_Achiever_Week_4_Creativity_and_Feedback_T1","evening","Push","Paid_Social_Achiever_Week_4_Creativity_and_Feedback_T2","night","Push","Paid_Social_Achiever_Week_4_Creativity_and_Feedback_T3","night","Push","Paid_Social_Achiever_Week_4_Creativity_and_Feedback_T4","night","In-App","Paid_Social_Achiever_Week_4_Creativity_and_Feedback_T5","night","In-App","Paid_Social_Achiever_Week_4_Creativity_and_Feedback_T1","night","In-App","Paid_Social_Achiever_Week_4_Creativity_and_Feedback_T2","early_morning","In-App","Paid_Social_Achiever_Week_4_Creativity_and_Feedback_T3","mid_morning","In-App","Paid_Social_Achiever_Week_4_Creativity_and_Feedback_T4","mid_morning","In-App"
"USR_000214","0","Day 105","Inactive_Socialite_Day_1_Unpredictability_T1","night","Push","Inactive_Socialite_Day_1_Unpredictability_T2","early_morning","Push","Inactive_Socialite_Day_1_Unpredictability_T3","mid_morning","Push","Inactive_Socialite_Day_1_Unpredictability_T4","mid_morning","In-App","Inactive_Socialite_Day_1_Unpredictability_T5","afternoon","In-App","Inactive_Socialite_Day_1_Unpredictability_T1","late_afternoon","In-App","Inactive_Socialite_Day_1_Unpredictability_T2","late_afternoon","In-App","Inactive_Socialite_Day_1_Unpredictability_T3","evening","In-App","Inactive_Socialite_Day_1_Unpredictability_T4","night","In-App"
"USR_000215","5","Day 2","Dormant_Achiever_Day_1_Scarcity_and_Impatience_T1","evening","Push","Dormant_Achiever_Day_1_Scarcity_and_Impatience_T2","evening","Push","Dormant_Achiever_Day_1_Scarcity_and_Impatience_T3","night","Push","Dormant_Achiever_Day_1_Scarcity_and_Impatience_T4","night","In-App","Dormant_Achiever_Day_1_Scarcity_and_Impatience_T5","night","In-App","Dormant_Achiever_Day_1_Scarcity_and_Impatience_T1","night","In-App","Dormant_Achiever_Day_1_Scarcity_and_Impatience_T2","early_morning","In-App","Dormant_Achiever_Day_1_Scarcity_and_Impatience_T3","early_morning","In-App","Dormant_Achiever_Day_1_Scarcity_and_Impatience_T4","mid_morning","In-App"
"USR_000216","2","Day 16","Paid_Social_Achiever_Week_4_Creativity_and_Feedback_T1","late_afternoon","Push","Paid_Social_Achiever_Week_4_Creativity_and_Feedback_T2","evening","Push","Paid_Social_Achiever_Week_4_Creativity_and_Feedback_T3","night","Push","Paid_Social_Achiever_Week_4_Creativity_and_Feedback_T4","night","In-App","Paid_Social_Achiever_Week_4_Creativity_and_Feedback_T5","night","In-App","Paid_Social_Achiever_Week_4_Creativity_and_Feedback_T1","night","In-App","Paid_Social_Achiever_Week_4_Creativity_and_Feedback_T2","night","In-App","Paid_Social_Achiever_Week_4_Creativity_and_Feedback_T3","early_morning","In-App","Paid_Social_Achiever_Week_4_Creativity_and_Feedback_T4","mid_morning","In-App"
"USR_000217","7","Day 81","Paid_Competitive_Week_4_Ownership_and_Possession_T1","evening","Push","Paid_Competitive_Week_4_Ownership_and_Possession_T2","night","Push","Paid_Competitive_Week_4_Ownership_and_Possession_T3","night","Push","Paid_Competitive_Week_4_Ownership_and_Possession_T4","night","In-App","Paid_Competitive_Week_4_Ownership_and_Possession_T5","night","In-App","Paid_Competitive_Week_4_Ownership_and_Possession_T1","early_morning","In-App","Paid_Competitive_Week_4_Ownership_and_Possession_T2","early_morning","In-App","Paid_Competitive_Week_4_Ownership_and_Possession_T3","mid_morning","In-App","Paid_Competitive_Week_4_Ownership_and_Possession_T4","afternoon","In-App"
"USR_000218","5","Day 1","Dormant_Achiever_Day_1_Scarcity_and_Impatience_T1","evening","Push","Dormant_Achiever_Day_1_Scarcity_and_Impatience_T2","evening","Push","Dormant_Achiever_Day_1_Scarcity_and_Impatience_T3","night","Push","Dormant_Achiever_Day_1_Scarcity_and_Impatience_T4","night","In-App","Dormant_Achiever_Day_1_Scarcity_and_Impatience_T5","night","In-App","Dormant_Achiever_Day_1_Scarcity_and_Impatience_T1","night","In-App","Dormant_Achiever_Day_1_Scarcity_and_Impatience_T2","early_morning","In-App","Dormant_Achiever_Day_1_Scarcity_and_Impatience_T3","early_morning","In-App","Dormant_Achiever_Day_1_Scarcity_and_Impatience_T4","mid_morning","In-App"
"USR_000219","5","Day 4","Dormant_Achiever_Day_1_Scarcity_and_Impatience_T1","early_morning","Push","Dormant_Achiever_Day_1_Scarcity_and_Impatience_T2","mid_morning","Push","Dormant_Achiever_Day_1_Scarcity_and_Impatience_T3","afternoon","Push","Dormant_Achiever_Day_1_Scarcity_and_Impatience_T4","afternoon","In-App","Dormant_Achiever_Day_1_Scarcity_and_Impatience_T5","late_afternoon","In-App","Dormant_Achiever_Day_1_Scarcity_and_Impatience_T1","evening","In-App","Dormant_Achiever_Day_1_Scarcity_and_Impatience_T2","evening","In-App","Dormant_Achiever_Day_1_Scarcity_and_Impatience_T3","night","In-App","Dormant_Achiever_Day_1_Scarcity_and_Impatience_T4","night","In-App"
"USR_000220","1","Day 34","Inactive_Social_Learners_Day_1_Social_Influence_T1","evening","Push","Inactive_Social_Learners_Day_1_Social_Influence_T2","evening","Push","Inactive_Social_Learners_Day_1_Social_Influence_T3","night","Push","Inactive_Social_Learners_Day_1_Social_Influence_T4","night","In-App","Inactive_Social_Learners_Day_1_Social_Influence_T5","night","In-App","Inactive_Social_Learners_Day_1_Social_Influence_T1","night","In-App","Inactive_Social_Learners_Day_1_Social_Influence_T2","early_morning","In-App","Inactive_Social_Learners_Day_1_Social_Influence_T3","early_morning","In-App","Inactive_Social_Learners_Day_1_Social_Influence_T4","mid_morning","In-App"
"USR_000221","2","Day 13","Paid_Social_Achiever_Week_2_Creativity_and_Feedback_T1","early_morning","Push","Paid_Social_Achiever_Week_2_Creativity_and_Feedback_T2","mid_morning","Push","Paid_Social_Achiever_Week_2_Creativity_and_Feedback_T3","mid_morning","Push","Paid_Social_Achiever_Week_2_Creativity_and_Feedback_T4","afternoon","In-App","Paid_Social_Achiever_Week_2_Creativity_and_Feedback_T5","late_afternoon","In-App","Paid_Social_Achiever_Week_2_Creativity_and_Feedback_T1","late_afternoon","In-App","Paid_Social_Achiever_Week_2_Creativity_and_Feedback_T2","evening","In-App","Paid_Social_Achiever_Week_2_Creativity_and_Feedback_T3","night","In-App","Paid_Social_Achiever_Week_2_Creativity_and_Feedback_T4","night","In-App"
"USR_000222","1","Day 6","Inactive_Social_Learners_Day_1_Social_Influence_T1","night","Push","Inactive_Social_Learners_Day_1_Social_Influence_T2","night","Push","Inactive_Social_Learners_Day_1_Social_Influence_T3","night","Push","Inactive_Social_Learners_Day_1_Social_Influence_T4","night","In-App","Inactive_Social_Learners_Day_1_Social_Influence_T5","early_morning","In-App","Inactive_Social_Learners_Day_1_Social_Influence_T1","early_morning","In-App","Inactive_Social_Learners_Day_1_Social_Influence_T2","mid_morning","In-App","Inactive_Social_Learners_Day_1_Social_Influence_T3","afternoon","In-App","Inactive_Social_Learners_Day_1_Social_Influence_T4","afternoon","In-App"
"USR_000223","4","Day 32","Dormant_Social_Day_1_Unpredictability_T1","afternoon","Push","Dormant_Social_Day_1_Unpredictability_T2","late_afternoon","Push","Dormant_Social_Day_1_Unpredictability_T3","late_afternoon","Push","Dormant_Social_Day_1_Unpredictability_T4","evening","In-App","Dormant_Social_Day_1_Unpredictability_T5","night","In-App","Dormant_Social_Day_1_Unpredictability_T1","night","In-App","Dormant_Social_Day_1_Unpredictability_T2","night","In-App","Dormant_Social_Day_1_Unpredictability_T3","night","In-App","Dormant_Social_Day_1_Unpredictability_T4","night","In-App"
"USR_000224","5","Day 4","Dormant_Achiever_Day_1_Scarcity_and_Impatience_T1","late_afternoon","Push","Dormant_Achiever_Day_1_Scarcity_and_Impatience_T2","late_afternoon","Push","Dormant_Achiever_Day_1_Scarcity_and_Impatience_T3","evening","Push","Dormant_Achiever_Day_1_Scarcity_and_Impatience_T4","night","In-App","Dormant_Achiever_Day_1_Scarcity_and_Impatience_T5","night","In-App","Dormant_Achiever_Day_1_Scarcity_and_Impatience_T1","night","In-App","Dormant_Achiever_Day_1_Scarcity_and_Impatience_T2","night","In-App","Dormant_Achiever_Day_1_Scarcity_and_Impatience_T3","night","In-App","Dormant_Achiever_Day_1_Scarcity_and_Impatience_T4","early_morning","In-App"
"USR_000225","0","Day 137","Inactive_Socialite_Day_1_Unpredictability_T1","evening","Push","Inactive_Socialite_Day_1_Unpredictability_T2","night","Push","Inactive_Socialite_Day_1_Unpredictability_T3","night","Push","Inactive_Socialite_Day_1_Unpredictability_T4","night","In-App","Inactive_Socialite_Day_1_Unpredictability_T5","night","In-App","Inactive_Socialite_Day_1_Unpredictability_T1","night","In-App","Inactive_Socialite_Day_1_Unpredictability_T2","early_morning","In-App","Inactive_Socialite_Day_1_Unpredictability_T3","mid_morning","In-App","Inactive_Socialite_Day_1_Unpredictability_T4","mid_morning","In-App"
"USR_000226","4","Day 76","Dormant_Social_Day_1_Unpredictability_T1","afternoon","Push","Dormant_Social_Day_1_Unpredictability_T2","afternoon","Push","Dormant_Social_Day_1_Unpredictability_T3","late_afternoon","Push","Dormant_Social_Day_1_Unpredictability_T4","evening","In-App","Dormant_Social_Day_1_Unpredictability_T5","evening","In-App","Dormant_Social_Day_1_Unpredictability_T1","night","In-App","Dormant_Social_Day_1_Unpredictability_T2","night","In-App","Dormant_Social_Day_1_Unpredictability_T3","night","In-App","Dormant_Social_Day_1_Unpredictability_T4","night","In-App"
"USR_000227","5","Day 5","Dormant_Achiever_Day_1_Scarcity_and_Impatience_T1","evening","Push","Dormant_Achiever_Day_1_Scarcity_and_Impatience_T2","night","Push","Dormant_Achiever_Day_1_Scarcity_and_Impatience_T3","night","Push","Dormant_Achiever_Day_1_Scarcity_and_Impatience_T4","night","In-App","Dormant_Achiever_Day_1_Scarcity_and_Impatience_T5","night","In-App","Dormant_Achiever_Day_1_Scarcity_and_Impatience_T1","early_morning","In-App","Dormant_Achiever_Day_1_Scarcity_and_Impatience_T2","early_morning","In-App","Dormant_Achiever_Day_1_Scarcity_and_Impatience_T3","mid_morning","In-App","Dormant_Achiever_Day_1_Scarcity_and_Impatience_T4","afternoon","In-App"
"USR_000228","4","Day 52","Dormant_Social_Day_1_Unpredictability_T1","evening","Push","Dormant_Social_Day_1_Unpredictability_T2","night","Push","Dormant_Social_Day_1_Unpredictability_T3","night","Push","Dormant_Social_Day_1_Unpredictability_T4","night","In-App","Dormant_Social_Day_1_Unpredictability_T5","night","In-App","Dormant_Social_Day_1_Unpredictability_T1","night","In-App","Dormant_Social_Day_1_Unpredictability_T2","early_morning","In-App","Dormant_Social_Day_1_Unpredictability_T3","mid_morning","In-App","Dormant_Social_Day_1_Unpredictability_T4","mid_morning","In-App"
"USR_000229","0","Day 164","Inactive_Socialite_Day_1_Unpredictability_T1","night","Push","Inactive_Socialite_Day_1_Unpredictability_T2","night","Push","Inactive_Socialite_Day_1_Unpredictability_T3","night","Push","Inactive_Socialite_Day_1_Unpredictability_T4","night","In-App","Inactive_Socialite_Day_1_Unpredictability_T5","night","In-App","Inactive_Socialite_Day_1_Unpredictability_T1","early_morning","In-App","Inactive_Socialite_Day_1_Unpredictability_T2","mid_morning","In-App","Inactive_Socialite_Day_1_Unpredictability_T3","mid_morning","In-App","Inactive_Socialite_Day_1_Unpredictability_T4","afternoon","In-App"
"USR_000230","7","Day 23","Paid_Competitive_Week_4_Ownership_and_Possession_T1","afternoon","Push","Paid_Competitive_Week_4_Ownership_and_Possession_T2","late_afternoon","Push","Paid_Competitive_Week_4_Ownership_and_Possession_T3","evening","Push","Paid_Competitive_Week_4_Ownership_and_Possession_T4","evening","In-App","Paid_Competitive_Week_4_Ownership_and_Possession_T5","night","In-App","Paid_Competitive_Week_4_Ownership_and_Possession_T1","night","In-App","Paid_Competitive_Week_4_Ownership_and_Possession_T2","night","In-App","Paid_Competitive_Week_4_Ownership_and_Possession_T3","night","In-App","Paid_Competitive_Week_4_Ownership_and_Possession_T4","early_morning","In-App"
"USR_000231","3","Day 3","Inactive_Socialite_Day_1_Scarcity_and_Impatience_T1","evening","Push","Inactive_Socialite_Day_1_Scarcity_and_Impatience_T2","night","Push","Inactive_Socialite_Day_1_Scarcity_and_Impatience_T3","night","Push","Inactive_Socialite_Day_1_Scarcity_and_Impatience_T4","night","In-App","Inactive_Socialite_Day_1_Scarcity_and_Impatience_T5","night","In-App","Inactive_Socialite_Day_1_Scarcity_and_Impatience_T1","night","In-App","Inactive_Socialite_Day_1_Scarcity_and_Impatience_T2","early_morning","In-App","Inactive_Socialite_Day_1_Scarcity_and_Impatience_T3","mid_morning","In-App","Inactive_Socialite_Day_1_Scarcity_and_Impatience_T4","mid_morning","In-App"
"USR_000232","2","Day 40","Paid_Social_Achiever_Week_4_Creativity_and_Feedback_T1","late_afternoon","Push","Paid_Social_Achiever_Week_4_Creativity_and_Feedback_T2","evening","Push","Paid_Social_Achiever_Week_4_Creativity_and_Feedback_T3","evening","Push","Paid_Social_Achiever_Week_4_Creativity_and_Feedback_T4","night","In-App","Paid_Social_Achiever_Week_4_Creativity_and_Feedback_T5","night","In-App","Paid_Social_Achiever_Week_4_Creativity_and_Feedback_T1","night","In-App","Paid_Social_Achiever_Week_4_Creativity_and_Feedback_T2","night","In-App","Paid_Social_Achiever_Week_4_Creativity_and_Feedback_T3","early_morning","In-App","Paid_Social_Achiever_Week_4_Creativity_and_Feedback_T4","early_morning","In-App"
"USR_000233","0","Day 160","Inactive_Socialite_Day_1_Unpredictability_T1","late_afternoon","Push","Inactive_Socialite_Day_1_Unpredictability_T2","evening","Push","Inactive_Socialite_Day_1_Unpredictability_T3","evening","Push","Inactive_Socialite_Day_1_Unpredictability_T4","night","In-App","Inactive_Socialite_Day_1_Unpredictability_T5","night","In-App","Inactive_Socialite_Day_1_Unpredictability_T1","night","In-App","Inactive_Socialite_Day_1_Unpredictability_T2","night","In-App","Inactive_Socialite_Day_1_Unpredictability_T3","early_morning","In-App","Inactive_Socialite_Day_1_Unpredictability_T4","early_morning","In-App"
"USR_000234","2","Day 99","Paid_Social_Achiever_Week_4_Creativity_and_Feedback_T1","evening","Push","Paid_Social_Achiever_Week_4_Creativity_and_Feedback_T2","evening","Push","Paid_Social_Achiever_Week_4_Creativity_and_Feedback_T3","night","Push","Paid_Social_Achiever_Week_4_Creativity_and_Feedback_T4","night","In-App","Paid_Social_Achiever_Week_4_Creativity_and_Feedback_T5","night","In-App","Paid_Social_Achiever_Week_4_Creativity_and_Feedback_T1","night","In-App","Paid_Social_Achiever_Week_4_Creativity_and_Feedback_T2","early_morning","In-App","Paid_Social_Achiever_Week_4_Creativity_and_Feedback_T3","early_morning","In-App","Paid_Social_Achiever_Week_4_Creativity_and_Feedback_T4","mid_morning","In-App"
"USR_000235","4","Day 96","Dormant_Social_Day_1_Unpredictability_T1","evening","Push","Dormant_Social_Day_1_Unpredictability_T2","night","Push","Dormant_Social_Day_1_Unpredictability_T3","night","Push","Dormant_Social_Day_1_Unpredictability_T4","night","In-App","Dormant_Social_Day_1_Unpredictability_T5","night","In-App","Dormant_Social_Day_1_Unpredictability_T1","night","In-App","Dormant_Social_Day_1_Unpredictability_T2","early_morning","In-App","Dormant_Social_Day_1_Unpredictability_T3","mid_morning","In-App","Dormant_Social_Day_1_Unpredictability_T4","mid_morning","In-App"
"USR_000236","0","Day 159","Inactive_Socialite_Day_1_Unpredictability_T1","late_afternoon","Push","Inactive_Socialite_Day_1_Unpredictability_T2","evening","Push","Inactive_Socialite_Day_1_Unpredictability_T3","night","Push","Inactive_Socialite_Day_1_Unpredictability_T4","night","In-App","Inactive_Socialite_Day_1_Unpredictability_T5","night","In-App","Inactive_Socialite_Day_1_Unpredictability_T1","night","In-App","Inactive_Socialite_Day_1_Unpredictability_T2","night","In-App","Inactive_Socialite_Day_1_Unpredictability_T3","early_morning","In-App","Inactive_Socialite_Day_1_Unpredictability_T4","mid_morning","In-App"
"USR_000237","4","Day 42","Dormant_Social_Day_1_Unpredictability_T1","evening","Push","Dormant_Social_Day_1_Unpredictability_T2","night","Push","Dormant_Social_Day_1_Unpredictability_T3","night","Push","Dormant_Social_Day_1_Unpredictability_T4","night","In-App","Dormant_Social_Day_1_Unpredictability_T5","night","In-App","Dormant_Social_Day_1_Unpredictability_T1","night","In-App","Dormant_Social_Day_1_Unpredictability_T2","early_morning","In-App","Dormant_Social_Day_1_Unpredictability_T3","mid_morning","In-App","Dormant_Social_Day_1_Unpredictability_T4","mid_morning","In-App"
"USR_000238","2","Day 32","Paid_Social_Achiever_Week_4_Creativity_and_Feedback_T1","early_morning","Push","Paid_Social_Achiever_Week_4_Creativity_and_Feedback_T2","mid_morning","Push","Paid_Social_Achiever_Week_4_Creativity_and_Feedback_T3","mid_morning","Push","Paid_Social_Achiever_Week_4_Creativity_and_Feedback_T4","afternoon","In-App","Paid_Social_Achiever_Week_4_Creativity_and_Feedback_T5","late_afternoon","In-App","Paid_Social_Achiever_Week_4_Creativity_and_Feedback_T1","late_afternoon","In-App","Paid_Social_Achiever_Week_4_Creativity_and_Feedback_T2","evening","In-App","Paid_Social_Achiever_Week_4_Creativity_and_Feedback_T3","night","In-App","Paid_Social_Achiever_Week_4_Creativity_and_Feedback_T4","night","In-App"
"USR_000239","3","Day 7","Inactive_Socialite_Day_1_Scarcity_and_Impatience_T1","late_afternoon","Push","Inactive_Socialite_Day_1_Scarcity_and_Impatience_T2","evening","Push","Inactive_Socialite_Day_1_Scarcity_and_Impatience_T3","night","Push","Inactive_Socialite_Day_1_Scarcity_and_Impatience_T4","night","In-App","Inactive_Socialite_Day_1_Scarcity_and_Impatience_T5","night","In-App","Inactive_Socialite_Day_1_Scarcity_and_Impatience_T1","night","In-App","Inactive_Socialite_Day_1_Scarcity_and_Impatience_T2","night","In-App","Inactive_Socialite_Day_1_Scarcity_and_Impatience_T3","early_morning","In-App","Inactive_Socialite_Day_1_Scarcity_and_Impatience_T4","mid_morning","In-App"
"USR_000240","3","Day 6","Inactive_Socialite_Day_1_Scarcity_and_Impatience_T1","evening","Push","Inactive_Socialite_Day_1_Scarcity_and_Impatience_T2","night","Push","Inactive_Socialite_Day_1_Scarcity_and_Impatience_T3","night","Push","Inactive_Socialite_Day_1_Scarcity_and_Impatience_T4","night","In-App","Inactive_Socialite_Day_1_Scarcity_and_Impatience_T5","night","In-App","Inactive_Socialite_Day_1_Scarcity_and_Impatience_T1","early_morning","In-App","Inactive_Socialite_Day_1_Scarcity_and_Impatience_T2","early_morning","In-App","Inactive_Socialite_Day_1_Scarcity_and_Impatience_T3","mid_morning","In-App","Inactive_Socialite_Day_1_Scarcity_and_Impatience_T4","afternoon","In-App"
"USR_000241","1","Day 5","Inactive_Social_Learners_Day_1_Social_Influence_T1","late_afternoon","Push","Inactive_Social_Learners_Day_1_Social_Influence_T2","evening","Push","Inactive_Social_Learners_Day_1_Social_Influence_T3","evening","Push","Inactive_Social_Learners_Day_1_Social_Influence_T4","night","In-App","Inactive_Social_Learners_Day_1_Social_Influence_T5","night","In-App","Inactive_Social_Learners_Day_1_Social_Influence_T1","night","In-App","Inactive_Social_Learners_Day_1_Social_Influence_T2","night","In-App","Inactive_Social_Learners_Day_1_Social_Influence_T3","early_morning","In-App","Inactive_Social_Learners_Day_1_Social_Influence_T4","early_morning","In-App"
"USR_000242","5","Day 5","Dormant_Achiever_Day_1_Scarcity_and_Impatience_T1","early_morning","Push","Dormant_Achiever_Day_1_Scarcity_and_Impatience_T2","mid_morning","Push","Dormant_Achiever_Day_1_Scarcity_and_Impatience_T3","mid_morning","Push","Dormant_Achiever_Day_1_Scarcity_and_Impatience_T4","afternoon","In-App","Dormant_Achiever_Day_1_Scarcity_and_Impatience_T5","late_afternoon","In-App","Dormant_Achiever_Day_1_Scarcity_and_Impatience_T1","late_afternoon","In-App","Dormant_Achiever_Day_1_Scarcity_and_Impatience_T2","evening","In-App","Dormant_Achiever_Day_1_Scarcity_and_Impatience_T3","night","In-App","Dormant_Achiever_Day_1_Scarcity_and_Impatience_T4","night","In-App"
"USR_000243","0","Day 123","Inactive_Socialite_Day_1_Unpredictability_T1","early_morning","Push","Inactive_Socialite_Day_1_Unpredictability_T2","mid_morning","Push","Inactive_Socialite_Day_1_Unpredictability_T3","mid_morning","Push","Inactive_Socialite_Day_1_Unpredictability_T4","afternoon","In-App","Inactive_Socialite_Day_1_Unpredictability_T5","late_afternoon","In-App","Inactive_Socialite_Day_1_Unpredictability_T1","late_afternoon","In-App","Inactive_Socialite_Day_1_Unpredictability_T2","evening","In-App","Inactive_Socialite_Day_1_Unpredictability_T3","night","In-App","Inactive_Socialite_Day_1_Unpredictability_T4","night","In-App"
"USR_000244","3","Day 1","Inactive_Socialite_Day_1_Scarcity_and_Impatience_T1","evening","Push","Inactive_Socialite_Day_1_Scarcity_and_Impatience_T2","night","Push","Inactive_Socialite_Day_1_Scarcity_and_Impatience_T3","night","Push","Inactive_Socialite_Day_1_Scarcity_and_Impatience_T4","night","In-App","Inactive_Socialite_Day_1_Scarcity_and_Impatience_T5","night","In-App","Inactive_Socialite_Day_1_Scarcity_and_Impatience_T1","early_morning","In-App","Inactive_Socialite_Day_1_Scarcity_and_Impatience_T2","early_morning","In-App","Inactive_Socialite_Day_1_Scarcity_and_Impatience_T3","mid_morning","In-App","Inactive_Socialite_Day_1_Scarcity_and_Impatience_T4","afternoon","In-App"
"USR_000245","0","Day 160","Inactive_Socialite_Day_1_Unpredictability_T1","late_afternoon","Push","Inactive_Socialite_Day_1_Unpredictability_T2","evening","Push","Inactive_Socialite_Day_1_Unpredictability_T3","night","Push","Inactive_Socialite_Day_1_Unpredictability_T4","night","In-App","Inactive_Socialite_Day_1_Unpredictability_T5","night","In-App","Inactive_Socialite_Day_1_Unpredictability_T1","night","In-App","Inactive_Socialite_Day_1_Unpredictability_T2","night","In-App","Inactive_Socialite_Day_1_Unpredictability_T3","early_morning","In-App","Inactive_Socialite_Day_1_Unpredictability_T4","mid_morning","In-App"
"USR_000246","2","Day 34","Paid_Social_Achiever_Week_4_Creativity_and_Feedback_T1","evening","Push","Paid_Social_Achiever_Week_4_Creativity_and_Feedback_T2","evening","Push","Paid_Social_Achiever_Week_4_Creativity_and_Feedback_T3","night","Push","Paid_Social_Achiever_Week_4_Creativity_and_Feedback_T4","night","In-App","Paid_Social_Achiever_Week_4_Creativity_and_Feedback_T5","night","In-App","Paid_Social_Achiever_Week_4_Creativity_and_Feedback_T1","night","In-App","Paid_Social_Achiever_Week_4_Creativity_and_Feedback_T2","early_morning","In-App","Paid_Social_Achiever_Week_4_Creativity_and_Feedback_T3","early_morning","In-App","Paid_Social_Achiever_Week_4_Creativity_and_Feedback_T4","mid_morning","In-App"
"USR_000247","4","Day 51","Dormant_Social_Day_1_Unpredictability_T1","late_afternoon","Push","Dormant_Social_Day_1_Unpredictability_T2","late_afternoon","Push","Dormant_Social_Day_1_Unpredictability_T3","evening","Push","Dormant_Social_Day_1_Unpredictability_T4","night","In-App","Dormant_Social_Day_1_Unpredictability_T5","night","In-App","Dormant_Social_Day_1_Unpredictability_T1","night","In-App","Dormant_Social_Day_1_Unpredictability_T2","night","In-App","Dormant_Social_Day_1_Unpredictability_T3","night","In-App","Dormant_Social_Day_1_Unpredictability_T4","early_morning","In-App"
"USR_000248","4","Day 35","Dormant_Social_Day_1_Unpredictability_T1","afternoon","Push","Dormant_Social_Day_1_Unpredictability_T2","afternoon","Push","Dormant_Social_Day_1_Unpredictability_T3","late_afternoon","Push","Dormant_Social_Day_1_Unpredictability_T4","evening","In-App","Dormant_Social_Day_1_Unpredictability_T5","evening","In-App","Dormant_Social_Day_1_Unpredictability_T1","night","In-App","Dormant_Social_Day_1_Unpredictability_T2","night","In-App","Dormant_Social_Day_1_Unpredictability_T3","night","In-App","Dormant_Social_Day_1_Unpredictability_T4","night","In-App"
"USR_000249","6","Day 6","Dormant_Scholar_Day_1_Creativity_and_Feedback_T1","late_afternoon","Push","Dormant_Scholar_Day_1_Creativity_and_Feedback_T2","late_afternoon","Push","Dormant_Scholar_Day_1_Creativity_and_Feedback_T3","evening","Push","Dormant_Scholar_Day_1_Creativity_and_Feedback_T4","night","In-App","Dormant_Scholar_Day_1_Creativity_and_Feedback_T5","night","In-App","Dormant_Scholar_Day_1_Creativity_and_Feedback_T1","night","In-App","Dormant_Scholar_Day_1_Creativity_and_Feedback_T2","night","In-App","Dormant_Scholar_Day_1_Creativity_and_Feedback_T3","night","In-App","Dormant_Scholar_Day_1_Creativity_and_Feedback_T4","early_morning","In-App"
"USR_000250","0","Day 121","Inactive_Socialite_Day_1_Unpredictability_T1","night","Push","Inactive_Socialite_Day_1_Unpredictability_T2","night","Push","Inactive_Socialite_Day_1_Unpredictability_T3","night","Push","Inactive_Socialite_Day_1_Unpredictability_T4","night","In-App","Inactive_Socialite_Day_1_Unpredictability_T5","early_morning","In-App","Inactive_Socialite_Day_1_Unpredictability_T1","early_morning","In-App","Inactive_Socialite_Day_1_Unpredictability_T2","mid_morning","In-App","Inactive_Socialite_Day_1_Unpredictability_T3","afternoon","In-App","Inactive_Socialite_Day_1_Unpredictability_T4","afternoon","In-App"
"USR_000251","3","Day 3","Inactive_Socialite_Day_1_Scarcity_and_Impatience_T1","late_afternoon","Push","Inactive_Socialite_Day_1_Scarcity_and_Impatience_T2","late_afternoon","Push","Inactive_Socialite_Day_1_Scarcity_and_Impatience_T3","evening","Push","Inactive_Socialite_Day_1_Scarcity_and_Impatience_T4","night","In-App","Inactive_Socialite_Day_1_Scarcity_and_Impatience_T5","night","In-App","Inactive_Socialite_Day_1_Scarcity_and_Impatience_T1","night","In-App","Inactive_Socialite_Day_1_Scarcity_and_Impatience_T2","night","In-App","Inactive_Socialite_Day_1_Scarcity_and_Impatience_T3","night","In-App","Inactive_Socialite_Day_1_Scarcity_and_Impatience_T4","early_morning","In-App"
"USR_000252","7","Day 86","Paid_Competitive_Week_4_Ownership_and_Possession_T1","evening","Push","Paid_Competitive_Week_4_Ownership_and_Possession_T2","evening","Push","Paid_Competitive_Week_4_Ownership_and_Possession_T3","night","Push","Paid_Competitive_Week_4_Ownership_and_Possession_T4","night","In-App","Paid_Competitive_Week_4_Ownership_and_Possession_T5","night","In-App","Paid_Competitive_Week_4_Ownership_and_Possession_T1","night","In-App","Paid_Competitive_Week_4_Ownership_and_Possession_T2","early_morning","In-App","Paid_Competitive_Week_4_Ownership_and_Possession_T3","early_morning","In-App","Paid_Competitive_Week_4_Ownership_and_Possession_T4","mid_morning","In-App"
"USR_000253","7","Day 112","Paid_Competitive_Week_4_Ownership_and_Possession_T1","late_afternoon","Push","Paid_Competitive_Week_4_Ownership_and_Possession_T2","evening","Push","Paid_Competitive_Week_4_Ownership_and_Possession_T3","evening","Push","Paid_Competitive_Week_4_Ownership_and_Possession_T4","night","In-App","Paid_Competitive_Week_4_Ownership_and_Possession_T5","night","In-App","Paid_Competitive_Week_4_Ownership_and_Possession_T1","night","In-App","Paid_Competitive_Week_4_Ownership_and_Possession_T2","night","In-App","Paid_Competitive_Week_4_Ownership_and_Possession_T3","early_morning","In-App","Paid_Competitive_Week_4_Ownership_and_Possession_T4","early_morning","In-App"
"USR_000254","2","Day 19","Paid_Social_Achiever_Week_4_Creativity_and_Feedback_T1","afternoon","Push","Paid_Social_Achiever_Week_4_Creativity_and_Feedback_T2","late_afternoon","Push","Paid_Social_Achiever_Week_4_Creativity_and_Feedback_T3","evening","Push","Paid_Social_Achiever_Week_4_Creativity_and_Feedback_T4","evening","In-App","Paid_Social_Achiever_Week_4_Creativity_and_Feedback_T5","night","In-App","Paid_Social_Achiever_Week_4_Creativity_and_Feedback_T1","night","In-App","Paid_Social_Achiever_Week_4_Creativity_and_Feedback_T2","night","In-App","Paid_Social_Achiever_Week_4_Creativity_and_Feedback_T3","night","In-App","Paid_Social_Achiever_Week_4_Creativity_and_Feedback_T4","early_morning","In-App"
"USR_000255","5","Day 5","Dormant_Achiever_Day_1_Scarcity_and_Impatience_T1","early_morning","Push","Dormant_Achiever_Day_1_Scarcity_and_Impatience_T2","mid_morning","Push","Dormant_Achiever_Day_1_Scarcity_and_Impatience_T3","afternoon","Push","Dormant_Achiever_Day_1_Scarcity_and_Impatience_T4","afternoon","In-App","Dormant_Achiever_Day_1_Scarcity_and_Impatience_T5","late_afternoon","In-App","Dormant_Achiever_Day_1_Scarcity_and_Impatience_T1","evening","In-App","Dormant_Achiever_Day_1_Scarcity_and_Impatience_T2","evening","In-App","Dormant_Achiever_Day_1_Scarcity_and_Impatience_T3","night","In-App","Dormant_Achiever_Day_1_Scarcity_and_Impatience_T4","night","In-App"
"USR_000256","1","Day 6","Inactive_Social_Learners_Day_1_Social_Influence_T1","evening","Push","Inactive_Social_Learners_Day_1_Social_Influence_T2","night","Push","Inactive_Social_Learners_Day_1_Social_Influence_T3","night","Push","Inactive_Social_Learners_Day_1_Social_Influence_T4","night","In-App","Inactive_Social_Learners_Day_1_Social_Influence_T5","night","In-App","Inactive_Social_Learners_Day_1_Social_Influence_T1","early_morning","In-App","Inactive_Social_Learners_Day_1_Social_Influence_T2","early_morning","In-App","Inactive_Social_Learners_Day_1_Social_Influence_T3","mid_morning","In-App","Inactive_Social_Learners_Day_1_Social_Influence_T4","afternoon","In-App"
"USR_000257","1","Day 1","Inactive_Social_Learners_Day_1_Social_Influence_T1","early_morning","Push","Inactive_Social_Learners_Day_1_Social_Influence_T2","mid_morning","Push","Inactive_Social_Learners_Day_1_Social_Influence_T3","mid_morning","Push","Inactive_Social_Learners_Day_1_Social_Influence_T4","afternoon","In-App","Inactive_Social_Learners_Day_1_Social_Influence_T5","late_afternoon","In-App","Inactive_Social_Learners_Day_1_Social_Influence_T1","late_afternoon","In-App","Inactive_Social_Learners_Day_1_Social_Influence_T2","evening","In-App","Inactive_Social_Learners_Day_1_Social_Influence_T3","night","In-App","Inactive_Social_Learners_Day_1_Social_Influence_T4","night","In-App"
"USR_000258","7","Day 30","Paid_Competitive_Week_4_Ownership_and_Possession_T1","night","Push","Paid_Competitive_Week_4_Ownership_and_Possession_T2","night","Push","Paid_Competitive_Week_4_Ownership_and_Possession_T3","night","Push","Paid_Competitive_Week_4_Ownership_and_Possession_T4","night","In-App","Paid_Competitive_Week_4_Ownership_and_Possession_T5","night","In-App","Paid_Competitive_Week_4_Ownership_and_Possession_T1","early_morning","In-App","Paid_Competitive_Week_4_Ownership_and_Possession_T2","mid_morning","In-App","Paid_Competitive_Week_4_Ownership_and_Possession_T3","mid_morning","In-App","Paid_Competitive_Week_4_Ownership_and_Possession_T4","afternoon","In-App"
"USR_000259","2","Day 111","Paid_Social_Achiever_Week_4_Creativity_and_Feedback_T1","evening","Push","Paid_Social_Achiever_Week_4_Creativity_and_Feedback_T2","night","Push","Paid_Social_Achiever_Week_4_Creativity_and_Feedback_T3","night","Push","Paid_Social_Achiever_Week_4_Creativity_and_Feedback_T4","night","In-App","Paid_Social_Achiever_Week_4_Creativity_and_Feedback_T5","night","In-App","Paid_Social_Achiever_Week_4_Creativity_and_Feedback_T1","early_morning","In-App","Paid_Social_Achiever_Week_4_Creativity_and_Feedback_T2","early_morning","In-App","Paid_Social_Achiever_Week_4_Creativity_and_Feedback_T3","mid_morning","In-App","Paid_Social_Achiever_Week_4_Creativity_and_Feedback_T4","afternoon","In-App"
"USR_000260","3","Day 2","Inactive_Socialite_Day_1_Scarcity_and_Impatience_T1","afternoon","Push","Inactive_Socialite_Day_1_Scarcity_and_Impatience_T2","late_afternoon","Push","Inactive_Socialite_Day_1_Scarcity_and_Impatience_T3","evening","Push","Inactive_Socialite_Day_1_Scarcity_and_Impatience_T4","evening","In-App","Inactive_Socialite_Day_1_Scarcity_and_Impatience_T5","night","In-App","Inactive_Socialite_Day_1_Scarcity_and_Impatience_T1","night","In-App","Inactive_Socialite_Day_1_Scarcity_and_Impatience_T2","night","In-App","Inactive_Socialite_Day_1_Scarcity_and_Impatience_T3","night","In-App","Inactive_Socialite_Day_1_Scarcity_and_Impatience_T4","early_morning","In-App"
"USR_000261","4","Day 82","Dormant_Social_Day_1_Unpredictability_T1","mid_morning","Push","Dormant_Social_Day_1_Unpredictability_T2","mid_morning","Push","Dormant_Social_Day_1_Unpredictability_T3","afternoon","Push","Dormant_Social_Day_1_Unpredictability_T4","late_afternoon","In-App","Dormant_Social_Day_1_Unpredictability_T5","late_afternoon","In-App","Dormant_Social_Day_1_Unpredictability_T1","evening","In-App","Dormant_Social_Day_1_Unpredictability_T2","night","In-App","Dormant_Social_Day_1_Unpredictability_T3","night","In-App","Dormant_Social_Day_1_Unpredictability_T4","night","In-App"
"USR_000262","4","Day 21","Dormant_Social_Day_1_Unpredictability_T1","evening","Push","Dormant_Social_Day_1_Unpredictability_T2","night","Push","Dormant_Social_Day_1_Unpredictability_T3","night","Push","Dormant_Social_Day_1_Unpredictability_T4","night","In-App","Dormant_Social_Day_1_Unpredictability_T5","night","In-App","Dormant_Social_Day_1_Unpredictability_T1","night","In-App","Dormant_Social_Day_1_Unpredictability_T2","early_morning","In-App","Dormant_Social_Day_1_Unpredictability_T3","mid_morning","In-App","Dormant_Social_Day_1_Unpredictability_T4","mid_morning","In-App"
"USR_000263","2","Day 109","Paid_Social_Achiever_Week_4_Creativity_and_Feedback_T1","afternoon","Push","Paid_Social_Achiever_Week_4_Creativity_and_Feedback_T2","late_afternoon","Push","Paid_Social_Achiever_Week_4_Creativity_and_Feedback_T3","late_afternoon","Push","Paid_Social_Achiever_Week_4_Creativity_and_Feedback_T4","evening","In-App","Paid_Social_Achiever_Week_4_Creativity_and_Feedback_T5","night","In-App","Paid_Social_Achiever_Week_4_Creativity_and_Feedback_T1","night","In-App","Paid_Social_Achiever_Week_4_Creativity_and_Feedback_T2","night","In-App","Paid_Social_Achiever_Week_4_Creativity_and_Feedback_T3","night","In-App","Paid_Social_Achiever_Week_4_Creativity_and_Feedback_T4","night","In-App"
"USR_000264","5","Day 7","Dormant_Achiever_Day_1_Scarcity_and_Impatience_T1","evening","Push","Dormant_Achiever_Day_1_Scarcity_and_Impatience_T2","evening","Push","Dormant_Achiever_Day_1_Scarcity_and_Impatience_T3","night","Push","Dormant_Achiever_Day_1_Scarcity_and_Impatience_T4","night","In-App","Dormant_Achiever_Day_1_Scarcity_and_Impatience_T5","night","In-App","Dormant_Achiever_Day_1_Scarcity_and_Impatience_T1","night","In-App","Dormant_Achiever_Day_1_Scarcity_and_Impatience_T2","early_morning","In-App","Dormant_Achiever_Day_1_Scarcity_and_Impatience_T3","early_morning","In-App","Dormant_Achiever_Day_1_Scarcity_and_Impatience_T4","mid_morning","In-App"
"USR_000265","1","Day 30","Inactive_Social_Learners_Day_1_Social_Influence_T1","night","Push","Inactive_Social_Learners_Day_1_Social_Influence_T2","early_morning","Push","Inactive_Social_Learners_Day_1_Social_Influence_T3","mid_morning","Push","Inactive_Social_Learners_Day_1_Social_Influence_T4","mid_morning","In-App","Inactive_Social_Learners_Day_1_Social_Influence_T5","afternoon","In-App","Inactive_Social_Learners_Day_1_Social_Influence_T1","late_afternoon","In-App","Inactive_Social_Learners_Day_1_Social_Influence_T2","late_afternoon","In-App","Inactive_Social_Learners_Day_1_Social_Influence_T3","evening","In-App","Inactive_Social_Learners_Day_1_Social_Influence_T4","night","In-App"
"USR_000266","1","Day 4","Inactive_Social_Learners_Day_1_Social_Influence_T1","mid_morning","Push","Inactive_Social_Learners_Day_1_Social_Influence_T2","afternoon","Push","Inactive_Social_Learners_Day_1_Social_Influence_T3","late_afternoon","Push","Inactive_Social_Learners_Day_1_Social_Influence_T4","late_afternoon","In-App","Inactive_Social_Learners_Day_1_Social_Influence_T5","evening","In-App","Inactive_Social_Learners_Day_1_Social_Influence_T1","night","In-App","Inactive_Social_Learners_Day_1_Social_Influence_T2","night","In-App","Inactive_Social_Learners_Day_1_Social_Influence_T3","night","In-App","Inactive_Social_Learners_Day_1_Social_Influence_T4","night","In-App"
"USR_000267","2","Day 35","Paid_Social_Achiever_Week_4_Creativity_and_Feedback_T1","evening","Push","Paid_Social_Achiever_Week_4_Creativity_and_Feedback_T2","night","Push","Paid_Social_Achiever_Week_4_Creativity_and_Feedback_T3","night","Push","Paid_Social_Achiever_Week_4_Creativity_and_Feedback_T4","night","In-App","Paid_Social_Achiever_Week_4_Creativity_and_Feedback_T5","night","In-App","Paid_Social_Achiever_Week_4_Creativity_and_Feedback_T1","night","In-App","Paid_Social_Achiever_Week_4_Creativity_and_Feedback_T2","early_morning","In-App","Paid_Social_Achiever_Week_4_Creativity_and_Feedback_T3","mid_morning","In-App","Paid_Social_Achiever_Week_4_Creativity_and_Feedback_T4","mid_morning","In-App"
"USR_000268","7","Day 87","Paid_Competitive_Week_4_Ownership_and_Possession_T1","late_afternoon","Push","Paid_Competitive_Week_4_Ownership_and_Possession_T2","evening","Push","Paid_Competitive_Week_4_Ownership_and_Possession_T3","night","Push","Paid_Competitive_Week_4_Ownership_and_Possession_T4","night","In-App","Paid_Competitive_Week_4_Ownership_and_Possession_T5","night","In-App","Paid_Competitive_Week_4_Ownership_and_Possession_T1","night","In-App","Paid_Competitive_Week_4_Ownership_and_Possession_T2","night","In-App","Paid_Competitive_Week_4_Ownership_and_Possession_T3","early_morning","In-App","Paid_Competitive_Week_4_Ownership_and_Possession_T4","mid_morning","In-App"
"USR_000269","0","Day 79","Inactive_Socialite_Day_1_Unpredictability_T1","mid_morning","Push","Inactive_Socialite_Day_1_Unpredictability_T2","mid_morning","Push","Inactive_Socialite_Day_1_Unpredictability_T3","afternoon","Push","Inactive_Socialite_Day_1_Unpredictability_T4","late_afternoon","In-App","Inactive_Socialite_Day_1_Unpredictability_T5","late_afternoon","In-App","Inactive_Socialite_Day_1_Unpredictability_T1","evening","In-App","Inactive_Socialite_Day_1_Unpredictability_T2","night","In-App","Inactive_Socialite_Day_1_Unpredictability_T3","night","In-App","Inactive_Socialite_Day_1_Unpredictability_T4","night","In-App"
"USR_000270","4","Day 82","Dormant_Social_Day_1_Unpredictability_T1","early_morning","Push","Dormant_Social_Day_1_Unpredictability_T2","early_morning","Push","Dormant_Social_Day_1_Unpredictability_T3","mid_morning","Push","Dormant_Social_Day_1_Unpredictability_T4","afternoon","In-App","Dormant_Social_Day_1_Unpredictability_T5","afternoon","In-App","Dormant_Social_Day_1_Unpredictability_T1","late_afternoon","In-App","Dormant_Social_Day_1_Unpredictability_T2","evening","In-App","Dormant_Social_Day_1_Unpredictability_T3","evening","In-App","Dormant_Social_Day_1_Unpredictability_T4","night","In-App"
"USR_000271","3","Day 1","Inactive_Socialite_Day_1_Scarcity_and_Impatience_T1","evening","Push","Inactive_Socialite_Day_1_Scarcity_and_Impatience_T2","night","Push","Inactive_Socialite_Day_1_Scarcity_and_Impatience_T3","night","Push","Inactive_Socialite_Day_1_Scarcity_and_Impatience_T4","night","In-App","Inactive_Socialite_Day_1_Scarcity_and_Impatience_T5","night","In-App","Inactive_Socialite_Day_1_Scarcity_and_Impatience_T1","early_morning","In-App","Inactive_Socialite_Day_1_Scarcity_and_Impatience_T2","early_morning","In-App","Inactive_Socialite_Day_1_Scarcity_and_Impatience_T3","mid_morning","In-App","Inactive_Socialite_Day_1_Scarcity_and_Impatience_T4","afternoon","In-App"
"USR_000272","4","Day 41","Dormant_Social_Day_1_Unpredictability_T1","night","Push","Dormant_Social_Day_1_Unpredictability_T2","night","Push","Dormant_Social_Day_1_Unpredictability_T3","night","Push","Dormant_Social_Day_1_Unpredictability_T4","night","In-App","Dormant_Social_Day_1_Unpredictability_T5","night","In-App","Dormant_Social_Day_1_Unpredictability_T1","early_morning","In-App","Dormant_Social_Day_1_Unpredictability_T2","mid_morning","In-App","Dormant_Social_Day_1_Unpredictability_T3","mid_morning","In-App","Dormant_Social_Day_1_Unpredictability_T4","afternoon","In-App"
"USR_000273","0","Day 86","Inactive_Socialite_Day_1_Unpredictability_T1","night","Push","Inactive_Socialite_Day_1_Unpredictability_T2","night","Push","Inactive_Socialite_Day_1_Unpredictability_T3","night","Push","Inactive_Socialite_Day_1_Unpredictability_T4","night","In-App","Inactive_Socialite_Day_1_Unpredictability_T5","early_morning","In-App","Inactive_Socialite_Day_1_Unpredictability_T1","mid_morning","In-App","Inactive_Socialite_Day_1_Unpredictability_T2","mid_morning","In-App","Inactive_Socialite_Day_1_Unpredictability_T3","afternoon","In-App","Inactive_Socialite_Day_1_Unpredictability_T4","late_afternoon","In-App"
"USR_000274","6","Day 119","Dormant_Scholar_Day_1_Creativity_and_Feedback_T1","late_afternoon","Push","Dormant_Scholar_Day_1_Creativity_and_Feedback_T2","evening","Push","Dormant_Scholar_Day_1_Creativity_and_Feedback_T3","evening","Push","Dormant_Scholar_Day_1_Creativity_and_Feedback_T4","night","In-App","Dormant_Scholar_Day_1_Creativity_and_Feedback_T5","night","In-App","Dormant_Scholar_Day_1_Creativity_and_Feedback_T1","night","In-App","Dormant_Scholar_Day_1_Creativity_and_Feedback_T2","night","In-App","Dormant_Scholar_Day_1_Creativity_and_Feedback_T3","early_morning","In-App","Dormant_Scholar_Day_1_Creativity_and_Feedback_T4","early_morning","In-App"
"USR_000275","7","Day 28","Paid_Competitive_Week_4_Ownership_and_Possession_T1","evening","Push","Paid_Competitive_Week_4_Ownership_and_Possession_T2","night","Push","Paid_Competitive_Week_4_Ownership_and_Possession_T3","night","Push","Paid_Competitive_Week_4_Ownership_and_Possession_T4","night","In-App","Paid_Competitive_Week_4_Ownership_and_Possession_T5","night","In-App","Paid_Competitive_Week_4_Ownership_and_Possession_T1","night","In-App","Paid_Competitive_Week_4_Ownership_and_Possession_T2","early_morning","In-App","Paid_Competitive_Week_4_Ownership_and_Possession_T3","mid_morning","In-App","Paid_Competitive_Week_4_Ownership_and_Possession_T4","mid_morning","In-App"
"USR_000276","3","Day 3","Inactive_Socialite_Day_1_Scarcity_and_Impatience_T1","night","Push","Inactive_Socialite_Day_1_Scarcity_and_Impatience_T2","night","Push","Inactive_Socialite_Day_1_Scarcity_and_Impatience_T3","night","Push","Inactive_Socialite_Day_1_Scarcity_and_Impatience_T4","night","In-App","Inactive_Socialite_Day_1_Scarcity_and_Impatience_T5","night","In-App","Inactive_Socialite_Day_1_Scarcity_and_Impatience_T1","early_morning","In-App","Inactive_Socialite_Day_1_Scarcity_and_Impatience_T2","mid_morning","In-App","Inactive_Socialite_Day_1_Scarcity_and_Impatience_T3","mid_morning","In-App","Inactive_Socialite_Day_1_Scarcity_and_Impatience_T4","afternoon","In-App"
"USR_000277","1","Day 2","Inactive_Social_Learners_Day_1_Social_Influence_T1","evening","Push","Inactive_Social_Learners_Day_1_Social_Influence_T2","night","Push","Inactive_Social_Learners_Day_1_Social_Influence_T3","night","Push","Inactive_Social_Learners_Day_1_Social_Influence_T4","night","In-App","Inactive_Social_Learners_Day_1_Social_Influence_T5","night","In-App","Inactive_Social_Learners_Day_1_Social_Influence_T1","night","In-App","Inactive_Social_Learners_Day_1_Social_Influence_T2","early_morning","In-App","Inactive_Social_Learners_Day_1_Social_Influence_T3","mid_morning","In-App","Inactive_Social_Learners_Day_1_Social_Influence_T4","mid_morning","In-App"
"USR_000278","3","Day 7","Inactive_Socialite_Day_1_Scarcity_and_Impatience_T1","evening","Push","Inactive_Socialite_Day_1_Scarcity_and_Impatience_T2","night","Push","Inactive_Socialite_Day_1_Scarcity_and_Impatience_T3","night","Push","Inactive_Socialite_Day_1_Scarcity_and_Impatience_T4","night","In-App","Inactive_Socialite_Day_1_Scarcity_and_Impatience_T5","night","In-App","Inactive_Socialite_Day_1_Scarcity_and_Impatience_T1","early_morning","In-App","Inactive_Socialite_Day_1_Scarcity_and_Impatience_T2","early_morning","In-App","Inactive_Socialite_Day_1_Scarcity_and_Impatience_T3","mid_morning","In-App","Inactive_Socialite_Day_1_Scarcity_and_Impatience_T4","afternoon","In-App"
"USR_000279","5","Day 1","Dormant_Achiever_Day_1_Scarcity_and_Impatience_T1","night","Push","Dormant_Achiever_Day_1_Scarcity_and_Impatience_T2","early_morning","Push","Dormant_Achiever_Day_1_Scarcity_and_Impatience_T3","mid_morning","Push","Dormant_Achiever_Day_1_Scarcity_and_Impatience_T4","mid_morning","In-App","Dormant_Achiever_Day_1_Scarcity_and_Impatience_T5","afternoon","In-App","Dormant_Achiever_Day_1_Scarcity_and_Impatience_T1","late_afternoon","In-App","Dormant_Achiever_Day_1_Scarcity_and_Impatience_T2","late_afternoon","In-App","Dormant_Achiever_Day_1_Scarcity_and_Impatience_T3","evening","In-App","Dormant_Achiever_Day_1_Scarcity_and_Impatience_T4","night","In-App"
"USR_000280","2","Day 36","Paid_Social_Achiever_Week_4_Creativity_and_Feedback_T1","night","Push","Paid_Social_Achiever_Week_4_Creativity_and_Feedback_T2","early_morning","Push","Paid_Social_Achiever_Week_4_Creativity_and_Feedback_T3","mid_morning","Push","Paid_Social_Achiever_Week_4_Creativity_and_Feedback_T4","mid_morning","In-App","Paid_Social_Achiever_Week_4_Creativity_and_Feedback_T5","afternoon","In-App","Paid_Social_Achiever_Week_4_Creativity_and_Feedback_T1","late_afternoon","In-App","Paid_Social_Achiever_Week_4_Creativity_and_Feedback_T2","late_afternoon","In-App","Paid_Social_Achiever_Week_4_Creativity_and_Feedback_T3","evening","In-App","Paid_Social_Achiever_Week_4_Creativity_and_Feedback_T4","night","In-App"
"USR_000281","3","Day 2","Inactive_Socialite_Day_1_Scarcity_and_Impatience_T1","mid_morning","Push","Inactive_Socialite_Day_1_Scarcity_and_Impatience_T2","afternoon","Push","Inactive_Socialite_Day_1_Scarcity_and_Impatience_T3","afternoon","Push","Inactive_Socialite_Day_1_Scarcity_and_Impatience_T4","late_afternoon","In-App","Inactive_Socialite_Day_1_Scarcity_and_Impatience_T5","evening","In-App","Inactive_Socialite_Day_1_Scarcity_and_Impatience_T1","evening","In-App","Inactive_Socialite_Day_1_Scarcity_and_Impatience_T2","night","In-App","Inactive_Socialite_Day_1_Scarcity_and_Impatience_T3","night","In-App","Inactive_Socialite_Day_1_Scarcity_and_Impatience_T4","night","In-App"
"USR_000282","7","Day 13","Paid_Competitive_Week_2_Ownership_and_Possession_T1","late_afternoon","Push","Paid_Competitive_Week_2_Ownership_and_Possession_T2","late_afternoon","Push","Paid_Competitive_Week_2_Ownership_and_Possession_T3","evening","Push","Paid_Competitive_Week_2_Ownership_and_Possession_T4","night","In-App","Paid_Competitive_Week_2_Ownership_and_Possession_T5","night","In-App","Paid_Competitive_Week_2_Ownership_and_Possession_T1","night","In-App","Paid_Competitive_Week_2_Ownership_and_Possession_T2","night","In-App","Paid_Competitive_Week_2_Ownership_and_Possession_T3","night","In-App","Paid_Competitive_Week_2_Ownership_and_Possession_T4","early_morning","In-App"
"USR_000283","7","Day 40","Paid_Competitive_Week_4_Ownership_and_Possession_T1","late_afternoon","Push","Paid_Competitive_Week_4_Ownership_and_Possession_T2","evening","Push","Paid_Competitive_Week_4_Ownership_and_Possession_T3","evening","Push","Paid_Competitive_Week_4_Ownership_and_Possession_T4","night","In-App","Paid_Competitive_Week_4_Ownership_and_Possession_T5","night","In-App","Paid_Competitive_Week_4_Ownership_and_Possession_T1","night","In-App","Paid_Competitive_Week_4_Ownership_and_Possession_T2","night","In-App","Paid_Competitive_Week_4_Ownership_and_Possession_T3","early_morning","In-App","Paid_Competitive_Week_4_Ownership_and_Possession_T4","early_morning","In-App"
"USR_000284","3","Day 3","Inactive_Socialite_Day_1_Scarcity_and_Impatience_T1","afternoon","Push","Inactive_Socialite_Day_1_Scarcity_and_Impatience_T2","afternoon","Push","Inactive_Socialite_Day_1_Scarcity_and_Impatience_T3","late_afternoon","Push","Inactive_Socialite_Day_1_Scarcity_and_Impatience_T4","evening","In-App","Inactive_Socialite_Day_1_Scarcity_and_Impatience_T5","evening","In-App","Inactive_Socialite_Day_1_Scarcity_and_Impatience_T1","night","In-App","Inactive_Socialite_Day_1_Scarcity_and_Impatience_T2","night","In-App","Inactive_Socialite_Day_1_Scarcity_and_Impatience_T3","night","In-App","Inactive_Socialite_Day_1_Scarcity_and_Impatience_T4","night","In-App"
"USR_000285","5","Day 0","Dormant_Achiever_Day_1_Scarcity_and_Impatience_T1","afternoon","Push","Dormant_Achiever_Day_1_Scarcity_and_Impatience_T2","late_afternoon","Push","Dormant_Achiever_Day_1_Scarcity_and_Impatience_T3","late_afternoon","Push","Dormant_Achiever_Day_1_Scarcity_and_Impatience_T4","evening","In-App","Dormant_Achiever_Day_1_Scarcity_and_Impatience_T5","night","In-App","Dormant_Achiever_Day_1_Scarcity_and_Impatience_T1","night","In-App","Dormant_Achiever_Day_1_Scarcity_and_Impatience_T2","night","In-App","Dormant_Achiever_Day_1_Scarcity_and_Impatience_T3","night","In-App","Dormant_Achiever_Day_1_Scarcity_and_Impatience_T4","night","In-App"
"USR_000286","4","Day 16","Dormant_Social_Day_1_Unpredictability_T1","late_afternoon","Push","Dormant_Social_Day_1_Unpredictability_T2","evening","Push","Dormant_Social_Day_1_Unpredictability_T3","evening","Push","Dormant_Social_Day_1_Unpredictability_T4","night","In-App","Dormant_Social_Day_1_Unpredictability_T5","night","In-App","Dormant_Social_Day_1_Unpredictability_T1","night","In-App","Dormant_Social_Day_1_Unpredictability_T2","night","In-App","Dormant_Social_Day_1_Unpredictability_T3","early_morning","In-App","Dormant_Social_Day_1_Unpredictability_T4","early_morning","In-App"
"USR_000287","7","Day 31","Paid_Competitive_Week_4_Ownership_and_Possession_T1","afternoon","Push","Paid_Competitive_Week_4_Ownership_and_Possession_T2","afternoon","Push","Paid_Competitive_Week_4_Ownership_and_Possession_T3","late_afternoon","Push","Paid_Competitive_Week_4_Ownership_and_Possession_T4","evening","In-App","Paid_Competitive_Week_4_Ownership_and_Possession_T5","evening","In-App","Paid_Competitive_Week_4_Ownership_and_Possession_T1","night","In-App","Paid_Competitive_Week_4_Ownership_and_Possession_T2","night","In-App","Paid_Competitive_Week_4_Ownership_and_Possession_T3","night","In-App","Paid_Competitive_Week_4_Ownership_and_Possession_T4","night","In-App"
"USR_000288","2","Day 113","Paid_Social_Achiever_Week_4_Creativity_and_Feedback_T1","early_morning","Push","Paid_Social_Achiever_Week_4_Creativity_and_Feedback_T2","early_morning","Push","Paid_Social_Achiever_Week_4_Creativity_and_Feedback_T3","mid_morning","Push","Paid_Social_Achiever_Week_4_Creativity_and_Feedback_T4","afternoon","In-App","Paid_Social_Achiever_Week_4_Creativity_and_Feedback_T5","afternoon","In-App","Paid_Social_Achiever_Week_4_Creativity_and_Feedback_T1","late_afternoon","In-App","Paid_Social_Achiever_Week_4_Creativity_and_Feedback_T2","evening","In-App","Paid_Social_Achiever_Week_4_Creativity_and_Feedback_T3","evening","In-App","Paid_Social_Achiever_Week_4_Creativity_and_Feedback_T4","night","In-App"
"USR_000289","0","Day 140","Inactive_Socialite_Day_1_Unpredictability_T1","afternoon","Push","Inactive_Socialite_Day_1_Unpredictability_T2","afternoon","Push","Inactive_Socialite_Day_1_Unpredictability_T3","late_afternoon","Push","Inactive_Socialite_Day_1_Unpredictability_T4","evening","In-App","Inactive_Socialite_Day_1_Unpredictability_T5","evening","In-App","Inactive_Socialite_Day_1_Unpredictability_T1","night","In-App","Inactive_Socialite_Day_1_Unpredictability_T2","night","In-App","Inactive_Socialite_Day_1_Unpredictability_T3","night","In-App","Inactive_Socialite_Day_1_Unpredictability_T4","night","In-App"
"USR_000290","4","Day 68","Dormant_Social_Day_1_Unpredictability_T1","early_morning","Push","Dormant_Social_Day_1_Unpredictability_T2","mid_morning","Push","Dormant_Social_Day_1_Unpredictability_T3","mid_morning","Push","Dormant_Social_Day_1_Unpredictability_T4","afternoon","In-App","Dormant_Social_Day_1_Unpredictability_T5","late_afternoon","In-App","Dormant_Social_Day_1_Unpredictability_T1","late_afternoon","In-App","Dormant_Social_Day_1_Unpredictability_T2","evening","In-App","Dormant_Social_Day_1_Unpredictability_T3","night","In-App","Dormant_Social_Day_1_Unpredictability_T4","night","In-App"
"USR_000291","6","Day 6","Dormant_Scholar_Day_1_Creativity_and_Feedback_T1","evening","Push","Dormant_Scholar_Day_1_Creativity_and_Feedback_T2","night","Push","Dormant_Scholar_Day_1_Creativity_and_Feedback_T3","night","Push","Dormant_Scholar_Day_1_Creativity_and_Feedback_T4","night","In-App","Dormant_Scholar_Day_1_Creativity_and_Feedback_T5","night","In-App","Dormant_Scholar_Day_1_Creativity_and_Feedback_T1","early_morning","In-App","Dormant_Scholar_Day_1_Creativity_and_Feedback_T2","early_morning","In-App","Dormant_Scholar_Day_1_Creativity_and_Feedback_T3","mid_morning","In-App","Dormant_Scholar_Day_1_Creativity_and_Feedback_T4","afternoon","In-App"
"USR_000292","2","Day 34","Paid_Social_Achiever_Week_4_Creativity_and_Feedback_T1","early_morning","Push","Paid_Social_Achiever_Week_4_Creativity_and_Feedback_T2","mid_morning","Push","Paid_Social_Achiever_Week_4_Creativity_and_Feedback_T3","afternoon","Push","Paid_Social_Achiever_Week_4_Creativity_and_Feedback_T4","afternoon","In-App","Paid_Social_Achiever_Week_4_Creativity_and_Feedback_T5","late_afternoon","In-App","Paid_Social_Achiever_Week_4_Creativity_and_Feedback_T1","evening","In-App","Paid_Social_Achiever_Week_4_Creativity_and_Feedback_T2","evening","In-App","Paid_Social_Achiever_Week_4_Creativity_and_Feedback_T3","night","In-App","Paid_Social_Achiever_Week_4_Creativity_and_Feedback_T4","night","In-App"
"USR_000293","0","Day 71","Inactive_Socialite_Day_1_Unpredictability_T1","late_afternoon","Push","Inactive_Socialite_Day_1_Unpredictability_T2","late_afternoon","Push","Inactive_Socialite_Day_1_Unpredictability_T3","evening","Push","Inactive_Socialite_Day_1_Unpredictability_T4","night","In-App","Inactive_Socialite_Day_1_Unpredictability_T5","night","In-App","Inactive_Socialite_Day_1_Unpredictability_T1","night","In-App","Inactive_Socialite_Day_1_Unpredictability_T2","night","In-App","Inactive_Socialite_Day_1_Unpredictability_T3","night","In-App","Inactive_Socialite_Day_1_Unpredictability_T4","early_morning","In-App"
"USR_000294","4","Day 52","Dormant_Social_Day_1_Unpredictability_T1","late_afternoon","Push","Dormant_Social_Day_1_Unpredictability_T2","evening","Push","Dormant_Social_Day_1_Unpredictability_T3","night","Push","Dormant_Social_Day_1_Unpredictability_T4","night","In-App","Dormant_Social_Day_1_Unpredictability_T5","night","In-App","Dormant_Social_Day_1_Unpredictability_T1","night","In-App","Dormant_Social_Day_1_Unpredictability_T2","night","In-App","Dormant_Social_Day_1_Unpredictability_T3","early_morning","In-App","Dormant_Social_Day_1_Unpredictability_T4","mid_morning","In-App"
"USR_000295","1","Day 7","Inactive_Social_Learners_Day_1_Social_Influence_T1","late_afternoon","Push","Inactive_Social_Learners_Day_1_Social_Influence_T2","late_afternoon","Push","Inactive_Social_Learners_Day_1_Social_Influence_T3","evening","Push","Inactive_Social_Learners_Day_1_Social_Influence_T4","night","In-App","Inactive_Social_Learners_Day_1_Social_Influence_T5","night","In-App","Inactive_Social_Learners_Day_1_Social_Influence_T1","night","In-App","Inactive_Social_Learners_Day_1_Social_Influence_T2","night","In-App","Inactive_Social_Learners_Day_1_Social_Influence_T3","night","In-App","Inactive_Social_Learners_Day_1_Social_Influence_T4","early_morning","In-App"
"USR_000296","0","Day 70","Inactive_Socialite_Day_1_Unpredictability_T1","evening","Push","Inactive_Socialite_Day_1_Unpredictability_T2","night","Push","Inactive_Socialite_Day_1_Unpredictability_T3","night","Push","Inactive_Socialite_Day_1_Unpredictability_T4","night","In-App","Inactive_Socialite_Day_1_Unpredictability_T5","night","In-App","Inactive_Socialite_Day_1_Unpredictability_T1","night","In-App","Inactive_Socialite_Day_1_Unpredictability_T2","early_morning","In-App","Inactive_Socialite_Day_1_Unpredictability_T3","mid_morning","In-App","Inactive_Socialite_Day_1_Unpredictability_T4","mid_morning","In-App"
"USR_000297","3","Day 5","Inactive_Socialite_Day_1_Scarcity_and_Impatience_T1","early_morning","Push","Inactive_Socialite_Day_1_Scarcity_and_Impatience_T2","mid_morning","Push","Inactive_Socialite_Day_1_Scarcity_and_Impatience_T3","mid_morning","Push","Inactive_Socialite_Day_1_Scarcity_and_Impatience_T4","afternoon","In-App","Inactive_Socialite_Day_1_Scarcity_and_Impatience_T5","late_afternoon","In-App","Inactive_Socialite_Day_1_Scarcity_and_Impatience_T1","late_afternoon","In-App","Inactive_Socialite_Day_1_Scarcity_and_Impatience_T2","evening","In-App","Inactive_Socialite_Day_1_Scarcity_and_Impatience_T3","night","In-App","Inactive_Socialite_Day_1_Scarcity_and_Impatience_T4","night","In-App"
"USR_000298","5","Day 4","Dormant_Achiever_Day_1_Scarcity_and_Impatience_T1","night","Push","Dormant_Achiever_Day_1_Scarcity_and_Impatience_T2","night","Push","Dormant_Achiever_Day_1_Scarcity_and_Impatience_T3","night","Push","Dormant_Achiever_Day_1_Scarcity_and_Impatience_T4","night","In-App","Dormant_Achiever_Day_1_Scarcity_and_Impatience_T5","night","In-App","Dormant_Achiever_Day_1_Scarcity_and_Impatience_T1","early_morning","In-App","Dormant_Achiever_Day_1_Scarcity_and_Impatience_T2","mid_morning","In-App","Dormant_Achiever_Day_1_Scarcity_and_Impatience_T3","mid_morning","In-App","Dormant_Achiever_Day_1_Scarcity_and_Impatience_T4","afternoon","In-App"
"USR_000299","0","Day 153","Inactive_Socialite_Day_1_Unpredictability_T1","evening","Push","Inactive_Socialite_Day_1_Unpredictability_T2","night","Push","Inactive_Socialite_Day_1_Unpredictability_T3","night","Push","Inactive_Socialite_Day_1_Unpredictability_T4","night","In-App","Inactive_Socialite_Day_1_Unpredictability_T5","night","In-App","Inactive_Socialite_Day_1_Unpredictability_T1","early_morning","In-App","Inactive_Socialite_Day_1_Unpredictability_T2","early_morning","In-App","Inactive_Socialite_Day_1_Unpredictability_T3","mid_morning","In-App","Inactive_Socialite_Day_1_Unpredictability_T4","afternoon","In-App"
"USR_000300","0","Day 132","Inactive_Socialite_Day_1_Unpredictability_T1","late_afternoon","Push","Inactive_Socialite_Day_1_Unpredictability_T2","late_afternoon","Push","Inactive_Socialite_Day_1_Unpredictability_T3","evening","Push","Inactive_Socialite_Day_1_Unpredictability_T4","night","In-App","Inactive_Socialite_Day_1_Unpredictability_T5","night","In-App","Inactive_Socialite_Day_1_Unpredictability_T1","night","In-App","Inactive_Socialite_Day_1_Unpredictability_T2","night","In-App","Inactive_Socialite_Day_1_Unpredictability_T3","night","In-App","Inactive_Socialite_Day_1_Unpredictability_T4","early_morning","In-App"
"USR_000301","4","Day 44","Dormant_Social_Day_1_Unpredictability_T1","afternoon","Push","Dormant_Social_Day_1_Unpredictability_T2","afternoon","Push","Dormant_Social_Day_1_Unpredictability_T3","late_afternoon","Push","Dormant_Social_Day_1_Unpredictability_T4","evening","In-App","Dormant_Social_Day_1_Unpredictability_T5","evening","In-App","Dormant_Social_Day_1_Unpredictability_T1","night","In-App","Dormant_Social_Day_1_Unpredictability_T2","night","In-App","Dormant_Social_Day_1_Unpredictability_T3","night","In-App","Dormant_Social_Day_1_Unpredictability_T4","night","In-App"
"USR_000302","4","Day 83","Dormant_Social_Day_1_Unpredictability_T1","afternoon","Push","Dormant_Social_Day_1_Unpredictability_T2","afternoon","Push","Dormant_Social_Day_1_Unpredictability_T3","late_afternoon","Push","Dormant_Social_Day_1_Unpredictability_T4","evening","In-App","Dormant_Social_Day_1_Unpredictability_T5","evening","In-App","Dormant_Social_Day_1_Unpredictability_T1","night","In-App","Dormant_Social_Day_1_Unpredictability_T2","night","In-App","Dormant_Social_Day_1_Unpredictability_T3","night","In-App","Dormant_Social_Day_1_Unpredictability_T4","night","In-App"
"USR_000303","0","Day 87","Inactive_Socialite_Day_1_Unpredictability_T1","night","Push","Inactive_Socialite_Day_1_Unpredictability_T2","night","Push","Inactive_Socialite_Day_1_Unpredictability_T3","night","Push","Inactive_Socialite_Day_1_Unpredictability_T4","night","In-App","Inactive_Socialite_Day_1_Unpredictability_T5","night","In-App","Inactive_Socialite_Day_1_Unpredictability_T1","early_morning","In-App","Inactive_Socialite_Day_1_Unpredictability_T2","mid_morning","In-App","Inactive_Socialite_Day_1_Unpredictability_T3","mid_morning","In-App","Inactive_Socialite_Day_1_Unpredictability_T4","afternoon","In-App"
"USR_000304","4","Day 33","Dormant_Social_Day_1_Unpredictability_T1","afternoon","Push","Dormant_Social_Day_1_Unpredictability_T2","afternoon","Push","Dormant_Social_Day_1_Unpredictability_T3","late_afternoon","Push","Dormant_Social_Day_1_Unpredictability_T4","evening","In-App","Dormant_Social_Day_1_Unpredictability_T5","evening","In-App","Dormant_Social_Day_1_Unpredictability_T1","night","In-App","Dormant_Social_Day_1_Unpredictability_T2","night","In-App","Dormant_Social_Day_1_Unpredictability_T3","night","In-App","Dormant_Social_Day_1_Unpredictability_T4","night","In-App"
"USR_000305","2","Day 97","Paid_Social_Achiever_Week_4_Creativity_and_Feedback_T1","evening","Push","Paid_Social_Achiever_Week_4_Creativity_and_Feedback_T2","night","Push","Paid_Social_Achiever_Week_4_Creativity_and_Feedback_T3","night","Push","Paid_Social_Achiever_Week_4_Creativity_and_Feedback_T4","night","In-App","Paid_Social_Achiever_Week_4_Creativity_and_Feedback_T5","night","In-App","Paid_Social_Achiever_Week_4_Creativity_and_Feedback_T1","early_morning","In-App","Paid_Social_Achiever_Week_4_Creativity_and_Feedback_T2","early_morning","In-App","Paid_Social_Achiever_Week_4_Creativity_and_Feedback_T3","mid_morning","In-App","Paid_Social_Achiever_Week_4_Creativity_and_Feedback_T4","afternoon","In-App"
"USR_000306","7","Day 102","Paid_Competitive_Week_4_Ownership_and_Possession_T1","evening","Push","Paid_Competitive_Week_4_Ownership_and_Possession_T2","night","Push","Paid_Competitive_Week_4_Ownership_and_Possession_T3","night","Push","Paid_Competitive_Week_4_Ownership_and_Possession_T4","night","In-App","Paid_Competitive_Week_4_Ownership_and_Possession_T5","night","In-App","Paid_Competitive_Week_4_Ownership_and_Possession_T1","night","In-App","Paid_Competitive_Week_4_Ownership_and_Possession_T2","early_morning","In-App","Paid_Competitive_Week_4_Ownership_and_Possession_T3","mid_morning","In-App","Paid_Competitive_Week_4_Ownership_and_Possession_T4","mid_morning","In-App"
"USR_000307","2","Day 96","Paid_Social_Achiever_Week_4_Creativity_and_Feedback_T1","afternoon","Push","Paid_Social_Achiever_Week_4_Creativity_and_Feedback_T2","late_afternoon","Push","Paid_Social_Achiever_Week_4_Creativity_and_Feedback_T3","evening","Push","Paid_Social_Achiever_Week_4_Creativity_and_Feedback_T4","evening","In-App","Paid_Social_Achiever_Week_4_Creativity_and_Feedback_T5","night","In-App","Paid_Social_Achiever_Week_4_Creativity_and_Feedback_T1","night","In-App","Paid_Social_Achiever_Week_4_Creativity_and_Feedback_T2","night","In-App","Paid_Social_Achiever_Week_4_Creativity_and_Feedback_T3","night","In-App","Paid_Social_Achiever_Week_4_Creativity_and_Feedback_T4","early_morning","In-App"
"USR_000308","1","Day 3","Inactive_Social_Learners_Day_1_Social_Influence_T1","night","Push","Inactive_Social_Learners_Day_1_Social_Influence_T2","night","Push","Inactive_Social_Learners_Day_1_Social_Influence_T3","night","Push","Inactive_Social_Learners_Day_1_Social_Influence_T4","night","In-App","Inactive_Social_Learners_Day_1_Social_Influence_T5","night","In-App","Inactive_Social_Learners_Day_1_Social_Influence_T1","early_morning","In-App","Inactive_Social_Learners_Day_1_Social_Influence_T2","mid_morning","In-App","Inactive_Social_Learners_Day_1_Social_Influence_T3","mid_morning","In-App","Inactive_Social_Learners_Day_1_Social_Influence_T4","afternoon","In-App"
"USR_000309","2","Day 26","Paid_Social_Achiever_Week_4_Creativity_and_Feedback_T1","mid_morning","Push","Paid_Social_Achiever_Week_4_Creativity_and_Feedback_T2","afternoon","Push","Paid_Social_Achiever_Week_4_Creativity_and_Feedback_T3","late_afternoon","Push","Paid_Social_Achiever_Week_4_Creativity_and_Feedback_T4","late_afternoon","In-App","Paid_Social_Achiever_Week_4_Creativity_and_Feedback_T5","evening","In-App","Paid_Social_Achiever_Week_4_Creativity_and_Feedback_T1","night","In-App","Paid_Social_Achiever_Week_4_Creativity_and_Feedback_T2","night","In-App","Paid_Social_Achiever_Week_4_Creativity_and_Feedback_T3","night","In-App","Paid_Social_Achiever_Week_4_Creativity_and_Feedback_T4","night","In-App"
"USR_000310","0","Day 131","Inactive_Socialite_Day_1_Unpredictability_T1","mid_morning","Push","Inactive_Socialite_Day_1_Unpredictability_T2","mid_morning","Push","Inactive_Socialite_Day_1_Unpredictability_T3","afternoon","Push","Inactive_Socialite_Day_1_Unpredictability_T4","late_afternoon","In-App","Inactive_Socialite_Day_1_Unpredictability_T5","late_afternoon","In-App","Inactive_Socialite_Day_1_Unpredictability_T1","evening","In-App","Inactive_Socialite_Day_1_Unpredictability_T2","night","In-App","Inactive_Socialite_Day_1_Unpredictability_T3","night","In-App","Inactive_Socialite_Day_1_Unpredictability_T4","night","In-App"
"USR_000311","3","Day 1","Inactive_Socialite_Day_1_Scarcity_and_Impatience_T1","evening","Push","Inactive_Socialite_Day_1_Scarcity_and_Impatience_T2","night","Push","Inactive_Socialite_Day_1_Scarcity_and_Impatience_T3","night","Push","Inactive_Socialite_Day_1_Scarcity_and_Impatience_T4","night","In-App","Inactive_Socialite_Day_1_Scarcity_and_Impatience_T5","night","In-App","Inactive_Socialite_Day_1_Scarcity_and_Impatience_T1","night","In-App","Inactive_Socialite_Day_1_Scarcity_and_Impatience_T2","early_morning","In-App","Inactive_Socialite_Day_1_Scarcity_and_Impatience_T3","mid_morning","In-App","Inactive_Socialite_Day_1_Scarcity_and_Impatience_T4","mid_morning","In-App"
"USR_000312","6","Day 6","Dormant_Scholar_Day_1_Creativity_and_Feedback_T1","evening","Push","Dormant_Scholar_Day_1_Creativity_and_Feedback_T2","night","Push","Dormant_Scholar_Day_1_Creativity_and_Feedback_T3","night","Push","Dormant_Scholar_Day_1_Creativity_and_Feedback_T4","night","In-App","Dormant_Scholar_Day_1_Creativity_and_Feedback_T5","night","In-App","Dormant_Scholar_Day_1_Creativity_and_Feedback_T1","early_morning","In-App","Dormant_Scholar_Day_1_Creativity_and_Feedback_T2","early_morning","In-App","Dormant_Scholar_Day_1_Creativity_and_Feedback_T3","mid_morning","In-App","Dormant_Scholar_Day_1_Creativity_and_Feedback_T4","afternoon","In-App"
"USR_000313","4","Day 48","Dormant_Social_Day_1_Unpredictability_T1","evening","Push","Dormant_Social_Day_1_Unpredictability_T2","night","Push","Dormant_Social_Day_1_Unpredictability_T3","night","Push","Dormant_Social_Day_1_Unpredictability_T4","night","In-App","Dormant_Social_Day_1_Unpredictability_T5","night","In-App","Dormant_Social_Day_1_Unpredictability_T1","early_morning","In-App","Dormant_Social_Day_1_Unpredictability_T2","early_morning","In-App","Dormant_Social_Day_1_Unpredictability_T3","mid_morning","In-App","Dormant_Social_Day_1_Unpredictability_T4","afternoon","In-App"
"USR_000314","2","Day 77","Paid_Social_Achiever_Week_4_Creativity_and_Feedback_T1","night","Push","Paid_Social_Achiever_Week_4_Creativity_and_Feedback_T2","night","Push","Paid_Social_Achiever_Week_4_Creativity_and_Feedback_T3","night","Push","Paid_Social_Achiever_Week_4_Creativity_and_Feedback_T4","night","In-App","Paid_Social_Achiever_Week_4_Creativity_and_Feedback_T5","night","In-App","Paid_Social_Achiever_Week_4_Creativity_and_Feedback_T1","early_morning","In-App","Paid_Social_Achiever_Week_4_Creativity_and_Feedback_T2","mid_morning","In-App","Paid_Social_Achiever_Week_4_Creativity_and_Feedback_T3","mid_morning","In-App","Paid_Social_Achiever_Week_4_Creativity_and_Feedback_T4","afternoon","In-App"
"USR_000315","2","Day 104","Paid_Social_Achiever_Week_4_Creativity_and_Feedback_T1","late_afternoon","Push","Paid_Social_Achiever_Week_4_Creativity_and_Feedback_T2","late_afternoon","Push","Paid_Social_Achiever_Week_4_Creativity_and_Feedback_T3","evening","Push","Paid_Social_Achiever_Week_4_Creativity_and_Feedback_T4","night","In-App","Paid_Social_Achiever_Week_4_Creativity_and_Feedback_T5","night","In-App","Paid_Social_Achiever_Week_4_Creativity_and_Feedback_T1","night","In-App","Paid_Social_Achiever_Week_4_Creativity_and_Feedback_T2","night","In-App","Paid_Social_Achiever_Week_4_Creativity_and_Feedback_T3","night","In-App","Paid_Social_Achiever_Week_4_Creativity_and_Feedback_T4","early_morning","In-App"
"USR_000316","5","Day 6","Dormant_Achiever_Day_1_Scarcity_and_Impatience_T1","afternoon","Push","Dormant_Achiever_Day_1_Scarcity_and_Impatience_T2","afternoon","Push","Dormant_Achiever_Day_1_Scarcity_and_Impatience_T3","late_afternoon","Push","Dormant_Achiever_Day_1_Scarcity_and_Impatience_T4","evening","In-App","Dormant_Achiever_Day_1_Scarcity_and_Impatience_T5","evening","In-App","Dormant_Achiever_Day_1_Scarcity_and_Impatience_T1","night","In-App","Dormant_Achiever_Day_1_Scarcity_and_Impatience_T2","night","In-App","Dormant_Achiever_Day_1_Scarcity_and_Impatience_T3","night","In-App","Dormant_Achiever_Day_1_Scarcity_and_Impatience_T4","night","In-App"
"USR_000317","4","Day 76","Dormant_Social_Day_1_Unpredictability_T1","early_morning","Push","Dormant_Social_Day_1_Unpredictability_T2","mid_morning","Push","Dormant_Social_Day_1_Unpredictability_T3","afternoon","Push","Dormant_Social_Day_1_Unpredictability_T4","afternoon","In-App","Dormant_Social_Day_1_Unpredictability_T5","late_afternoon","In-App","Dormant_Social_Day_1_Unpredictability_T1","evening","In-App","Dormant_Social_Day_1_Unpredictability_T2","evening","In-App","Dormant_Social_Day_1_Unpredictability_T3","night","In-App","Dormant_Social_Day_1_Unpredictability_T4","night","In-App"
"USR_000318","1","Day 7","Inactive_Social_Learners_Day_1_Social_Influence_T1","early_morning","Push","Inactive_Social_Learners_Day_1_Social_Influence_T2","early_morning","Push","Inactive_Social_Learners_Day_1_Social_Influence_T3","mid_morning","Push","Inactive_Social_Learners_Day_1_Social_Influence_T4","afternoon","In-App","Inactive_Social_Learners_Day_1_Social_Influence_T5","afternoon","In-App","Inactive_Social_Learners_Day_1_Social_Influence_T1","late_afternoon","In-App","Inactive_Social_Learners_Day_1_Social_Influence_T2","evening","In-App","Inactive_Social_Learners_Day_1_Social_Influence_T3","evening","In-App","Inactive_Social_Learners_Day_1_Social_Influence_T4","night","In-App"
"USR_000319","3","Day 0","Inactive_Socialite_Day_1_Scarcity_and_Impatience_T1","night","Push","Inactive_Socialite_Day_1_Scarcity_and_Impatience_T2","early_morning","Push","Inactive_Socialite_Day_1_Scarcity_and_Impatience_T3","mid_morning","Push","Inactive_Socialite_Day_1_Scarcity_and_Impatience_T4","mid_morning","In-App","Inactive_Socialite_Day_1_Scarcity_and_Impatience_T5","afternoon","In-App","Inactive_Socialite_Day_1_Scarcity_and_Impatience_T1","late_afternoon","In-App","Inactive_Socialite_Day_1_Scarcity_and_Impatience_T2","late_afternoon","In-App","Inactive_Socialite_Day_1_Scarcity_and_Impatience_T3","evening","In-App","Inactive_Socialite_Day_1_Scarcity_and_Impatience_T4","night","In-App"
"USR_000320","1","Day 12","Inactive_Social_Learners_Day_1_Social_Influence_T1","evening","Push","Inactive_Social_Learners_Day_1_Social_Influence_T2","night","Push","Inactive_Social_Learners_Day_1_Social_Influence_T3","night","Push","Inactive_Social_Learners_Day_1_Social_Influence_T4","night","In-App","Inactive_Social_Learners_Day_1_Social_Influence_T5","night","In-App","Inactive_Social_Learners_Day_1_Social_Influence_T1","night","In-App","Inactive_Social_Learners_Day_1_Social_Influence_T2","early_morning","In-App","Inactive_Social_Learners_Day_1_Social_Influence_T3","mid_morning","In-App","Inactive_Social_Learners_Day_1_Social_Influence_T4","mid_morning","In-App"
"USR_000321","2","Day 33","Paid_Social_Achiever_Week_4_Creativity_and_Feedback_T1","night","Push","Paid_Social_Achiever_Week_4_Creativity_and_Feedback_T2","night","Push","Paid_Social_Achiever_Week_4_Creativity_and_Feedback_T3","night","Push","Paid_Social_Achiever_Week_4_Creativity_and_Feedback_T4","night","In-App","Paid_Social_Achiever_Week_4_Creativity_and_Feedback_T5","night","In-App","Paid_Social_Achiever_Week_4_Creativity_and_Feedback_T1","early_morning","In-App","Paid_Social_Achiever_Week_4_Creativity_and_Feedback_T2","mid_morning","In-App","Paid_Social_Achiever_Week_4_Creativity_and_Feedback_T3","mid_morning","In-App","Paid_Social_Achiever_Week_4_Creativity_and_Feedback_T4","afternoon","In-App"
"USR_000322","5","Day 7","Dormant_Achiever_Day_1_Scarcity_and_Impatience_T1","night","Push","Dormant_Achiever_Day_1_Scarcity_and_Impatience_T2","night","Push","Dormant_Achiever_Day_1_Scarcity_and_Impatience_T3","night","Push","Dormant_Achiever_Day_1_Scarcity_and_Impatience_T4","night","In-App","Dormant_Achiever_Day_1_Scarcity_and_Impatience_T5","early_morning","In-App","Dormant_Achiever_Day_1_Scarcity_and_Impatience_T1","mid_morning","In-App","Dormant_Achiever_Day_1_Scarcity_and_Impatience_T2","mid_morning","In-App","Dormant_Achiever_Day_1_Scarcity_and_Impatience_T3","afternoon","In-App","Dormant_Achiever_Day_1_Scarcity_and_Impatience_T4","late_afternoon","In-App"
"USR_000323","5","Day 1","Dormant_Achiever_Day_1_Scarcity_and_Impatience_T1","mid_morning","Push","Dormant_Achiever_Day_1_Scarcity_and_Impatience_T2","mid_morning","Push","Dormant_Achiever_Day_1_Scarcity_and_Impatience_T3","afternoon","Push","Dormant_Achiever_Day_1_Scarcity_and_Impatience_T4","late_afternoon","In-App","Dormant_Achiever_Day_1_Scarcity_and_Impatience_T5","late_afternoon","In-App","Dormant_Achiever_Day_1_Scarcity_and_Impatience_T1","evening","In-App","Dormant_Achiever_Day_1_Scarcity_and_Impatience_T2","night","In-App","Dormant_Achiever_Day_1_Scarcity_and_Impatience_T3","night","In-App","Dormant_Achiever_Day_1_Scarcity_and_Impatience_T4","night","In-App"
"USR_000324","0","Day 142","Inactive_Socialite_Day_1_Unpredictability_T1","night","Push","Inactive_Socialite_Day_1_Unpredictability_T2","night","Push","Inactive_Socialite_Day_1_Unpredictability_T3","night","Push","Inactive_Socialite_Day_1_Unpredictability_T4","night","In-App","Inactive_Socialite_Day_1_Unpredictability_T5","early_morning","In-App","Inactive_Socialite_Day_1_Unpredictability_T1","early_morning","In-App","Inactive_Socialite_Day_1_Unpredictability_T2","mid_morning","In-App","Inactive_Socialite_Day_1_Unpredictability_T3","afternoon","In-App","Inactive_Socialite_Day_1_Unpredictability_T4","afternoon","In-App"
"USR_000325","5","Day 4","Dormant_Achiever_Day_1_Scarcity_and_Impatience_T1","afternoon","Push","Dormant_Achiever_Day_1_Scarcity_and_Impatience_T2","late_afternoon","Push","Dormant_Achiever_Day_1_Scarcity_and_Impatience_T3","evening","Push","Dormant_Achiever_Day_1_Scarcity_and_Impatience_T4","evening","In-App","Dormant_Achiever_Day_1_Scarcity_and_Impatience_T5","night","In-App","Dormant_Achiever_Day_1_Scarcity_and_Impatience_T1","night","In-App","Dormant_Achiever_Day_1_Scarcity_and_Impatience_T2","night","In-App","Dormant_Achiever_Day_1_Scarcity_and_Impatience_T3","night","In-App","Dormant_Achiever_Day_1_Scarcity_and_Impatience_T4","early_morning","In-App"
"USR_000326","0","Day 129","Inactive_Socialite_Day_1_Unpredictability_T1","early_morning","Push","Inactive_Socialite_Day_1_Unpredictability_T2","mid_morning","Push","Inactive_Socialite_Day_1_Unpredictability_T3","mid_morning","Push","Inactive_Socialite_Day_1_Unpredictability_T4","afternoon","In-App","Inactive_Socialite_Day_1_Unpredictability_T5","late_afternoon","In-App","Inactive_Socialite_Day_1_Unpredictability_T1","late_afternoon","In-App","Inactive_Socialite_Day_1_Unpredictability_T2","evening","In-App","Inactive_Socialite_Day_1_Unpredictability_T3","night","In-App","Inactive_Socialite_Day_1_Unpredictability_T4","night","In-App"
"USR_000327","4","Day 81","Dormant_Social_Day_1_Unpredictability_T1","evening","Push","Dormant_Social_Day_1_Unpredictability_T2","night","Push","Dormant_Social_Day_1_Unpredictability_T3","night","Push","Dormant_Social_Day_1_Unpredictability_T4","night","In-App","Dormant_Social_Day_1_Unpredictability_T5","night","In-App","Dormant_Social_Day_1_Unpredictability_T1","night","In-App","Dormant_Social_Day_1_Unpredictability_T2","early_morning","In-App","Dormant_Social_Day_1_Unpredictability_T3","mid_morning","In-App","Dormant_Social_Day_1_Unpredictability_T4","mid_morning","In-App"
"USR_000328","2","Day 34","Paid_Social_Achiever_Week_4_Creativity_and_Feedback_T1","night","Push","Paid_Social_Achiever_Week_4_Creativity_and_Feedback_T2","night","Push","Paid_Social_Achiever_Week_4_Creativity_and_Feedback_T3","night","Push","Paid_Social_Achiever_Week_4_Creativity_and_Feedback_T4","night","In-App","Paid_Social_Achiever_Week_4_Creativity_and_Feedback_T5","early_morning","In-App","Paid_Social_Achiever_Week_4_Creativity_and_Feedback_T1","early_morning","In-App","Paid_Social_Achiever_Week_4_Creativity_and_Feedback_T2","mid_morning","In-App","Paid_Social_Achiever_Week_4_Creativity_and_Feedback_T3","afternoon","In-App","Paid_Social_Achiever_Week_4_Creativity_and_Feedback_T4","afternoon","In-App"
"USR_000329","2","Day 17","Paid_Social_Achiever_Week_4_Creativity_and_Feedback_T1","mid_morning","Push","Paid_Social_Achiever_Week_4_Creativity_and_Feedback_T2","afternoon","Push","Paid_Social_Achiever_Week_4_Creativity_and_Feedback_T3","late_afternoon","Push","Paid_Social_Achiever_Week_4_Creativity_and_Feedback_T4","late_afternoon","In-App","Paid_Social_Achiever_Week_4_Creativity_and_Feedback_T5","evening","In-App","Paid_Social_Achiever_Week_4_Creativity_and_Feedback_T1","night","In-App","Paid_Social_Achiever_Week_4_Creativity_and_Feedback_T2","night","In-App","Paid_Social_Achiever_Week_4_Creativity_and_Feedback_T3","night","In-App","Paid_Social_Achiever_Week_4_Creativity_and_Feedback_T4","night","In-App"
"USR_000330","0","Day 177","Inactive_Socialite_Day_1_Unpredictability_T1","afternoon","Push","Inactive_Socialite_Day_1_Unpredictability_T2","late_afternoon","Push","Inactive_Socialite_Day_1_Unpredictability_T3","evening","Push","Inactive_Socialite_Day_1_Unpredictability_T4","evening","In-App","Inactive_Socialite_Day_1_Unpredictability_T5","night","In-App","Inactive_Socialite_Day_1_Unpredictability_T1","night","In-App","Inactive_Socialite_Day_1_Unpredictability_T2","night","In-App","Inactive_Socialite_Day_1_Unpredictability_T3","night","In-App","Inactive_Socialite_Day_1_Unpredictability_T4","early_morning","In-App"
"USR_000331","2","Day 49","Paid_Social_Achiever_Week_4_Creativity_and_Feedback_T1","afternoon","Push","Paid_Social_Achiever_Week_4_Creativity_and_Feedback_T2","late_afternoon","Push","Paid_Social_Achiever_Week_4_Creativity_and_Feedback_T3","evening","Push","Paid_Social_Achiever_Week_4_Creativity_and_Feedback_T4","evening","In-App","Paid_Social_Achiever_Week_4_Creativity_and_Feedback_T5","night","In-App","Paid_Social_Achiever_Week_4_Creativity_and_Feedback_T1","night","In-App","Paid_Social_Achiever_Week_4_Creativity_and_Feedback_T2","night","In-App","Paid_Social_Achiever_Week_4_Creativity_and_Feedback_T3","night","In-App","Paid_Social_Achiever_Week_4_Creativity_and_Feedback_T4","early_morning","In-App"
"USR_000332","4","Day 18","Dormant_Social_Day_1_Unpredictability_T1","evening","Push","Dormant_Social_Day_1_Unpredictability_T2","night","Push","Dormant_Social_Day_1_Unpredictability_T3","night","Push","Dormant_Social_Day_1_Unpredictability_T4","night","In-App","Dormant_Social_Day_1_Unpredictability_T5","night","In-App","Dormant_Social_Day_1_Unpredictability_T1","early_morning","In-App","Dormant_Social_Day_1_Unpredictability_T2","early_morning","In-App","Dormant_Social_Day_1_Unpredictability_T3","mid_morning","In-App","Dormant_Social_Day_1_Unpredictability_T4","afternoon","In-App"
"USR_000333","0","Day 176","Inactive_Socialite_Day_1_Unpredictability_T1","early_morning","Push","Inactive_Socialite_Day_1_Unpredictability_T2","mid_morning","Push","Inactive_Socialite_Day_1_Unpredictability_T3","afternoon","Push","Inactive_Socialite_Day_1_Unpredictability_T4","afternoon","In-App","Inactive_Socialite_Day_1_Unpredictability_T5","late_afternoon","In-App","Inactive_Socialite_Day_1_Unpredictability_T1","evening","In-App","Inactive_Socialite_Day_1_Unpredictability_T2","evening","In-App","Inactive_Socialite_Day_1_Unpredictability_T3","night","In-App","Inactive_Socialite_Day_1_Unpredictability_T4","night","In-App"
"USR_000334","2","Day 17","Paid_Social_Achiever_Week_4_Creativity_and_Feedback_T1","late_afternoon","Push","Paid_Social_Achiever_Week_4_Creativity_and_Feedback_T2","evening","Push","Paid_Social_Achiever_Week_4_Creativity_and_Feedback_T3","night","Push","Paid_Social_Achiever_Week_4_Creativity_and_Feedback_T4","night","In-App","Paid_Social_Achiever_Week_4_Creativity_and_Feedback_T5","night","In-App","Paid_Social_Achiever_Week_4_Creativity_and_Feedback_T1","night","In-App","Paid_Social_Achiever_Week_4_Creativity_and_Feedback_T2","night","In-App","Paid_Social_Achiever_Week_4_Creativity_and_Feedback_T3","early_morning","In-App","Paid_Social_Achiever_Week_4_Creativity_and_Feedback_T4","mid_morning","In-App"
"USR_000335","0","Day 141","Inactive_Socialite_Day_1_Unpredictability_T1","evening","Push","Inactive_Socialite_Day_1_Unpredictability_T2","evening","Push","Inactive_Socialite_Day_1_Unpredictability_T3","night","Push","Inactive_Socialite_Day_1_Unpredictability_T4","night","In-App","Inactive_Socialite_Day_1_Unpredictability_T5","night","In-App","Inactive_Socialite_Day_1_Unpredictability_T1","night","In-App","Inactive_Socialite_Day_1_Unpredictability_T2","early_morning","In-App","Inactive_Socialite_Day_1_Unpredictability_T3","early_morning","In-App","Inactive_Socialite_Day_1_Unpredictability_T4","mid_morning","In-App"
"USR_000336","2","Day 49","Paid_Social_Achiever_Week_4_Creativity_and_Feedback_T1","evening","Push","Paid_Social_Achiever_Week_4_Creativity_and_Feedback_T2","evening","Push","Paid_Social_Achiever_Week_4_Creativity_and_Feedback_T3","night","Push","Paid_Social_Achiever_Week_4_Creativity_and_Feedback_T4","night","In-App","Paid_Social_Achiever_Week_4_Creativity_and_Feedback_T5","night","In-App","Paid_Social_Achiever_Week_4_Creativity_and_Feedback_T1","night","In-App","Paid_Social_Achiever_Week_4_Creativity_and_Feedback_T2","early_morning","In-App","Paid_Social_Achiever_Week_4_Creativity_and_Feedback_T3","early_morning","In-App","Paid_Social_Achiever_Week_4_Creativity_and_Feedback_T4","mid_morning","In-App"
"USR_000337","5","Day 0","Dormant_Achiever_Day_1_Scarcity_and_Impatience_T1","afternoon","Push","Dormant_Achiever_Day_1_Scarcity_and_Impatience_T2","late_afternoon","Push","Dormant_Achiever_Day_1_Scarcity_and_Impatience_T3","evening","Push","Dormant_Achiever_Day_1_Scarcity_and_Impatience_T4","evening","In-App","Dormant_Achiever_Day_1_Scarcity_and_Impatience_T5","night","In-App","Dormant_Achiever_Day_1_Scarcity_and_Impatience_T1","night","In-App","Dormant_Achiever_Day_1_Scarcity_and_Impatience_T2","night","In-App","Dormant_Achiever_Day_1_Scarcity_and_Impatience_T3","night","In-App","Dormant_Achiever_Day_1_Scarcity_and_Impatience_T4","early_morning","In-App"
"USR_000338","3","Day 3","Inactive_Socialite_Day_1_Scarcity_and_Impatience_T1","afternoon","Push","Inactive_Socialite_Day_1_Scarcity_and_Impatience_T2","late_afternoon","Push","Inactive_Socialite_Day_1_Scarcity_and_Impatience_T3","evening","Push","Inactive_Socialite_Day_1_Scarcity_and_Impatience_T4","evening","In-App","Inactive_Socialite_Day_1_Scarcity_and_Impatience_T5","night","In-App","Inactive_Socialite_Day_1_Scarcity_and_Impatience_T1","night","In-App","Inactive_Socialite_Day_1_Scarcity_and_Impatience_T2","night","In-App","Inactive_Socialite_Day_1_Scarcity_and_Impatience_T3","night","In-App","Inactive_Socialite_Day_1_Scarcity_and_Impatience_T4","early_morning","In-App"
"USR_000339","2","Day 52","Paid_Social_Achiever_Week_4_Creativity_and_Feedback_T1","late_afternoon","Push","Paid_Social_Achiever_Week_4_Creativity_and_Feedback_T2","evening","Push","Paid_Social_Achiever_Week_4_Creativity_and_Feedback_T3","night","Push","Paid_Social_Achiever_Week_4_Creativity_and_Feedback_T4","night","In-App","Paid_Social_Achiever_Week_4_Creativity_and_Feedback_T5","night","In-App","Paid_Social_Achiever_Week_4_Creativity_and_Feedback_T1","night","In-App","Paid_Social_Achiever_Week_4_Creativity_and_Feedback_T2","night","In-App","Paid_Social_Achiever_Week_4_Creativity_and_Feedback_T3","early_morning","In-App","Paid_Social_Achiever_Week_4_Creativity_and_Feedback_T4","mid_morning","In-App"
"USR_000340","0","Day 67","Inactive_Socialite_Day_1_Unpredictability_T1","afternoon","Push","Inactive_Socialite_Day_1_Unpredictability_T2","late_afternoon","Push","Inactive_Socialite_Day_1_Unpredictability_T3","evening","Push","Inactive_Socialite_Day_1_Unpredictability_T4","evening","In-App","Inactive_Socialite_Day_1_Unpredictability_T5","night","In-App","Inactive_Socialite_Day_1_Unpredictability_T1","night","In-App","Inactive_Socialite_Day_1_Unpredictability_T2","night","In-App","Inactive_Socialite_Day_1_Unpredictability_T3","night","In-App","Inactive_Socialite_Day_1_Unpredictability_T4","early_morning","In-App"
"USR_000341","2","Day 87","Paid_Social_Achiever_Week_4_Creativity_and_Feedback_T1","early_morning","Push","Paid_Social_Achiever_Week_4_Creativity_and_Feedback_T2","mid_morning","Push","Paid_Social_Achiever_Week_4_Creativity_and_Feedback_T3","mid_morning","Push","Paid_Social_Achiever_Week_4_Creativity_and_Feedback_T4","afternoon","In-App","Paid_Social_Achiever_Week_4_Creativity_and_Feedback_T5","late_afternoon","In-App","Paid_Social_Achiever_Week_4_Creativity_and_Feedback_T1","late_afternoon","In-App","Paid_Social_Achiever_Week_4_Creativity_and_Feedback_T2","evening","In-App","Paid_Social_Achiever_Week_4_Creativity_and_Feedback_T3","night","In-App","Paid_Social_Achiever_Week_4_Creativity_and_Feedback_T4","night","In-App"
"USR_000342","2","Day 92","Paid_Social_Achiever_Week_4_Creativity_and_Feedback_T1","early_morning","Push","Paid_Social_Achiever_Week_4_Creativity_and_Feedback_T2","mid_morning","Push","Paid_Social_Achiever_Week_4_Creativity_and_Feedback_T3","mid_morning","Push","Paid_Social_Achiever_Week_4_Creativity_and_Feedback_T4","afternoon","In-App","Paid_Social_Achiever_Week_4_Creativity_and_Feedback_T5","late_afternoon","In-App","Paid_Social_Achiever_Week_4_Creativity_and_Feedback_T1","late_afternoon","In-App","Paid_Social_Achiever_Week_4_Creativity_and_Feedback_T2","evening","In-App","Paid_Social_Achiever_Week_4_Creativity_and_Feedback_T3","night","In-App","Paid_Social_Achiever_Week_4_Creativity_and_Feedback_T4","night","In-App"
"USR_000343","2","Day 33","Paid_Social_Achiever_Week_4_Creativity_and_Feedback_T1","late_afternoon","Push","Paid_Social_Achiever_Week_4_Creativity_and_Feedback_T2","late_afternoon","Push","Paid_Social_Achiever_Week_4_Creativity_and_Feedback_T3","evening","Push","Paid_Social_Achiever_Week_4_Creativity_and_Feedback_T4","night","In-App","Paid_Social_Achiever_Week_4_Creativity_and_Feedback_T5","night","In-App","Paid_Social_Achiever_Week_4_Creativity_and_Feedback_T1","night","In-App","Paid_Social_Achiever_Week_4_Creativity_and_Feedback_T2","night","In-App","Paid_Social_Achiever_Week_4_Creativity_and_Feedback_T3","night","In-App","Paid_Social_Achiever_Week_4_Creativity_and_Feedback_T4","early_morning","In-App"
"USR_000344","5","Day 72","Dormant_Achiever_Day_1_Scarcity_and_Impatience_T1","night","Push","Dormant_Achiever_Day_1_Scarcity_and_Impatience_T2","night","Push","Dormant_Achiever_Day_1_Scarcity_and_Impatience_T3","night","Push","Dormant_Achiever_Day_1_Scarcity_and_Impatience_T4","night","In-App","Dormant_Achiever_Day_1_Scarcity_and_Impatience_T5","early_morning","In-App","Dormant_Achiever_Day_1_Scarcity_and_Impatience_T1","mid_morning","In-App","Dormant_Achiever_Day_1_Scarcity_and_Impatience_T2","mid_morning","In-App","Dormant_Achiever_Day_1_Scarcity_and_Impatience_T3","afternoon","In-App","Dormant_Achiever_Day_1_Scarcity_and_Impatience_T4","late_afternoon","In-App"
"USR_000345","0","Day 88","Inactive_Socialite_Day_1_Unpredictability_T1","evening","Push","Inactive_Socialite_Day_1_Unpredictability_T2","night","Push","Inactive_Socialite_Day_1_Unpredictability_T3","night","Push","Inactive_Socialite_Day_1_Unpredictability_T4","night","In-App","Inactive_Socialite_Day_1_Unpredictability_T5","night","In-App","Inactive_Socialite_Day_1_Unpredictability_T1","early_morning","In-App","Inactive_Socialite_Day_1_Unpredictability_T2","early_morning","In-App","Inactive_Socialite_Day_1_Unpredictability_T3","mid_morning","In-App","Inactive_Socialite_Day_1_Unpredictability_T4","afternoon","In-App"
"USR_000346","0","Day 164","Inactive_Socialite_Day_1_Unpredictability_T1","early_morning","Push","Inactive_Socialite_Day_1_Unpredictability_T2","early_morning","Push","Inactive_Socialite_Day_1_Unpredictability_T3","mid_morning","Push","Inactive_Socialite_Day_1_Unpredictability_T4","afternoon","In-App","Inactive_Socialite_Day_1_Unpredictability_T5","afternoon","In-App","Inactive_Socialite_Day_1_Unpredictability_T1","late_afternoon","In-App","Inactive_Socialite_Day_1_Unpredictability_T2","evening","In-App","Inactive_Socialite_Day_1_Unpredictability_T3","evening","In-App","Inactive_Socialite_Day_1_Unpredictability_T4","night","In-App"
"USR_000347","5","Day 0","Dormant_Achiever_Day_1_Scarcity_and_Impatience_T1","night","Push","Dormant_Achiever_Day_1_Scarcity_and_Impatience_T2","night","Push","Dormant_Achiever_Day_1_Scarcity_and_Impatience_T3","night","Push","Dormant_Achiever_Day_1_Scarcity_and_Impatience_T4","night","In-App","Dormant_Achiever_Day_1_Scarcity_and_Impatience_T5","early_morning","In-App","Dormant_Achiever_Day_1_Scarcity_and_Impatience_T1","mid_morning","In-App","Dormant_Achiever_Day_1_Scarcity_and_Impatience_T2","mid_morning","In-App","Dormant_Achiever_Day_1_Scarcity_and_Impatience_T3","afternoon","In-App","Dormant_Achiever_Day_1_Scarcity_and_Impatience_T4","late_afternoon","In-App"
"USR_000348","1","Day 4","Inactive_Social_Learners_Day_1_Social_Influence_T1","afternoon","Push","Inactive_Social_Learners_Day_1_Social_Influence_T2","afternoon","Push","Inactive_Social_Learners_Day_1_Social_Influence_T3","late_afternoon","Push","Inactive_Social_Learners_Day_1_Social_Influence_T4","evening","In-App","Inactive_Social_Learners_Day_1_Social_Influence_T5","evening","In-App","Inactive_Social_Learners_Day_1_Social_Influence_T1","night","In-App","Inactive_Social_Learners_Day_1_Social_Influence_T2","night","In-App","Inactive_Social_Learners_Day_1_Social_Influence_T3","night","In-App","Inactive_Social_Learners_Day_1_Social_Influence_T4","night","In-App"
"USR_000349","0","Day 155","Inactive_Socialite_Day_1_Unpredictability_T1","mid_morning","Push","Inactive_Socialite_Day_1_Unpredictability_T2","afternoon","Push","Inactive_Socialite_Day_1_Unpredictability_T3","afternoon","Push","Inactive_Socialite_Day_1_Unpredictability_T4","late_afternoon","In-App","Inactive_Socialite_Day_1_Unpredictability_T5","evening","In-App","Inactive_Socialite_Day_1_Unpredictability_T1","evening","In-App","Inactive_Socialite_Day_1_Unpredictability_T2","night","In-App","Inactive_Socialite_Day_1_Unpredictability_T3","night","In-App","Inactive_Socialite_Day_1_Unpredictability_T4","night","In-App"
"USR_000350","0","Day 142","Inactive_Socialite_Day_1_Unpredictability_T1","night","Push","Inactive_Socialite_Day_1_Unpredictability_T2","night","Push","Inactive_Socialite_Day_1_Unpredictability_T3","night","Push","Inactive_Socialite_Day_1_Unpredictability_T4","night","In-App","Inactive_Socialite_Day_1_Unpredictability_T5","night","In-App","Inactive_Socialite_Day_1_Unpredictability_T1","early_morning","In-App","Inactive_Socialite_Day_1_Unpredictability_T2","mid_morning","In-App","Inactive_Socialite_Day_1_Unpredictability_T3","mid_morning","In-App","Inactive_Socialite_Day_1_Unpredictability_T4","afternoon","In-App"
"USR_000351","2","Day 76","Paid_Social_Achiever_Week_4_Creativity_and_Feedback_T1","night","Push","Paid_Social_Achiever_Week_4_Creativity_and_Feedback_T2","night","Push","Paid_Social_Achiever_Week_4_Creativity_and_Feedback_T3","night","Push","Paid_Social_Achiever_Week_4_Creativity_and_Feedback_T4","night","In-App","Paid_Social_Achiever_Week_4_Creativity_and_Feedback_T5","night","In-App","Paid_Social_Achiever_Week_4_Creativity_and_Feedback_T1","early_morning","In-App","Paid_Social_Achiever_Week_4_Creativity_and_Feedback_T2","mid_morning","In-App","Paid_Social_Achiever_Week_4_Creativity_and_Feedback_T3","mid_morning","In-App","Paid_Social_Achiever_Week_4_Creativity_and_Feedback_T4","afternoon","In-App"
"USR_000352","2","Day 14","Paid_Social_Achiever_Week_2_Creativity_and_Feedback_T1","night","Push","Paid_Social_Achiever_Week_2_Creativity_and_Feedback_T2","night","Push","Paid_Social_Achiever_Week_2_Creativity_and_Feedback_T3","night","Push","Paid_Social_Achiever_Week_2_Creativity_and_Feedback_T4","night","In-App","Paid_Social_Achiever_Week_2_Creativity_and_Feedback_T5","night","In-App","Paid_Social_Achiever_Week_2_Creativity_and_Feedback_T1","early_morning","In-App","Paid_Social_Achiever_Week_2_Creativity_and_Feedback_T2","mid_morning","In-App","Paid_Social_Achiever_Week_2_Creativity_and_Feedback_T3","mid_morning","In-App","Paid_Social_Achiever_Week_2_Creativity_and_Feedback_T4","afternoon","In-App"
"USR_000353","0","Day 58","Inactive_Socialite_Day_1_Unpredictability_T1","late_afternoon","Push","Inactive_Socialite_Day_1_Unpredictability_T2","evening","Push","Inactive_Socialite_Day_1_Unpredictability_T3","evening","Push","Inactive_Socialite_Day_1_Unpredictability_T4","night","In-App","Inactive_Socialite_Day_1_Unpredictability_T5","night","In-App","Inactive_Socialite_Day_1_Unpredictability_T1","night","In-App","Inactive_Socialite_Day_1_Unpredictability_T2","night","In-App","Inactive_Socialite_Day_1_Unpredictability_T3","early_morning","In-App","Inactive_Socialite_Day_1_Unpredictability_T4","early_morning","In-App"
"USR_000354","4","Day 34","Dormant_Social_Day_1_Unpredictability_T1","night","Push","Dormant_Social_Day_1_Unpredictability_T2","night","Push","Dormant_Social_Day_1_Unpredictability_T3","night","Push","Dormant_Social_Day_1_Unpredictability_T4","night","In-App","Dormant_Social_Day_1_Unpredictability_T5","night","In-App","Dormant_Social_Day_1_Unpredictability_T1","early_morning","In-App","Dormant_Social_Day_1_Unpredictability_T2","mid_morning","In-App","Dormant_Social_Day_1_Unpredictability_T3","mid_morning","In-App","Dormant_Social_Day_1_Unpredictability_T4","afternoon","In-App"
"USR_000355","2","Day 50","Paid_Social_Achiever_Week_4_Creativity_and_Feedback_T1","afternoon","Push","Paid_Social_Achiever_Week_4_Creativity_and_Feedback_T2","late_afternoon","Push","Paid_Social_Achiever_Week_4_Creativity_and_Feedback_T3","late_afternoon","Push","Paid_Social_Achiever_Week_4_Creativity_and_Feedback_T4","evening","In-App","Paid_Social_Achiever_Week_4_Creativity_and_Feedback_T5","night","In-App","Paid_Social_Achiever_Week_4_Creativity_and_Feedback_T1","night","In-App","Paid_Social_Achiever_Week_4_Creativity_and_Feedback_T2","night","In-App","Paid_Social_Achiever_Week_4_Creativity_and_Feedback_T3","night","In-App","Paid_Social_Achiever_Week_4_Creativity_and_Feedback_T4","night","In-App"
"USR_000356","2","Day 33","Paid_Social_Achiever_Week_4_Creativity_and_Feedback_T1","evening","Push","Paid_Social_Achiever_Week_4_Creativity_and_Feedback_T2","evening","Push","Paid_Social_Achiever_Week_4_Creativity_and_Feedback_T3","night","Push","Paid_Social_Achiever_Week_4_Creativity_and_Feedback_T4","night","In-App","Paid_Social_Achiever_Week_4_Creativity_and_Feedback_T5","night","In-App","Paid_Social_Achiever_Week_4_Creativity_and_Feedback_T1","night","In-App","Paid_Social_Achiever_Week_4_Creativity_and_Feedback_T2","early_morning","In-App","Paid_Social_Achiever_Week_4_Creativity_and_Feedback_T3","early_morning","In-App","Paid_Social_Achiever_Week_4_Creativity_and_Feedback_T4","mid_morning","In-App"
"USR_000357","2","Day 39","Paid_Social_Achiever_Week_4_Creativity_and_Feedback_T1","late_afternoon","Push","Paid_Social_Achiever_Week_4_Creativity_and_Feedback_T2","evening","Push","Paid_Social_Achiever_Week_4_Creativity_and_Feedback_T3","night","Push","Paid_Social_Achiever_Week_4_Creativity_and_Feedback_T4","night","In-App","Paid_Social_Achiever_Week_4_Creativity_and_Feedback_T5","night","In-App","Paid_Social_Achiever_Week_4_Creativity_and_Feedback_T1","night","In-App","Paid_Social_Achiever_Week_4_Creativity_and_Feedback_T2","night","In-App","Paid_Social_Achiever_Week_4_Creativity_and_Feedback_T3","early_morning","In-App","Paid_Social_Achiever_Week_4_Creativity_and_Feedback_T4","mid_morning","In-App"
"USR_000358","4","Day 42","Dormant_Social_Day_1_Unpredictability_T1","evening","Push","Dormant_Social_Day_1_Unpredictability_T2","night","Push","Dormant_Social_Day_1_Unpredictability_T3","night","Push","Dormant_Social_Day_1_Unpredictability_T4","night","In-App","Dormant_Social_Day_1_Unpredictability_T5","night","In-App","Dormant_Social_Day_1_Unpredictability_T1","night","In-App","Dormant_Social_Day_1_Unpredictability_T2","early_morning","In-App","Dormant_Social_Day_1_Unpredictability_T3","mid_morning","In-App","Dormant_Social_Day_1_Unpredictability_T4","mid_morning","In-App"
"USR_000359","7","Day 46","Paid_Competitive_Week_4_Ownership_and_Possession_T1","early_morning","Push","Paid_Competitive_Week_4_Ownership_and_Possession_T2","early_morning","Push","Paid_Competitive_Week_4_Ownership_and_Possession_T3","mid_morning","Push","Paid_Competitive_Week_4_Ownership_and_Possession_T4","afternoon","In-App","Paid_Competitive_Week_4_Ownership_and_Possession_T5","afternoon","In-App","Paid_Competitive_Week_4_Ownership_and_Possession_T1","late_afternoon","In-App","Paid_Competitive_Week_4_Ownership_and_Possession_T2","evening","In-App","Paid_Competitive_Week_4_Ownership_and_Possession_T3","evening","In-App","Paid_Competitive_Week_4_Ownership_and_Possession_T4","night","In-App"
"USR_000360","2","Day 15","Paid_Social_Achiever_Week_4_Creativity_and_Feedback_T1","early_morning","Push","Paid_Social_Achiever_Week_4_Creativity_and_Feedback_T2","mid_morning","Push","Paid_Social_Achiever_Week_4_Creativity_and_Feedback_T3","mid_morning","Push","Paid_Social_Achiever_Week_4_Creativity_and_Feedback_T4","afternoon","In-App","Paid_Social_Achiever_Week_4_Creativity_and_Feedback_T5","late_afternoon","In-App","Paid_Social_Achiever_Week_4_Creativity_and_Feedback_T1","late_afternoon","In-App","Paid_Social_Achiever_Week_4_Creativity_and_Feedback_T2","evening","In-App","Paid_Social_Achiever_Week_4_Creativity_and_Feedback_T3","night","In-App","Paid_Social_Achiever_Week_4_Creativity_and_Feedback_T4","night","In-App"
"USR_000361","7","Day 24","Paid_Competitive_Week_4_Ownership_and_Possession_T1","early_morning","Push","Paid_Competitive_Week_4_Ownership_and_Possession_T2","mid_morning","Push","Paid_Competitive_Week_4_Ownership_and_Possession_T3","afternoon","Push","Paid_Competitive_Week_4_Ownership_and_Possession_T4","afternoon","In-App","Paid_Competitive_Week_4_Ownership_and_Possession_T5","late_afternoon","In-App","Paid_Competitive_Week_4_Ownership_and_Possession_T1","evening","In-App","Paid_Competitive_Week_4_Ownership_and_Possession_T2","evening","In-App","Paid_Competitive_Week_4_Ownership_and_Possession_T3","night","In-App","Paid_Competitive_Week_4_Ownership_and_Possession_T4","night","In-App"
"USR_000362","2","Day 34","Paid_Social_Achiever_Week_4_Creativity_and_Feedback_T1","early_morning","Push","Paid_Social_Achiever_Week_4_Creativity_and_Feedback_T2","mid_morning","Push","Paid_Social_Achiever_Week_4_Creativity_and_Feedback_T3","mid_morning","Push","Paid_Social_Achiever_Week_4_Creativity_and_Feedback_T4","afternoon","In-App","Paid_Social_Achiever_Week_4_Creativity_and_Feedback_T5","late_afternoon","In-App","Paid_Social_Achiever_Week_4_Creativity_and_Feedback_T1","late_afternoon","In-App","Paid_Social_Achiever_Week_4_Creativity_and_Feedback_T2","evening","In-App","Paid_Social_Achiever_Week_4_Creativity_and_Feedback_T3","night","In-App","Paid_Social_Achiever_Week_4_Creativity_and_Feedback_T4","night","In-App"
"USR_000363","1","Day 1","Inactive_Social_Learners_Day_1_Social_Influence_T1","afternoon","Push","Inactive_Social_Learners_Day_1_Social_Influence_T2","late_afternoon","Push","Inactive_Social_Learners_Day_1_Social_Influence_T3","evening","Push","Inactive_Social_Learners_Day_1_Social_Influence_T4","evening","In-App","Inactive_Social_Learners_Day_1_Social_Influence_T5","night","In-App","Inactive_Social_Learners_Day_1_Social_Influence_T1","night","In-App","Inactive_Social_Learners_Day_1_Social_Influence_T2","night","In-App","Inactive_Social_Learners_Day_1_Social_Influence_T3","night","In-App","Inactive_Social_Learners_Day_1_Social_Influence_T4","early_morning","In-App"
"USR_000364","0","Day 147","Inactive_Socialite_Day_1_Unpredictability_T1","afternoon","Push","Inactive_Socialite_Day_1_Unpredictability_T2","afternoon","Push","Inactive_Socialite_Day_1_Unpredictability_T3","late_afternoon","Push","Inactive_Socialite_Day_1_Unpredictability_T4","evening","In-App","Inactive_Socialite_Day_1_Unpredictability_T5","evening","In-App","Inactive_Socialite_Day_1_Unpredictability_T1","night","In-App","Inactive_Socialite_Day_1_Unpredictability_T2","night","In-App","Inactive_Socialite_Day_1_Unpredictability_T3","night","In-App","Inactive_Socialite_Day_1_Unpredictability_T4","night","In-App"
"USR_000365","2","Day 50","Paid_Social_Achiever_Week_4_Creativity_and_Feedback_T1","evening","Push","Paid_Social_Achiever_Week_4_Creativity_and_Feedback_T2","night","Push","Paid_Social_Achiever_Week_4_Creativity_and_Feedback_T3","night","Push","Paid_Social_Achiever_Week_4_Creativity_and_Feedback_T4","night","In-App","Paid_Social_Achiever_Week_4_Creativity_and_Feedback_T5","night","In-App","Paid_Social_Achiever_Week_4_Creativity_and_Feedback_T1","early_morning","In-App","Paid_Social_Achiever_Week_4_Creativity_and_Feedback_T2","early_morning","In-App","Paid_Social_Achiever_Week_4_Creativity_and_Feedback_T3","mid_morning","In-App","Paid_Social_Achiever_Week_4_Creativity_and_Feedback_T4","afternoon","In-App"
"USR_000366","7","Day 98","Paid_Competitive_Week_4_Ownership_and_Possession_T1","mid_morning","Push","Paid_Competitive_Week_4_Ownership_and_Possession_T2","mid_morning","Push","Paid_Competitive_Week_4_Ownership_and_Possession_T3","afternoon","Push","Paid_Competitive_Week_4_Ownership_and_Possession_T4","late_afternoon","In-App","Paid_Competitive_Week_4_Ownership_and_Possession_T5","late_afternoon","In-App","Paid_Competitive_Week_4_Ownership_and_Possession_T1","evening","In-App","Paid_Competitive_Week_4_Ownership_and_Possession_T2","night","In-App","Paid_Competitive_Week_4_Ownership_and_Possession_T3","night","In-App","Paid_Competitive_Week_4_Ownership_and_Possession_T4","night","In-App"
"USR_000367","6","Day 19","Dormant_Scholar_Day_1_Creativity_and_Feedback_T1","evening","Push","Dormant_Scholar_Day_1_Creativity_and_Feedback_T2","night","Push","Dormant_Scholar_Day_1_Creativity_and_Feedback_T3","night","Push","Dormant_Scholar_Day_1_Creativity_and_Feedback_T4","night","In-App","Dormant_Scholar_Day_1_Creativity_and_Feedback_T5","night","In-App","Dormant_Scholar_Day_1_Creativity_and_Feedback_T1","night","In-App","Dormant_Scholar_Day_1_Creativity_and_Feedback_T2","early_morning","In-App","Dormant_Scholar_Day_1_Creativity_and_Feedback_T3","mid_morning","In-App","Dormant_Scholar_Day_1_Creativity_and_Feedback_T4","mid_morning","In-App"
"USR_000368","0","Day 63","Inactive_Socialite_Day_1_Unpredictability_T1","late_afternoon","Push","Inactive_Socialite_Day_1_Unpredictability_T2","evening","Push","Inactive_Socialite_Day_1_Unpredictability_T3","night","Push","Inactive_Socialite_Day_1_Unpredictability_T4","night","In-App","Inactive_Socialite_Day_1_Unpredictability_T5","night","In-App","Inactive_Socialite_Day_1_Unpredictability_T1","night","In-App","Inactive_Socialite_Day_1_Unpredictability_T2","night","In-App","Inactive_Socialite_Day_1_Unpredictability_T3","early_morning","In-App","Inactive_Socialite_Day_1_Unpredictability_T4","mid_morning","In-App"
"USR_000369","2","Day 92","Paid_Social_Achiever_Week_4_Creativity_and_Feedback_T1","evening","Push","Paid_Social_Achiever_Week_4_Creativity_and_Feedback_T2","night","Push","Paid_Social_Achiever_Week_4_Creativity_and_Feedback_T3","night","Push","Paid_Social_Achiever_Week_4_Creativity_and_Feedback_T4","night","In-App","Paid_Social_Achiever_Week_4_Creativity_and_Feedback_T5","night","In-App","Paid_Social_Achiever_Week_4_Creativity_and_Feedback_T1","night","In-App","Paid_Social_Achiever_Week_4_Creativity_and_Feedback_T2","early_morning","In-App","Paid_Social_Achiever_Week_4_Creativity_and_Feedback_T3","mid_morning","In-App","Paid_Social_Achiever_Week_4_Creativity_and_Feedback_T4","mid_morning","In-App"
"USR_000370","3","Day 1","Inactive_Socialite_Day_1_Scarcity_and_Impatience_T1","mid_morning","Push","Inactive_Socialite_Day_1_Scarcity_and_Impatience_T2","afternoon","Push","Inactive_Socialite_Day_1_Scarcity_and_Impatience_T3","late_afternoon","Push","Inactive_Socialite_Day_1_Scarcity_and_Impatience_T4","late_afternoon","In-App","Inactive_Socialite_Day_1_Scarcity_and_Impatience_T5","evening","In-App","Inactive_Socialite_Day_1_Scarcity_and_Impatience_T1","night","In-App","Inactive_Socialite_Day_1_Scarcity_and_Impatience_T2","night","In-App","Inactive_Socialite_Day_1_Scarcity_and_Impatience_T3","night","In-App","Inactive_Socialite_Day_1_Scarcity_and_Impatience_T4","night","In-App"
"USR_000371","6","Day 94","Dormant_Scholar_Day_1_Creativity_and_Feedback_T1","evening","Push","Dormant_Scholar_Day_1_Creativity_and_Feedback_T2","night","Push","Dormant_Scholar_Day_1_Creativity_and_Feedback_T3","night","Push","Dormant_Scholar_Day_1_Creativity_and_Feedback_T4","night","In-App","Dormant_Scholar_Day_1_Creativity_and_Feedback_T5","night","In-App","Dormant_Scholar_Day_1_Creativity_and_Feedback_T1","early_morning","In-App","Dormant_Scholar_Day_1_Creativity_and_Feedback_T2","early_morning","In-App","Dormant_Scholar_Day_1_Creativity_and_Feedback_T3","mid_morning","In-App","Dormant_Scholar_Day_1_Creativity_and_Feedback_T4","afternoon","In-App"
"USR_000372","5","Day 1","Dormant_Achiever_Day_1_Scarcity_and_Impatience_T1","evening","Push","Dormant_Achiever_Day_1_Scarcity_and_Impatience_T2","evening","Push","Dormant_Achiever_Day_1_Scarcity_and_Impatience_T3","night","Push","Dormant_Achiever_Day_1_Scarcity_and_Impatience_T4","night","In-App","Dormant_Achiever_Day_1_Scarcity_and_Impatience_T5","night","In-App","Dormant_Achiever_Day_1_Scarcity_and_Impatience_T1","night","In-App","Dormant_Achiever_Day_1_Scarcity_and_Impatience_T2","early_morning","In-App","Dormant_Achiever_Day_1_Scarcity_and_Impatience_T3","early_morning","In-App","Dormant_Achiever_Day_1_Scarcity_and_Impatience_T4","mid_morning","In-App"
"USR_000373","1","Day 86","Inactive_Social_Learners_Day_1_Social_Influence_T1","mid_morning","Push","Inactive_Social_Learners_Day_1_Social_Influence_T2","afternoon","Push","Inactive_Social_Learners_Day_1_Social_Influence_T3","late_afternoon","Push","Inactive_Social_Learners_Day_1_Social_Influence_T4","late_afternoon","In-App","Inactive_Social_Learners_Day_1_Social_Influence_T5","evening","In-App","Inactive_Social_Learners_Day_1_Social_Influence_T1","night","In-App","Inactive_Social_Learners_Day_1_Social_Influence_T2","night","In-App","Inactive_Social_Learners_Day_1_Social_Influence_T3","night","In-App","Inactive_Social_Learners_Day_1_Social_Influence_T4","night","In-App"
"USR_000374","7","Day 52","Paid_Competitive_Week_4_Ownership_and_Possession_T1","evening","Push","Paid_Competitive_Week_4_Ownership_and_Possession_T2","evening","Push","Paid_Competitive_Week_4_Ownership_and_Possession_T3","night","Push","Paid_Competitive_Week_4_Ownership_and_Possession_T4","night","In-App","Paid_Competitive_Week_4_Ownership_and_Possession_T5","night","In-App","Paid_Competitive_Week_4_Ownership_and_Possession_T1","night","In-App","Paid_Competitive_Week_4_Ownership_and_Possession_T2","early_morning","In-App","Paid_Competitive_Week_4_Ownership_and_Possession_T3","early_morning","In-App","Paid_Competitive_Week_4_Ownership_and_Possession_T4","mid_morning","In-App"
"USR_000375","3","Day 7","Inactive_Socialite_Day_1_Scarcity_and_Impatience_T1","evening","Push","Inactive_Socialite_Day_1_Scarcity_and_Impatience_T2","night","Push","Inactive_Socialite_Day_1_Scarcity_and_Impatience_T3","night","Push","Inactive_Socialite_Day_1_Scarcity_and_Impatience_T4","night","In-App","Inactive_Socialite_Day_1_Scarcity_and_Impatience_T5","night","In-App","Inactive_Socialite_Day_1_Scarcity_and_Impatience_T1","night","In-App","Inactive_Socialite_Day_1_Scarcity_and_Impatience_T2","early_morning","In-App","Inactive_Socialite_Day_1_Scarcity_and_Impatience_T3","mid_morning","In-App","Inactive_Socialite_Day_1_Scarcity_and_Impatience_T4","mid_morning","In-App"
"USR_000376","0","Day 154","Inactive_Socialite_Day_1_Unpredictability_T1","late_afternoon","Push","Inactive_Socialite_Day_1_Unpredictability_T2","evening","Push","Inactive_Socialite_Day_1_Unpredictability_T3","night","Push","Inactive_Socialite_Day_1_Unpredictability_T4","night","In-App","Inactive_Socialite_Day_1_Unpredictability_T5","night","In-App","Inactive_Socialite_Day_1_Unpredictability_T1","night","In-App","Inactive_Socialite_Day_1_Unpredictability_T2","night","In-App","Inactive_Socialite_Day_1_Unpredictability_T3","early_morning","In-App","Inactive_Socialite_Day_1_Unpredictability_T4","mid_morning","In-App"
"USR_000377","0","Day 45","Inactive_Socialite_Day_1_Unpredictability_T1","early_morning","Push","Inactive_Socialite_Day_1_Unpredictability_T2","mid_morning","Push","Inactive_Socialite_Day_1_Unpredictability_T3","afternoon","Push","Inactive_Socialite_Day_1_Unpredictability_T4","afternoon","In-App","Inactive_Socialite_Day_1_Unpredictability_T5","late_afternoon","In-App","Inactive_Socialite_Day_1_Unpredictability_T1","evening","In-App","Inactive_Socialite_Day_1_Unpredictability_T2","evening","In-App","Inactive_Socialite_Day_1_Unpredictability_T3","night","In-App","Inactive_Socialite_Day_1_Unpredictability_T4","night","In-App"
"USR_000378","7","Day 120","Paid_Competitive_Week_4_Ownership_and_Possession_T1","afternoon","Push","Paid_Competitive_Week_4_Ownership_and_Possession_T2","late_afternoon","Push","Paid_Competitive_Week_4_Ownership_and_Possession_T3","evening","Push","Paid_Competitive_Week_4_Ownership_and_Possession_T4","evening","In-App","Paid_Competitive_Week_4_Ownership_and_Possession_T5","night","In-App","Paid_Competitive_Week_4_Ownership_and_Possession_T1","night","In-App","Paid_Competitive_Week_4_Ownership_and_Possession_T2","night","In-App","Paid_Competitive_Week_4_Ownership_and_Possession_T3","night","In-App","Paid_Competitive_Week_4_Ownership_and_Possession_T4","early_morning","In-App"
"USR_000379","7","Day 55","Paid_Competitive_Week_4_Ownership_and_Possession_T1","mid_morning","Push","Paid_Competitive_Week_4_Ownership_and_Possession_T2","mid_morning","Push","Paid_Competitive_Week_4_Ownership_and_Possession_T3","afternoon","Push","Paid_Competitive_Week_4_Ownership_and_Possession_T4","late_afternoon","In-App","Paid_Competitive_Week_4_Ownership_and_Possession_T5","late_afternoon","In-App","Paid_Competitive_Week_4_Ownership_and_Possession_T1","evening","In-App","Paid_Competitive_Week_4_Ownership_and_Possession_T2","night","In-App","Paid_Competitive_Week_4_Ownership_and_Possession_T3","night","In-App","Paid_Competitive_Week_4_Ownership_and_Possession_T4","night","In-App"
"USR_000380","0","Day 84","Inactive_Socialite_Day_1_Unpredictability_T1","night","Push","Inactive_Socialite_Day_1_Unpredictability_T2","night","Push","Inactive_Socialite_Day_1_Unpredictability_T3","night","Push","Inactive_Socialite_Day_1_Unpredictability_T4","night","In-App","Inactive_Socialite_Day_1_Unpredictability_T5","early_morning","In-App","Inactive_Socialite_Day_1_Unpredictability_T1","mid_morning","In-App","Inactive_Socialite_Day_1_Unpredictability_T2","mid_morning","In-App","Inactive_Socialite_Day_1_Unpredictability_T3","afternoon","In-App","Inactive_Socialite_Day_1_Unpredictability_T4","late_afternoon","In-App"
"USR_000381","5","Day 7","Dormant_Achiever_Day_1_Scarcity_and_Impatience_T1","evening","Push","Dormant_Achiever_Day_1_Scarcity_and_Impatience_T2","evening","Push","Dormant_Achiever_Day_1_Scarcity_and_Impatience_T3","night","Push","Dormant_Achiever_Day_1_Scarcity_and_Impatience_T4","night","In-App","Dormant_Achiever_Day_1_Scarcity_and_Impatience_T5","night","In-App","Dormant_Achiever_Day_1_Scarcity_and_Impatience_T1","night","In-App","Dormant_Achiever_Day_1_Scarcity_and_Impatience_T2","early_morning","In-App","Dormant_Achiever_Day_1_Scarcity_and_Impatience_T3","early_morning","In-App","Dormant_Achiever_Day_1_Scarcity_and_Impatience_T4","mid_morning","In-App"
"USR_000382","5","Day 7","Dormant_Achiever_Day_1_Scarcity_and_Impatience_T1","afternoon","Push","Dormant_Achiever_Day_1_Scarcity_and_Impatience_T2","afternoon","Push","Dormant_Achiever_Day_1_Scarcity_and_Impatience_T3","late_afternoon","Push","Dormant_Achiever_Day_1_Scarcity_and_Impatience_T4","evening","In-App","Dormant_Achiever_Day_1_Scarcity_and_Impatience_T5","evening","In-App","Dormant_Achiever_Day_1_Scarcity_and_Impatience_T1","night","In-App","Dormant_Achiever_Day_1_Scarcity_and_Impatience_T2","night","In-App","Dormant_Achiever_Day_1_Scarcity_and_Impatience_T3","night","In-App","Dormant_Achiever_Day_1_Scarcity_and_Impatience_T4","night","In-App"
"USR_000383","7","Day 98","Paid_Competitive_Week_4_Ownership_and_Possession_T1","late_afternoon","Push","Paid_Competitive_Week_4_Ownership_and_Possession_T2","evening","Push","Paid_Competitive_Week_4_Ownership_and_Possession_T3","evening","Push","Paid_Competitive_Week_4_Ownership_and_Possession_T4","night","In-App","Paid_Competitive_Week_4_Ownership_and_Possession_T5","night","In-App","Paid_Competitive_Week_4_Ownership_and_Possession_T1","night","In-App","Paid_Competitive_Week_4_Ownership_and_Possession_T2","night","In-App","Paid_Competitive_Week_4_Ownership_and_Possession_T3","early_morning","In-App","Paid_Competitive_Week_4_Ownership_and_Possession_T4","early_morning","In-App"
"USR_000384","4","Day 23","Dormant_Social_Day_1_Unpredictability_T1","evening","Push","Dormant_Social_Day_1_Unpredictability_T2","evening","Push","Dormant_Social_Day_1_Unpredictability_T3","night","Push","Dormant_Social_Day_1_Unpredictability_T4","night","In-App","Dormant_Social_Day_1_Unpredictability_T5","night","In-App","Dormant_Social_Day_1_Unpredictability_T1","night","In-App","Dormant_Social_Day_1_Unpredictability_T2","early_morning","In-App","Dormant_Social_Day_1_Unpredictability_T3","early_morning","In-App","Dormant_Social_Day_1_Unpredictability_T4","mid_morning","In-App"
"USR_000385","0","Day 105","Inactive_Socialite_Day_1_Unpredictability_T1","late_afternoon","Push","Inactive_Socialite_Day_1_Unpredictability_T2","evening","Push","Inactive_Socialite_Day_1_Unpredictability_T3","evening","Push","Inactive_Socialite_Day_1_Unpredictability_T4","night","In-App","Inactive_Socialite_Day_1_Unpredictability_T5","night","In-App","Inactive_Socialite_Day_1_Unpredictability_T1","night","In-App","Inactive_Socialite_Day_1_Unpredictability_T2","night","In-App","Inactive_Socialite_Day_1_Unpredictability_T3","early_morning","In-App","Inactive_Socialite_Day_1_Unpredictability_T4","early_morning","In-App"
"USR_000386","4","Day 36","Dormant_Social_Day_1_Unpredictability_T1","night","Push","Dormant_Social_Day_1_Unpredictability_T2","night","Push","Dormant_Social_Day_1_Unpredictability_T3","night","Push","Dormant_Social_Day_1_Unpredictability_T4","night","In-App","Dormant_Social_Day_1_Unpredictability_T5","early_morning","In-App","Dormant_Social_Day_1_Unpredictability_T1","early_morning","In-App","Dormant_Social_Day_1_Unpredictability_T2","mid_morning","In-App","Dormant_Social_Day_1_Unpredictability_T3","afternoon","In-App","Dormant_Social_Day_1_Unpredictability_T4","afternoon","In-App"
"USR_000387","2","Day 92","Paid_Social_Achiever_Week_4_Creativity_and_Feedback_T1","mid_morning","Push","Paid_Social_Achiever_Week_4_Creativity_and_Feedback_T2","afternoon","Push","Paid_Social_Achiever_Week_4_Creativity_and_Feedback_T3","afternoon","Push","Paid_Social_Achiever_Week_4_Creativity_and_Feedback_T4","late_afternoon","In-App","Paid_Social_Achiever_Week_4_Creativity_and_Feedback_T5","evening","In-App","Paid_Social_Achiever_Week_4_Creativity_and_Feedback_T1","evening","In-App","Paid_Social_Achiever_Week_4_Creativity_and_Feedback_T2","night","In-App","Paid_Social_Achiever_Week_4_Creativity_and_Feedback_T3","night","In-App","Paid_Social_Achiever_Week_4_Creativity_and_Feedback_T4","night","In-App"
"USR_000388","0","Day 128","Inactive_Socialite_Day_1_Unpredictability_T1","evening","Push","Inactive_Socialite_Day_1_Unpredictability_T2","evening","Push","Inactive_Socialite_Day_1_Unpredictability_T3","night","Push","Inactive_Socialite_Day_1_Unpredictability_T4","night","In-App","Inactive_Socialite_Day_1_Unpredictability_T5","night","In-App","Inactive_Socialite_Day_1_Unpredictability_T1","night","In-App","Inactive_Socialite_Day_1_Unpredictability_T2","early_morning","In-App","Inactive_Socialite_Day_1_Unpredictability_T3","early_morning","In-App","Inactive_Socialite_Day_1_Unpredictability_T4","mid_morning","In-App"
"USR_000389","2","Day 104","Paid_Social_Achiever_Week_4_Creativity_and_Feedback_T1","afternoon","Push","Paid_Social_Achiever_Week_4_Creativity_and_Feedback_T2","afternoon","Push","Paid_Social_Achiever_Week_4_Creativity_and_Feedback_T3","late_afternoon","Push","Paid_Social_Achiever_Week_4_Creativity_and_Feedback_T4","evening","In-App","Paid_Social_Achiever_Week_4_Creativity_and_Feedback_T5","evening","In-App","Paid_Social_Achiever_Week_4_Creativity_and_Feedback_T1","night","In-App","Paid_Social_Achiever_Week_4_Creativity_and_Feedback_T2","night","In-App","Paid_Social_Achiever_Week_4_Creativity_and_Feedback_T3","night","In-App","Paid_Social_Achiever_Week_4_Creativity_and_Feedback_T4","night","In-App"
"USR_000390","4","Day 82","Dormant_Social_Day_1_Unpredictability_T1","early_morning","Push","Dormant_Social_Day_1_Unpredictability_T2","mid_morning","Push","Dormant_Social_Day_1_Unpredictability_T3","afternoon","Push","Dormant_Social_Day_1_Unpredictability_T4","afternoon","In-App","Dormant_Social_Day_1_Unpredictability_T5","late_afternoon","In-App","Dormant_Social_Day_1_Unpredictability_T1","evening","In-App","Dormant_Social_Day_1_Unpredictability_T2","evening","In-App","Dormant_Social_Day_1_Unpredictability_T3","night","In-App","Dormant_Social_Day_1_Unpredictability_T4","night","In-App"
"USR_000391","2","Day 94","Paid_Social_Achiever_Week_4_Creativity_and_Feedback_T1","evening","Push","Paid_Social_Achiever_Week_4_Creativity_and_Feedback_T2","night","Push","Paid_Social_Achiever_Week_4_Creativity_and_Feedback_T3","night","Push","Paid_Social_Achiever_Week_4_Creativity_and_Feedback_T4","night","In-App","Paid_Social_Achiever_Week_4_Creativity_and_Feedback_T5","night","In-App","Paid_Social_Achiever_Week_4_Creativity_and_Feedback_T1","early_morning","In-App","Paid_Social_Achiever_Week_4_Creativity_and_Feedback_T2","early_morning","In-App","Paid_Social_Achiever_Week_4_Creativity_and_Feedback_T3","mid_morning","In-App","Paid_Social_Achiever_Week_4_Creativity_and_Feedback_T4","afternoon","In-App"
"USR_000392","5","Day 4","Dormant_Achiever_Day_1_Scarcity_and_Impatience_T1","late_afternoon","Push","Dormant_Achiever_Day_1_Scarcity_and_Impatience_T2","evening","Push","Dormant_Achiever_Day_1_Scarcity_and_Impatience_T3","night","Push","Dormant_Achiever_Day_1_Scarcity_and_Impatience_T4","night","In-App","Dormant_Achiever_Day_1_Scarcity_and_Impatience_T5","night","In-App","Dormant_Achiever_Day_1_Scarcity_and_Impatience_T1","night","In-App","Dormant_Achiever_Day_1_Scarcity_and_Impatience_T2","night","In-App","Dormant_Achiever_Day_1_Scarcity_and_Impatience_T3","early_morning","In-App","Dormant_Achiever_Day_1_Scarcity_and_Impatience_T4","mid_morning","In-App"
"USR_000393","5","Day 2","Dormant_Achiever_Day_1_Scarcity_and_Impatience_T1","afternoon","Push","Dormant_Achiever_Day_1_Scarcity_and_Impatience_T2","afternoon","Push","Dormant_Achiever_Day_1_Scarcity_and_Impatience_T3","late_afternoon","Push","Dormant_Achiever_Day_1_Scarcity_and_Impatience_T4","evening","In-App","Dormant_Achiever_Day_1_Scarcity_and_Impatience_T5","evening","In-App","Dormant_Achiever_Day_1_Scarcity_and_Impatience_T1","night","In-App","Dormant_Achiever_Day_1_Scarcity_and_Impatience_T2","night","In-App","Dormant_Achiever_Day_1_Scarcity_and_Impatience_T3","night","In-App","Dormant_Achiever_Day_1_Scarcity_and_Impatience_T4","night","In-App"
"USR_000394","0","Day 48","Inactive_Socialite_Day_1_Unpredictability_T1","mid_morning","Push","Inactive_Socialite_Day_1_Unpredictability_T2","afternoon","Push","Inactive_Socialite_Day_1_Unpredictability_T3","late_afternoon","Push","Inactive_Socialite_Day_1_Unpredictability_T4","late_afternoon","In-App","Inactive_Socialite_Day_1_Unpredictability_T5","evening","In-App","Inactive_Socialite_Day_1_Unpredictability_T1","night","In-App","Inactive_Socialite_Day_1_Unpredictability_T2","night","In-App","Inactive_Socialite_Day_1_Unpredictability_T3","night","In-App","Inactive_Socialite_Day_1_Unpredictability_T4","night","In-App"
"USR_000395","2","Day 26","Paid_Social_Achiever_Week_4_Creativity_and_Feedback_T1","mid_morning","Push","Paid_Social_Achiever_Week_4_Creativity_and_Feedback_T2","afternoon","Push","Paid_Social_Achiever_Week_4_Creativity_and_Feedback_T3","late_afternoon","Push","Paid_Social_Achiever_Week_4_Creativity_and_Feedback_T4","late_afternoon","In-App","Paid_Social_Achiever_Week_4_Creativity_and_Feedback_T5","evening","In-App","Paid_Social_Achiever_Week_4_Creativity_and_Feedback_T1","night","In-App","Paid_Social_Achiever_Week_4_Creativity_and_Feedback_T2","night","In-App","Paid_Social_Achiever_Week_4_Creativity_and_Feedback_T3","night","In-App","Paid_Social_Achiever_Week_4_Creativity_and_Feedback_T4","night","In-App"
"USR_000396","4","Day 18","Dormant_Social_Day_1_Unpredictability_T1","evening","Push","Dormant_Social_Day_1_Unpredictability_T2","evening","Push","Dormant_Social_Day_1_Unpredictability_T3","night","Push","Dormant_Social_Day_1_Unpredictability_T4","night","In-App","Dormant_Social_Day_1_Unpredictability_T5","night","In-App","Dormant_Social_Day_1_Unpredictability_T1","night","In-App","Dormant_Social_Day_1_Unpredictability_T2","early_morning","In-App","Dormant_Social_Day_1_Unpredictability_T3","early_morning","In-App","Dormant_Social_Day_1_Unpredictability_T4","mid_morning","In-App"
"USR_000397","4","Day 30","Dormant_Social_Day_1_Unpredictability_T1","mid_morning","Push","Dormant_Social_Day_1_Unpredictability_T2","mid_morning","Push","Dormant_Social_Day_1_Unpredictability_T3","afternoon","Push","Dormant_Social_Day_1_Unpredictability_T4","late_afternoon","In-App","Dormant_Social_Day_1_Unpredictability_T5","late_afternoon","In-App","Dormant_Social_Day_1_Unpredictability_T1","evening","In-App","Dormant_Social_Day_1_Unpredictability_T2","night","In-App","Dormant_Social_Day_1_Unpredictability_T3","night","In-App","Dormant_Social_Day_1_Unpredictability_T4","night","In-App"
"USR_000398","5","Day 1","Dormant_Achiever_Day_1_Scarcity_and_Impatience_T1","afternoon","Push","Dormant_Achiever_Day_1_Scarcity_and_Impatience_T2","afternoon","Push","Dormant_Achiever_Day_1_Scarcity_and_Impatience_T3","late_afternoon","Push","Dormant_Achiever_Day_1_Scarcity_and_Impatience_T4","evening","In-App","Dormant_Achiever_Day_1_Scarcity_and_Impatience_T5","evening","In-App","Dormant_Achiever_Day_1_Scarcity_and_Impatience_T1","night","In-App","Dormant_Achiever_Day_1_Scarcity_and_Impatience_T2","night","In-App","Dormant_Achiever_Day_1_Scarcity_and_Impatience_T3","night","In-App","Dormant_Achiever_Day_1_Scarcity_and_Impatience_T4","night","In-App"
"USR_000399","7","Day 88","Paid_Competitive_Week_4_Ownership_and_Possession_T1","evening","Push","Paid_Competitive_Week_4_Ownership_and_Possession_T2","night","Push","Paid_Competitive_Week_4_Ownership_and_Possession_T3","night","Push","Paid_Competitive_Week_4_Ownership_and_Possession_T4","night","In-App","Paid_Competitive_Week_4_Ownership_and_Possession_T5","night","In-App","Paid_Competitive_Week_4_Ownership_and_Possession_T1","night","In-App","Paid_Competitive_Week_4_Ownership_and_Possession_T2","early_morning","In-App","Paid_Competitive_Week_4_Ownership_and_Possession_T3","mid_morning","In-App","Paid_Competitive_Week_4_Ownership_and_Possession_T4","mid_morning","In-App"
"USR_000400","4","Day 16","Dormant_Social_Day_1_Unpredictability_T1","afternoon","Push","Dormant_Social_Day_1_Unpredictability_T2","late_afternoon","Push","Dormant_Social_Day_1_Unpredictability_T3","evening","Push","Dormant_Social_Day_1_Unpredictability_T4","evening","In-App","Dormant_Social_Day_1_Unpredictability_T5","night","In-App","Dormant_Social_Day_1_Unpredictability_T1","night","In-App","Dormant_Social_Day_1_Unpredictability_T2","night","In-App","Dormant_Social_Day_1_Unpredictability_T3","night","In-App","Dormant_Social_Day_1_Unpredictability_T4","early_morning","In-App"
"USR_000401","3","Day 0","Inactive_Socialite_Day_1_Scarcity_and_Impatience_T1","early_morning","Push","Inactive_Socialite_Day_1_Scarcity_and_Impatience_T2","early_morning","Push","Inactive_Socialite_Day_1_Scarcity_and_Impatience_T3","mid_morning","Push","Inactive_Socialite_Day_1_Scarcity_and_Impatience_T4","afternoon","In-App","Inactive_Socialite_Day_1_Scarcity_and_Impatience_T5","afternoon","In-App","Inactive_Socialite_Day_1_Scarcity_and_Impatience_T1","late_afternoon","In-App","Inactive_Socialite_Day_1_Scarcity_and_Impatience_T2","evening","In-App","Inactive_Socialite_Day_1_Scarcity_and_Impatience_T3","evening","In-App","Inactive_Socialite_Day_1_Scarcity_and_Impatience_T4","night","In-App"
"USR_000402","4","Day 46","Dormant_Social_Day_1_Unpredictability_T1","night","Push","Dormant_Social_Day_1_Unpredictability_T2","night","Push","Dormant_Social_Day_1_Unpredictability_T3","night","Push","Dormant_Social_Day_1_Unpredictability_T4","night","In-App","Dormant_Social_Day_1_Unpredictability_T5","night","In-App","Dormant_Social_Day_1_Unpredictability_T1","early_morning","In-App","Dormant_Social_Day_1_Unpredictability_T2","mid_morning","In-App","Dormant_Social_Day_1_Unpredictability_T3","mid_morning","In-App","Dormant_Social_Day_1_Unpredictability_T4","afternoon","In-App"
"USR_000403","2","Day 77","Paid_Social_Achiever_Week_4_Creativity_and_Feedback_T1","afternoon","Push","Paid_Social_Achiever_Week_4_Creativity_and_Feedback_T2","late_afternoon","Push","Paid_Social_Achiever_Week_4_Creativity_and_Feedback_T3","late_afternoon","Push","Paid_Social_Achiever_Week_4_Creativity_and_Feedback_T4","evening","In-App","Paid_Social_Achiever_Week_4_Creativity_and_Feedback_T5","night","In-App","Paid_Social_Achiever_Week_4_Creativity_and_Feedback_T1","night","In-App","Paid_Social_Achiever_Week_4_Creativity_and_Feedback_T2","night","In-App","Paid_Social_Achiever_Week_4_Creativity_and_Feedback_T3","night","In-App","Paid_Social_Achiever_Week_4_Creativity_and_Feedback_T4","night","In-App"
"USR_000404","1","Day 2","Inactive_Social_Learners_Day_1_Social_Influence_T1","afternoon","Push","Inactive_Social_Learners_Day_1_Social_Influence_T2","late_afternoon","Push","Inactive_Social_Learners_Day_1_Social_Influence_T3","evening","Push","Inactive_Social_Learners_Day_1_Social_Influence_T4","evening","In-App","Inactive_Social_Learners_Day_1_Social_Influence_T5","night","In-App","Inactive_Social_Learners_Day_1_Social_Influence_T1","night","In-App","Inactive_Social_Learners_Day_1_Social_Influence_T2","night","In-App","Inactive_Social_Learners_Day_1_Social_Influence_T3","night","In-App","Inactive_Social_Learners_Day_1_Social_Influence_T4","early_morning","In-App"
"USR_000405","2","Day 109","Paid_Social_Achiever_Week_4_Creativity_and_Feedback_T1","evening","Push","Paid_Social_Achiever_Week_4_Creativity_and_Feedback_T2","night","Push","Paid_Social_Achiever_Week_4_Creativity_and_Feedback_T3","night","Push","Paid_Social_Achiever_Week_4_Creativity_and_Feedback_T4","night","In-App","Paid_Social_Achiever_Week_4_Creativity_and_Feedback_T5","night","In-App","Paid_Social_Achiever_Week_4_Creativity_and_Feedback_T1","night","In-App","Paid_Social_Achiever_Week_4_Creativity_and_Feedback_T2","early_morning","In-App","Paid_Social_Achiever_Week_4_Creativity_and_Feedback_T3","mid_morning","In-App","Paid_Social_Achiever_Week_4_Creativity_and_Feedback_T4","mid_morning","In-App"
"USR_000406","2","Day 46","Paid_Social_Achiever_Week_4_Creativity_and_Feedback_T1","night","Push","Paid_Social_Achiever_Week_4_Creativity_and_Feedback_T2","night","Push","Paid_Social_Achiever_Week_4_Creativity_and_Feedback_T3","night","Push","Paid_Social_Achiever_Week_4_Creativity_and_Feedback_T4","night","In-App","Paid_Social_Achiever_Week_4_Creativity_and_Feedback_T5","night","In-App","Paid_Social_Achiever_Week_4_Creativity_and_Feedback_T1","early_morning","In-App","Paid_Social_Achiever_Week_4_Creativity_and_Feedback_T2","mid_morning","In-App","Paid_Social_Achiever_Week_4_Creativity_and_Feedback_T3","mid_morning","In-App","Paid_Social_Achiever_Week_4_Creativity_and_Feedback_T4","afternoon","In-App"
"USR_000407","0","Day 79","Inactive_Socialite_Day_1_Unpredictability_T1","early_morning","Push","Inactive_Socialite_Day_1_Unpredictability_T2","mid_morning","Push","Inactive_Socialite_Day_1_Unpredictability_T3","mid_morning","Push","Inactive_Socialite_Day_1_Unpredictability_T4","afternoon","In-App","Inactive_Socialite_Day_1_Unpredictability_T5","late_afternoon","In-App","Inactive_Socialite_Day_1_Unpredictability_T1","late_afternoon","In-App","Inactive_Socialite_Day_1_Unpredictability_T2","evening","In-App","Inactive_Socialite_Day_1_Unpredictability_T3","night","In-App","Inactive_Socialite_Day_1_Unpredictability_T4","night","In-App"
"USR_000408","2","Day 105","Paid_Social_Achiever_Week_4_Creativity_and_Feedback_T1","mid_morning","Push","Paid_Social_Achiever_Week_4_Creativity_and_Feedback_T2","afternoon","Push","Paid_Social_Achiever_Week_4_Creativity_and_Feedback_T3","late_afternoon","Push","Paid_Social_Achiever_Week_4_Creativity_and_Feedback_T4","late_afternoon","In-App","Paid_Social_Achiever_Week_4_Creativity_and_Feedback_T5","evening","In-App","Paid_Social_Achiever_Week_4_Creativity_and_Feedback_T1","night","In-App","Paid_Social_Achiever_Week_4_Creativity_and_Feedback_T2","night","In-App","Paid_Social_Achiever_Week_4_Creativity_and_Feedback_T3","night","In-App","Paid_Social_Achiever_Week_4_Creativity_and_Feedback_T4","night","In-App"
"USR_000409","3","Day 5","Inactive_Socialite_Day_1_Scarcity_and_Impatience_T1","mid_morning","Push","Inactive_Socialite_Day_1_Scarcity_and_Impatience_T2","afternoon","Push","Inactive_Socialite_Day_1_Scarcity_and_Impatience_T3","late_afternoon","Push","Inactive_Socialite_Day_1_Scarcity_and_Impatience_T4","late_afternoon","In-App","Inactive_Socialite_Day_1_Scarcity_and_Impatience_T5","evening","In-App","Inactive_Socialite_Day_1_Scarcity_and_Impatience_T1","night","In-App","Inactive_Socialite_Day_1_Scarcity_and_Impatience_T2","night","In-App","Inactive_Socialite_Day_1_Scarcity_and_Impatience_T3","night","In-App","Inactive_Socialite_Day_1_Scarcity_and_Impatience_T4","night","In-App"
"USR_000410","4","Day 72","Dormant_Social_Day_1_Unpredictability_T1","mid_morning","Push","Dormant_Social_Day_1_Unpredictability_T2","mid_morning","Push","Dormant_Social_Day_1_Unpredictability_T3","afternoon","Push","Dormant_Social_Day_1_Unpredictability_T4","late_afternoon","In-App","Dormant_Social_Day_1_Unpredictability_T5","late_afternoon","In-App","Dormant_Social_Day_1_Unpredictability_T1","evening","In-App","Dormant_Social_Day_1_Unpredictability_T2","night","In-App","Dormant_Social_Day_1_Unpredictability_T3","night","In-App","Dormant_Social_Day_1_Unpredictability_T4","night","In-App"
"USR_000411","5","Day 2","Dormant_Achiever_Day_1_Scarcity_and_Impatience_T1","late_afternoon","Push","Dormant_Achiever_Day_1_Scarcity_and_Impatience_T2","evening","Push","Dormant_Achiever_Day_1_Scarcity_and_Impatience_T3","evening","Push","Dormant_Achiever_Day_1_Scarcity_and_Impatience_T4","night","In-App","Dormant_Achiever_Day_1_Scarcity_and_Impatience_T5","night","In-App","Dormant_Achiever_Day_1_Scarcity_and_Impatience_T1","night","In-App","Dormant_Achiever_Day_1_Scarcity_and_Impatience_T2","night","In-App","Dormant_Achiever_Day_1_Scarcity_and_Impatience_T3","early_morning","In-App","Dormant_Achiever_Day_1_Scarcity_and_Impatience_T4","early_morning","In-App"
"USR_000412","3","Day 3","Inactive_Socialite_Day_1_Scarcity_and_Impatience_T1","late_afternoon","Push","Inactive_Socialite_Day_1_Scarcity_and_Impatience_T2","evening","Push","Inactive_Socialite_Day_1_Scarcity_and_Impatience_T3","evening","Push","Inactive_Socialite_Day_1_Scarcity_and_Impatience_T4","night","In-App","Inactive_Socialite_Day_1_Scarcity_and_Impatience_T5","night","In-App","Inactive_Socialite_Day_1_Scarcity_and_Impatience_T1","night","In-App","Inactive_Socialite_Day_1_Scarcity_and_Impatience_T2","night","In-App","Inactive_Socialite_Day_1_Scarcity_and_Impatience_T3","early_morning","In-App","Inactive_Socialite_Day_1_Scarcity_and_Impatience_T4","early_morning","In-App"
"USR_000413","4","Day 67","Dormant_Social_Day_1_Unpredictability_T1","evening","Push","Dormant_Social_Day_1_Unpredictability_T2","evening","Push","Dormant_Social_Day_1_Unpredictability_T3","night","Push","Dormant_Social_Day_1_Unpredictability_T4","night","In-App","Dormant_Social_Day_1_Unpredictability_T5","night","In-App","Dormant_Social_Day_1_Unpredictability_T1","night","In-App","Dormant_Social_Day_1_Unpredictability_T2","early_morning","In-App","Dormant_Social_Day_1_Unpredictability_T3","early_morning","In-App","Dormant_Social_Day_1_Unpredictability_T4","mid_morning","In-App"
"USR_000414","2","Day 96","Paid_Social_Achiever_Week_4_Creativity_and_Feedback_T1","late_afternoon","Push","Paid_Social_Achiever_Week_4_Creativity_and_Feedback_T2","evening","Push","Paid_Social_Achiever_Week_4_Creativity_and_Feedback_T3","evening","Push","Paid_Social_Achiever_Week_4_Creativity_and_Feedback_T4","night","In-App","Paid_Social_Achiever_Week_4_Creativity_and_Feedback_T5","night","In-App","Paid_Social_Achiever_Week_4_Creativity_and_Feedback_T1","night","In-App","Paid_Social_Achiever_Week_4_Creativity_and_Feedback_T2","night","In-App","Paid_Social_Achiever_Week_4_Creativity_and_Feedback_T3","early_morning","In-App","Paid_Social_Achiever_Week_4_Creativity_and_Feedback_T4","early_morning","In-App"
"USR_000415","7","Day 31","Paid_Competitive_Week_4_Ownership_and_Possession_T1","late_afternoon","Push","Paid_Competitive_Week_4_Ownership_and_Possession_T2","evening","Push","Paid_Competitive_Week_4_Ownership_and_Possession_T3","evening","Push","Paid_Competitive_Week_4_Ownership_and_Possession_T4","night","In-App","Paid_Competitive_Week_4_Ownership_and_Possession_T5","night","In-App","Paid_Competitive_Week_4_Ownership_and_Possession_T1","night","In-App","Paid_Competitive_Week_4_Ownership_and_Possession_T2","night","In-App","Paid_Competitive_Week_4_Ownership_and_Possession_T3","early_morning","In-App","Paid_Competitive_Week_4_Ownership_and_Possession_T4","early_morning","In-App"
"USR_000416","0","Day 83","Inactive_Socialite_Day_1_Unpredictability_T1","night","Push","Inactive_Socialite_Day_1_Unpredictability_T2","night","Push","Inactive_Socialite_Day_1_Unpredictability_T3","night","Push","Inactive_Socialite_Day_1_Unpredictability_T4","night","In-App","Inactive_Socialite_Day_1_Unpredictability_T5","night","In-App","Inactive_Socialite_Day_1_Unpredictability_T1","early_morning","In-App","Inactive_Socialite_Day_1_Unpredictability_T2","mid_morning","In-App","Inactive_Socialite_Day_1_Unpredictability_T3","mid_morning","In-App","Inactive_Socialite_Day_1_Unpredictability_T4","afternoon","In-App"
"USR_000417","7","Day 90","Paid_Competitive_Week_4_Ownership_and_Possession_T1","evening","Push","Paid_Competitive_Week_4_Ownership_and_Possession_T2","evening","Push","Paid_Competitive_Week_4_Ownership_and_Possession_T3","night","Push","Paid_Competitive_Week_4_Ownership_and_Possession_T4","night","In-App","Paid_Competitive_Week_4_Ownership_and_Possession_T5","night","In-App","Paid_Competitive_Week_4_Ownership_and_Possession_T1","night","In-App","Paid_Competitive_Week_4_Ownership_and_Possession_T2","early_morning","In-App","Paid_Competitive_Week_4_Ownership_and_Possession_T3","early_morning","In-App","Paid_Competitive_Week_4_Ownership_and_Possession_T4","mid_morning","In-App"
"USR_000418","3","Day 6","Inactive_Socialite_Day_1_Scarcity_and_Impatience_T1","late_afternoon","Push","Inactive_Socialite_Day_1_Scarcity_and_Impatience_T2","evening","Push","Inactive_Socialite_Day_1_Scarcity_and_Impatience_T3","night","Push","Inactive_Socialite_Day_1_Scarcity_and_Impatience_T4","night","In-App","Inactive_Socialite_Day_1_Scarcity_and_Impatience_T5","night","In-App","Inactive_Socialite_Day_1_Scarcity_and_Impatience_T1","night","In-App","Inactive_Socialite_Day_1_Scarcity_and_Impatience_T2","night","In-App","Inactive_Socialite_Day_1_Scarcity_and_Impatience_T3","early_morning","In-App","Inactive_Socialite_Day_1_Scarcity_and_Impatience_T4","mid_morning","In-App"
"USR_000419","2","Day 96","Paid_Social_Achiever_Week_4_Creativity_and_Feedback_T1","afternoon","Push","Paid_Social_Achiever_Week_4_Creativity_and_Feedback_T2","afternoon","Push","Paid_Social_Achiever_Week_4_Creativity_and_Feedback_T3","late_afternoon","Push","Paid_Social_Achiever_Week_4_Creativity_and_Feedback_T4","evening","In-App","Paid_Social_Achiever_Week_4_Creativity_and_Feedback_T5","evening","In-App","Paid_Social_Achiever_Week_4_Creativity_and_Feedback_T1","night","In-App","Paid_Social_Achiever_Week_4_Creativity_and_Feedback_T2","night","In-App","Paid_Social_Achiever_Week_4_Creativity_and_Feedback_T3","night","In-App","Paid_Social_Achiever_Week_4_Creativity_and_Feedback_T4","night","In-App"
"USR_000420","3","Day 3","Inactive_Socialite_Day_1_Scarcity_and_Impatience_T1","late_afternoon","Push","Inactive_Socialite_Day_1_Scarcity_and_Impatience_T2","late_afternoon","Push","Inactive_Socialite_Day_1_Scarcity_and_Impatience_T3","evening","Push","Inactive_Socialite_Day_1_Scarcity_and_Impatience_T4","night","In-App","Inactive_Socialite_Day_1_Scarcity_and_Impatience_T5","night","In-App","Inactive_Socialite_Day_1_Scarcity_and_Impatience_T1","night","In-App","Inactive_Socialite_Day_1_Scarcity_and_Impatience_T2","night","In-App","Inactive_Socialite_Day_1_Scarcity_and_Impatience_T3","night","In-App","Inactive_Socialite_Day_1_Scarcity_and_Impatience_T4","early_morning","In-App"
"USR_000421","5","Day 5","Dormant_Achiever_Day_1_Scarcity_and_Impatience_T1","evening","Push","Dormant_Achiever_Day_1_Scarcity_and_Impatience_T2","evening","Push","Dormant_Achiever_Day_1_Scarcity_and_Impatience_T3","night","Push","Dormant_Achiever_Day_1_Scarcity_and_Impatience_T4","night","In-App","Dormant_Achiever_Day_1_Scarcity_and_Impatience_T5","night","In-App","Dormant_Achiever_Day_1_Scarcity_and_Impatience_T1","night","In-App","Dormant_Achiever_Day_1_Scarcity_and_Impatience_T2","early_morning","In-App","Dormant_Achiever_Day_1_Scarcity_and_Impatience_T3","early_morning","In-App","Dormant_Achiever_Day_1_Scarcity_and_Impatience_T4","mid_morning","In-App"
"USR_000422","4","Day 43","Dormant_Social_Day_1_Unpredictability_T1","night","Push","Dormant_Social_Day_1_Unpredictability_T2","night","Push","Dormant_Social_Day_1_Unpredictability_T3","night","Push","Dormant_Social_Day_1_Unpredictability_T4","night","In-App","Dormant_Social_Day_1_Unpredictability_T5","early_morning","In-App","Dormant_Social_Day_1_Unpredictability_T1","mid_morning","In-App","Dormant_Social_Day_1_Unpredictability_T2","mid_morning","In-App","Dormant_Social_Day_1_Unpredictability_T3","afternoon","In-App","Dormant_Social_Day_1_Unpredictability_T4","late_afternoon","In-App"
"USR_000423","3","Day 2","Inactive_Socialite_Day_1_Scarcity_and_Impatience_T1","evening","Push","Inactive_Socialite_Day_1_Scarcity_and_Impatience_T2","night","Push","Inactive_Socialite_Day_1_Scarcity_and_Impatience_T3","night","Push","Inactive_Socialite_Day_1_Scarcity_and_Impatience_T4","night","In-App","Inactive_Socialite_Day_1_Scarcity_and_Impatience_T5","night","In-App","Inactive_Socialite_Day_1_Scarcity_and_Impatience_T1","early_morning","In-App","Inactive_Socialite_Day_1_Scarcity_and_Impatience_T2","early_morning","In-App","Inactive_Socialite_Day_1_Scarcity_and_Impatience_T3","mid_morning","In-App","Inactive_Socialite_Day_1_Scarcity_and_Impatience_T4","afternoon","In-App"
"USR_000424","5","Day 4","Dormant_Achiever_Day_1_Scarcity_and_Impatience_T1","night","Push","Dormant_Achiever_Day_1_Scarcity_and_Impatience_T2","night","Push","Dormant_Achiever_Day_1_Scarcity_and_Impatience_T3","night","Push","Dormant_Achiever_Day_1_Scarcity_and_Impatience_T4","night","In-App","Dormant_Achiever_Day_1_Scarcity_and_Impatience_T5","early_morning","In-App","Dormant_Achiever_Day_1_Scarcity_and_Impatience_T1","early_morning","In-App","Dormant_Achiever_Day_1_Scarcity_and_Impatience_T2","mid_morning","In-App","Dormant_Achiever_Day_1_Scarcity_and_Impatience_T3","afternoon","In-App","Dormant_Achiever_Day_1_Scarcity_and_Impatience_T4","afternoon","In-App"
"USR_000425","5","Day 4","Dormant_Achiever_Day_1_Scarcity_and_Impatience_T1","afternoon","Push","Dormant_Achiever_Day_1_Scarcity_and_Impatience_T2","late_afternoon","Push","Dormant_Achiever_Day_1_Scarcity_and_Impatience_T3","evening","Push","Dormant_Achiever_Day_1_Scarcity_and_Impatience_T4","evening","In-App","Dormant_Achiever_Day_1_Scarcity_and_Impatience_T5","night","In-App","Dormant_Achiever_Day_1_Scarcity_and_Impatience_T1","night","In-App","Dormant_Achiever_Day_1_Scarcity_and_Impatience_T2","night","In-App","Dormant_Achiever_Day_1_Scarcity_and_Impatience_T3","night","In-App","Dormant_Achiever_Day_1_Scarcity_and_Impatience_T4","early_morning","In-App"
"USR_000426","4","Day 53","Dormant_Social_Day_1_Unpredictability_T1","evening","Push","Dormant_Social_Day_1_Unpredictability_T2","night","Push","Dormant_Social_Day_1_Unpredictability_T3","night","Push","Dormant_Social_Day_1_Unpredictability_T4","night","In-App","Dormant_Social_Day_1_Unpredictability_T5","night","In-App","Dormant_Social_Day_1_Unpredictability_T1","night","In-App","Dormant_Social_Day_1_Unpredictability_T2","early_morning","In-App","Dormant_Social_Day_1_Unpredictability_T3","mid_morning","In-App","Dormant_Social_Day_1_Unpredictability_T4","mid_morning","In-App"
"USR_000427","5","Day 7","Dormant_Achiever_Day_1_Scarcity_and_Impatience_T1","mid_morning","Push","Dormant_Achiever_Day_1_Scarcity_and_Impatience_T2","afternoon","Push","Dormant_Achiever_Day_1_Scarcity_and_Impatience_T3","afternoon","Push","Dormant_Achiever_Day_1_Scarcity_and_Impatience_T4","late_afternoon","In-App","Dormant_Achiever_Day_1_Scarcity_and_Impatience_T5","evening","In-App","Dormant_Achiever_Day_1_Scarcity_and_Impatience_T1","evening","In-App","Dormant_Achiever_Day_1_Scarcity_and_Impatience_T2","night","In-App","Dormant_Achiever_Day_1_Scarcity_and_Impatience_T3","night","In-App","Dormant_Achiever_Day_1_Scarcity_and_Impatience_T4","night","In-App"
"USR_000428","3","Day 5","Inactive_Socialite_Day_1_Scarcity_and_Impatience_T1","evening","Push","Inactive_Socialite_Day_1_Scarcity_and_Impatience_T2","evening","Push","Inactive_Socialite_Day_1_Scarcity_and_Impatience_T3","night","Push","Inactive_Socialite_Day_1_Scarcity_and_Impatience_T4","night","In-App","Inactive_Socialite_Day_1_Scarcity_and_Impatience_T5","night","In-App","Inactive_Socialite_Day_1_Scarcity_and_Impatience_T1","night","In-App","Inactive_Socialite_Day_1_Scarcity_and_Impatience_T2","early_morning","In-App","Inactive_Socialite_Day_1_Scarcity_and_Impatience_T3","early_morning","In-App","Inactive_Socialite_Day_1_Scarcity_and_Impatience_T4","mid_morning","In-App"
"USR_000429","1","Day 6","Inactive_Social_Learners_Day_1_Social_Influence_T1","late_afternoon","Push","Inactive_Social_Learners_Day_1_Social_Influence_T2","late_afternoon","Push","Inactive_Social_Learners_Day_1_Social_Influence_T3","evening","Push","Inactive_Social_Learners_Day_1_Social_Influence_T4","night","In-App","Inactive_Social_Learners_Day_1_Social_Influence_T5","night","In-App","Inactive_Social_Learners_Day_1_Social_Influence_T1","night","In-App","Inactive_Social_Learners_Day_1_Social_Influence_T2","night","In-App","Inactive_Social_Learners_Day_1_Social_Influence_T3","night","In-App","Inactive_Social_Learners_Day_1_Social_Influence_T4","early_morning","In-App"
"USR_000430","0","Day 99","Inactive_Socialite_Day_1_Unpredictability_T1","evening","Push","Inactive_Socialite_Day_1_Unpredictability_T2","night","Push","Inactive_Socialite_Day_1_Unpredictability_T3","night","Push","Inactive_Socialite_Day_1_Unpredictability_T4","night","In-App","Inactive_Socialite_Day_1_Unpredictability_T5","night","In-App","Inactive_Socialite_Day_1_Unpredictability_T1","night","In-App","Inactive_Socialite_Day_1_Unpredictability_T2","early_morning","In-App","Inactive_Socialite_Day_1_Unpredictability_T3","mid_morning","In-App","Inactive_Socialite_Day_1_Unpredictability_T4","mid_morning","In-App"
"USR_000431","0","Day 148","Inactive_Socialite_Day_1_Unpredictability_T1","evening","Push","Inactive_Socialite_Day_1_Unpredictability_T2","night","Push","Inactive_Socialite_Day_1_Unpredictability_T3","night","Push","Inactive_Socialite_Day_1_Unpredictability_T4","night","In-App","Inactive_Socialite_Day_1_Unpredictability_T5","night","In-App","Inactive_Socialite_Day_1_Unpredictability_T1","early_morning","In-App","Inactive_Socialite_Day_1_Unpredictability_T2","early_morning","In-App","Inactive_Socialite_Day_1_Unpredictability_T3","mid_morning","In-App","Inactive_Socialite_Day_1_Unpredictability_T4","afternoon","In-App"
"USR_000432","2","Day 23","Paid_Social_Achiever_Week_4_Creativity_and_Feedback_T1","mid_morning","Push","Paid_Social_Achiever_Week_4_Creativity_and_Feedback_T2","afternoon","Push","Paid_Social_Achiever_Week_4_Creativity_and_Feedback_T3","late_afternoon","Push","Paid_Social_Achiever_Week_4_Creativity_and_Feedback_T4","late_afternoon","In-App","Paid_Social_Achiever_Week_4_Creativity_and_Feedback_T5","evening","In-App","Paid_Social_Achiever_Week_4_Creativity_and_Feedback_T1","night","In-App","Paid_Social_Achiever_Week_4_Creativity_and_Feedback_T2","night","In-App","Paid_Social_Achiever_Week_4_Creativity_and_Feedback_T3","night","In-App","Paid_Social_Achiever_Week_4_Creativity_and_Feedback_T4","night","In-App"
"USR_000433","2","Day 28","Paid_Social_Achiever_Week_4_Creativity_and_Feedback_T1","evening","Push","Paid_Social_Achiever_Week_4_Creativity_and_Feedback_T2","evening","Push","Paid_Social_Achiever_Week_4_Creativity_and_Feedback_T3","night","Push","Paid_Social_Achiever_Week_4_Creativity_and_Feedback_T4","night","In-App","Paid_Social_Achiever_Week_4_Creativity_and_Feedback_T5","night","In-App","Paid_Social_Achiever_Week_4_Creativity_and_Feedback_T1","night","In-App","Paid_Social_Achiever_Week_4_Creativity_and_Feedback_T2","early_morning","In-App","Paid_Social_Achiever_Week_4_Creativity_and_Feedback_T3","early_morning","In-App","Paid_Social_Achiever_Week_4_Creativity_and_Feedback_T4","mid_morning","In-App"
"USR_000434","5","Day 3","Dormant_Achiever_Day_1_Scarcity_and_Impatience_T1","evening","Push","Dormant_Achiever_Day_1_Scarcity_and_Impatience_T2","evening","Push","Dormant_Achiever_Day_1_Scarcity_and_Impatience_T3","night","Push","Dormant_Achiever_Day_1_Scarcity_and_Impatience_T4","night","In-App","Dormant_Achiever_Day_1_Scarcity_and_Impatience_T5","night","In-App","Dormant_Achiever_Day_1_Scarcity_and_Impatience_T1","night","In-App","Dormant_Achiever_Day_1_Scarcity_and_Impatience_T2","early_morning","In-App","Dormant_Achiever_Day_1_Scarcity_and_Impatience_T3","early_morning","In-App","Dormant_Achiever_Day_1_Scarcity_and_Impatience_T4","mid_morning","In-App"
"USR_000435","0","Day 120","Inactive_Socialite_Day_1_Unpredictability_T1","early_morning","Push","Inactive_Socialite_Day_1_Unpredictability_T2","mid_morning","Push","Inactive_Socialite_Day_1_Unpredictability_T3","afternoon","Push","Inactive_Socialite_Day_1_Unpredictability_T4","afternoon","In-App","Inactive_Socialite_Day_1_Unpredictability_T5","late_afternoon","In-App","Inactive_Socialite_Day_1_Unpredictability_T1","evening","In-App","Inactive_Socialite_Day_1_Unpredictability_T2","evening","In-App","Inactive_Socialite_Day_1_Unpredictability_T3","night","In-App","Inactive_Socialite_Day_1_Unpredictability_T4","night","In-App"
"USR_000436","0","Day 164","Inactive_Socialite_Day_1_Unpredictability_T1","early_morning","Push","Inactive_Socialite_Day_1_Unpredictability_T2","early_morning","Push","Inactive_Socialite_Day_1_Unpredictability_T3","mid_morning","Push","Inactive_Socialite_Day_1_Unpredictability_T4","afternoon","In-App","Inactive_Socialite_Day_1_Unpredictability_T5","afternoon","In-App","Inactive_Socialite_Day_1_Unpredictability_T1","late_afternoon","In-App","Inactive_Socialite_Day_1_Unpredictability_T2","evening","In-App","Inactive_Socialite_Day_1_Unpredictability_T3","evening","In-App","Inactive_Socialite_Day_1_Unpredictability_T4","night","In-App"
"USR_000437","6","Day 5","Dormant_Scholar_Day_1_Creativity_and_Feedback_T1","afternoon","Push","Dormant_Scholar_Day_1_Creativity_and_Feedback_T2","late_afternoon","Push","Dormant_Scholar_Day_1_Creativity_and_Feedback_T3","late_afternoon","Push","Dormant_Scholar_Day_1_Creativity_and_Feedback_T4","evening","In-App","Dormant_Scholar_Day_1_Creativity_and_Feedback_T5","night","In-App","Dormant_Scholar_Day_1_Creativity_and_Feedback_T1","night","In-App","Dormant_Scholar_Day_1_Creativity_and_Feedback_T2","night","In-App","Dormant_Scholar_Day_1_Creativity_and_Feedback_T3","night","In-App","Dormant_Scholar_Day_1_Creativity_and_Feedback_T4","night","In-App"
"USR_000438","7","Day 10","Paid_Competitive_Week_2_Ownership_and_Possession_T1","early_morning","Push","Paid_Competitive_Week_2_Ownership_and_Possession_T2","early_morning","Push","Paid_Competitive_Week_2_Ownership_and_Possession_T3","mid_morning","Push","Paid_Competitive_Week_2_Ownership_and_Possession_T4","afternoon","In-App","Paid_Competitive_Week_2_Ownership_and_Possession_T5","afternoon","In-App","Paid_Competitive_Week_2_Ownership_and_Possession_T1","late_afternoon","In-App","Paid_Competitive_Week_2_Ownership_and_Possession_T2","evening","In-App","Paid_Competitive_Week_2_Ownership_and_Possession_T3","evening","In-App","Paid_Competitive_Week_2_Ownership_and_Possession_T4","night","In-App"
"USR_000439","4","Day 82","Dormant_Social_Day_1_Unpredictability_T1","late_afternoon","Push","Dormant_Social_Day_1_Unpredictability_T2","evening","Push","Dormant_Social_Day_1_Unpredictability_T3","evening","Push","Dormant_Social_Day_1_Unpredictability_T4","night","In-App","Dormant_Social_Day_1_Unpredictability_T5","night","In-App","Dormant_Social_Day_1_Unpredictability_T1","night","In-App","Dormant_Social_Day_1_Unpredictability_T2","night","In-App","Dormant_Social_Day_1_Unpredictability_T3","early_morning","In-App","Dormant_Social_Day_1_Unpredictability_T4","early_morning","In-App"
"USR_000440","4","Day 47","Dormant_Social_Day_1_Unpredictability_T1","late_afternoon","Push","Dormant_Social_Day_1_Unpredictability_T2","evening","Push","Dormant_Social_Day_1_Unpredictability_T3","night","Push","Dormant_Social_Day_1_Unpredictability_T4","night","In-App","Dormant_Social_Day_1_Unpredictability_T5","night","In-App","Dormant_Social_Day_1_Unpredictability_T1","night","In-App","Dormant_Social_Day_1_Unpredictability_T2","night","In-App","Dormant_Social_Day_1_Unpredictability_T3","early_morning","In-App","Dormant_Social_Day_1_Unpredictability_T4","mid_morning","In-App"
"USR_000441","4","Day 74","Dormant_Social_Day_1_Unpredictability_T1","early_morning","Push","Dormant_Social_Day_1_Unpredictability_T2","mid_morning","Push","Dormant_Social_Day_1_Unpredictability_T3","mid_morning","Push","Dormant_Social_Day_1_Unpredictability_T4","afternoon","In-App","Dormant_Social_Day_1_Unpredictability_T5","late_afternoon","In-App","Dormant_Social_Day_1_Unpredictability_T1","late_afternoon","In-App","Dormant_Social_Day_1_Unpredictability_T2","evening","In-App","Dormant_Social_Day_1_Unpredictability_T3","night","In-App","Dormant_Social_Day_1_Unpredictability_T4","night","In-App"
"USR_000442","0","Day 163","Inactive_Socialite_Day_1_Unpredictability_T1","late_afternoon","Push","Inactive_Socialite_Day_1_Unpredictability_T2","evening","Push","Inactive_Socialite_Day_1_Unpredictability_T3","evening","Push","Inactive_Socialite_Day_1_Unpredictability_T4","night","In-App","Inactive_Socialite_Day_1_Unpredictability_T5","night","In-App","Inactive_Socialite_Day_1_Unpredictability_T1","night","In-App","Inactive_Socialite_Day_1_Unpredictability_T2","night","In-App","Inactive_Socialite_Day_1_Unpredictability_T3","early_morning","In-App","Inactive_Socialite_Day_1_Unpredictability_T4","early_morning","In-App"
"USR_000443","0","Day 134","Inactive_Socialite_Day_1_Unpredictability_T1","early_morning","Push","Inactive_Socialite_Day_1_Unpredictability_T2","mid_morning","Push","Inactive_Socialite_Day_1_Unpredictability_T3","mid_morning","Push","Inactive_Socialite_Day_1_Unpredictability_T4","afternoon","In-App","Inactive_Socialite_Day_1_Unpredictability_T5","late_afternoon","In-App","Inactive_Socialite_Day_1_Unpredictability_T1","late_afternoon","In-App","Inactive_Socialite_Day_1_Unpredictability_T2","evening","In-App","Inactive_Socialite_Day_1_Unpredictability_T3","night","In-App","Inactive_Socialite_Day_1_Unpredictability_T4","night","In-App"
"USR_000444","4","Day 51","Dormant_Social_Day_1_Unpredictability_T1","afternoon","Push","Dormant_Social_Day_1_Unpredictability_T2","late_afternoon","Push","Dormant_Social_Day_1_Unpredictability_T3","evening","Push","Dormant_Social_Day_1_Unpredictability_T4","evening","In-App","Dormant_Social_Day_1_Unpredictability_T5","night","In-App","Dormant_Social_Day_1_Unpredictability_T1","night","In-App","Dormant_Social_Day_1_Unpredictability_T2","night","In-App","Dormant_Social_Day_1_Unpredictability_T3","night","In-App","Dormant_Social_Day_1_Unpredictability_T4","early_morning","In-App"
"USR_000445","2","Day 115","Paid_Social_Achiever_Week_4_Creativity_and_Feedback_T1","evening","Push","Paid_Social_Achiever_Week_4_Creativity_and_Feedback_T2","night","Push","Paid_Social_Achiever_Week_4_Creativity_and_Feedback_T3","night","Push","Paid_Social_Achiever_Week_4_Creativity_and_Feedback_T4","night","In-App","Paid_Social_Achiever_Week_4_Creativity_and_Feedback_T5","night","In-App","Paid_Social_Achiever_Week_4_Creativity_and_Feedback_T1","night","In-App","Paid_Social_Achiever_Week_4_Creativity_and_Feedback_T2","early_morning","In-App","Paid_Social_Achiever_Week_4_Creativity_and_Feedback_T3","mid_morning","In-App","Paid_Social_Achiever_Week_4_Creativity_and_Feedback_T4","mid_morning","In-App"
"USR_000446","2","Day 23","Paid_Social_Achiever_Week_4_Creativity_and_Feedback_T1","evening","Push","Paid_Social_Achiever_Week_4_Creativity_and_Feedback_T2","night","Push","Paid_Social_Achiever_Week_4_Creativity_and_Feedback_T3","night","Push","Paid_Social_Achiever_Week_4_Creativity_and_Feedback_T4","night","In-App","Paid_Social_Achiever_Week_4_Creativity_and_Feedback_T5","night","In-App","Paid_Social_Achiever_Week_4_Creativity_and_Feedback_T1","early_morning","In-App","Paid_Social_Achiever_Week_4_Creativity_and_Feedback_T2","early_morning","In-App","Paid_Social_Achiever_Week_4_Creativity_and_Feedback_T3","mid_morning","In-App","Paid_Social_Achiever_Week_4_Creativity_and_Feedback_T4","afternoon","In-App"
"USR_000447","6","Day 1","Dormant_Scholar_Day_1_Creativity_and_Feedback_T1","late_afternoon","Push","Dormant_Scholar_Day_1_Creativity_and_Feedback_T2","evening","Push","Dormant_Scholar_Day_1_Creativity_and_Feedback_T3","night","Push","Dormant_Scholar_Day_1_Creativity_and_Feedback_T4","night","In-App","Dormant_Scholar_Day_1_Creativity_and_Feedback_T5","night","In-App","Dormant_Scholar_Day_1_Creativity_and_Feedback_T1","night","In-App","Dormant_Scholar_Day_1_Creativity_and_Feedback_T2","night","In-App","Dormant_Scholar_Day_1_Creativity_and_Feedback_T3","early_morning","In-App","Dormant_Scholar_Day_1_Creativity_and_Feedback_T4","mid_morning","In-App"
"USR_000448","2","Day 63","Paid_Social_Achiever_Week_4_Creativity_and_Feedback_T1","afternoon","Push","Paid_Social_Achiever_Week_4_Creativity_and_Feedback_T2","late_afternoon","Push","Paid_Social_Achiever_Week_4_Creativity_and_Feedback_T3","evening","Push","Paid_Social_Achiever_Week_4_Creativity_and_Feedback_T4","evening","In-App","Paid_Social_Achiever_Week_4_Creativity_and_Feedback_T5","night","In-App","Paid_Social_Achiever_Week_4_Creativity_and_Feedback_T1","night","In-App","Paid_Social_Achiever_Week_4_Creativity_and_Feedback_T2","night","In-App","Paid_Social_Achiever_Week_4_Creativity_and_Feedback_T3","night","In-App","Paid_Social_Achiever_Week_4_Creativity_and_Feedback_T4","early_morning","In-App"
"USR_000449","2","Day 105","Paid_Social_Achiever_Week_4_Creativity_and_Feedback_T1","evening","Push","Paid_Social_Achiever_Week_4_Creativity_and_Feedback_T2","evening","Push","Paid_Social_Achiever_Week_4_Creativity_and_Feedback_T3","night","Push","Paid_Social_Achiever_Week_4_Creativity_and_Feedback_T4","night","In-App","Paid_Social_Achiever_Week_4_Creativity_and_Feedback_T5","night","In-App","Paid_Social_Achiever_Week_4_Creativity_and_Feedback_T1","night","In-App","Paid_Social_Achiever_Week_4_Creativity_and_Feedback_T2","early_morning","In-App","Paid_Social_Achiever_Week_4_Creativity_and_Feedback_T3","early_morning","In-App","Paid_Social_Achiever_Week_4_Creativity_and_Feedback_T4","mid_morning","In-App"
"USR_000450","7","Day 49","Paid_Competitive_Week_4_Ownership_and_Possession_T1","evening","Push","Paid_Competitive_Week_4_Ownership_and_Possession_T2","evening","Push","Paid_Competitive_Week_4_Ownership_and_Possession_T3","night","Push","Paid_Competitive_Week_4_Ownership_and_Possession_T4","night","In-App","Paid_Competitive_Week_4_Ownership_and_Possession_T5","night","In-App","Paid_Competitive_Week_4_Ownership_and_Possession_T1","night","In-App","Paid_Competitive_Week_4_Ownership_and_Possession_T2","early_morning","In-App","Paid_Competitive_Week_4_Ownership_and_Possession_T3","early_morning","In-App","Paid_Competitive_Week_4_Ownership_and_Possession_T4","mid_morning","In-App"
"USR_000451","4","Day 45","Dormant_Social_Day_1_Unpredictability_T1","early_morning","Push","Dormant_Social_Day_1_Unpredictability_T2","early_morning","Push","Dormant_Social_Day_1_Unpredictability_T3","mid_morning","Push","Dormant_Social_Day_1_Unpredictability_T4","afternoon","In-App","Dormant_Social_Day_1_Unpredictability_T5","afternoon","In-App","Dormant_Social_Day_1_Unpredictability_T1","late_afternoon","In-App","Dormant_Social_Day_1_Unpredictability_T2","evening","In-App","Dormant_Social_Day_1_Unpredictability_T3","evening","In-App","Dormant_Social_Day_1_Unpredictability_T4","night","In-App"
"USR_000452","0","Day 137","Inactive_Socialite_Day_1_Unpredictability_T1","evening","Push","Inactive_Socialite_Day_1_Unpredictability_T2","night","Push","Inactive_Socialite_Day_1_Unpredictability_T3","night","Push","Inactive_Socialite_Day_1_Unpredictability_T4","night","In-App","Inactive_Socialite_Day_1_Unpredictability_T5","night","In-App","Inactive_Socialite_Day_1_Unpredictability_T1","early_morning","In-App","Inactive_Socialite_Day_1_Unpredictability_T2","early_morning","In-App","Inactive_Socialite_Day_1_Unpredictability_T3","mid_morning","In-App","Inactive_Socialite_Day_1_Unpredictability_T4","afternoon","In-App"
"USR_000453","5","Day 5","Dormant_Achiever_Day_1_Scarcity_and_Impatience_T1","evening","Push","Dormant_Achiever_Day_1_Scarcity_and_Impatience_T2","night","Push","Dormant_Achiever_Day_1_Scarcity_and_Impatience_T3","night","Push","Dormant_Achiever_Day_1_Scarcity_and_Impatience_T4","night","In-App","Dormant_Achiever_Day_1_Scarcity_and_Impatience_T5","night","In-App","Dormant_Achiever_Day_1_Scarcity_and_Impatience_T1","early_morning","In-App","Dormant_Achiever_Day_1_Scarcity_and_Impatience_T2","early_morning","In-App","Dormant_Achiever_Day_1_Scarcity_and_Impatience_T3","mid_morning","In-App","Dormant_Achiever_Day_1_Scarcity_and_Impatience_T4","afternoon","In-App"
"USR_000454","3","Day 3","Inactive_Socialite_Day_1_Scarcity_and_Impatience_T1","afternoon","Push","Inactive_Socialite_Day_1_Scarcity_and_Impatience_T2","afternoon","Push","Inactive_Socialite_Day_1_Scarcity_and_Impatience_T3","late_afternoon","Push","Inactive_Socialite_Day_1_Scarcity_and_Impatience_T4","evening","In-App","Inactive_Socialite_Day_1_Scarcity_and_Impatience_T5","evening","In-App","Inactive_Socialite_Day_1_Scarcity_and_Impatience_T1","night","In-App","Inactive_Socialite_Day_1_Scarcity_and_Impatience_T2","night","In-App","Inactive_Socialite_Day_1_Scarcity_and_Impatience_T3","night","In-App","Inactive_Socialite_Day_1_Scarcity_and_Impatience_T4","night","In-App"
"USR_000455","0","Day 106","Inactive_Socialite_Day_1_Unpredictability_T1","mid_morning","Push","Inactive_Socialite_Day_1_Unpredictability_T2","mid_morning","Push","Inactive_Socialite_Day_1_Unpredictability_T3","afternoon","Push","Inactive_Socialite_Day_1_Unpredictability_T4","late_afternoon","In-App","Inactive_Socialite_Day_1_Unpredictability_T5","late_afternoon","In-App","Inactive_Socialite_Day_1_Unpredictability_T1","evening","In-App","Inactive_Socialite_Day_1_Unpredictability_T2","night","In-App","Inactive_Socialite_Day_1_Unpredictability_T3","night","In-App","Inactive_Socialite_Day_1_Unpredictability_T4","night","In-App"
"USR_000456","2","Day 92","Paid_Social_Achiever_Week_4_Creativity_and_Feedback_T1","evening","Push","Paid_Social_Achiever_Week_4_Creativity_and_Feedback_T2","evening","Push","Paid_Social_Achiever_Week_4_Creativity_and_Feedback_T3","night","Push","Paid_Social_Achiever_Week_4_Creativity_and_Feedback_T4","night","In-App","Paid_Social_Achiever_Week_4_Creativity_and_Feedback_T5","night","In-App","Paid_Social_Achiever_Week_4_Creativity_and_Feedback_T1","night","In-App","Paid_Social_Achiever_Week_4_Creativity_and_Feedback_T2","early_morning","In-App","Paid_Social_Achiever_Week_4_Creativity_and_Feedback_T3","early_morning","In-App","Paid_Social_Achiever_Week_4_Creativity_and_Feedback_T4","mid_morning","In-App"
"USR_000457","5","Day 4","Dormant_Achiever_Day_1_Scarcity_and_Impatience_T1","afternoon","Push","Dormant_Achiever_Day_1_Scarcity_and_Impatience_T2","afternoon","Push","Dormant_Achiever_Day_1_Scarcity_and_Impatience_T3","late_afternoon","Push","Dormant_Achiever_Day_1_Scarcity_and_Impatience_T4","evening","In-App","Dormant_Achiever_Day_1_Scarcity_and_Impatience_T5","evening","In-App","Dormant_Achiever_Day_1_Scarcity_and_Impatience_T1","night","In-App","Dormant_Achiever_Day_1_Scarcity_and_Impatience_T2","night","In-App","Dormant_Achiever_Day_1_Scarcity_and_Impatience_T3","night","In-App","Dormant_Achiever_Day_1_Scarcity_and_Impatience_T4","night","In-App"
"USR_000458","7","Day 32","Paid_Competitive_Week_4_Ownership_and_Possession_T1","mid_morning","Push","Paid_Competitive_Week_4_Ownership_and_Possession_T2","mid_morning","Push","Paid_Competitive_Week_4_Ownership_and_Possession_T3","afternoon","Push","Paid_Competitive_Week_4_Ownership_and_Possession_T4","late_afternoon","In-App","Paid_Competitive_Week_4_Ownership_and_Possession_T5","late_afternoon","In-App","Paid_Competitive_Week_4_Ownership_and_Possession_T1","evening","In-App","Paid_Competitive_Week_4_Ownership_and_Possession_T2","night","In-App","Paid_Competitive_Week_4_Ownership_and_Possession_T3","night","In-App","Paid_Competitive_Week_4_Ownership_and_Possession_T4","night","In-App"
"USR_000459","4","Day 40","Dormant_Social_Day_1_Unpredictability_T1","night","Push","Dormant_Social_Day_1_Unpredictability_T2","night","Push","Dormant_Social_Day_1_Unpredictability_T3","night","Push","Dormant_Social_Day_1_Unpredictability_T4","night","In-App","Dormant_Social_Day_1_Unpredictability_T5","early_morning","In-App","Dormant_Social_Day_1_Unpredictability_T1","early_morning","In-App","Dormant_Social_Day_1_Unpredictability_T2","mid_morning","In-App","Dormant_Social_Day_1_Unpredictability_T3","afternoon","In-App","Dormant_Social_Day_1_Unpredictability_T4","afternoon","In-App"
"USR_000460","4","Day 65","Dormant_Social_Day_1_Unpredictability_T1","late_afternoon","Push","Dormant_Social_Day_1_Unpredictability_T2","late_afternoon","Push","Dormant_Social_Day_1_Unpredictability_T3","evening","Push","Dormant_Social_Day_1_Unpredictability_T4","night","In-App","Dormant_Social_Day_1_Unpredictability_T5","night","In-App","Dormant_Social_Day_1_Unpredictability_T1","night","In-App","Dormant_Social_Day_1_Unpredictability_T2","night","In-App","Dormant_Social_Day_1_Unpredictability_T3","night","In-App","Dormant_Social_Day_1_Unpredictability_T4","early_morning","In-App"
"USR_000461","3","Day 5","Inactive_Socialite_Day_1_Scarcity_and_Impatience_T1","afternoon","Push","Inactive_Socialite_Day_1_Scarcity_and_Impatience_T2","late_afternoon","Push","Inactive_Socialite_Day_1_Scarcity_and_Impatience_T3","evening","Push","Inactive_Socialite_Day_1_Scarcity_and_Impatience_T4","evening","In-App","Inactive_Socialite_Day_1_Scarcity_and_Impatience_T5","night","In-App","Inactive_Socialite_Day_1_Scarcity_and_Impatience_T1","night","In-App","Inactive_Socialite_Day_1_Scarcity_and_Impatience_T2","night","In-App","Inactive_Socialite_Day_1_Scarcity_and_Impatience_T3","night","In-App","Inactive_Socialite_Day_1_Scarcity_and_Impatience_T4","early_morning","In-App"
"USR_000462","1","Day 5","Inactive_Social_Learners_Day_1_Social_Influence_T1","early_morning","Push","Inactive_Social_Learners_Day_1_Social_Influence_T2","mid_morning","Push","Inactive_Social_Learners_Day_1_Social_Influence_T3","afternoon","Push","Inactive_Social_Learners_Day_1_Social_Influence_T4","afternoon","In-App","Inactive_Social_Learners_Day_1_Social_Influence_T5","late_afternoon","In-App","Inactive_Social_Learners_Day_1_Social_Influence_T1","evening","In-App","Inactive_Social_Learners_Day_1_Social_Influence_T2","evening","In-App","Inactive_Social_Learners_Day_1_Social_Influence_T3","night","In-App","Inactive_Social_Learners_Day_1_Social_Influence_T4","night","In-App"
"USR_000463","4","Day 38","Dormant_Social_Day_1_Unpredictability_T1","late_afternoon","Push","Dormant_Social_Day_1_Unpredictability_T2","evening","Push","Dormant_Social_Day_1_Unpredictability_T3","evening","Push","Dormant_Social_Day_1_Unpredictability_T4","night","In-App","Dormant_Social_Day_1_Unpredictability_T5","night","In-App","Dormant_Social_Day_1_Unpredictability_T1","night","In-App","Dormant_Social_Day_1_Unpredictability_T2","night","In-App","Dormant_Social_Day_1_Unpredictability_T3","early_morning","In-App","Dormant_Social_Day_1_Unpredictability_T4","early_morning","In-App"
"USR_000464","4","Day 44","Dormant_Social_Day_1_Unpredictability_T1","evening","Push","Dormant_Social_Day_1_Unpredictability_T2","night","Push","Dormant_Social_Day_1_Unpredictability_T3","night","Push","Dormant_Social_Day_1_Unpredictability_T4","night","In-App","Dormant_Social_Day_1_Unpredictability_T5","night","In-App","Dormant_Social_Day_1_Unpredictability_T1","early_morning","In-App","Dormant_Social_Day_1_Unpredictability_T2","early_morning","In-App","Dormant_Social_Day_1_Unpredictability_T3","mid_morning","In-App","Dormant_Social_Day_1_Unpredictability_T4","afternoon","In-App"
"USR_000465","4","Day 54","Dormant_Social_Day_1_Unpredictability_T1","evening","Push","Dormant_Social_Day_1_Unpredictability_T2","evening","Push","Dormant_Social_Day_1_Unpredictability_T3","night","Push","Dormant_Social_Day_1_Unpredictability_T4","night","In-App","Dormant_Social_Day_1_Unpredictability_T5","night","In-App","Dormant_Social_Day_1_Unpredictability_T1","night","In-App","Dormant_Social_Day_1_Unpredictability_T2","early_morning","In-App","Dormant_Social_Day_1_Unpredictability_T3","early_morning","In-App","Dormant_Social_Day_1_Unpredictability_T4","mid_morning","In-App"
"USR_000466","4","Day 71","Dormant_Social_Day_1_Unpredictability_T1","night","Push","Dormant_Social_Day_1_Unpredictability_T2","early_morning","Push","Dormant_Social_Day_1_Unpredictability_T3","mid_morning","Push","Dormant_Social_Day_1_Unpredictability_T4","mid_morning","In-App","Dormant_Social_Day_1_Unpredictability_T5","afternoon","In-App","Dormant_Social_Day_1_Unpredictability_T1","late_afternoon","In-App","Dormant_Social_Day_1_Unpredictability_T2","late_afternoon","In-App","Dormant_Social_Day_1_Unpredictability_T3","evening","In-App","Dormant_Social_Day_1_Unpredictability_T4","night","In-App"
"USR_000467","6","Day 0","Dormant_Scholar_Day_1_Creativity_and_Feedback_T1","evening","Push","Dormant_Scholar_Day_1_Creativity_and_Feedback_T2","night","Push","Dormant_Scholar_Day_1_Creativity_and_Feedback_T3","night","Push","Dormant_Scholar_Day_1_Creativity_and_Feedback_T4","night","In-App","Dormant_Scholar_Day_1_Creativity_and_Feedback_T5","night","In-App","Dormant_Scholar_Day_1_Creativity_and_Feedback_T1","early_morning","In-App","Dormant_Scholar_Day_1_Creativity_and_Feedback_T2","early_morning","In-App","Dormant_Scholar_Day_1_Creativity_and_Feedback_T3","mid_morning","In-App","Dormant_Scholar_Day_1_Creativity_and_Feedback_T4","afternoon","In-App"
"USR_000468","0","Day 152","Inactive_Socialite_Day_1_Unpredictability_T1","mid_morning","Push","Inactive_Socialite_Day_1_Unpredictability_T2","afternoon","Push","Inactive_Socialite_Day_1_Unpredictability_T3","late_afternoon","Push","Inactive_Socialite_Day_1_Unpredictability_T4","late_afternoon","In-App","Inactive_Socialite_Day_1_Unpredictability_T5","evening","In-App","Inactive_Socialite_Day_1_Unpredictability_T1","night","In-App","Inactive_Socialite_Day_1_Unpredictability_T2","night","In-App","Inactive_Socialite_Day_1_Unpredictability_T3","night","In-App","Inactive_Socialite_Day_1_Unpredictability_T4","night","In-App"
"USR_000469","4","Day 16","Dormant_Social_Day_1_Unpredictability_T1","early_morning","Push","Dormant_Social_Day_1_Unpredictability_T2","mid_morning","Push","Dormant_Social_Day_1_Unpredictability_T3","mid_morning","Push","Dormant_Social_Day_1_Unpredictability_T4","afternoon","In-App","Dormant_Social_Day_1_Unpredictability_T5","late_afternoon","In-App","Dormant_Social_Day_1_Unpredictability_T1","late_afternoon","In-App","Dormant_Social_Day_1_Unpredictability_T2","evening","In-App","Dormant_Social_Day_1_Unpredictability_T3","night","In-App","Dormant_Social_Day_1_Unpredictability_T4","night","In-App"
"USR_000470","7","Day 29","Paid_Competitive_Week_4_Ownership_and_Possession_T1","afternoon","Push","Paid_Competitive_Week_4_Ownership_and_Possession_T2","afternoon","Push","Paid_Competitive_Week_4_Ownership_and_Possession_T3","late_afternoon","Push","Paid_Competitive_Week_4_Ownership_and_Possession_T4","evening","In-App","Paid_Competitive_Week_4_Ownership_and_Possession_T5","evening","In-App","Paid_Competitive_Week_4_Ownership_and_Possession_T1","night","In-App","Paid_Competitive_Week_4_Ownership_and_Possession_T2","night","In-App","Paid_Competitive_Week_4_Ownership_and_Possession_T3","night","In-App","Paid_Competitive_Week_4_Ownership_and_Possession_T4","night","In-App"
"USR_000471","3","Day 3","Inactive_Socialite_Day_1_Scarcity_and_Impatience_T1","afternoon","Push","Inactive_Socialite_Day_1_Scarcity_and_Impatience_T2","afternoon","Push","Inactive_Socialite_Day_1_Scarcity_and_Impatience_T3","late_afternoon","Push","Inactive_Socialite_Day_1_Scarcity_and_Impatience_T4","evening","In-App","Inactive_Socialite_Day_1_Scarcity_and_Impatience_T5","evening","In-App","Inactive_Socialite_Day_1_Scarcity_and_Impatience_T1","night","In-App","Inactive_Socialite_Day_1_Scarcity_and_Impatience_T2","night","In-App","Inactive_Socialite_Day_1_Scarcity_and_Impatience_T3","night","In-App","Inactive_Socialite_Day_1_Scarcity_and_Impatience_T4","night","In-App"
"USR_000472","7","Day 90","Paid_Competitive_Week_4_Ownership_and_Possession_T1","evening","Push","Paid_Competitive_Week_4_Ownership_and_Possession_T2","night","Push","Paid_Competitive_Week_4_Ownership_and_Possession_T3","night","Push","Paid_Competitive_Week_4_Ownership_and_Possession_T4","night","In-App","Paid_Competitive_Week_4_Ownership_and_Possession_T5","night","In-App","Paid_Competitive_Week_4_Ownership_and_Possession_T1","early_morning","In-App","Paid_Competitive_Week_4_Ownership_and_Possession_T2","early_morning","In-App","Paid_Competitive_Week_4_Ownership_and_Possession_T3","mid_morning","In-App","Paid_Competitive_Week_4_Ownership_and_Possession_T4","afternoon","In-App"
"USR_000473","5","Day 3","Dormant_Achiever_Day_1_Scarcity_and_Impatience_T1","early_morning","Push","Dormant_Achiever_Day_1_Scarcity_and_Impatience_T2","mid_morning","Push","Dormant_Achiever_Day_1_Scarcity_and_Impatience_T3","afternoon","Push","Dormant_Achiever_Day_1_Scarcity_and_Impatience_T4","afternoon","In-App","Dormant_Achiever_Day_1_Scarcity_and_Impatience_T5","late_afternoon","In-App","Dormant_Achiever_Day_1_Scarcity_and_Impatience_T1","evening","In-App","Dormant_Achiever_Day_1_Scarcity_and_Impatience_T2","evening","In-App","Dormant_Achiever_Day_1_Scarcity_and_Impatience_T3","night","In-App","Dormant_Achiever_Day_1_Scarcity_and_Impatience_T4","night","In-App"
"USR_000474","3","Day 0","Inactive_Socialite_Day_1_Scarcity_and_Impatience_T1","late_afternoon","Push","Inactive_Socialite_Day_1_Scarcity_and_Impatience_T2","evening","Push","Inactive_Socialite_Day_1_Scarcity_and_Impatience_T3","night","Push","Inactive_Socialite_Day_1_Scarcity_and_Impatience_T4","night","In-App","Inactive_Socialite_Day_1_Scarcity_and_Impatience_T5","night","In-App","Inactive_Socialite_Day_1_Scarcity_and_Impatience_T1","night","In-App","Inactive_Socialite_Day_1_Scarcity_and_Impatience_T2","night","In-App","Inactive_Socialite_Day_1_Scarcity_and_Impatience_T3","early_morning","In-App","Inactive_Socialite_Day_1_Scarcity_and_Impatience_T4","mid_morning","In-App"
"USR_000475","5","Day 4","Dormant_Achiever_Day_1_Scarcity_and_Impatience_T1","early_morning","Push","Dormant_Achiever_Day_1_Scarcity_and_Impatience_T2","mid_morning","Push","Dormant_Achiever_Day_1_Scarcity_and_Impatience_T3","afternoon","Push","Dormant_Achiever_Day_1_Scarcity_and_Impatience_T4","afternoon","In-App","Dormant_Achiever_Day_1_Scarcity_and_Impatience_T5","late_afternoon","In-App","Dormant_Achiever_Day_1_Scarcity_and_Impatience_T1","evening","In-App","Dormant_Achiever_Day_1_Scarcity_and_Impatience_T2","evening","In-App","Dormant_Achiever_Day_1_Scarcity_and_Impatience_T3","night","In-App","Dormant_Achiever_Day_1_Scarcity_and_Impatience_T4","night","In-App"
"USR_000476","0","Day 172","Inactive_Socialite_Day_1_Unpredictability_T1","mid_morning","Push","Inactive_Socialite_Day_1_Unpredictability_T2","afternoon","Push","Inactive_Socialite_Day_1_Unpredictability_T3","late_afternoon","Push","Inactive_Socialite_Day_1_Unpredictability_T4","late_afternoon","In-App","Inactive_Socialite_Day_1_Unpredictability_T5","evening","In-App","Inactive_Socialite_Day_1_Unpredictability_T1","night","In-App","Inactive_Socialite_Day_1_Unpredictability_T2","night","In-App","Inactive_Socialite_Day_1_Unpredictability_T3","night","In-App","Inactive_Socialite_Day_1_Unpredictability_T4","night","In-App"
"USR_000477","5","Day 7","Dormant_Achiever_Day_1_Scarcity_and_Impatience_T1","early_morning","Push","Dormant_Achiever_Day_1_Scarcity_and_Impatience_T2","early_morning","Push","Dormant_Achiever_Day_1_Scarcity_and_Impatience_T3","mid_morning","Push","Dormant_Achiever_Day_1_Scarcity_and_Impatience_T4","afternoon","In-App","Dormant_Achiever_Day_1_Scarcity_and_Impatience_T5","afternoon","In-App","Dormant_Achiever_Day_1_Scarcity_and_Impatience_T1","late_afternoon","In-App","Dormant_Achiever_Day_1_Scarcity_and_Impatience_T2","evening","In-App","Dormant_Achiever_Day_1_Scarcity_and_Impatience_T3","evening","In-App","Dormant_Achiever_Day_1_Scarcity_and_Impatience_T4","night","In-App"
"USR_000478","0","Day 174","Inactive_Socialite_Day_1_Unpredictability_T1","early_morning","Push","Inactive_Socialite_Day_1_Unpredictability_T2","mid_morning","Push","Inactive_Socialite_Day_1_Unpredictability_T3","mid_morning","Push","Inactive_Socialite_Day_1_Unpredictability_T4","afternoon","In-App","Inactive_Socialite_Day_1_Unpredictability_T5","late_afternoon","In-App","Inactive_Socialite_Day_1_Unpredictability_T1","late_afternoon","In-App","Inactive_Socialite_Day_1_Unpredictability_T2","evening","In-App","Inactive_Socialite_Day_1_Unpredictability_T3","night","In-App","Inactive_Socialite_Day_1_Unpredictability_T4","night","In-App"
"USR_000479","1","Day 1","Inactive_Social_Learners_Day_1_Social_Influence_T1","evening","Push","Inactive_Social_Learners_Day_1_Social_Influence_T2","night","Push","Inactive_Social_Learners_Day_1_Social_Influence_T3","night","Push","Inactive_Social_Learners_Day_1_Social_Influence_T4","night","In-App","Inactive_Social_Learners_Day_1_Social_Influence_T5","night","In-App","Inactive_Social_Learners_Day_1_Social_Influence_T1","early_morning","In-App","Inactive_Social_Learners_Day_1_Social_Influence_T2","early_morning","In-App","Inactive_Social_Learners_Day_1_Social_Influence_T3","mid_morning","In-App","Inactive_Social_Learners_Day_1_Social_Influence_T4","afternoon","In-App"
"USR_000480","7","Day 91","Paid_Competitive_Week_4_Ownership_and_Possession_T1","night","Push","Paid_Competitive_Week_4_Ownership_and_Possession_T2","night","Push","Paid_Competitive_Week_4_Ownership_and_Possession_T3","night","Push","Paid_Competitive_Week_4_Ownership_and_Possession_T4","night","In-App","Paid_Competitive_Week_4_Ownership_and_Possession_T5","early_morning","In-App","Paid_Competitive_Week_4_Ownership_and_Possession_T1","early_morning","In-App","Paid_Competitive_Week_4_Ownership_and_Possession_T2","mid_morning","In-App","Paid_Competitive_Week_4_Ownership_and_Possession_T3","afternoon","In-App","Paid_Competitive_Week_4_Ownership_and_Possession_T4","afternoon","In-App"
"USR_000481","0","Day 127","Inactive_Socialite_Day_1_Unpredictability_T1","late_afternoon","Push","Inactive_Socialite_Day_1_Unpredictability_T2","late_afternoon","Push","Inactive_Socialite_Day_1_Unpredictability_T3","evening","Push","Inactive_Socialite_Day_1_Unpredictability_T4","night","In-App","Inactive_Socialite_Day_1_Unpredictability_T5","night","In-App","Inactive_Socialite_Day_1_Unpredictability_T1","night","In-App","Inactive_Socialite_Day_1_Unpredictability_T2","night","In-App","Inactive_Socialite_Day_1_Unpredictability_T3","night","In-App","Inactive_Socialite_Day_1_Unpredictability_T4","early_morning","In-App"
"USR_000482","0","Day 155","Inactive_Socialite_Day_1_Unpredictability_T1","afternoon","Push","Inactive_Socialite_Day_1_Unpredictability_T2","late_afternoon","Push","Inactive_Socialite_Day_1_Unpredictability_T3","evening","Push","Inactive_Socialite_Day_1_Unpredictability_T4","evening","In-App","Inactive_Socialite_Day_1_Unpredictability_T5","night","In-App","Inactive_Socialite_Day_1_Unpredictability_T1","night","In-App","Inactive_Socialite_Day_1_Unpredictability_T2","night","In-App","Inactive_Socialite_Day_1_Unpredictability_T3","night","In-App","Inactive_Socialite_Day_1_Unpredictability_T4","early_morning","In-App"
"USR_000483","4","Day 68","Dormant_Social_Day_1_Unpredictability_T1","night","Push","Dormant_Social_Day_1_Unpredictability_T2","night","Push","Dormant_Social_Day_1_Unpredictability_T3","night","Push","Dormant_Social_Day_1_Unpredictability_T4","night","In-App","Dormant_Social_Day_1_Unpredictability_T5","early_morning","In-App","Dormant_Social_Day_1_Unpredictability_T1","early_morning","In-App","Dormant_Social_Day_1_Unpredictability_T2","mid_morning","In-App","Dormant_Social_Day_1_Unpredictability_T3","afternoon","In-App","Dormant_Social_Day_1_Unpredictability_T4","afternoon","In-App"
"USR_000484","0","Day 164","Inactive_Socialite_Day_1_Unpredictability_T1","late_afternoon","Push","Inactive_Socialite_Day_1_Unpredictability_T2","evening","Push","Inactive_Socialite_Day_1_Unpredictability_T3","evening","Push","Inactive_Socialite_Day_1_Unpredictability_T4","night","In-App","Inactive_Socialite_Day_1_Unpredictability_T5","night","In-App","Inactive_Socialite_Day_1_Unpredictability_T1","night","In-App","Inactive_Socialite_Day_1_Unpredictability_T2","night","In-App","Inactive_Socialite_Day_1_Unpredictability_T3","early_morning","In-App","Inactive_Socialite_Day_1_Unpredictability_T4","early_morning","In-App"
"USR_000485","5","Day 0","Dormant_Achiever_Day_1_Scarcity_and_Impatience_T1","evening","Push","Dormant_Achiever_Day_1_Scarcity_and_Impatience_T2","night","Push","Dormant_Achiever_Day_1_Scarcity_and_Impatience_T3","night","Push","Dormant_Achiever_Day_1_Scarcity_and_Impatience_T4","night","In-App","Dormant_Achiever_Day_1_Scarcity_and_Impatience_T5","night","In-App","Dormant_Achiever_Day_1_Scarcity_and_Impatience_T1","night","In-App","Dormant_Achiever_Day_1_Scarcity_and_Impatience_T2","early_morning","In-App","Dormant_Achiever_Day_1_Scarcity_and_Impatience_T3","mid_morning","In-App","Dormant_Achiever_Day_1_Scarcity_and_Impatience_T4","mid_morning","In-App"
"USR_000486","6","Day 2","Dormant_Scholar_Day_1_Creativity_and_Feedback_T1","late_afternoon","Push","Dormant_Scholar_Day_1_Creativity_and_Feedback_T2","evening","Push","Dormant_Scholar_Day_1_Creativity_and_Feedback_T3","evening","Push","Dormant_Scholar_Day_1_Creativity_and_Feedback_T4","night","In-App","Dormant_Scholar_Day_1_Creativity_and_Feedback_T5","night","In-App","Dormant_Scholar_Day_1_Creativity_and_Feedback_T1","night","In-App","Dormant_Scholar_Day_1_Creativity_and_Feedback_T2","night","In-App","Dormant_Scholar_Day_1_Creativity_and_Feedback_T3","early_morning","In-App","Dormant_Scholar_Day_1_Creativity_and_Feedback_T4","early_morning","In-App"
"USR_000487","4","Day 37","Dormant_Social_Day_1_Unpredictability_T1","night","Push","Dormant_Social_Day_1_Unpredictability_T2","early_morning","Push","Dormant_Social_Day_1_Unpredictability_T3","mid_morning","Push","Dormant_Social_Day_1_Unpredictability_T4","mid_morning","In-App","Dormant_Social_Day_1_Unpredictability_T5","afternoon","In-App","Dormant_Social_Day_1_Unpredictability_T1","late_afternoon","In-App","Dormant_Social_Day_1_Unpredictability_T2","late_afternoon","In-App","Dormant_Social_Day_1_Unpredictability_T3","evening","In-App","Dormant_Social_Day_1_Unpredictability_T4","night","In-App"
"USR_000488","0","Day 154","Inactive_Socialite_Day_1_Unpredictability_T1","early_morning","Push","Inactive_Socialite_Day_1_Unpredictability_T2","early_morning","Push","Inactive_Socialite_Day_1_Unpredictability_T3","mid_morning","Push","Inactive_Socialite_Day_1_Unpredictability_T4","afternoon","In-App","Inactive_Socialite_Day_1_Unpredictability_T5","afternoon","In-App","Inactive_Socialite_Day_1_Unpredictability_T1","late_afternoon","In-App","Inactive_Socialite_Day_1_Unpredictability_T2","evening","In-App","Inactive_Socialite_Day_1_Unpredictability_T3","evening","In-App","Inactive_Socialite_Day_1_Unpredictability_T4","night","In-App"
"USR_000489","5","Day 0","Dormant_Achiever_Day_1_Scarcity_and_Impatience_T1","late_afternoon","Push","Dormant_Achiever_Day_1_Scarcity_and_Impatience_T2","evening","Push","Dormant_Achiever_Day_1_Scarcity_and_Impatience_T3","evening","Push","Dormant_Achiever_Day_1_Scarcity_and_Impatience_T4","night","In-App","Dormant_Achiever_Day_1_Scarcity_and_Impatience_T5","night","In-App","Dormant_Achiever_Day_1_Scarcity_and_Impatience_T1","night","In-App","Dormant_Achiever_Day_1_Scarcity_and_Impatience_T2","night","In-App","Dormant_Achiever_Day_1_Scarcity_and_Impatience_T3","early_morning","In-App","Dormant_Achiever_Day_1_Scarcity_and_Impatience_T4","early_morning","In-App"
"USR_000490","2","Day 102","Paid_Social_Achiever_Week_4_Creativity_and_Feedback_T1","night","Push","Paid_Social_Achiever_Week_4_Creativity_and_Feedback_T2","night","Push","Paid_Social_Achiever_Week_4_Creativity_and_Feedback_T3","night","Push","Paid_Social_Achiever_Week_4_Creativity_and_Feedback_T4","night","In-App","Paid_Social_Achiever_Week_4_Creativity_and_Feedback_T5","early_morning","In-App","Paid_Social_Achiever_Week_4_Creativity_and_Feedback_T1","early_morning","In-App","Paid_Social_Achiever_Week_4_Creativity_and_Feedback_T2","mid_morning","In-App","Paid_Social_Achiever_Week_4_Creativity_and_Feedback_T3","afternoon","In-App","Paid_Social_Achiever_Week_4_Creativity_and_Feedback_T4","afternoon","In-App"
"USR_000491","2","Day 116","Paid_Social_Achiever_Week_4_Creativity_and_Feedback_T1","evening","Push","Paid_Social_Achiever_Week_4_Creativity_and_Feedback_T2","night","Push","Paid_Social_Achiever_Week_4_Creativity_and_Feedback_T3","night","Push","Paid_Social_Achiever_Week_4_Creativity_and_Feedback_T4","night","In-App","Paid_Social_Achiever_Week_4_Creativity_and_Feedback_T5","night","In-App","Paid_Social_Achiever_Week_4_Creativity_and_Feedback_T1","night","In-App","Paid_Social_Achiever_Week_4_Creativity_and_Feedback_T2","early_morning","In-App","Paid_Social_Achiever_Week_4_Creativity_and_Feedback_T3","mid_morning","In-App","Paid_Social_Achiever_Week_4_Creativity_and_Feedback_T4","mid_morning","In-App"
"USR_000492","0","Day 110","Inactive_Socialite_Day_1_Unpredictability_T1","late_afternoon","Push","Inactive_Socialite_Day_1_Unpredictability_T2","evening","Push","Inactive_Socialite_Day_1_Unpredictability_T3","evening","Push","Inactive_Socialite_Day_1_Unpredictability_T4","night","In-App","Inactive_Socialite_Day_1_Unpredictability_T5","night","In-App","Inactive_Socialite_Day_1_Unpredictability_T1","night","In-App","Inactive_Socialite_Day_1_Unpredictability_T2","night","In-App","Inactive_Socialite_Day_1_Unpredictability_T3","early_morning","In-App","Inactive_Socialite_Day_1_Unpredictability_T4","early_morning","In-App"
"USR_000493","5","Day 3","Dormant_Achiever_Day_1_Scarcity_and_Impatience_T1","night","Push","Dormant_Achiever_Day_1_Scarcity_and_Impatience_T2","night","Push","Dormant_Achiever_Day_1_Scarcity_and_Impatience_T3","night","Push","Dormant_Achiever_Day_1_Scarcity_and_Impatience_T4","night","In-App","Dormant_Achiever_Day_1_Scarcity_and_Impatience_T5","early_morning","In-App","Dormant_Achiever_Day_1_Scarcity_and_Impatience_T1","early_morning","In-App","Dormant_Achiever_Day_1_Scarcity_and_Impatience_T2","mid_morning","In-App","Dormant_Achiever_Day_1_Scarcity_and_Impatience_T3","afternoon","In-App","Dormant_Achiever_Day_1_Scarcity_and_Impatience_T4","afternoon","In-App"
"USR_000494","4","Day 60","Dormant_Social_Day_1_Unpredictability_T1","early_morning","Push","Dormant_Social_Day_1_Unpredictability_T2","early_morning","Push","Dormant_Social_Day_1_Unpredictability_T3","mid_morning","Push","Dormant_Social_Day_1_Unpredictability_T4","afternoon","In-App","Dormant_Social_Day_1_Unpredictability_T5","afternoon","In-App","Dormant_Social_Day_1_Unpredictability_T1","late_afternoon","In-App","Dormant_Social_Day_1_Unpredictability_T2","evening","In-App","Dormant_Social_Day_1_Unpredictability_T3","evening","In-App","Dormant_Social_Day_1_Unpredictability_T4","night","In-App"
"USR_000495","7","Day 71","Paid_Competitive_Week_4_Ownership_and_Possession_T1","evening","Push","Paid_Competitive_Week_4_Ownership_and_Possession_T2","night","Push","Paid_Competitive_Week_4_Ownership_and_Possession_T3","night","Push","Paid_Competitive_Week_4_Ownership_and_Possession_T4","night","In-App","Paid_Competitive_Week_4_Ownership_and_Possession_T5","night","In-App","Paid_Competitive_Week_4_Ownership_and_Possession_T1","night","In-App","Paid_Competitive_Week_4_Ownership_and_Possession_T2","early_morning","In-App","Paid_Competitive_Week_4_Ownership_and_Possession_T3","mid_morning","In-App","Paid_Competitive_Week_4_Ownership_and_Possession_T4","mid_morning","In-App"
"USR_000496","5","Day 3","Dormant_Achiever_Day_1_Scarcity_and_Impatience_T1","night","Push","Dormant_Achiever_Day_1_Scarcity_and_Impatience_T2","night","Push","Dormant_Achiever_Day_1_Scarcity_and_Impatience_T3","night","Push","Dormant_Achiever_Day_1_Scarcity_and_Impatience_T4","night","In-App","Dormant_Achiever_Day_1_Scarcity_and_Impatience_T5","early_morning","In-App","Dormant_Achiever_Day_1_Scarcity_and_Impatience_T1","early_morning","In-App","Dormant_Achiever_Day_1_Scarcity_and_Impatience_T2","mid_morning","In-App","Dormant_Achiever_Day_1_Scarcity_and_Impatience_T3","afternoon","In-App","Dormant_Achiever_Day_1_Scarcity_and_Impatience_T4","afternoon","In-App"
"USR_000497","0","Day 142","Inactive_Socialite_Day_1_Unpredictability_T1","early_morning","Push","Inactive_Socialite_Day_1_Unpredictability_T2","mid_morning","Push","Inactive_Socialite_Day_1_Unpredictability_T3","afternoon","Push","Inactive_Socialite_Day_1_Unpredictability_T4","afternoon","In-App","Inactive_Socialite_Day_1_Unpredictability_T5","late_afternoon","In-App","Inactive_Socialite_Day_1_Unpredictability_T1","evening","In-App","Inactive_Socialite_Day_1_Unpredictability_T2","evening","In-App","Inactive_Socialite_Day_1_Unpredictability_T3","night","In-App","Inactive_Socialite_Day_1_Unpredictability_T4","night","In-App"
"USR_000498","3","Day 5","Inactive_Socialite_Day_1_Scarcity_and_Impatience_T1","afternoon","Push","Inactive_Socialite_Day_1_Scarcity_and_Impatience_T2","late_afternoon","Push","Inactive_Socialite_Day_1_Scarcity_and_Impatience_T3","late_afternoon","Push","Inactive_Socialite_Day_1_Scarcity_and_Impatience_T4","evening","In-App","Inactive_Socialite_Day_1_Scarcity_and_Impatience_T5","night","In-App","Inactive_Socialite_Day_1_Scarcity_and_Impatience_T1","night","In-App","Inactive_Socialite_Day_1_Scarcity_and_Impatience_T2","night","In-App","Inactive_Socialite_Day_1_Scarcity_and_Impatience_T3","night","In-App","Inactive_Socialite_Day_1_Scarcity_and_Impatience_T4","night","In-App"
"USR_000499","2","Day 39","Paid_Social_Achiever_Week_4_Creativity_and_Feedback_T1","evening","Push","Paid_Social_Achiever_Week_4_Creativity_and_Feedback_T2","evening","Push","Paid_Social_Achiever_Week_4_Creativity_and_Feedback_T3","night","Push","Paid_Social_Achiever_Week_4_Creativity_and_Feedback_T4","night","In-App","Paid_Social_Achiever_Week_4_Creativity_and_Feedback_T5","night","In-App","Paid_Social_Achiever_Week_4_Creativity_and_Feedback_T1","night","In-App","Paid_Social_Achiever_Week_4_Creativity_and_Feedback_T2","early_morning","In-App","Paid_Social_Achiever_Week_4_Creativity_and_Feedback_T3","early_morning","In-App","Paid_Social_Achiever_Week_4_Creativity_and_Feedback_T4","mid_morning","In-App"
"USR_000500","5","Day 7","Dormant_Achiever_Day_1_Scarcity_and_Impatience_T1","late_afternoon","Push","Dormant_Achiever_Day_1_Scarcity_and_Impatience_T2","evening","Push","Dormant_Achiever_Day_1_Scarcity_and_Impatience_T3","evening","Push","Dormant_Achiever_Day_1_Scarcity_and_Impatience_T4","night","In-App","Dormant_Achiever_Day_1_Scarcity_and_Impatience_T5","night","In-App","Dormant_Achiever_Day_1_Scarcity_and_Impatience_T1","night","In-App","Dormant_Achiever_Day_1_Scarcity_and_Impatience_T2","night","In-App","Dormant_Achiever_Day_1_Scarcity_and_Impatience_T3","early_morning","In-App","Dormant_Achiever_Day_1_Scarcity_and_Impatience_T4","early_morning","In-App"
"USR_000501","5","Day 0","Dormant_Achiever_Day_1_Scarcity_and_Impatience_T1","late_afternoon","Push","Dormant_Achiever_Day_1_Scarcity_and_Impatience_T2","evening","Push","Dormant_Achiever_Day_1_Scarcity_and_Impatience_T3","evening","Push","Dormant_Achiever_Day_1_Scarcity_and_Impatience_T4","night","In-App","Dormant_Achiever_Day_1_Scarcity_and_Impatience_T5","night","In-App","Dormant_Achiever_Day_1_Scarcity_and_Impatience_T1","night","In-App","Dormant_Achiever_Day_1_Scarcity_and_Impatience_T2","night","In-App","Dormant_Achiever_Day_1_Scarcity_and_Impatience_T3","early_morning","In-App","Dormant_Achiever_Day_1_Scarcity_and_Impatience_T4","early_morning","In-App"
"USR_000502","2","Day 119","Paid_Social_Achiever_Week_4_Creativity_and_Feedback_T1","late_afternoon","Push","Paid_Social_Achiever_Week_4_Creativity_and_Feedback_T2","evening","Push","Paid_Social_Achiever_Week_4_Creativity_and_Feedback_T3","night","Push","Paid_Social_Achiever_Week_4_Creativity_and_Feedback_T4","night","In-App","Paid_Social_Achiever_Week_4_Creativity_and_Feedback_T5","night","In-App","Paid_Social_Achiever_Week_4_Creativity_and_Feedback_T1","night","In-App","Paid_Social_Achiever_Week_4_Creativity_and_Feedback_T2","night","In-App","Paid_Social_Achiever_Week_4_Creativity_and_Feedback_T3","early_morning","In-App","Paid_Social_Achiever_Week_4_Creativity_and_Feedback_T4","mid_morning","In-App"
"USR_000503","2","Day 52","Paid_Social_Achiever_Week_4_Creativity_and_Feedback_T1","evening","Push","Paid_Social_Achiever_Week_4_Creativity_and_Feedback_T2","night","Push","Paid_Social_Achiever_Week_4_Creativity_and_Feedback_T3","night","Push","Paid_Social_Achiever_Week_4_Creativity_and_Feedback_T4","night","In-App","Paid_Social_Achiever_Week_4_Creativity_and_Feedback_T5","night","In-App","Paid_Social_Achiever_Week_4_Creativity_and_Feedback_T1","night","In-App","Paid_Social_Achiever_Week_4_Creativity_and_Feedback_T2","early_morning","In-App","Paid_Social_Achiever_Week_4_Creativity_and_Feedback_T3","mid_morning","In-App","Paid_Social_Achiever_Week_4_Creativity_and_Feedback_T4","mid_morning","In-App"
"USR_000504","4","Day 84","Dormant_Social_Day_1_Unpredictability_T1","night","Push","Dormant_Social_Day_1_Unpredictability_T2","night","Push","Dormant_Social_Day_1_Unpredictability_T3","night","Push","Dormant_Social_Day_1_Unpredictability_T4","night","In-App","Dormant_Social_Day_1_Unpredictability_T5","early_morning","In-App","Dormant_Social_Day_1_Unpredictability_T1","early_morning","In-App","Dormant_Social_Day_1_Unpredictability_T2","mid_morning","In-App","Dormant_Social_Day_1_Unpredictability_T3","afternoon","In-App","Dormant_Social_Day_1_Unpredictability_T4","afternoon","In-App"
"USR_000505","4","Day 61","Dormant_Social_Day_1_Unpredictability_T1","early_morning","Push","Dormant_Social_Day_1_Unpredictability_T2","mid_morning","Push","Dormant_Social_Day_1_Unpredictability_T3","afternoon","Push","Dormant_Social_Day_1_Unpredictability_T4","afternoon","In-App","Dormant_Social_Day_1_Unpredictability_T5","late_afternoon","In-App","Dormant_Social_Day_1_Unpredictability_T1","evening","In-App","Dormant_Social_Day_1_Unpredictability_T2","evening","In-App","Dormant_Social_Day_1_Unpredictability_T3","night","In-App","Dormant_Social_Day_1_Unpredictability_T4","night","In-App"
"USR_000506","0","Day 166","Inactive_Socialite_Day_1_Unpredictability_T1","mid_morning","Push","Inactive_Socialite_Day_1_Unpredictability_T2","mid_morning","Push","Inactive_Socialite_Day_1_Unpredictability_T3","afternoon","Push","Inactive_Socialite_Day_1_Unpredictability_T4","late_afternoon","In-App","Inactive_Socialite_Day_1_Unpredictability_T5","late_afternoon","In-App","Inactive_Socialite_Day_1_Unpredictability_T1","evening","In-App","Inactive_Socialite_Day_1_Unpredictability_T2","night","In-App","Inactive_Socialite_Day_1_Unpredictability_T3","night","In-App","Inactive_Socialite_Day_1_Unpredictability_T4","night","In-App"
"USR_000507","1","Day 5","Inactive_Social_Learners_Day_1_Social_Influence_T1","mid_morning","Push","Inactive_Social_Learners_Day_1_Social_Influence_T2","mid_morning","Push","Inactive_Social_Learners_Day_1_Social_Influence_T3","afternoon","Push","Inactive_Social_Learners_Day_1_Social_Influence_T4","late_afternoon","In-App","Inactive_Social_Learners_Day_1_Social_Influence_T5","late_afternoon","In-App","Inactive_Social_Learners_Day_1_Social_Influence_T1","evening","In-App","Inactive_Social_Learners_Day_1_Social_Influence_T2","night","In-App","Inactive_Social_Learners_Day_1_Social_Influence_T3","night","In-App","Inactive_Social_Learners_Day_1_Social_Influence_T4","night","In-App"
"USR_000508","2","Day 58","Paid_Social_Achiever_Week_4_Creativity_and_Feedback_T1","late_afternoon","Push","Paid_Social_Achiever_Week_4_Creativity_and_Feedback_T2","late_afternoon","Push","Paid_Social_Achiever_Week_4_Creativity_and_Feedback_T3","evening","Push","Paid_Social_Achiever_Week_4_Creativity_and_Feedback_T4","night","In-App","Paid_Social_Achiever_Week_4_Creativity_and_Feedback_T5","night","In-App","Paid_Social_Achiever_Week_4_Creativity_and_Feedback_T1","night","In-App","Paid_Social_Achiever_Week_4_Creativity_and_Feedback_T2","night","In-App","Paid_Social_Achiever_Week_4_Creativity_and_Feedback_T3","night","In-App","Paid_Social_Achiever_Week_4_Creativity_and_Feedback_T4","early_morning","In-App"
"USR_000509","0","Day 165","Inactive_Socialite_Day_1_Unpredictability_T1","evening","Push","Inactive_Socialite_Day_1_Unpredictability_T2","night","Push","Inactive_Socialite_Day_1_Unpredictability_T3","night","Push","Inactive_Socialite_Day_1_Unpredictability_T4","night","In-App","Inactive_Socialite_Day_1_Unpredictability_T5","night","In-App","Inactive_Socialite_Day_1_Unpredictability_T1","night","In-App","Inactive_Socialite_Day_1_Unpredictability_T2","early_morning","In-App","Inactive_Socialite_Day_1_Unpredictability_T3","mid_morning","In-App","Inactive_Socialite_Day_1_Unpredictability_T4","mid_morning","In-App"
"USR_000510","7","Day 23","Paid_Competitive_Week_4_Ownership_and_Possession_T1","mid_morning","Push","Paid_Competitive_Week_4_Ownership_and_Possession_T2","afternoon","Push","Paid_Competitive_Week_4_Ownership_and_Possession_T3","afternoon","Push","Paid_Competitive_Week_4_Ownership_and_Possession_T4","late_afternoon","In-App","Paid_Competitive_Week_4_Ownership_and_Possession_T5","evening","In-App","Paid_Competitive_Week_4_Ownership_and_Possession_T1","evening","In-App","Paid_Competitive_Week_4_Ownership_and_Possession_T2","night","In-App","Paid_Competitive_Week_4_Ownership_and_Possession_T3","night","In-App","Paid_Competitive_Week_4_Ownership_and_Possession_T4","night","In-App"
"USR_000511","3","Day 5","Inactive_Socialite_Day_1_Scarcity_and_Impatience_T1","evening","Push","Inactive_Socialite_Day_1_Scarcity_and_Impatience_T2","night","Push","Inactive_Socialite_Day_1_Scarcity_and_Impatience_T3","night","Push","Inactive_Socialite_Day_1_Scarcity_and_Impatience_T4","night","In-App","Inactive_Socialite_Day_1_Scarcity_and_Impatience_T5","night","In-App","Inactive_Socialite_Day_1_Scarcity_and_Impatience_T1","early_morning","In-App","Inactive_Socialite_Day_1_Scarcity_and_Impatience_T2","early_morning","In-App","Inactive_Socialite_Day_1_Scarcity_and_Impatience_T3","mid_morning","In-App","Inactive_Socialite_Day_1_Scarcity_and_Impatience_T4","afternoon","In-App"
"USR_000512","0","Day 145","Inactive_Socialite_Day_1_Unpredictability_T1","night","Push","Inactive_Socialite_Day_1_Unpredictability_T2","night","Push","Inactive_Socialite_Day_1_Unpredictability_T3","night","Push","Inactive_Socialite_Day_1_Unpredictability_T4","night","In-App","Inactive_Socialite_Day_1_Unpredictability_T5","night","In-App","Inactive_Socialite_Day_1_Unpredictability_T1","early_morning","In-App","Inactive_Socialite_Day_1_Unpredictability_T2","mid_morning","In-App","Inactive_Socialite_Day_1_Unpredictability_T3","mid_morning","In-App","Inactive_Socialite_Day_1_Unpredictability_T4","afternoon","In-App"
"USR_000513","4","Day 25","Dormant_Social_Day_1_Unpredictability_T1","late_afternoon","Push","Dormant_Social_Day_1_Unpredictability_T2","late_afternoon","Push","Dormant_Social_Day_1_Unpredictability_T3","evening","Push","Dormant_Social_Day_1_Unpredictability_T4","night","In-App","Dormant_Social_Day_1_Unpredictability_T5","night","In-App","Dormant_Social_Day_1_Unpredictability_T1","night","In-App","Dormant_Social_Day_1_Unpredictability_T2","night","In-App","Dormant_Social_Day_1_Unpredictability_T3","night","In-App","Dormant_Social_Day_1_Unpredictability_T4","early_morning","In-App"
"USR_000514","7","Day 74","Paid_Competitive_Week_4_Ownership_and_Possession_T1","evening","Push","Paid_Competitive_Week_4_Ownership_and_Possession_T2","evening","Push","Paid_Competitive_Week_4_Ownership_and_Possession_T3","night","Push","Paid_Competitive_Week_4_Ownership_and_Possession_T4","night","In-App","Paid_Competitive_Week_4_Ownership_and_Possession_T5","night","In-App","Paid_Competitive_Week_4_Ownership_and_Possession_T1","night","In-App","Paid_Competitive_Week_4_Ownership_and_Possession_T2","early_morning","In-App","Paid_Competitive_Week_4_Ownership_and_Possession_T3","early_morning","In-App","Paid_Competitive_Week_4_Ownership_and_Possession_T4","mid_morning","In-App"
"USR_000515","4","Day 41","Dormant_Social_Day_1_Unpredictability_T1","early_morning","Push","Dormant_Social_Day_1_Unpredictability_T2","mid_morning","Push","Dormant_Social_Day_1_Unpredictability_T3","mid_morning","Push","Dormant_Social_Day_1_Unpredictability_T4","afternoon","In-App","Dormant_Social_Day_1_Unpredictability_T5","late_afternoon","In-App","Dormant_Social_Day_1_Unpredictability_T1","late_afternoon","In-App","Dormant_Social_Day_1_Unpredictability_T2","evening","In-App","Dormant_Social_Day_1_Unpredictability_T3","night","In-App","Dormant_Social_Day_1_Unpredictability_T4","night","In-App"
"USR_000516","3","Day 1","Inactive_Socialite_Day_1_Scarcity_and_Impatience_T1","late_afternoon","Push","Inactive_Socialite_Day_1_Scarcity_and_Impatience_T2","evening","Push","Inactive_Socialite_Day_1_Scarcity_and_Impatience_T3","evening","Push","Inactive_Socialite_Day_1_Scarcity_and_Impatience_T4","night","In-App","Inactive_Socialite_Day_1_Scarcity_and_Impatience_T5","night","In-App","Inactive_Socialite_Day_1_Scarcity_and_Impatience_T1","night","In-App","Inactive_Socialite_Day_1_Scarcity_and_Impatience_T2","night","In-App","Inactive_Socialite_Day_1_Scarcity_and_Impatience_T3","early_morning","In-App","Inactive_Socialite_Day_1_Scarcity_and_Impatience_T4","early_morning","In-App"
"USR_000517","2","Day 113","Paid_Social_Achiever_Week_4_Creativity_and_Feedback_T1","night","Push","Paid_Social_Achiever_Week_4_Creativity_and_Feedback_T2","night","Push","Paid_Social_Achiever_Week_4_Creativity_and_Feedback_T3","night","Push","Paid_Social_Achiever_Week_4_Creativity_and_Feedback_T4","night","In-App","Paid_Social_Achiever_Week_4_Creativity_and_Feedback_T5","early_morning","In-App","Paid_Social_Achiever_Week_4_Creativity_and_Feedback_T1","mid_morning","In-App","Paid_Social_Achiever_Week_4_Creativity_and_Feedback_T2","mid_morning","In-App","Paid_Social_Achiever_Week_4_Creativity_and_Feedback_T3","afternoon","In-App","Paid_Social_Achiever_Week_4_Creativity_and_Feedback_T4","late_afternoon","In-App"
"USR_000518","2","Day 89","Paid_Social_Achiever_Week_4_Creativity_and_Feedback_T1","night","Push","Paid_Social_Achiever_Week_4_Creativity_and_Feedback_T2","night","Push","Paid_Social_Achiever_Week_4_Creativity_and_Feedback_T3","night","Push","Paid_Social_Achiever_Week_4_Creativity_and_Feedback_T4","night","In-App","Paid_Social_Achiever_Week_4_Creativity_and_Feedback_T5","night","In-App","Paid_Social_Achiever_Week_4_Creativity_and_Feedback_T1","early_morning","In-App","Paid_Social_Achiever_Week_4_Creativity_and_Feedback_T2","mid_morning","In-App","Paid_Social_Achiever_Week_4_Creativity_and_Feedback_T3","mid_morning","In-App","Paid_Social_Achiever_Week_4_Creativity_and_Feedback_T4","afternoon","In-App"
"USR_000519","5","Day 2","Dormant_Achiever_Day_1_Scarcity_and_Impatience_T1","early_morning","Push","Dormant_Achiever_Day_1_Scarcity_and_Impatience_T2","early_morning","Push","Dormant_Achiever_Day_1_Scarcity_and_Impatience_T3","mid_morning","Push","Dormant_Achiever_Day_1_Scarcity_and_Impatience_T4","afternoon","In-App","Dormant_Achiever_Day_1_Scarcity_and_Impatience_T5","afternoon","In-App","Dormant_Achiever_Day_1_Scarcity_and_Impatience_T1","late_afternoon","In-App","Dormant_Achiever_Day_1_Scarcity_and_Impatience_T2","evening","In-App","Dormant_Achiever_Day_1_Scarcity_and_Impatience_T3","evening","In-App","Dormant_Achiever_Day_1_Scarcity_and_Impatience_T4","night","In-App"
"USR_000520","3","Day 7","Inactive_Socialite_Day_1_Scarcity_and_Impatience_T1","early_morning","Push","Inactive_Socialite_Day_1_Scarcity_and_Impatience_T2","mid_morning","Push","Inactive_Socialite_Day_1_Scarcity_and_Impatience_T3","afternoon","Push","Inactive_Socialite_Day_1_Scarcity_and_Impatience_T4","afternoon","In-App","Inactive_Socialite_Day_1_Scarcity_and_Impatience_T5","late_afternoon","In-App","Inactive_Socialite_Day_1_Scarcity_and_Impatience_T1","evening","In-App","Inactive_Socialite_Day_1_Scarcity_and_Impatience_T2","evening","In-App","Inactive_Socialite_Day_1_Scarcity_and_Impatience_T3","night","In-App","Inactive_Socialite_Day_1_Scarcity_and_Impatience_T4","night","In-App"
"USR_000521","2","Day 23","Paid_Social_Achiever_Week_4_Creativity_and_Feedback_T1","night","Push","Paid_Social_Achiever_Week_4_Creativity_and_Feedback_T2","night","Push","Paid_Social_Achiever_Week_4_Creativity_and_Feedback_T3","night","Push","Paid_Social_Achiever_Week_4_Creativity_and_Feedback_T4","night","In-App","Paid_Social_Achiever_Week_4_Creativity_and_Feedback_T5","early_morning","In-App","Paid_Social_Achiever_Week_4_Creativity_and_Feedback_T1","early_morning","In-App","Paid_Social_Achiever_Week_4_Creativity_and_Feedback_T2","mid_morning","In-App","Paid_Social_Achiever_Week_4_Creativity_and_Feedback_T3","afternoon","In-App","Paid_Social_Achiever_Week_4_Creativity_and_Feedback_T4","afternoon","In-App"
"USR_000522","3","Day 3","Inactive_Socialite_Day_1_Scarcity_and_Impatience_T1","night","Push","Inactive_Socialite_Day_1_Scarcity_and_Impatience_T2","night","Push","Inactive_Socialite_Day_1_Scarcity_and_Impatience_T3","night","Push","Inactive_Socialite_Day_1_Scarcity_and_Impatience_T4","night","In-App","Inactive_Socialite_Day_1_Scarcity_and_Impatience_T5","night","In-App","Inactive_Socialite_Day_1_Scarcity_and_Impatience_T1","early_morning","In-App","Inactive_Socialite_Day_1_Scarcity_and_Impatience_T2","mid_morning","In-App","Inactive_Socialite_Day_1_Scarcity_and_Impatience_T3","mid_morning","In-App","Inactive_Socialite_Day_1_Scarcity_and_Impatience_T4","afternoon","In-App"
"USR_000523","2","Day 58","Paid_Social_Achiever_Week_4_Creativity_and_Feedback_T1","evening","Push","Paid_Social_Achiever_Week_4_Creativity_and_Feedback_T2","evening","Push","Paid_Social_Achiever_Week_4_Creativity_and_Feedback_T3","night","Push","Paid_Social_Achiever_Week_4_Creativity_and_Feedback_T4","night","In-App","Paid_Social_Achiever_Week_4_Creativity_and_Feedback_T5","night","In-App","Paid_Social_Achiever_Week_4_Creativity_and_Feedback_T1","night","In-App","Paid_Social_Achiever_Week_4_Creativity_and_Feedback_T2","early_morning","In-App","Paid_Social_Achiever_Week_4_Creativity_and_Feedback_T3","early_morning","In-App","Paid_Social_Achiever_Week_4_Creativity_and_Feedback_T4","mid_morning","In-App"
"USR_000524","5","Day 9","Dormant_Achiever_Day_1_Scarcity_and_Impatience_T1","late_afternoon","Push","Dormant_Achiever_Day_1_Scarcity_and_Impatience_T2","evening","Push","Dormant_Achiever_Day_1_Scarcity_and_Impatience_T3","night","Push","Dormant_Achiever_Day_1_Scarcity_and_Impatience_T4","night","In-App","Dormant_Achiever_Day_1_Scarcity_and_Impatience_T5","night","In-App","Dormant_Achiever_Day_1_Scarcity_and_Impatience_T1","night","In-App","Dormant_Achiever_Day_1_Scarcity_and_Impatience_T2","night","In-App","Dormant_Achiever_Day_1_Scarcity_and_Impatience_T3","early_morning","In-App","Dormant_Achiever_Day_1_Scarcity_and_Impatience_T4","mid_morning","In-App"
"USR_000525","5","Day 4","Dormant_Achiever_Day_1_Scarcity_and_Impatience_T1","afternoon","Push","Dormant_Achiever_Day_1_Scarcity_and_Impatience_T2","afternoon","Push","Dormant_Achiever_Day_1_Scarcity_and_Impatience_T3","late_afternoon","Push","Dormant_Achiever_Day_1_Scarcity_and_Impatience_T4","evening","In-App","Dormant_Achiever_Day_1_Scarcity_and_Impatience_T5","evening","In-App","Dormant_Achiever_Day_1_Scarcity_and_Impatience_T1","night","In-App","Dormant_Achiever_Day_1_Scarcity_and_Impatience_T2","night","In-App","Dormant_Achiever_Day_1_Scarcity_and_Impatience_T3","night","In-App","Dormant_Achiever_Day_1_Scarcity_and_Impatience_T4","night","In-App"
"USR_000526","2","Day 95","Paid_Social_Achiever_Week_4_Creativity_and_Feedback_T1","night","Push","Paid_Social_Achiever_Week_4_Creativity_and_Feedback_T2","night","Push","Paid_Social_Achiever_Week_4_Creativity_and_Feedback_T3","night","Push","Paid_Social_Achiever_Week_4_Creativity_and_Feedback_T4","night","In-App","Paid_Social_Achiever_Week_4_Creativity_and_Feedback_T5","night","In-App","Paid_Social_Achiever_Week_4_Creativity_and_Feedback_T1","early_morning","In-App","Paid_Social_Achiever_Week_4_Creativity_and_Feedback_T2","mid_morning","In-App","Paid_Social_Achiever_Week_4_Creativity_and_Feedback_T3","mid_morning","In-App","Paid_Social_Achiever_Week_4_Creativity_and_Feedback_T4","afternoon","In-App"
"USR_000527","0","Day 166","Inactive_Socialite_Day_1_Unpredictability_T1","night","Push","Inactive_Socialite_Day_1_Unpredictability_T2","night","Push","Inactive_Socialite_Day_1_Unpredictability_T3","night","Push","Inactive_Socialite_Day_1_Unpredictability_T4","night","In-App","Inactive_Socialite_Day_1_Unpredictability_T5","early_morning","In-App","Inactive_Socialite_Day_1_Unpredictability_T1","early_morning","In-App","Inactive_Socialite_Day_1_Unpredictability_T2","mid_morning","In-App","Inactive_Socialite_Day_1_Unpredictability_T3","afternoon","In-App","Inactive_Socialite_Day_1_Unpredictability_T4","afternoon","In-App"
"USR_000528","5","Day 5","Dormant_Achiever_Day_1_Scarcity_and_Impatience_T1","late_afternoon","Push","Dormant_Achiever_Day_1_Scarcity_and_Impatience_T2","late_afternoon","Push","Dormant_Achiever_Day_1_Scarcity_and_Impatience_T3","evening","Push","Dormant_Achiever_Day_1_Scarcity_and_Impatience_T4","night","In-App","Dormant_Achiever_Day_1_Scarcity_and_Impatience_T5","night","In-App","Dormant_Achiever_Day_1_Scarcity_and_Impatience_T1","night","In-App","Dormant_Achiever_Day_1_Scarcity_and_Impatience_T2","night","In-App","Dormant_Achiever_Day_1_Scarcity_and_Impatience_T3","night","In-App","Dormant_Achiever_Day_1_Scarcity_and_Impatience_T4","early_morning","In-App"
"USR_000529","0","Day 138","Inactive_Socialite_Day_1_Unpredictability_T1","mid_morning","Push","Inactive_Socialite_Day_1_Unpredictability_T2","afternoon","Push","Inactive_Socialite_Day_1_Unpredictability_T3","afternoon","Push","Inactive_Socialite_Day_1_Unpredictability_T4","late_afternoon","In-App","Inactive_Socialite_Day_1_Unpredictability_T5","evening","In-App","Inactive_Socialite_Day_1_Unpredictability_T1","evening","In-App","Inactive_Socialite_Day_1_Unpredictability_T2","night","In-App","Inactive_Socialite_Day_1_Unpredictability_T3","night","In-App","Inactive_Socialite_Day_1_Unpredictability_T4","night","In-App"
"USR_000530","4","Day 74","Dormant_Social_Day_1_Unpredictability_T1","late_afternoon","Push","Dormant_Social_Day_1_Unpredictability_T2","evening","Push","Dormant_Social_Day_1_Unpredictability_T3","evening","Push","Dormant_Social_Day_1_Unpredictability_T4","night","In-App","Dormant_Social_Day_1_Unpredictability_T5","night","In-App","Dormant_Social_Day_1_Unpredictability_T1","night","In-App","Dormant_Social_Day_1_Unpredictability_T2","night","In-App","Dormant_Social_Day_1_Unpredictability_T3","early_morning","In-App","Dormant_Social_Day_1_Unpredictability_T4","early_morning","In-App"
"USR_000531","2","Day 12","Paid_Social_Achiever_Week_2_Creativity_and_Feedback_T1","evening","Push","Paid_Social_Achiever_Week_2_Creativity_and_Feedback_T2","night","Push","Paid_Social_Achiever_Week_2_Creativity_and_Feedback_T3","night","Push","Paid_Social_Achiever_Week_2_Creativity_and_Feedback_T4","night","In-App","Paid_Social_Achiever_Week_2_Creativity_and_Feedback_T5","night","In-App","Paid_Social_Achiever_Week_2_Creativity_and_Feedback_T1","night","In-App","Paid_Social_Achiever_Week_2_Creativity_and_Feedback_T2","early_morning","In-App","Paid_Social_Achiever_Week_2_Creativity_and_Feedback_T3","mid_morning","In-App","Paid_Social_Achiever_Week_2_Creativity_and_Feedback_T4","mid_morning","In-App"
"USR_000532","2","Day 20","Paid_Social_Achiever_Week_4_Creativity_and_Feedback_T1","evening","Push","Paid_Social_Achiever_Week_4_Creativity_and_Feedback_T2","evening","Push","Paid_Social_Achiever_Week_4_Creativity_and_Feedback_T3","night","Push","Paid_Social_Achiever_Week_4_Creativity_and_Feedback_T4","night","In-App","Paid_Social_Achiever_Week_4_Creativity_and_Feedback_T5","night","In-App","Paid_Social_Achiever_Week_4_Creativity_and_Feedback_T1","night","In-App","Paid_Social_Achiever_Week_4_Creativity_and_Feedback_T2","early_morning","In-App","Paid_Social_Achiever_Week_4_Creativity_and_Feedback_T3","early_morning","In-App","Paid_Social_Achiever_Week_4_Creativity_and_Feedback_T4","mid_morning","In-App"
"USR_000533","0","Day 162","Inactive_Socialite_Day_1_Unpredictability_T1","late_afternoon","Push","Inactive_Socialite_Day_1_Unpredictability_T2","evening","Push","Inactive_Socialite_Day_1_Unpredictability_T3","night","Push","Inactive_Socialite_Day_1_Unpredictability_T4","night","In-App","Inactive_Socialite_Day_1_Unpredictability_T5","night","In-App","Inactive_Socialite_Day_1_Unpredictability_T1","night","In-App","Inactive_Socialite_Day_1_Unpredictability_T2","night","In-App","Inactive_Socialite_Day_1_Unpredictability_T3","early_morning","In-App","Inactive_Socialite_Day_1_Unpredictability_T4","mid_morning","In-App"
"USR_000534","2","Day 31","Paid_Social_Achiever_Week_4_Creativity_and_Feedback_T1","afternoon","Push","Paid_Social_Achiever_Week_4_Creativity_and_Feedback_T2","late_afternoon","Push","Paid_Social_Achiever_Week_4_Creativity_and_Feedback_T3","late_afternoon","Push","Paid_Social_Achiever_Week_4_Creativity_and_Feedback_T4","evening","In-App","Paid_Social_Achiever_Week_4_Creativity_and_Feedback_T5","night","In-App","Paid_Social_Achiever_Week_4_Creativity_and_Feedback_T1","night","In-App","Paid_Social_Achiever_Week_4_Creativity_and_Feedback_T2","night","In-App","Paid_Social_Achiever_Week_4_Creativity_and_Feedback_T3","night","In-App","Paid_Social_Achiever_Week_4_Creativity_and_Feedback_T4","night","In-App"
"USR_000535","7","Day 9","Paid_Competitive_Week_2_Ownership_and_Possession_T1","afternoon","Push","Paid_Competitive_Week_2_Ownership_and_Possession_T2","late_afternoon","Push","Paid_Competitive_Week_2_Ownership_and_Possession_T3","evening","Push","Paid_Competitive_Week_2_Ownership_and_Possession_T4","evening","In-App","Paid_Competitive_Week_2_Ownership_and_Possession_T5","night","In-App","Paid_Competitive_Week_2_Ownership_and_Possession_T1","night","In-App","Paid_Competitive_Week_2_Ownership_and_Possession_T2","night","In-App","Paid_Competitive_Week_2_Ownership_and_Possession_T3","night","In-App","Paid_Competitive_Week_2_Ownership_and_Possession_T4","early_morning","In-App"
"USR_000536","3","Day 7","Inactive_Socialite_Day_1_Scarcity_and_Impatience_T1","late_afternoon","Push","Inactive_Socialite_Day_1_Scarcity_and_Impatience_T2","evening","Push","Inactive_Socialite_Day_1_Scarcity_and_Impatience_T3","evening","Push","Inactive_Socialite_Day_1_Scarcity_and_Impatience_T4","night","In-App","Inactive_Socialite_Day_1_Scarcity_and_Impatience_T5","night","In-App","Inactive_Socialite_Day_1_Scarcity_and_Impatience_T1","night","In-App","Inactive_Socialite_Day_1_Scarcity_and_Impatience_T2","night","In-App","Inactive_Socialite_Day_1_Scarcity_and_Impatience_T3","early_morning","In-App","Inactive_Socialite_Day_1_Scarcity_and_Impatience_T4","early_morning","In-App"
"USR_000537","7","Day 96","Paid_Competitive_Week_4_Ownership_and_Possession_T1","early_morning","Push","Paid_Competitive_Week_4_Ownership_and_Possession_T2","mid_morning","Push","Paid_Competitive_Week_4_Ownership_and_Possession_T3","mid_morning","Push","Paid_Competitive_Week_4_Ownership_and_Possession_T4","afternoon","In-App","Paid_Competitive_Week_4_Ownership_and_Possession_T5","late_afternoon","In-App","Paid_Competitive_Week_4_Ownership_and_Possession_T1","late_afternoon","In-App","Paid_Competitive_Week_4_Ownership_and_Possession_T2","evening","In-App","Paid_Competitive_Week_4_Ownership_and_Possession_T3","night","In-App","Paid_Competitive_Week_4_Ownership_and_Possession_T4","night","In-App"
"USR_000538","1","Day 2","Inactive_Social_Learners_Day_1_Social_Influence_T1","mid_morning","Push","Inactive_Social_Learners_Day_1_Social_Influence_T2","mid_morning","Push","Inactive_Social_Learners_Day_1_Social_Influence_T3","afternoon","Push","Inactive_Social_Learners_Day_1_Social_Influence_T4","late_afternoon","In-App","Inactive_Social_Learners_Day_1_Social_Influence_T5","late_afternoon","In-App","Inactive_Social_Learners_Day_1_Social_Influence_T1","evening","In-App","Inactive_Social_Learners_Day_1_Social_Influence_T2","night","In-App","Inactive_Social_Learners_Day_1_Social_Influence_T3","night","In-App","Inactive_Social_Learners_Day_1_Social_Influence_T4","night","In-App"
"USR_000539","6","Day 0","Dormant_Scholar_Day_1_Creativity_and_Feedback_T1","afternoon","Push","Dormant_Scholar_Day_1_Creativity_and_Feedback_T2","late_afternoon","Push","Dormant_Scholar_Day_1_Creativity_and_Feedback_T3","evening","Push","Dormant_Scholar_Day_1_Creativity_and_Feedback_T4","evening","In-App","Dormant_Scholar_Day_1_Creativity_and_Feedback_T5","night","In-App","Dormant_Scholar_Day_1_Creativity_and_Feedback_T1","night","In-App","Dormant_Scholar_Day_1_Creativity_and_Feedback_T2","night","In-App","Dormant_Scholar_Day_1_Creativity_and_Feedback_T3","night","In-App","Dormant_Scholar_Day_1_Creativity_and_Feedback_T4","early_morning","In-App"
"USR_000540","3","Day 6","Inactive_Socialite_Day_1_Scarcity_and_Impatience_T1","afternoon","Push","Inactive_Socialite_Day_1_Scarcity_and_Impatience_T2","afternoon","Push","Inactive_Socialite_Day_1_Scarcity_and_Impatience_T3","late_afternoon","Push","Inactive_Socialite_Day_1_Scarcity_and_Impatience_T4","evening","In-App","Inactive_Socialite_Day_1_Scarcity_and_Impatience_T5","evening","In-App","Inactive_Socialite_Day_1_Scarcity_and_Impatience_T1","night","In-App","Inactive_Socialite_Day_1_Scarcity_and_Impatience_T2","night","In-App","Inactive_Socialite_Day_1_Scarcity_and_Impatience_T3","night","In-App","Inactive_Socialite_Day_1_Scarcity_and_Impatience_T4","night","In-App"
"USR_000541","3","Day 3","Inactive_Socialite_Day_1_Scarcity_and_Impatience_T1","evening","Push","Inactive_Socialite_Day_1_Scarcity_and_Impatience_T2","evening","Push","Inactive_Socialite_Day_1_Scarcity_and_Impatience_T3","night","Push","Inactive_Socialite_Day_1_Scarcity_and_Impatience_T4","night","In-App","Inactive_Socialite_Day_1_Scarcity_and_Impatience_T5","night","In-App","Inactive_Socialite_Day_1_Scarcity_and_Impatience_T1","night","In-App","Inactive_Socialite_Day_1_Scarcity_and_Impatience_T2","early_morning","In-App","Inactive_Socialite_Day_1_Scarcity_and_Impatience_T3","early_morning","In-App","Inactive_Socialite_Day_1_Scarcity_and_Impatience_T4","mid_morning","In-App"
"USR_000542","6","Day 1","Dormant_Scholar_Day_1_Creativity_and_Feedback_T1","evening","Push","Dormant_Scholar_Day_1_Creativity_and_Feedback_T2","night","Push","Dormant_Scholar_Day_1_Creativity_and_Feedback_T3","night","Push","Dormant_Scholar_Day_1_Creativity_and_Feedback_T4","night","In-App","Dormant_Scholar_Day_1_Creativity_and_Feedback_T5","night","In-App","Dormant_Scholar_Day_1_Creativity_and_Feedback_T1","early_morning","In-App","Dormant_Scholar_Day_1_Creativity_and_Feedback_T2","early_morning","In-App","Dormant_Scholar_Day_1_Creativity_and_Feedback_T3","mid_morning","In-App","Dormant_Scholar_Day_1_Creativity_and_Feedback_T4","afternoon","In-App"
"USR_000543","0","Day 132","Inactive_Socialite_Day_1_Unpredictability_T1","mid_morning","Push","Inactive_Socialite_Day_1_Unpredictability_T2","afternoon","Push","Inactive_Socialite_Day_1_Unpredictability_T3","afternoon","Push","Inactive_Socialite_Day_1_Unpredictability_T4","late_afternoon","In-App","Inactive_Socialite_Day_1_Unpredictability_T5","evening","In-App","Inactive_Socialite_Day_1_Unpredictability_T1","evening","In-App","Inactive_Socialite_Day_1_Unpredictability_T2","night","In-App","Inactive_Socialite_Day_1_Unpredictability_T3","night","In-App","Inactive_Socialite_Day_1_Unpredictability_T4","night","In-App"
"USR_000544","2","Day 78","Paid_Social_Achiever_Week_4_Creativity_and_Feedback_T1","early_morning","Push","Paid_Social_Achiever_Week_4_Creativity_and_Feedback_T2","mid_morning","Push","Paid_Social_Achiever_Week_4_Creativity_and_Feedback_T3","afternoon","Push","Paid_Social_Achiever_Week_4_Creativity_and_Feedback_T4","afternoon","In-App","Paid_Social_Achiever_Week_4_Creativity_and_Feedback_T5","late_afternoon","In-App","Paid_Social_Achiever_Week_4_Creativity_and_Feedback_T1","evening","In-App","Paid_Social_Achiever_Week_4_Creativity_and_Feedback_T2","evening","In-App","Paid_Social_Achiever_Week_4_Creativity_and_Feedback_T3","night","In-App","Paid_Social_Achiever_Week_4_Creativity_and_Feedback_T4","night","In-App"
"USR_000545","6","Day 11","Dormant_Scholar_Day_1_Creativity_and_Feedback_T1","evening","Push","Dormant_Scholar_Day_1_Creativity_and_Feedback_T2","evening","Push","Dormant_Scholar_Day_1_Creativity_and_Feedback_T3","night","Push","Dormant_Scholar_Day_1_Creativity_and_Feedback_T4","night","In-App","Dormant_Scholar_Day_1_Creativity_and_Feedback_T5","night","In-App","Dormant_Scholar_Day_1_Creativity_and_Feedback_T1","night","In-App","Dormant_Scholar_Day_1_Creativity_and_Feedback_T2","early_morning","In-App","Dormant_Scholar_Day_1_Creativity_and_Feedback_T3","early_morning","In-App","Dormant_Scholar_Day_1_Creativity_and_Feedback_T4","mid_morning","In-App"
"USR_000546","3","Day 5","Inactive_Socialite_Day_1_Scarcity_and_Impatience_T1","night","Push","Inactive_Socialite_Day_1_Scarcity_and_Impatience_T2","night","Push","Inactive_Socialite_Day_1_Scarcity_and_Impatience_T3","night","Push","Inactive_Socialite_Day_1_Scarcity_and_Impatience_T4","night","In-App","Inactive_Socialite_Day_1_Scarcity_and_Impatience_T5","early_morning","In-App","Inactive_Socialite_Day_1_Scarcity_and_Impatience_T1","mid_morning","In-App","Inactive_Socialite_Day_1_Scarcity_and_Impatience_T2","mid_morning","In-App","Inactive_Socialite_Day_1_Scarcity_and_Impatience_T3","afternoon","In-App","Inactive_Socialite_Day_1_Scarcity_and_Impatience_T4","late_afternoon","In-App"
"USR_000547","4","Day 58","Dormant_Social_Day_1_Unpredictability_T1","night","Push","Dormant_Social_Day_1_Unpredictability_T2","night","Push","Dormant_Social_Day_1_Unpredictability_T3","night","Push","Dormant_Social_Day_1_Unpredictability_T4","night","In-App","Dormant_Social_Day_1_Unpredictability_T5","night","In-App","Dormant_Social_Day_1_Unpredictability_T1","early_morning","In-App","Dormant_Social_Day_1_Unpredictability_T2","mid_morning","In-App","Dormant_Social_Day_1_Unpredictability_T3","mid_morning","In-App","Dormant_Social_Day_1_Unpredictability_T4","afternoon","In-App"
"USR_000548","5","Day 3","Dormant_Achiever_Day_1_Scarcity_and_Impatience_T1","mid_morning","Push","Dormant_Achiever_Day_1_Scarcity_and_Impatience_T2","mid_morning","Push","Dormant_Achiever_Day_1_Scarcity_and_Impatience_T3","afternoon","Push","Dormant_Achiever_Day_1_Scarcity_and_Impatience_T4","late_afternoon","In-App","Dormant_Achiever_Day_1_Scarcity_and_Impatience_T5","late_afternoon","In-App","Dormant_Achiever_Day_1_Scarcity_and_Impatience_T1","evening","In-App","Dormant_Achiever_Day_1_Scarcity_and_Impatience_T2","night","In-App","Dormant_Achiever_Day_1_Scarcity_and_Impatience_T3","night","In-App","Dormant_Achiever_Day_1_Scarcity_and_Impatience_T4","night","In-App"
"USR_000549","5","Day 5","Dormant_Achiever_Day_1_Scarcity_and_Impatience_T1","mid_morning","Push","Dormant_Achiever_Day_1_Scarcity_and_Impatience_T2","afternoon","Push","Dormant_Achiever_Day_1_Scarcity_and_Impatience_T3","afternoon","Push","Dormant_Achiever_Day_1_Scarcity_and_Impatience_T4","late_afternoon","In-App","Dormant_Achiever_Day_1_Scarcity_and_Impatience_T5","evening","In-App","Dormant_Achiever_Day_1_Scarcity_and_Impatience_T1","evening","In-App","Dormant_Achiever_Day_1_Scarcity_and_Impatience_T2","night","In-App","Dormant_Achiever_Day_1_Scarcity_and_Impatience_T3","night","In-App","Dormant_Achiever_Day_1_Scarcity_and_Impatience_T4","night","In-App"
"USR_000550","0","Day 180","Inactive_Socialite_Day_1_Unpredictability_T1","evening","Push","Inactive_Socialite_Day_1_Unpredictability_T2","evening","Push","Inactive_Socialite_Day_1_Unpredictability_T3","night","Push","Inactive_Socialite_Day_1_Unpredictability_T4","night","In-App","Inactive_Socialite_Day_1_Unpredictability_T5","night","In-App","Inactive_Socialite_Day_1_Unpredictability_T1","night","In-App","Inactive_Socialite_Day_1_Unpredictability_T2","early_morning","In-App","Inactive_Socialite_Day_1_Unpredictability_T3","early_morning","In-App","Inactive_Socialite_Day_1_Unpredictability_T4","mid_morning","In-App"
"USR_000551","4","Day 82","Dormant_Social_Day_1_Unpredictability_T1","evening","Push","Dormant_Social_Day_1_Unpredictability_T2","night","Push","Dormant_Social_Day_1_Unpredictability_T3","night","Push","Dormant_Social_Day_1_Unpredictability_T4","night","In-App","Dormant_Social_Day_1_Unpredictability_T5","night","In-App","Dormant_Social_Day_1_Unpredictability_T1","early_morning","In-App","Dormant_Social_Day_1_Unpredictability_T2","early_morning","In-App","Dormant_Social_Day_1_Unpredictability_T3","mid_morning","In-App","Dormant_Social_Day_1_Unpredictability_T4","afternoon","In-App"
"USR_000552","2","Day 57","Paid_Social_Achiever_Week_4_Creativity_and_Feedback_T1","night","Push","Paid_Social_Achiever_Week_4_Creativity_and_Feedback_T2","night","Push","Paid_Social_Achiever_Week_4_Creativity_and_Feedback_T3","night","Push","Paid_Social_Achiever_Week_4_Creativity_and_Feedback_T4","night","In-App","Paid_Social_Achiever_Week_4_Creativity_and_Feedback_T5","early_morning","In-App","Paid_Social_Achiever_Week_4_Creativity_and_Feedback_T1","early_morning","In-App","Paid_Social_Achiever_Week_4_Creativity_and_Feedback_T2","mid_morning","In-App","Paid_Social_Achiever_Week_4_Creativity_and_Feedback_T3","afternoon","In-App","Paid_Social_Achiever_Week_4_Creativity_and_Feedback_T4","afternoon","In-App"
"USR_000553","5","Day 6","Dormant_Achiever_Day_1_Scarcity_and_Impatience_T1","evening","Push","Dormant_Achiever_Day_1_Scarcity_and_Impatience_T2","evening","Push","Dormant_Achiever_Day_1_Scarcity_and_Impatience_T3","night","Push","Dormant_Achiever_Day_1_Scarcity_and_Impatience_T4","night","In-App","Dormant_Achiever_Day_1_Scarcity_and_Impatience_T5","night","In-App","Dormant_Achiever_Day_1_Scarcity_and_Impatience_T1","night","In-App","Dormant_Achiever_Day_1_Scarcity_and_Impatience_T2","early_morning","In-App","Dormant_Achiever_Day_1_Scarcity_and_Impatience_T3","early_morning","In-App","Dormant_Achiever_Day_1_Scarcity_and_Impatience_T4","mid_morning","In-App"
"USR_000554","5","Day 3","Dormant_Achiever_Day_1_Scarcity_and_Impatience_T1","evening","Push","Dormant_Achiever_Day_1_Scarcity_and_Impatience_T2","night","Push","Dormant_Achiever_Day_1_Scarcity_and_Impatience_T3","night","Push","Dormant_Achiever_Day_1_Scarcity_and_Impatience_T4","night","In-App","Dormant_Achiever_Day_1_Scarcity_and_Impatience_T5","night","In-App","Dormant_Achiever_Day_1_Scarcity_and_Impatience_T1","early_morning","In-App","Dormant_Achiever_Day_1_Scarcity_and_Impatience_T2","early_morning","In-App","Dormant_Achiever_Day_1_Scarcity_and_Impatience_T3","mid_morning","In-App","Dormant_Achiever_Day_1_Scarcity_and_Impatience_T4","afternoon","In-App"
"USR_000555","5","Day 7","Dormant_Achiever_Day_1_Scarcity_and_Impatience_T1","afternoon","Push","Dormant_Achiever_Day_1_Scarcity_and_Impatience_T2","late_afternoon","Push","Dormant_Achiever_Day_1_Scarcity_and_Impatience_T3","evening","Push","Dormant_Achiever_Day_1_Scarcity_and_Impatience_T4","evening","In-App","Dormant_Achiever_Day_1_Scarcity_and_Impatience_T5","night","In-App","Dormant_Achiever_Day_1_Scarcity_and_Impatience_T1","night","In-App","Dormant_Achiever_Day_1_Scarcity_and_Impatience_T2","night","In-App","Dormant_Achiever_Day_1_Scarcity_and_Impatience_T3","night","In-App","Dormant_Achiever_Day_1_Scarcity_and_Impatience_T4","early_morning","In-App"
"USR_000556","2","Day 80","Paid_Social_Achiever_Week_4_Creativity_and_Feedback_T1","late_afternoon","Push","Paid_Social_Achiever_Week_4_Creativity_and_Feedback_T2","evening","Push","Paid_Social_Achiever_Week_4_Creativity_and_Feedback_T3","night","Push","Paid_Social_Achiever_Week_4_Creativity_and_Feedback_T4","night","In-App","Paid_Social_Achiever_Week_4_Creativity_and_Feedback_T5","night","In-App","Paid_Social_Achiever_Week_4_Creativity_and_Feedback_T1","night","In-App","Paid_Social_Achiever_Week_4_Creativity_and_Feedback_T2","night","In-App","Paid_Social_Achiever_Week_4_Creativity_and_Feedback_T3","early_morning","In-App","Paid_Social_Achiever_Week_4_Creativity_and_Feedback_T4","mid_morning","In-App"
"USR_000557","1","Day 55","Inactive_Social_Learners_Day_1_Social_Influence_T1","afternoon","Push","Inactive_Social_Learners_Day_1_Social_Influence_T2","late_afternoon","Push","Inactive_Social_Learners_Day_1_Social_Influence_T3","evening","Push","Inactive_Social_Learners_Day_1_Social_Influence_T4","evening","In-App","Inactive_Social_Learners_Day_1_Social_Influence_T5","night","In-App","Inactive_Social_Learners_Day_1_Social_Influence_T1","night","In-App","Inactive_Social_Learners_Day_1_Social_Influence_T2","night","In-App","Inactive_Social_Learners_Day_1_Social_Influence_T3","night","In-App","Inactive_Social_Learners_Day_1_Social_Influence_T4","early_morning","In-App"
"USR_000558","5","Day 0","Dormant_Achiever_Day_1_Scarcity_and_Impatience_T1","late_afternoon","Push","Dormant_Achiever_Day_1_Scarcity_and_Impatience_T2","evening","Push","Dormant_Achiever_Day_1_Scarcity_and_Impatience_T3","night","Push","Dormant_Achiever_Day_1_Scarcity_and_Impatience_T4","night","In-App","Dormant_Achiever_Day_1_Scarcity_and_Impatience_T5","night","In-App","Dormant_Achiever_Day_1_Scarcity_and_Impatience_T1","night","In-App","Dormant_Achiever_Day_1_Scarcity_and_Impatience_T2","night","In-App","Dormant_Achiever_Day_1_Scarcity_and_Impatience_T3","early_morning","In-App","Dormant_Achiever_Day_1_Scarcity_and_Impatience_T4","mid_morning","In-App"
"USR_000559","3","Day 2","Inactive_Socialite_Day_1_Scarcity_and_Impatience_T1","night","Push","Inactive_Socialite_Day_1_Scarcity_and_Impatience_T2","early_morning","Push","Inactive_Socialite_Day_1_Scarcity_and_Impatience_T3","mid_morning","Push","Inactive_Socialite_Day_1_Scarcity_and_Impatience_T4","mid_morning","In-App","Inactive_Socialite_Day_1_Scarcity_and_Impatience_T5","afternoon","In-App","Inactive_Socialite_Day_1_Scarcity_and_Impatience_T1","late_afternoon","In-App","Inactive_Socialite_Day_1_Scarcity_and_Impatience_T2","late_afternoon","In-App","Inactive_Socialite_Day_1_Scarcity_and_Impatience_T3","evening","In-App","Inactive_Socialite_Day_1_Scarcity_and_Impatience_T4","night","In-App"
"USR_000560","2","Day 94","Paid_Social_Achiever_Week_4_Creativity_and_Feedback_T1","afternoon","Push","Paid_Social_Achiever_Week_4_Creativity_and_Feedback_T2","afternoon","Push","Paid_Social_Achiever_Week_4_Creativity_and_Feedback_T3","late_afternoon","Push","Paid_Social_Achiever_Week_4_Creativity_and_Feedback_T4","evening","In-App","Paid_Social_Achiever_Week_4_Creativity_and_Feedback_T5","evening","In-App","Paid_Social_Achiever_Week_4_Creativity_and_Feedback_T1","night","In-App","Paid_Social_Achiever_Week_4_Creativity_and_Feedback_T2","night","In-App","Paid_Social_Achiever_Week_4_Creativity_and_Feedback_T3","night","In-App","Paid_Social_Achiever_Week_4_Creativity_and_Feedback_T4","night","In-App"
"USR_000561","2","Day 33","Paid_Social_Achiever_Week_4_Creativity_and_Feedback_T1","afternoon","Push","Paid_Social_Achiever_Week_4_Creativity_and_Feedback_T2","late_afternoon","Push","Paid_Social_Achiever_Week_4_Creativity_and_Feedback_T3","evening","Push","Paid_Social_Achiever_Week_4_Creativity_and_Feedback_T4","evening","In-App","Paid_Social_Achiever_Week_4_Creativity_and_Feedback_T5","night","In-App","Paid_Social_Achiever_Week_4_Creativity_and_Feedback_T1","night","In-App","Paid_Social_Achiever_Week_4_Creativity_and_Feedback_T2","night","In-App","Paid_Social_Achiever_Week_4_Creativity_and_Feedback_T3","night","In-App","Paid_Social_Achiever_Week_4_Creativity_and_Feedback_T4","early_morning","In-App"
"USR_000562","4","Day 72","Dormant_Social_Day_1_Unpredictability_T1","afternoon","Push","Dormant_Social_Day_1_Unpredictability_T2","afternoon","Push","Dormant_Social_Day_1_Unpredictability_T3","late_afternoon","Push","Dormant_Social_Day_1_Unpredictability_T4","evening","In-App","Dormant_Social_Day_1_Unpredictability_T5","evening","In-App","Dormant_Social_Day_1_Unpredictability_T1","night","In-App","Dormant_Social_Day_1_Unpredictability_T2","night","In-App","Dormant_Social_Day_1_Unpredictability_T3","night","In-App","Dormant_Social_Day_1_Unpredictability_T4","night","In-App"
"USR_000563","3","Day 6","Inactive_Socialite_Day_1_Scarcity_and_Impatience_T1","early_morning","Push","Inactive_Socialite_Day_1_Scarcity_and_Impatience_T2","mid_morning","Push","Inactive_Socialite_Day_1_Scarcity_and_Impatience_T3","mid_morning","Push","Inactive_Socialite_Day_1_Scarcity_and_Impatience_T4","afternoon","In-App","Inactive_Socialite_Day_1_Scarcity_and_Impatience_T5","late_afternoon","In-App","Inactive_Socialite_Day_1_Scarcity_and_Impatience_T1","late_afternoon","In-App","Inactive_Socialite_Day_1_Scarcity_and_Impatience_T2","evening","In-App","Inactive_Socialite_Day_1_Scarcity_and_Impatience_T3","night","In-App","Inactive_Socialite_Day_1_Scarcity_and_Impatience_T4","night","In-App"
"USR_000564","1","Day 1","Inactive_Social_Learners_Day_1_Social_Influence_T1","evening","Push","Inactive_Social_Learners_Day_1_Social_Influence_T2","evening","Push","Inactive_Social_Learners_Day_1_Social_Influence_T3","night","Push","Inactive_Social_Learners_Day_1_Social_Influence_T4","night","In-App","Inactive_Social_Learners_Day_1_Social_Influence_T5","night","In-App","Inactive_Social_Learners_Day_1_Social_Influence_T1","night","In-App","Inactive_Social_Learners_Day_1_Social_Influence_T2","early_morning","In-App","Inactive_Social_Learners_Day_1_Social_Influence_T3","early_morning","In-App","Inactive_Social_Learners_Day_1_Social_Influence_T4","mid_morning","In-App"
"USR_000565","5","Day 5","Dormant_Achiever_Day_1_Scarcity_and_Impatience_T1","evening","Push","Dormant_Achiever_Day_1_Scarcity_and_Impatience_T2","night","Push","Dormant_Achiever_Day_1_Scarcity_and_Impatience_T3","night","Push","Dormant_Achiever_Day_1_Scarcity_and_Impatience_T4","night","In-App","Dormant_Achiever_Day_1_Scarcity_and_Impatience_T5","night","In-App","Dormant_Achiever_Day_1_Scarcity_and_Impatience_T1","night","In-App","Dormant_Achiever_Day_1_Scarcity_and_Impatience_T2","early_morning","In-App","Dormant_Achiever_Day_1_Scarcity_and_Impatience_T3","mid_morning","In-App","Dormant_Achiever_Day_1_Scarcity_and_Impatience_T4","mid_morning","In-App"
"USR_000566","6","Day 4","Dormant_Scholar_Day_1_Creativity_and_Feedback_T1","afternoon","Push","Dormant_Scholar_Day_1_Creativity_and_Feedback_T2","late_afternoon","Push","Dormant_Scholar_Day_1_Creativity_and_Feedback_T3","evening","Push","Dormant_Scholar_Day_1_Creativity_and_Feedback_T4","evening","In-App","Dormant_Scholar_Day_1_Creativity_and_Feedback_T5","night","In-App","Dormant_Scholar_Day_1_Creativity_and_Feedback_T1","night","In-App","Dormant_Scholar_Day_1_Creativity_and_Feedback_T2","night","In-App","Dormant_Scholar_Day_1_Creativity_and_Feedback_T3","night","In-App","Dormant_Scholar_Day_1_Creativity_and_Feedback_T4","early_morning","In-App"
"USR_000567","4","Day 56","Dormant_Social_Day_1_Unpredictability_T1","evening","Push","Dormant_Social_Day_1_Unpredictability_T2","night","Push","Dormant_Social_Day_1_Unpredictability_T3","night","Push","Dormant_Social_Day_1_Unpredictability_T4","night","In-App","Dormant_Social_Day_1_Unpredictability_T5","night","In-App","Dormant_Social_Day_1_Unpredictability_T1","night","In-App","Dormant_Social_Day_1_Unpredictability_T2","early_morning","In-App","Dormant_Social_Day_1_Unpredictability_T3","mid_morning","In-App","Dormant_Social_Day_1_Unpredictability_T4","mid_morning","In-App"
"USR_000568","3","Day 3","Inactive_Socialite_Day_1_Scarcity_and_Impatience_T1","mid_morning","Push","Inactive_Socialite_Day_1_Scarcity_and_Impatience_T2","afternoon","Push","Inactive_Socialite_Day_1_Scarcity_and_Impatience_T3","afternoon","Push","Inactive_Socialite_Day_1_Scarcity_and_Impatience_T4","late_afternoon","In-App","Inactive_Socialite_Day_1_Scarcity_and_Impatience_T5","evening","In-App","Inactive_Socialite_Day_1_Scarcity_and_Impatience_T1","evening","In-App","Inactive_Socialite_Day_1_Scarcity_and_Impatience_T2","night","In-App","Inactive_Socialite_Day_1_Scarcity_and_Impatience_T3","night","In-App","Inactive_Socialite_Day_1_Scarcity_and_Impatience_T4","night","In-App"
"USR_000569","1","Day 2","Inactive_Social_Learners_Day_1_Social_Influence_T1","early_morning","Push","Inactive_Social_Learners_Day_1_Social_Influence_T2","mid_morning","Push","Inactive_Social_Learners_Day_1_Social_Influence_T3","afternoon","Push","Inactive_Social_Learners_Day_1_Social_Influence_T4","afternoon","In-App","Inactive_Social_Learners_Day_1_Social_Influence_T5","late_afternoon","In-App","Inactive_Social_Learners_Day_1_Social_Influence_T1","evening","In-App","Inactive_Social_Learners_Day_1_Social_Influence_T2","evening","In-App","Inactive_Social_Learners_Day_1_Social_Influence_T3","night","In-App","Inactive_Social_Learners_Day_1_Social_Influence_T4","night","In-App"
"USR_000570","2","Day 81","Paid_Social_Achiever_Week_4_Creativity_and_Feedback_T1","early_morning","Push","Paid_Social_Achiever_Week_4_Creativity_and_Feedback_T2","mid_morning","Push","Paid_Social_Achiever_Week_4_Creativity_and_Feedback_T3","afternoon","Push","Paid_Social_Achiever_Week_4_Creativity_and_Feedback_T4","afternoon","In-App","Paid_Social_Achiever_Week_4_Creativity_and_Feedback_T5","late_afternoon","In-App","Paid_Social_Achiever_Week_4_Creativity_and_Feedback_T1","evening","In-App","Paid_Social_Achiever_Week_4_Creativity_and_Feedback_T2","evening","In-App","Paid_Social_Achiever_Week_4_Creativity_and_Feedback_T3","night","In-App","Paid_Social_Achiever_Week_4_Creativity_and_Feedback_T4","night","In-App"
"USR_000571","0","Day 127","Inactive_Socialite_Day_1_Unpredictability_T1","afternoon","Push","Inactive_Socialite_Day_1_Unpredictability_T2","afternoon","Push","Inactive_Socialite_Day_1_Unpredictability_T3","late_afternoon","Push","Inactive_Socialite_Day_1_Unpredictability_T4","evening","In-App","Inactive_Socialite_Day_1_Unpredictability_T5","evening","In-App","Inactive_Socialite_Day_1_Unpredictability_T1","night","In-App","Inactive_Socialite_Day_1_Unpredictability_T2","night","In-App","Inactive_Socialite_Day_1_Unpredictability_T3","night","In-App","Inactive_Socialite_Day_1_Unpredictability_T4","night","In-App"
"USR_000572","7","Day 25","Paid_Competitive_Week_4_Ownership_and_Possession_T1","late_afternoon","Push","Paid_Competitive_Week_4_Ownership_and_Possession_T2","late_afternoon","Push","Paid_Competitive_Week_4_Ownership_and_Possession_T3","evening","Push","Paid_Competitive_Week_4_Ownership_and_Possession_T4","night","In-App","Paid_Competitive_Week_4_Ownership_and_Possession_T5","night","In-App","Paid_Competitive_Week_4_Ownership_and_Possession_T1","night","In-App","Paid_Competitive_Week_4_Ownership_and_Possession_T2","night","In-App","Paid_Competitive_Week_4_Ownership_and_Possession_T3","night","In-App","Paid_Competitive_Week_4_Ownership_and_Possession_T4","early_morning","In-App"
"USR_000573","2","Day 17","Paid_Social_Achiever_Week_4_Creativity_and_Feedback_T1","late_afternoon","Push","Paid_Social_Achiever_Week_4_Creativity_and_Feedback_T2","late_afternoon","Push","Paid_Social_Achiever_Week_4_Creativity_and_Feedback_T3","evening","Push","Paid_Social_Achiever_Week_4_Creativity_and_Feedback_T4","night","In-App","Paid_Social_Achiever_Week_4_Creativity_and_Feedback_T5","night","In-App","Paid_Social_Achiever_Week_4_Creativity_and_Feedback_T1","night","In-App","Paid_Social_Achiever_Week_4_Creativity_and_Feedback_T2","night","In-App","Paid_Social_Achiever_Week_4_Creativity_and_Feedback_T3","night","In-App","Paid_Social_Achiever_Week_4_Creativity_and_Feedback_T4","early_morning","In-App"
"USR_000574","4","Day 44","Dormant_Social_Day_1_Unpredictability_T1","evening","Push","Dormant_Social_Day_1_Unpredictability_T2","evening","Push","Dormant_Social_Day_1_Unpredictability_T3","night","Push","Dormant_Social_Day_1_Unpredictability_T4","night","In-App","Dormant_Social_Day_1_Unpredictability_T5","night","In-App","Dormant_Social_Day_1_Unpredictability_T1","night","In-App","Dormant_Social_Day_1_Unpredictability_T2","early_morning","In-App","Dormant_Social_Day_1_Unpredictability_T3","early_morning","In-App","Dormant_Social_Day_1_Unpredictability_T4","mid_morning","In-App"
"USR_000575","6","Day 2","Dormant_Scholar_Day_1_Creativity_and_Feedback_T1","night","Push","Dormant_Scholar_Day_1_Creativity_and_Feedback_T2","night","Push","Dormant_Scholar_Day_1_Creativity_and_Feedback_T3","night","Push","Dormant_Scholar_Day_1_Creativity_and_Feedback_T4","night","In-App","Dormant_Scholar_Day_1_Creativity_and_Feedback_T5","night","In-App","Dormant_Scholar_Day_1_Creativity_and_Feedback_T1","early_morning","In-App","Dormant_Scholar_Day_1_Creativity_and_Feedback_T2","mid_morning","In-App","Dormant_Scholar_Day_1_Creativity_and_Feedback_T3","mid_morning","In-App","Dormant_Scholar_Day_1_Creativity_and_Feedback_T4","afternoon","In-App"
"USR_000576","4","Day 68","Dormant_Social_Day_1_Unpredictability_T1","night","Push","Dormant_Social_Day_1_Unpredictability_T2","night","Push","Dormant_Social_Day_1_Unpredictability_T3","night","Push","Dormant_Social_Day_1_Unpredictability_T4","night","In-App","Dormant_Social_Day_1_Unpredictability_T5","night","In-App","Dormant_Social_Day_1_Unpredictability_T1","early_morning","In-App","Dormant_Social_Day_1_Unpredictability_T2","mid_morning","In-App","Dormant_Social_Day_1_Unpredictability_T3","mid_morning","In-App","Dormant_Social_Day_1_Unpredictability_T4","afternoon","In-App"
"USR_000577","4","Day 58","Dormant_Social_Day_1_Unpredictability_T1","evening","Push","Dormant_Social_Day_1_Unpredictability_T2","evening","Push","Dormant_Social_Day_1_Unpredictability_T3","night","Push","Dormant_Social_Day_1_Unpredictability_T4","night","In-App","Dormant_Social_Day_1_Unpredictability_T5","night","In-App","Dormant_Social_Day_1_Unpredictability_T1","night","In-App","Dormant_Social_Day_1_Unpredictability_T2","early_morning","In-App","Dormant_Social_Day_1_Unpredictability_T3","early_morning","In-App","Dormant_Social_Day_1_Unpredictability_T4","mid_morning","In-App"
"USR_000578","0","Day 140","Inactive_Socialite_Day_1_Unpredictability_T1","evening","Push","Inactive_Socialite_Day_1_Unpredictability_T2","night","Push","Inactive_Socialite_Day_1_Unpredictability_T3","night","Push","Inactive_Socialite_Day_1_Unpredictability_T4","night","In-App","Inactive_Socialite_Day_1_Unpredictability_T5","night","In-App","Inactive_Socialite_Day_1_Unpredictability_T1","early_morning","In-App","Inactive_Socialite_Day_1_Unpredictability_T2","early_morning","In-App","Inactive_Socialite_Day_1_Unpredictability_T3","mid_morning","In-App","Inactive_Socialite_Day_1_Unpredictability_T4","afternoon","In-App"
"USR_000579","0","Day 134","Inactive_Socialite_Day_1_Unpredictability_T1","early_morning","Push","Inactive_Socialite_Day_1_Unpredictability_T2","early_morning","Push","Inactive_Socialite_Day_1_Unpredictability_T3","mid_morning","Push","Inactive_Socialite_Day_1_Unpredictability_T4","afternoon","In-App","Inactive_Socialite_Day_1_Unpredictability_T5","afternoon","In-App","Inactive_Socialite_Day_1_Unpredictability_T1","late_afternoon","In-App","Inactive_Socialite_Day_1_Unpredictability_T2","evening","In-App","Inactive_Socialite_Day_1_Unpredictability_T3","evening","In-App","Inactive_Socialite_Day_1_Unpredictability_T4","night","In-App"
"USR_000580","2","Day 15","Paid_Social_Achiever_Week_4_Creativity_and_Feedback_T1","afternoon","Push","Paid_Social_Achiever_Week_4_Creativity_and_Feedback_T2","late_afternoon","Push","Paid_Social_Achiever_Week_4_Creativity_and_Feedback_T3","evening","Push","Paid_Social_Achiever_Week_4_Creativity_and_Feedback_T4","evening","In-App","Paid_Social_Achiever_Week_4_Creativity_and_Feedback_T5","night","In-App","Paid_Social_Achiever_Week_4_Creativity_and_Feedback_T1","night","In-App","Paid_Social_Achiever_Week_4_Creativity_and_Feedback_T2","night","In-App","Paid_Social_Achiever_Week_4_Creativity_and_Feedback_T3","night","In-App","Paid_Social_Achiever_Week_4_Creativity_and_Feedback_T4","early_morning","In-App"
"USR_000581","2","Day 55","Paid_Social_Achiever_Week_4_Creativity_and_Feedback_T1","early_morning","Push","Paid_Social_Achiever_Week_4_Creativity_and_Feedback_T2","mid_morning","Push","Paid_Social_Achiever_Week_4_Creativity_and_Feedback_T3","mid_morning","Push","Paid_Social_Achiever_Week_4_Creativity_and_Feedback_T4","afternoon","In-App","Paid_Social_Achiever_Week_4_Creativity_and_Feedback_T5","late_afternoon","In-App","Paid_Social_Achiever_Week_4_Creativity_and_Feedback_T1","late_afternoon","In-App","Paid_Social_Achiever_Week_4_Creativity_and_Feedback_T2","evening","In-App","Paid_Social_Achiever_Week_4_Creativity_and_Feedback_T3","night","In-App","Paid_Social_Achiever_Week_4_Creativity_and_Feedback_T4","night","In-App"
"USR_000582","2","Day 25","Paid_Social_Achiever_Week_4_Creativity_and_Feedback_T1","evening","Push","Paid_Social_Achiever_Week_4_Creativity_and_Feedback_T2","evening","Push","Paid_Social_Achiever_Week_4_Creativity_and_Feedback_T3","night","Push","Paid_Social_Achiever_Week_4_Creativity_and_Feedback_T4","night","In-App","Paid_Social_Achiever_Week_4_Creativity_and_Feedback_T5","night","In-App","Paid_Social_Achiever_Week_4_Creativity_and_Feedback_T1","night","In-App","Paid_Social_Achiever_Week_4_Creativity_and_Feedback_T2","early_morning","In-App","Paid_Social_Achiever_Week_4_Creativity_and_Feedback_T3","early_morning","In-App","Paid_Social_Achiever_Week_4_Creativity_and_Feedback_T4","mid_morning","In-App"
"USR_000583","1","Day 5","Inactive_Social_Learners_Day_1_Social_Influence_T1","late_afternoon","Push","Inactive_Social_Learners_Day_1_Social_Influence_T2","late_afternoon","Push","Inactive_Social_Learners_Day_1_Social_Influence_T3","evening","Push","Inactive_Social_Learners_Day_1_Social_Influence_T4","night","In-App","Inactive_Social_Learners_Day_1_Social_Influence_T5","night","In-App","Inactive_Social_Learners_Day_1_Social_Influence_T1","night","In-App","Inactive_Social_Learners_Day_1_Social_Influence_T2","night","In-App","Inactive_Social_Learners_Day_1_Social_Influence_T3","night","In-App","Inactive_Social_Learners_Day_1_Social_Influence_T4","early_morning","In-App"
"USR_000584","1","Day 7","Inactive_Social_Learners_Day_1_Social_Influence_T1","afternoon","Push","Inactive_Social_Learners_Day_1_Social_Influence_T2","afternoon","Push","Inactive_Social_Learners_Day_1_Social_Influence_T3","late_afternoon","Push","Inactive_Social_Learners_Day_1_Social_Influence_T4","evening","In-App","Inactive_Social_Learners_Day_1_Social_Influence_T5","evening","In-App","Inactive_Social_Learners_Day_1_Social_Influence_T1","night","In-App","Inactive_Social_Learners_Day_1_Social_Influence_T2","night","In-App","Inactive_Social_Learners_Day_1_Social_Influence_T3","night","In-App","Inactive_Social_Learners_Day_1_Social_Influence_T4","night","In-App"
"USR_000585","1","Day 7","Inactive_Social_Learners_Day_1_Social_Influence_T1","evening","Push","Inactive_Social_Learners_Day_1_Social_Influence_T2","evening","Push","Inactive_Social_Learners_Day_1_Social_Influence_T3","night","Push","Inactive_Social_Learners_Day_1_Social_Influence_T4","night","In-App","Inactive_Social_Learners_Day_1_Social_Influence_T5","night","In-App","Inactive_Social_Learners_Day_1_Social_Influence_T1","night","In-App","Inactive_Social_Learners_Day_1_Social_Influence_T2","early_morning","In-App","Inactive_Social_Learners_Day_1_Social_Influence_T3","early_morning","In-App","Inactive_Social_Learners_Day_1_Social_Influence_T4","mid_morning","In-App"
"USR_000586","4","Day 55","Dormant_Social_Day_1_Unpredictability_T1","afternoon","Push","Dormant_Social_Day_1_Unpredictability_T2","late_afternoon","Push","Dormant_Social_Day_1_Unpredictability_T3","late_afternoon","Push","Dormant_Social_Day_1_Unpredictability_T4","evening","In-App","Dormant_Social_Day_1_Unpredictability_T5","night","In-App","Dormant_Social_Day_1_Unpredictability_T1","night","In-App","Dormant_Social_Day_1_Unpredictability_T2","night","In-App","Dormant_Social_Day_1_Unpredictability_T3","night","In-App","Dormant_Social_Day_1_Unpredictability_T4","night","In-App"
"USR_000587","2","Day 36","Paid_Social_Achiever_Week_4_Creativity_and_Feedback_T1","afternoon","Push","Paid_Social_Achiever_Week_4_Creativity_and_Feedback_T2","afternoon","Push","Paid_Social_Achiever_Week_4_Creativity_and_Feedback_T3","late_afternoon","Push","Paid_Social_Achiever_Week_4_Creativity_and_Feedback_T4","evening","In-App","Paid_Social_Achiever_Week_4_Creativity_and_Feedback_T5","evening","In-App","Paid_Social_Achiever_Week_4_Creativity_and_Feedback_T1","night","In-App","Paid_Social_Achiever_Week_4_Creativity_and_Feedback_T2","night","In-App","Paid_Social_Achiever_Week_4_Creativity_and_Feedback_T3","night","In-App","Paid_Social_Achiever_Week_4_Creativity_and_Feedback_T4","night","In-App"
"USR_000588","3","Day 1","Inactive_Socialite_Day_1_Scarcity_and_Impatience_T1","late_afternoon","Push","Inactive_Socialite_Day_1_Scarcity_and_Impatience_T2","evening","Push","Inactive_Socialite_Day_1_Scarcity_and_Impatience_T3","night","Push","Inactive_Socialite_Day_1_Scarcity_and_Impatience_T4","night","In-App","Inactive_Socialite_Day_1_Scarcity_and_Impatience_T5","night","In-App","Inactive_Socialite_Day_1_Scarcity_and_Impatience_T1","night","In-App","Inactive_Socialite_Day_1_Scarcity_and_Impatience_T2","night","In-App","Inactive_Socialite_Day_1_Scarcity_and_Impatience_T3","early_morning","In-App","Inactive_Socialite_Day_1_Scarcity_and_Impatience_T4","mid_morning","In-App"
"USR_000589","5","Day 6","Dormant_Achiever_Day_1_Scarcity_and_Impatience_T1","late_afternoon","Push","Dormant_Achiever_Day_1_Scarcity_and_Impatience_T2","late_afternoon","Push","Dormant_Achiever_Day_1_Scarcity_and_Impatience_T3","evening","Push","Dormant_Achiever_Day_1_Scarcity_and_Impatience_T4","night","In-App","Dormant_Achiever_Day_1_Scarcity_and_Impatience_T5","night","In-App","Dormant_Achiever_Day_1_Scarcity_and_Impatience_T1","night","In-App","Dormant_Achiever_Day_1_Scarcity_and_Impatience_T2","night","In-App","Dormant_Achiever_Day_1_Scarcity_and_Impatience_T3","night","In-App","Dormant_Achiever_Day_1_Scarcity_and_Impatience_T4","early_morning","In-App"
"USR_000590","5","Day 3","Dormant_Achiever_Day_1_Scarcity_and_Impatience_T1","late_afternoon","Push","Dormant_Achiever_Day_1_Scarcity_and_Impatience_T2","evening","Push","Dormant_Achiever_Day_1_Scarcity_and_Impatience_T3","evening","Push","Dormant_Achiever_Day_1_Scarcity_and_Impatience_T4","night","In-App","Dormant_Achiever_Day_1_Scarcity_and_Impatience_T5","night","In-App","Dormant_Achiever_Day_1_Scarcity_and_Impatience_T1","night","In-App","Dormant_Achiever_Day_1_Scarcity_and_Impatience_T2","night","In-App","Dormant_Achiever_Day_1_Scarcity_and_Impatience_T3","early_morning","In-App","Dormant_Achiever_Day_1_Scarcity_and_Impatience_T4","early_morning","In-App"
"USR_000591","6","Day 3","Dormant_Scholar_Day_1_Creativity_and_Feedback_T1","late_afternoon","Push","Dormant_Scholar_Day_1_Creativity_and_Feedback_T2","evening","Push","Dormant_Scholar_Day_1_Creativity_and_Feedback_T3","night","Push","Dormant_Scholar_Day_1_Creativity_and_Feedback_T4","night","In-App","Dormant_Scholar_Day_1_Creativity_and_Feedback_T5","night","In-App","Dormant_Scholar_Day_1_Creativity_and_Feedback_T1","night","In-App","Dormant_Scholar_Day_1_Creativity_and_Feedback_T2","night","In-App","Dormant_Scholar_Day_1_Creativity_and_Feedback_T3","early_morning","In-App","Dormant_Scholar_Day_1_Creativity_and_Feedback_T4","mid_morning","In-App"
"USR_000592","4","Day 64","Dormant_Social_Day_1_Unpredictability_T1","afternoon","Push","Dormant_Social_Day_1_Unpredictability_T2","late_afternoon","Push","Dormant_Social_Day_1_Unpredictability_T3","evening","Push","Dormant_Social_Day_1_Unpredictability_T4","evening","In-App","Dormant_Social_Day_1_Unpredictability_T5","night","In-App","Dormant_Social_Day_1_Unpredictability_T1","night","In-App","Dormant_Social_Day_1_Unpredictability_T2","night","In-App","Dormant_Social_Day_1_Unpredictability_T3","night","In-App","Dormant_Social_Day_1_Unpredictability_T4","early_morning","In-App"
"USR_000593","2","Day 97","Paid_Social_Achiever_Week_4_Creativity_and_Feedback_T1","early_morning","Push","Paid_Social_Achiever_Week_4_Creativity_and_Feedback_T2","mid_morning","Push","Paid_Social_Achiever_Week_4_Creativity_and_Feedback_T3","mid_morning","Push","Paid_Social_Achiever_Week_4_Creativity_and_Feedback_T4","afternoon","In-App","Paid_Social_Achiever_Week_4_Creativity_and_Feedback_T5","late_afternoon","In-App","Paid_Social_Achiever_Week_4_Creativity_and_Feedback_T1","late_afternoon","In-App","Paid_Social_Achiever_Week_4_Creativity_and_Feedback_T2","evening","In-App","Paid_Social_Achiever_Week_4_Creativity_and_Feedback_T3","night","In-App","Paid_Social_Achiever_Week_4_Creativity_and_Feedback_T4","night","In-App"
"USR_000594","0","Day 153","Inactive_Socialite_Day_1_Unpredictability_T1","late_afternoon","Push","Inactive_Socialite_Day_1_Unpredictability_T2","evening","Push","Inactive_Socialite_Day_1_Unpredictability_T3","night","Push","Inactive_Socialite_Day_1_Unpredictability_T4","night","In-App","Inactive_Socialite_Day_1_Unpredictability_T5","night","In-App","Inactive_Socialite_Day_1_Unpredictability_T1","night","In-App","Inactive_Socialite_Day_1_Unpredictability_T2","night","In-App","Inactive_Socialite_Day_1_Unpredictability_T3","early_morning","In-App","Inactive_Socialite_Day_1_Unpredictability_T4","mid_morning","In-App"
"USR_000595","6","Day 29","Dormant_Scholar_Day_1_Creativity_and_Feedback_T1","afternoon","Push","Dormant_Scholar_Day_1_Creativity_and_Feedback_T2","late_afternoon","Push","Dormant_Scholar_Day_1_Creativity_and_Feedback_T3","late_afternoon","Push","Dormant_Scholar_Day_1_Creativity_and_Feedback_T4","evening","In-App","Dormant_Scholar_Day_1_Creativity_and_Feedback_T5","night","In-App","Dormant_Scholar_Day_1_Creativity_and_Feedback_T1","night","In-App","Dormant_Scholar_Day_1_Creativity_and_Feedback_T2","night","In-App","Dormant_Scholar_Day_1_Creativity_and_Feedback_T3","night","In-App","Dormant_Scholar_Day_1_Creativity_and_Feedback_T4","night","In-App"
"USR_000596","5","Day 2","Dormant_Achiever_Day_1_Scarcity_and_Impatience_T1","evening","Push","Dormant_Achiever_Day_1_Scarcity_and_Impatience_T2","night","Push","Dormant_Achiever_Day_1_Scarcity_and_Impatience_T3","night","Push","Dormant_Achiever_Day_1_Scarcity_and_Impatience_T4","night","In-App","Dormant_Achiever_Day_1_Scarcity_and_Impatience_T5","night","In-App","Dormant_Achiever_Day_1_Scarcity_and_Impatience_T1","early_morning","In-App","Dormant_Achiever_Day_1_Scarcity_and_Impatience_T2","early_morning","In-App","Dormant_Achiever_Day_1_Scarcity_and_Impatience_T3","mid_morning","In-App","Dormant_Achiever_Day_1_Scarcity_and_Impatience_T4","afternoon","In-App"
"USR_000597","2","Day 23","Paid_Social_Achiever_Week_4_Creativity_and_Feedback_T1","night","Push","Paid_Social_Achiever_Week_4_Creativity_and_Feedback_T2","night","Push","Paid_Social_Achiever_Week_4_Creativity_and_Feedback_T3","night","Push","Paid_Social_Achiever_Week_4_Creativity_and_Feedback_T4","night","In-App","Paid_Social_Achiever_Week_4_Creativity_and_Feedback_T5","night","In-App","Paid_Social_Achiever_Week_4_Creativity_and_Feedback_T1","early_morning","In-App","Paid_Social_Achiever_Week_4_Creativity_and_Feedback_T2","mid_morning","In-App","Paid_Social_Achiever_Week_4_Creativity_and_Feedback_T3","mid_morning","In-App","Paid_Social_Achiever_Week_4_Creativity_and_Feedback_T4","afternoon","In-App"
"USR_000598","2","Day 81","Paid_Social_Achiever_Week_4_Creativity_and_Feedback_T1","late_afternoon","Push","Paid_Social_Achiever_Week_4_Creativity_and_Feedback_T2","late_afternoon","Push","Paid_Social_Achiever_Week_4_Creativity_and_Feedback_T3","evening","Push","Paid_Social_Achiever_Week_4_Creativity_and_Feedback_T4","night","In-App","Paid_Social_Achiever_Week_4_Creativity_and_Feedback_T5","night","In-App","Paid_Social_Achiever_Week_4_Creativity_and_Feedback_T1","night","In-App","Paid_Social_Achiever_Week_4_Creativity_and_Feedback_T2","night","In-App","Paid_Social_Achiever_Week_4_Creativity_and_Feedback_T3","night","In-App","Paid_Social_Achiever_Week_4_Creativity_and_Feedback_T4","early_morning","In-App"
"USR_000599","2","Day 109","Paid_Social_Achiever_Week_4_Creativity_and_Feedback_T1","early_morning","Push","Paid_Social_Achiever_Week_4_Creativity_and_Feedback_T2","early_morning","Push","Paid_Social_Achiever_Week_4_Creativity_and_Feedback_T3","mid_morning","Push","Paid_Social_Achiever_Week_4_Creativity_and_Feedback_T4","afternoon","In-App","Paid_Social_Achiever_Week_4_Creativity_and_Feedback_T5","afternoon","In-App","Paid_Social_Achiever_Week_4_Creativity_and_Feedback_T1","late_afternoon","In-App","Paid_Social_Achiever_Week_4_Creativity_and_Feedback_T2","evening","In-App","Paid_Social_Achiever_Week_4_Creativity_and_Feedback_T3","evening","In-App","Paid_Social_Achiever_Week_4_Creativity_and_Feedback_T4","night","In-App"
"USR_000600","3","Day 1","Inactive_Socialite_Day_1_Scarcity_and_Impatience_T1","late_afternoon","Push","Inactive_Socialite_Day_1_Scarcity_and_Impatience_T2","late_afternoon","Push","Inactive_Socialite_Day_1_Scarcity_and_Impatience_T3","evening","Push","Inactive_Socialite_Day_1_Scarcity_and_Impatience_T4","night","In-App","Inactive_Socialite_Day_1_Scarcity_and_Impatience_T5","night","In-App","Inactive_Socialite_Day_1_Scarcity_and_Impatience_T1","night","In-App","Inactive_Socialite_Day_1_Scarcity_and_Impatience_T2","night","In-App","Inactive_Socialite_Day_1_Scarcity_and_Impatience_T3","night","In-App","Inactive_Socialite_Day_1_Scarcity_and_Impatience_T4","early_morning","In-App"
"USR_000601","5","Day 4","Dormant_Achiever_Day_1_Scarcity_and_Impatience_T1","evening","Push","Dormant_Achiever_Day_1_Scarcity_and_Impatience_T2","night","Push","Dormant_Achiever_Day_1_Scarcity_and_Impatience_T3","night","Push","Dormant_Achiever_Day_1_Scarcity_and_Impatience_T4","night","In-App","Dormant_Achiever_Day_1_Scarcity_and_Impatience_T5","night","In-App","Dormant_Achiever_Day_1_Scarcity_and_Impatience_T1","night","In-App","Dormant_Achiever_Day_1_Scarcity_and_Impatience_T2","early_morning","In-App","Dormant_Achiever_Day_1_Scarcity_and_Impatience_T3","mid_morning","In-App","Dormant_Achiever_Day_1_Scarcity_and_Impatience_T4","mid_morning","In-App"
"USR_000602","0","Day 66","Inactive_Socialite_Day_1_Unpredictability_T1","evening","Push","Inactive_Socialite_Day_1_Unpredictability_T2","night","Push","Inactive_Socialite_Day_1_Unpredictability_T3","night","Push","Inactive_Socialite_Day_1_Unpredictability_T4","night","In-App","Inactive_Socialite_Day_1_Unpredictability_T5","night","In-App","Inactive_Socialite_Day_1_Unpredictability_T1","early_morning","In-App","Inactive_Socialite_Day_1_Unpredictability_T2","early_morning","In-App","Inactive_Socialite_Day_1_Unpredictability_T3","mid_morning","In-App","Inactive_Socialite_Day_1_Unpredictability_T4","afternoon","In-App"
"USR_000603","3","Day 7","Inactive_Socialite_Day_1_Scarcity_and_Impatience_T1","night","Push","Inactive_Socialite_Day_1_Scarcity_and_Impatience_T2","night","Push","Inactive_Socialite_Day_1_Scarcity_and_Impatience_T3","night","Push","Inactive_Socialite_Day_1_Scarcity_and_Impatience_T4","night","In-App","Inactive_Socialite_Day_1_Scarcity_and_Impatience_T5","early_morning","In-App","Inactive_Socialite_Day_1_Scarcity_and_Impatience_T1","mid_morning","In-App","Inactive_Socialite_Day_1_Scarcity_and_Impatience_T2","mid_morning","In-App","Inactive_Socialite_Day_1_Scarcity_and_Impatience_T3","afternoon","In-App","Inactive_Socialite_Day_1_Scarcity_and_Impatience_T4","late_afternoon","In-App"
"USR_000604","0","Day 160","Inactive_Socialite_Day_1_Unpredictability_T1","early_morning","Push","Inactive_Socialite_Day_1_Unpredictability_T2","mid_morning","Push","Inactive_Socialite_Day_1_Unpredictability_T3","mid_morning","Push","Inactive_Socialite_Day_1_Unpredictability_T4","afternoon","In-App","Inactive_Socialite_Day_1_Unpredictability_T5","late_afternoon","In-App","Inactive_Socialite_Day_1_Unpredictability_T1","late_afternoon","In-App","Inactive_Socialite_Day_1_Unpredictability_T2","evening","In-App","Inactive_Socialite_Day_1_Unpredictability_T3","night","In-App","Inactive_Socialite_Day_1_Unpredictability_T4","night","In-App"
"USR_000605","0","Day 52","Inactive_Socialite_Day_1_Unpredictability_T1","night","Push","Inactive_Socialite_Day_1_Unpredictability_T2","night","Push","Inactive_Socialite_Day_1_Unpredictability_T3","night","Push","Inactive_Socialite_Day_1_Unpredictability_T4","night","In-App","Inactive_Socialite_Day_1_Unpredictability_T5","early_morning","In-App","Inactive_Socialite_Day_1_Unpredictability_T1","early_morning","In-App","Inactive_Socialite_Day_1_Unpredictability_T2","mid_morning","In-App","Inactive_Socialite_Day_1_Unpredictability_T3","afternoon","In-App","Inactive_Socialite_Day_1_Unpredictability_T4","afternoon","In-App"
"USR_000606","4","Day 108","Dormant_Social_Day_1_Unpredictability_T1","afternoon","Push","Dormant_Social_Day_1_Unpredictability_T2","afternoon","Push","Dormant_Social_Day_1_Unpredictability_T3","late_afternoon","Push","Dormant_Social_Day_1_Unpredictability_T4","evening","In-App","Dormant_Social_Day_1_Unpredictability_T5","evening","In-App","Dormant_Social_Day_1_Unpredictability_T1","night","In-App","Dormant_Social_Day_1_Unpredictability_T2","night","In-App","Dormant_Social_Day_1_Unpredictability_T3","night","In-App","Dormant_Social_Day_1_Unpredictability_T4","night","In-App"
"USR_000607","4","Day 82","Dormant_Social_Day_1_Unpredictability_T1","evening","Push","Dormant_Social_Day_1_Unpredictability_T2","evening","Push","Dormant_Social_Day_1_Unpredictability_T3","night","Push","Dormant_Social_Day_1_Unpredictability_T4","night","In-App","Dormant_Social_Day_1_Unpredictability_T5","night","In-App","Dormant_Social_Day_1_Unpredictability_T1","night","In-App","Dormant_Social_Day_1_Unpredictability_T2","early_morning","In-App","Dormant_Social_Day_1_Unpredictability_T3","early_morning","In-App","Dormant_Social_Day_1_Unpredictability_T4","mid_morning","In-App"
"USR_000608","0","Day 124","Inactive_Socialite_Day_1_Unpredictability_T1","evening","Push","Inactive_Socialite_Day_1_Unpredictability_T2","evening","Push","Inactive_Socialite_Day_1_Unpredictability_T3","night","Push","Inactive_Socialite_Day_1_Unpredictability_T4","night","In-App","Inactive_Socialite_Day_1_Unpredictability_T5","night","In-App","Inactive_Socialite_Day_1_Unpredictability_T1","night","In-App","Inactive_Socialite_Day_1_Unpredictability_T2","early_morning","In-App","Inactive_Socialite_Day_1_Unpredictability_T3","early_morning","In-App","Inactive_Socialite_Day_1_Unpredictability_T4","mid_morning","In-App"
"USR_000609","2","Day 37","Paid_Social_Achiever_Week_4_Creativity_and_Feedback_T1","evening","Push","Paid_Social_Achiever_Week_4_Creativity_and_Feedback_T2","night","Push","Paid_Social_Achiever_Week_4_Creativity_and_Feedback_T3","night","Push","Paid_Social_Achiever_Week_4_Creativity_and_Feedback_T4","night","In-App","Paid_Social_Achiever_Week_4_Creativity_and_Feedback_T5","night","In-App","Paid_Social_Achiever_Week_4_Creativity_and_Feedback_T1","night","In-App","Paid_Social_Achiever_Week_4_Creativity_and_Feedback_T2","early_morning","In-App","Paid_Social_Achiever_Week_4_Creativity_and_Feedback_T3","mid_morning","In-App","Paid_Social_Achiever_Week_4_Creativity_and_Feedback_T4","mid_morning","In-App"
"USR_000610","3","Day 7","Inactive_Socialite_Day_1_Scarcity_and_Impatience_T1","evening","Push","Inactive_Socialite_Day_1_Scarcity_and_Impatience_T2","evening","Push","Inactive_Socialite_Day_1_Scarcity_and_Impatience_T3","night","Push","Inactive_Socialite_Day_1_Scarcity_and_Impatience_T4","night","In-App","Inactive_Socialite_Day_1_Scarcity_and_Impatience_T5","night","In-App","Inactive_Socialite_Day_1_Scarcity_and_Impatience_T1","night","In-App","Inactive_Socialite_Day_1_Scarcity_and_Impatience_T2","early_morning","In-App","Inactive_Socialite_Day_1_Scarcity_and_Impatience_T3","early_morning","In-App","Inactive_Socialite_Day_1_Scarcity_and_Impatience_T4","mid_morning","In-App"
"USR_000611","4","Day 31","Dormant_Social_Day_1_Unpredictability_T1","night","Push","Dormant_Social_Day_1_Unpredictability_T2","night","Push","Dormant_Social_Day_1_Unpredictability_T3","night","Push","Dormant_Social_Day_1_Unpredictability_T4","night","In-App","Dormant_Social_Day_1_Unpredictability_T5","night","In-App","Dormant_Social_Day_1_Unpredictability_T1","early_morning","In-App","Dormant_Social_Day_1_Unpredictability_T2","mid_morning","In-App","Dormant_Social_Day_1_Unpredictability_T3","mid_morning","In-App","Dormant_Social_Day_1_Unpredictability_T4","afternoon","In-App"
"USR_000612","6","Day 3","Dormant_Scholar_Day_1_Creativity_and_Feedback_T1","night","Push","Dormant_Scholar_Day_1_Creativity_and_Feedback_T2","night","Push","Dormant_Scholar_Day_1_Creativity_and_Feedback_T3","night","Push","Dormant_Scholar_Day_1_Creativity_and_Feedback_T4","night","In-App","Dormant_Scholar_Day_1_Creativity_and_Feedback_T5","early_morning","In-App","Dormant_Scholar_Day_1_Creativity_and_Feedback_T1","early_morning","In-App","Dormant_Scholar_Day_1_Creativity_and_Feedback_T2","mid_morning","In-App","Dormant_Scholar_Day_1_Creativity_and_Feedback_T3","afternoon","In-App","Dormant_Scholar_Day_1_Creativity_and_Feedback_T4","afternoon","In-App"
"USR_000613","5","Day 1","Dormant_Achiever_Day_1_Scarcity_and_Impatience_T1","night","Push","Dormant_Achiever_Day_1_Scarcity_and_Impatience_T2","night","Push","Dormant_Achiever_Day_1_Scarcity_and_Impatience_T3","night","Push","Dormant_Achiever_Day_1_Scarcity_and_Impatience_T4","night","In-App","Dormant_Achiever_Day_1_Scarcity_and_Impatience_T5","night","In-App","Dormant_Achiever_Day_1_Scarcity_and_Impatience_T1","early_morning","In-App","Dormant_Achiever_Day_1_Scarcity_and_Impatience_T2","mid_morning","In-App","Dormant_Achiever_Day_1_Scarcity_and_Impatience_T3","mid_morning","In-App","Dormant_Achiever_Day_1_Scarcity_and_Impatience_T4","afternoon","In-App"
"USR_000614","0","Day 154","Inactive_Socialite_Day_1_Unpredictability_T1","late_afternoon","Push","Inactive_Socialite_Day_1_Unpredictability_T2","evening","Push","Inactive_Socialite_Day_1_Unpredictability_T3","night","Push","Inactive_Socialite_Day_1_Unpredictability_T4","night","In-App","Inactive_Socialite_Day_1_Unpredictability_T5","night","In-App","Inactive_Socialite_Day_1_Unpredictability_T1","night","In-App","Inactive_Socialite_Day_1_Unpredictability_T2","night","In-App","Inactive_Socialite_Day_1_Unpredictability_T3","early_morning","In-App","Inactive_Socialite_Day_1_Unpredictability_T4","mid_morning","In-App"
"USR_000615","2","Day 27","Paid_Social_Achiever_Week_4_Creativity_and_Feedback_T1","late_afternoon","Push","Paid_Social_Achiever_Week_4_Creativity_and_Feedback_T2","evening","Push","Paid_Social_Achiever_Week_4_Creativity_and_Feedback_T3","night","Push","Paid_Social_Achiever_Week_4_Creativity_and_Feedback_T4","night","In-App","Paid_Social_Achiever_Week_4_Creativity_and_Feedback_T5","night","In-App","Paid_Social_Achiever_Week_4_Creativity_and_Feedback_T1","night","In-App","Paid_Social_Achiever_Week_4_Creativity_and_Feedback_T2","night","In-App","Paid_Social_Achiever_Week_4_Creativity_and_Feedback_T3","early_morning","In-App","Paid_Social_Achiever_Week_4_Creativity_and_Feedback_T4","mid_morning","In-App"
"USR_000616","4","Day 31","Dormant_Social_Day_1_Unpredictability_T1","late_afternoon","Push","Dormant_Social_Day_1_Unpredictability_T2","late_afternoon","Push","Dormant_Social_Day_1_Unpredictability_T3","evening","Push","Dormant_Social_Day_1_Unpredictability_T4","night","In-App","Dormant_Social_Day_1_Unpredictability_T5","night","In-App","Dormant_Social_Day_1_Unpredictability_T1","night","In-App","Dormant_Social_Day_1_Unpredictability_T2","night","In-App","Dormant_Social_Day_1_Unpredictability_T3","night","In-App","Dormant_Social_Day_1_Unpredictability_T4","early_morning","In-App"
"USR_000617","6","Day 4","Dormant_Scholar_Day_1_Creativity_and_Feedback_T1","late_afternoon","Push","Dormant_Scholar_Day_1_Creativity_and_Feedback_T2","evening","Push","Dormant_Scholar_Day_1_Creativity_and_Feedback_T3","night","Push","Dormant_Scholar_Day_1_Creativity_and_Feedback_T4","night","In-App","Dormant_Scholar_Day_1_Creativity_and_Feedback_T5","night","In-App","Dormant_Scholar_Day_1_Creativity_and_Feedback_T1","night","In-App","Dormant_Scholar_Day_1_Creativity_and_Feedback_T2","night","In-App","Dormant_Scholar_Day_1_Creativity_and_Feedback_T3","early_morning","In-App","Dormant_Scholar_Day_1_Creativity_and_Feedback_T4","mid_morning","In-App"
"USR_000618","3","Day 2","Inactive_Socialite_Day_1_Scarcity_and_Impatience_T1","late_afternoon","Push","Inactive_Socialite_Day_1_Scarcity_and_Impatience_T2","evening","Push","Inactive_Socialite_Day_1_Scarcity_and_Impatience_T3","evening","Push","Inactive_Socialite_Day_1_Scarcity_and_Impatience_T4","night","In-App","Inactive_Socialite_Day_1_Scarcity_and_Impatience_T5","night","In-App","Inactive_Socialite_Day_1_Scarcity_and_Impatience_T1","night","In-App","Inactive_Socialite_Day_1_Scarcity_and_Impatience_T2","night","In-App","Inactive_Socialite_Day_1_Scarcity_and_Impatience_T3","early_morning","In-App","Inactive_Socialite_Day_1_Scarcity_and_Impatience_T4","early_morning","In-App"
"USR_000619","6","Day 2","Dormant_Scholar_Day_1_Creativity_and_Feedback_T1","evening","Push","Dormant_Scholar_Day_1_Creativity_and_Feedback_T2","evening","Push","Dormant_Scholar_Day_1_Creativity_and_Feedback_T3","night","Push","Dormant_Scholar_Day_1_Creativity_and_Feedback_T4","night","In-App","Dormant_Scholar_Day_1_Creativity_and_Feedback_T5","night","In-App","Dormant_Scholar_Day_1_Creativity_and_Feedback_T1","night","In-App","Dormant_Scholar_Day_1_Creativity_and_Feedback_T2","early_morning","In-App","Dormant_Scholar_Day_1_Creativity_and_Feedback_T3","early_morning","In-App","Dormant_Scholar_Day_1_Creativity_and_Feedback_T4","mid_morning","In-App"
"USR_000620","4","Day 68","Dormant_Social_Day_1_Unpredictability_T1","early_morning","Push","Dormant_Social_Day_1_Unpredictability_T2","mid_morning","Push","Dormant_Social_Day_1_Unpredictability_T3","mid_morning","Push","Dormant_Social_Day_1_Unpredictability_T4","afternoon","In-App","Dormant_Social_Day_1_Unpredictability_T5","late_afternoon","In-App","Dormant_Social_Day_1_Unpredictability_T1","late_afternoon","In-App","Dormant_Social_Day_1_Unpredictability_T2","evening","In-App","Dormant_Social_Day_1_Unpredictability_T3","night","In-App","Dormant_Social_Day_1_Unpredictability_T4","night","In-App"
"USR_000621","2","Day 36","Paid_Social_Achiever_Week_4_Creativity_and_Feedback_T1","afternoon","Push","Paid_Social_Achiever_Week_4_Creativity_and_Feedback_T2","late_afternoon","Push","Paid_Social_Achiever_Week_4_Creativity_and_Feedback_T3","evening","Push","Paid_Social_Achiever_Week_4_Creativity_and_Feedback_T4","evening","In-App","Paid_Social_Achiever_Week_4_Creativity_and_Feedback_T5","night","In-App","Paid_Social_Achiever_Week_4_Creativity_and_Feedback_T1","night","In-App","Paid_Social_Achiever_Week_4_Creativity_and_Feedback_T2","night","In-App","Paid_Social_Achiever_Week_4_Creativity_and_Feedback_T3","night","In-App","Paid_Social_Achiever_Week_4_Creativity_and_Feedback_T4","early_morning","In-App"
"USR_000622","6","Day 5","Dormant_Scholar_Day_1_Creativity_and_Feedback_T1","late_afternoon","Push","Dormant_Scholar_Day_1_Creativity_and_Feedback_T2","evening","Push","Dormant_Scholar_Day_1_Creativity_and_Feedback_T3","evening","Push","Dormant_Scholar_Day_1_Creativity_and_Feedback_T4","night","In-App","Dormant_Scholar_Day_1_Creativity_and_Feedback_T5","night","In-App","Dormant_Scholar_Day_1_Creativity_and_Feedback_T1","night","In-App","Dormant_Scholar_Day_1_Creativity_and_Feedback_T2","night","In-App","Dormant_Scholar_Day_1_Creativity_and_Feedback_T3","early_morning","In-App","Dormant_Scholar_Day_1_Creativity_and_Feedback_T4","early_morning","In-App"
"USR_000623","0","Day 122","Inactive_Socialite_Day_1_Unpredictability_T1","afternoon","Push","Inactive_Socialite_Day_1_Unpredictability_T2","afternoon","Push","Inactive_Socialite_Day_1_Unpredictability_T3","late_afternoon","Push","Inactive_Socialite_Day_1_Unpredictability_T4","evening","In-App","Inactive_Socialite_Day_1_Unpredictability_T5","evening","In-App","Inactive_Socialite_Day_1_Unpredictability_T1","night","In-App","Inactive_Socialite_Day_1_Unpredictability_T2","night","In-App","Inactive_Socialite_Day_1_Unpredictability_T3","night","In-App","Inactive_Socialite_Day_1_Unpredictability_T4","night","In-App"
"USR_000624","7","Day 91","Paid_Competitive_Week_4_Ownership_and_Possession_T1","late_afternoon","Push","Paid_Competitive_Week_4_Ownership_and_Possession_T2","evening","Push","Paid_Competitive_Week_4_Ownership_and_Possession_T3","evening","Push","Paid_Competitive_Week_4_Ownership_and_Possession_T4","night","In-App","Paid_Competitive_Week_4_Ownership_and_Possession_T5","night","In-App","Paid_Competitive_Week_4_Ownership_and_Possession_T1","night","In-App","Paid_Competitive_Week_4_Ownership_and_Possession_T2","night","In-App","Paid_Competitive_Week_4_Ownership_and_Possession_T3","early_morning","In-App","Paid_Competitive_Week_4_Ownership_and_Possession_T4","early_morning","In-App"
"USR_000625","1","Day 5","Inactive_Social_Learners_Day_1_Social_Influence_T1","late_afternoon","Push","Inactive_Social_Learners_Day_1_Social_Influence_T2","evening","Push","Inactive_Social_Learners_Day_1_Social_Influence_T3","evening","Push","Inactive_Social_Learners_Day_1_Social_Influence_T4","night","In-App","Inactive_Social_Learners_Day_1_Social_Influence_T5","night","In-App","Inactive_Social_Learners_Day_1_Social_Influence_T1","night","In-App","Inactive_Social_Learners_Day_1_Social_Influence_T2","night","In-App","Inactive_Social_Learners_Day_1_Social_Influence_T3","early_morning","In-App","Inactive_Social_Learners_Day_1_Social_Influence_T4","early_morning","In-App"
"USR_000626","5","Day 0","Dormant_Achiever_Day_1_Scarcity_and_Impatience_T1","early_morning","Push","Dormant_Achiever_Day_1_Scarcity_and_Impatience_T2","mid_morning","Push","Dormant_Achiever_Day_1_Scarcity_and_Impatience_T3","mid_morning","Push","Dormant_Achiever_Day_1_Scarcity_and_Impatience_T4","afternoon","In-App","Dormant_Achiever_Day_1_Scarcity_and_Impatience_T5","late_afternoon","In-App","Dormant_Achiever_Day_1_Scarcity_and_Impatience_T1","late_afternoon","In-App","Dormant_Achiever_Day_1_Scarcity_and_Impatience_T2","evening","In-App","Dormant_Achiever_Day_1_Scarcity_and_Impatience_T3","night","In-App","Dormant_Achiever_Day_1_Scarcity_and_Impatience_T4","night","In-App"
"USR_000627","7","Day 34","Paid_Competitive_Week_4_Ownership_and_Possession_T1","evening","Push","Paid_Competitive_Week_4_Ownership_and_Possession_T2","night","Push","Paid_Competitive_Week_4_Ownership_and_Possession_T3","night","Push","Paid_Competitive_Week_4_Ownership_and_Possession_T4","night","In-App","Paid_Competitive_Week_4_Ownership_and_Possession_T5","night","In-App","Paid_Competitive_Week_4_Ownership_and_Possession_T1","night","In-App","Paid_Competitive_Week_4_Ownership_and_Possession_T2","early_morning","In-App","Paid_Competitive_Week_4_Ownership_and_Possession_T3","mid_morning","In-App","Paid_Competitive_Week_4_Ownership_and_Possession_T4","mid_morning","In-App"
"USR_000628","5","Day 3","Dormant_Achiever_Day_1_Scarcity_and_Impatience_T1","night","Push","Dormant_Achiever_Day_1_Scarcity_and_Impatience_T2","night","Push","Dormant_Achiever_Day_1_Scarcity_and_Impatience_T3","night","Push","Dormant_Achiever_Day_1_Scarcity_and_Impatience_T4","night","In-App","Dormant_Achiever_Day_1_Scarcity_and_Impatience_T5","night","In-App","Dormant_Achiever_Day_1_Scarcity_and_Impatience_T1","early_morning","In-App","Dormant_Achiever_Day_1_Scarcity_and_Impatience_T2","mid_morning","In-App","Dormant_Achiever_Day_1_Scarcity_and_Impatience_T3","mid_morning","In-App","Dormant_Achiever_Day_1_Scarcity_and_Impatience_T4","afternoon","In-App"
"USR_000629","4","Day 58","Dormant_Social_Day_1_Unpredictability_T1","night","Push","Dormant_Social_Day_1_Unpredictability_T2","night","Push","Dormant_Social_Day_1_Unpredictability_T3","night","Push","Dormant_Social_Day_1_Unpredictability_T4","night","In-App","Dormant_Social_Day_1_Unpredictability_T5","early_morning","In-App","Dormant_Social_Day_1_Unpredictability_T1","early_morning","In-App","Dormant_Social_Day_1_Unpredictability_T2","mid_morning","In-App","Dormant_Social_Day_1_Unpredictability_T3","afternoon","In-App","Dormant_Social_Day_1_Unpredictability_T4","afternoon","In-App"
"USR_000630","7","Day 101","Paid_Competitive_Week_4_Ownership_and_Possession_T1","afternoon","Push","Paid_Competitive_Week_4_Ownership_and_Possession_T2","afternoon","Push","Paid_Competitive_Week_4_Ownership_and_Possession_T3","late_afternoon","Push","Paid_Competitive_Week_4_Ownership_and_Possession_T4","evening","In-App","Paid_Competitive_Week_4_Ownership_and_Possession_T5","evening","In-App","Paid_Competitive_Week_4_Ownership_and_Possession_T1","night","In-App","Paid_Competitive_Week_4_Ownership_and_Possession_T2","night","In-App","Paid_Competitive_Week_4_Ownership_and_Possession_T3","night","In-App","Paid_Competitive_Week_4_Ownership_and_Possession_T4","night","In-App"
"USR_000631","4","Day 70","Dormant_Social_Day_1_Unpredictability_T1","evening","Push","Dormant_Social_Day_1_Unpredictability_T2","night","Push","Dormant_Social_Day_1_Unpredictability_T3","night","Push","Dormant_Social_Day_1_Unpredictability_T4","night","In-App","Dormant_Social_Day_1_Unpredictability_T5","night","In-App","Dormant_Social_Day_1_Unpredictability_T1","night","In-App","Dormant_Social_Day_1_Unpredictability_T2","early_morning","In-App","Dormant_Social_Day_1_Unpredictability_T3","mid_morning","In-App","Dormant_Social_Day_1_Unpredictability_T4","mid_morning","In-App"
"USR_000632","1","Day 2","Inactive_Social_Learners_Day_1_Social_Influence_T1","late_afternoon","Push","Inactive_Social_Learners_Day_1_Social_Influence_T2","evening","Push","Inactive_Social_Learners_Day_1_Social_Influence_T3","night","Push","Inactive_Social_Learners_Day_1_Social_Influence_T4","night","In-App","Inactive_Social_Learners_Day_1_Social_Influence_T5","night","In-App","Inactive_Social_Learners_Day_1_Social_Influence_T1","night","In-App","Inactive_Social_Learners_Day_1_Social_Influence_T2","night","In-App","Inactive_Social_Learners_Day_1_Social_Influence_T3","early_morning","In-App","Inactive_Social_Learners_Day_1_Social_Influence_T4","mid_morning","In-App"
"USR_000633","3","Day 6","Inactive_Socialite_Day_1_Scarcity_and_Impatience_T1","evening","Push","Inactive_Socialite_Day_1_Scarcity_and_Impatience_T2","night","Push","Inactive_Socialite_Day_1_Scarcity_and_Impatience_T3","night","Push","Inactive_Socialite_Day_1_Scarcity_and_Impatience_T4","night","In-App","Inactive_Socialite_Day_1_Scarcity_and_Impatience_T5","night","In-App","Inactive_Socialite_Day_1_Scarcity_and_Impatience_T1","early_morning","In-App","Inactive_Socialite_Day_1_Scarcity_and_Impatience_T2","early_morning","In-App","Inactive_Socialite_Day_1_Scarcity_and_Impatience_T3","mid_morning","In-App","Inactive_Socialite_Day_1_Scarcity_and_Impatience_T4","afternoon","In-App"
"USR_000634","4","Day 48","Dormant_Social_Day_1_Unpredictability_T1","late_afternoon","Push","Dormant_Social_Day_1_Unpredictability_T2","evening","Push","Dormant_Social_Day_1_Unpredictability_T3","night","Push","Dormant_Social_Day_1_Unpredictability_T4","night","In-App","Dormant_Social_Day_1_Unpredictability_T5","night","In-App","Dormant_Social_Day_1_Unpredictability_T1","night","In-App","Dormant_Social_Day_1_Unpredictability_T2","night","In-App","Dormant_Social_Day_1_Unpredictability_T3","early_morning","In-App","Dormant_Social_Day_1_Unpredictability_T4","mid_morning","In-App"
"USR_000635","6","Day 2","Dormant_Scholar_Day_1_Creativity_and_Feedback_T1","night","Push","Dormant_Scholar_Day_1_Creativity_and_Feedback_T2","early_morning","Push","Dormant_Scholar_Day_1_Creativity_and_Feedback_T3","mid_morning","Push","Dormant_Scholar_Day_1_Creativity_and_Feedback_T4","mid_morning","In-App","Dormant_Scholar_Day_1_Creativity_and_Feedback_T5","afternoon","In-App","Dormant_Scholar_Day_1_Creativity_and_Feedback_T1","late_afternoon","In-App","Dormant_Scholar_Day_1_Creativity_and_Feedback_T2","late_afternoon","In-App","Dormant_Scholar_Day_1_Creativity_and_Feedback_T3","evening","In-App","Dormant_Scholar_Day_1_Creativity_and_Feedback_T4","night","In-App"
"USR_000636","6","Day 36","Dormant_Scholar_Day_1_Creativity_and_Feedback_T1","evening","Push","Dormant_Scholar_Day_1_Creativity_and_Feedback_T2","night","Push","Dormant_Scholar_Day_1_Creativity_and_Feedback_T3","night","Push","Dormant_Scholar_Day_1_Creativity_and_Feedback_T4","night","In-App","Dormant_Scholar_Day_1_Creativity_and_Feedback_T5","night","In-App","Dormant_Scholar_Day_1_Creativity_and_Feedback_T1","night","In-App","Dormant_Scholar_Day_1_Creativity_and_Feedback_T2","early_morning","In-App","Dormant_Scholar_Day_1_Creativity_and_Feedback_T3","mid_morning","In-App","Dormant_Scholar_Day_1_Creativity_and_Feedback_T4","mid_morning","In-App"
"USR_000637","5","Day 4","Dormant_Achiever_Day_1_Scarcity_and_Impatience_T1","afternoon","Push","Dormant_Achiever_Day_1_Scarcity_and_Impatience_T2","late_afternoon","Push","Dormant_Achiever_Day_1_Scarcity_and_Impatience_T3","evening","Push","Dormant_Achiever_Day_1_Scarcity_and_Impatience_T4","evening","In-App","Dormant_Achiever_Day_1_Scarcity_and_Impatience_T5","night","In-App","Dormant_Achiever_Day_1_Scarcity_and_Impatience_T1","night","In-App","Dormant_Achiever_Day_1_Scarcity_and_Impatience_T2","night","In-App","Dormant_Achiever_Day_1_Scarcity_and_Impatience_T3","night","In-App","Dormant_Achiever_Day_1_Scarcity_and_Impatience_T4","early_morning","In-App"
"USR_000638","3","Day 4","Inactive_Socialite_Day_1_Scarcity_and_Impatience_T1","night","Push","Inactive_Socialite_Day_1_Scarcity_and_Impatience_T2","night","Push","Inactive_Socialite_Day_1_Scarcity_and_Impatience_T3","night","Push","Inactive_Socialite_Day_1_Scarcity_and_Impatience_T4","night","In-App","Inactive_Socialite_Day_1_Scarcity_and_Impatience_T5","night","In-App","Inactive_Socialite_Day_1_Scarcity_and_Impatience_T1","early_morning","In-App","Inactive_Socialite_Day_1_Scarcity_and_Impatience_T2","mid_morning","In-App","Inactive_Socialite_Day_1_Scarcity_and_Impatience_T3","mid_morning","In-App","Inactive_Socialite_Day_1_Scarcity_and_Impatience_T4","afternoon","In-App"
"USR_000639","4","Day 32","Dormant_Social_Day_1_Unpredictability_T1","evening","Push","Dormant_Social_Day_1_Unpredictability_T2","night","Push","Dormant_Social_Day_1_Unpredictability_T3","night","Push","Dormant_Social_Day_1_Unpredictability_T4","night","In-App","Dormant_Social_Day_1_Unpredictability_T5","night","In-App","Dormant_Social_Day_1_Unpredictability_T1","night","In-App","Dormant_Social_Day_1_Unpredictability_T2","early_morning","In-App","Dormant_Social_Day_1_Unpredictability_T3","mid_morning","In-App","Dormant_Social_Day_1_Unpredictability_T4","mid_morning","In-App"
"USR_000640","3","Day 5","Inactive_Socialite_Day_1_Scarcity_and_Impatience_T1","evening","Push","Inactive_Socialite_Day_1_Scarcity_and_Impatience_T2","night","Push","Inactive_Socialite_Day_1_Scarcity_and_Impatience_T3","night","Push","Inactive_Socialite_Day_1_Scarcity_and_Impatience_T4","night","In-App","Inactive_Socialite_Day_1_Scarcity_and_Impatience_T5","night","In-App","Inactive_Socialite_Day_1_Scarcity_and_Impatience_T1","early_morning","In-App","Inactive_Socialite_Day_1_Scarcity_and_Impatience_T2","early_morning","In-App","Inactive_Socialite_Day_1_Scarcity_and_Impatience_T3","mid_morning","In-App","Inactive_Socialite_Day_1_Scarcity_and_Impatience_T4","afternoon","In-App"
"USR_000641","2","Day 76","Paid_Social_Achiever_Week_4_Creativity_and_Feedback_T1","evening","Push","Paid_Social_Achiever_Week_4_Creativity_and_Feedback_T2","night","Push","Paid_Social_Achiever_Week_4_Creativity_and_Feedback_T3","night","Push","Paid_Social_Achiever_Week_4_Creativity_and_Feedback_T4","night","In-App","Paid_Social_Achiever_Week_4_Creativity_and_Feedback_T5","night","In-App","Paid_Social_Achiever_Week_4_Creativity_and_Feedback_T1","night","In-App","Paid_Social_Achiever_Week_4_Creativity_and_Feedback_T2","early_morning","In-App","Paid_Social_Achiever_Week_4_Creativity_and_Feedback_T3","mid_morning","In-App","Paid_Social_Achiever_Week_4_Creativity_and_Feedback_T4","mid_morning","In-App"
"USR_000642","4","Day 31","Dormant_Social_Day_1_Unpredictability_T1","afternoon","Push","Dormant_Social_Day_1_Unpredictability_T2","late_afternoon","Push","Dormant_Social_Day_1_Unpredictability_T3","late_afternoon","Push","Dormant_Social_Day_1_Unpredictability_T4","evening","In-App","Dormant_Social_Day_1_Unpredictability_T5","night","In-App","Dormant_Social_Day_1_Unpredictability_T1","night","In-App","Dormant_Social_Day_1_Unpredictability_T2","night","In-App","Dormant_Social_Day_1_Unpredictability_T3","night","In-App","Dormant_Social_Day_1_Unpredictability_T4","night","In-App"
"USR_000643","3","Day 2","Inactive_Socialite_Day_1_Scarcity_and_Impatience_T1","early_morning","Push","Inactive_Socialite_Day_1_Scarcity_and_Impatience_T2","early_morning","Push","Inactive_Socialite_Day_1_Scarcity_and_Impatience_T3","mid_morning","Push","Inactive_Socialite_Day_1_Scarcity_and_Impatience_T4","afternoon","In-App","Inactive_Socialite_Day_1_Scarcity_and_Impatience_T5","afternoon","In-App","Inactive_Socialite_Day_1_Scarcity_and_Impatience_T1","late_afternoon","In-App","Inactive_Socialite_Day_1_Scarcity_and_Impatience_T2","evening","In-App","Inactive_Socialite_Day_1_Scarcity_and_Impatience_T3","evening","In-App","Inactive_Socialite_Day_1_Scarcity_and_Impatience_T4","night","In-App"
"USR_000644","0","Day 123","Inactive_Socialite_Day_1_Unpredictability_T1","early_morning","Push","Inactive_Socialite_Day_1_Unpredictability_T2","mid_morning","Push","Inactive_Socialite_Day_1_Unpredictability_T3","mid_morning","Push","Inactive_Socialite_Day_1_Unpredictability_T4","afternoon","In-App","Inactive_Socialite_Day_1_Unpredictability_T5","late_afternoon","In-App","Inactive_Socialite_Day_1_Unpredictability_T1","late_afternoon","In-App","Inactive_Socialite_Day_1_Unpredictability_T2","evening","In-App","Inactive_Socialite_Day_1_Unpredictability_T3","night","In-App","Inactive_Socialite_Day_1_Unpredictability_T4","night","In-App"
"USR_000645","2","Day 90","Paid_Social_Achiever_Week_4_Creativity_and_Feedback_T1","early_morning","Push","Paid_Social_Achiever_Week_4_Creativity_and_Feedback_T2","early_morning","Push","Paid_Social_Achiever_Week_4_Creativity_and_Feedback_T3","mid_morning","Push","Paid_Social_Achiever_Week_4_Creativity_and_Feedback_T4","afternoon","In-App","Paid_Social_Achiever_Week_4_Creativity_and_Feedback_T5","afternoon","In-App","Paid_Social_Achiever_Week_4_Creativity_and_Feedback_T1","late_afternoon","In-App","Paid_Social_Achiever_Week_4_Creativity_and_Feedback_T2","evening","In-App","Paid_Social_Achiever_Week_4_Creativity_and_Feedback_T3","evening","In-App","Paid_Social_Achiever_Week_4_Creativity_and_Feedback_T4","night","In-App"
"USR_000646","0","Day 108","Inactive_Socialite_Day_1_Unpredictability_T1","afternoon","Push","Inactive_Socialite_Day_1_Unpredictability_T2","late_afternoon","Push","Inactive_Socialite_Day_1_Unpredictability_T3","evening","Push","Inactive_Socialite_Day_1_Unpredictability_T4","evening","In-App","Inactive_Socialite_Day_1_Unpredictability_T5","night","In-App","Inactive_Socialite_Day_1_Unpredictability_T1","night","In-App","Inactive_Socialite_Day_1_Unpredictability_T2","night","In-App","Inactive_Socialite_Day_1_Unpredictability_T3","night","In-App","Inactive_Socialite_Day_1_Unpredictability_T4","early_morning","In-App"
"USR_000647","2","Day 85","Paid_Social_Achiever_Week_4_Creativity_and_Feedback_T1","evening","Push","Paid_Social_Achiever_Week_4_Creativity_and_Feedback_T2","evening","Push","Paid_Social_Achiever_Week_4_Creativity_and_Feedback_T3","night","Push","Paid_Social_Achiever_Week_4_Creativity_and_Feedback_T4","night","In-App","Paid_Social_Achiever_Week_4_Creativity_and_Feedback_T5","night","In-App","Paid_Social_Achiever_Week_4_Creativity_and_Feedback_T1","night","In-App","Paid_Social_Achiever_Week_4_Creativity_and_Feedback_T2","early_morning","In-App","Paid_Social_Achiever_Week_4_Creativity_and_Feedback_T3","early_morning","In-App","Paid_Social_Achiever_Week_4_Creativity_and_Feedback_T4","mid_morning","In-App"
"USR_000648","5","Day 5","Dormant_Achiever_Day_1_Scarcity_and_Impatience_T1","evening","Push","Dormant_Achiever_Day_1_Scarcity_and_Impatience_T2","night","Push","Dormant_Achiever_Day_1_Scarcity_and_Impatience_T3","night","Push","Dormant_Achiever_Day_1_Scarcity_and_Impatience_T4","night","In-App","Dormant_Achiever_Day_1_Scarcity_and_Impatience_T5","night","In-App","Dormant_Achiever_Day_1_Scarcity_and_Impatience_T1","night","In-App","Dormant_Achiever_Day_1_Scarcity_and_Impatience_T2","early_morning","In-App","Dormant_Achiever_Day_1_Scarcity_and_Impatience_T3","mid_morning","In-App","Dormant_Achiever_Day_1_Scarcity_and_Impatience_T4","mid_morning","In-App"
"USR_000649","3","Day 0","Inactive_Socialite_Day_1_Scarcity_and_Impatience_T1","late_afternoon","Push","Inactive_Socialite_Day_1_Scarcity_and_Impatience_T2","evening","Push","Inactive_Socialite_Day_1_Scarcity_and_Impatience_T3","evening","Push","Inactive_Socialite_Day_1_Scarcity_and_Impatience_T4","night","In-App","Inactive_Socialite_Day_1_Scarcity_and_Impatience_T5","night","In-App","Inactive_Socialite_Day_1_Scarcity_and_Impatience_T1","night","In-App","Inactive_Socialite_Day_1_Scarcity_and_Impatience_T2","night","In-App","Inactive_Socialite_Day_1_Scarcity_and_Impatience_T3","early_morning","In-App","Inactive_Socialite_Day_1_Scarcity_and_Impatience_T4","early_morning","In-App"
"USR_000650","6","Day 2","Dormant_Scholar_Day_1_Creativity_and_Feedback_T1","late_afternoon","Push","Dormant_Scholar_Day_1_Creativity_and_Feedback_T2","evening","Push","Dormant_Scholar_Day_1_Creativity_and_Feedback_T3","night","Push","Dormant_Scholar_Day_1_Creativity_and_Feedback_T4","night","In-App","Dormant_Scholar_Day_1_Creativity_and_Feedback_T5","night","In-App","Dormant_Scholar_Day_1_Creativity_and_Feedback_T1","night","In-App","Dormant_Scholar_Day_1_Creativity_and_Feedback_T2","night","In-App","Dormant_Scholar_Day_1_Creativity_and_Feedback_T3","early_morning","In-App","Dormant_Scholar_Day_1_Creativity_and_Feedback_T4","mid_morning","In-App"
"USR_000651","4","Day 73","Dormant_Social_Day_1_Unpredictability_T1","evening","Push","Dormant_Social_Day_1_Unpredictability_T2","night","Push","Dormant_Social_Day_1_Unpredictability_T3","night","Push","Dormant_Social_Day_1_Unpredictability_T4","night","In-App","Dormant_Social_Day_1_Unpredictability_T5","night","In-App","Dormant_Social_Day_1_Unpredictability_T1","early_morning","In-App","Dormant_Social_Day_1_Unpredictability_T2","early_morning","In-App","Dormant_Social_Day_1_Unpredictability_T3","mid_morning","In-App","Dormant_Social_Day_1_Unpredictability_T4","afternoon","In-App"
"USR_000652","7","Day 106","Paid_Competitive_Week_4_Ownership_and_Possession_T1","evening","Push","Paid_Competitive_Week_4_Ownership_and_Possession_T2","night","Push","Paid_Competitive_Week_4_Ownership_and_Possession_T3","night","Push","Paid_Competitive_Week_4_Ownership_and_Possession_T4","night","In-App","Paid_Competitive_Week_4_Ownership_and_Possession_T5","night","In-App","Paid_Competitive_Week_4_Ownership_and_Possession_T1","night","In-App","Paid_Competitive_Week_4_Ownership_and_Possession_T2","early_morning","In-App","Paid_Competitive_Week_4_Ownership_and_Possession_T3","mid_morning","In-App","Paid_Competitive_Week_4_Ownership_and_Possession_T4","mid_morning","In-App"
"USR_000653","4","Day 26","Dormant_Social_Day_1_Unpredictability_T1","early_morning","Push","Dormant_Social_Day_1_Unpredictability_T2","mid_morning","Push","Dormant_Social_Day_1_Unpredictability_T3","mid_morning","Push","Dormant_Social_Day_1_Unpredictability_T4","afternoon","In-App","Dormant_Social_Day_1_Unpredictability_T5","late_afternoon","In-App","Dormant_Social_Day_1_Unpredictability_T1","late_afternoon","In-App","Dormant_Social_Day_1_Unpredictability_T2","evening","In-App","Dormant_Social_Day_1_Unpredictability_T3","night","In-App","Dormant_Social_Day_1_Unpredictability_T4","night","In-App"
"USR_000654","5","Day 1","Dormant_Achiever_Day_1_Scarcity_and_Impatience_T1","night","Push","Dormant_Achiever_Day_1_Scarcity_and_Impatience_T2","night","Push","Dormant_Achiever_Day_1_Scarcity_and_Impatience_T3","night","Push","Dormant_Achiever_Day_1_Scarcity_and_Impatience_T4","night","In-App","Dormant_Achiever_Day_1_Scarcity_and_Impatience_T5","early_morning","In-App","Dormant_Achiever_Day_1_Scarcity_and_Impatience_T1","mid_morning","In-App","Dormant_Achiever_Day_1_Scarcity_and_Impatience_T2","mid_morning","In-App","Dormant_Achiever_Day_1_Scarcity_and_Impatience_T3","afternoon","In-App","Dormant_Achiever_Day_1_Scarcity_and_Impatience_T4","late_afternoon","In-App"
"USR_000655","7","Day 60","Paid_Competitive_Week_4_Ownership_and_Possession_T1","evening","Push","Paid_Competitive_Week_4_Ownership_and_Possession_T2","evening","Push","Paid_Competitive_Week_4_Ownership_and_Possession_T3","night","Push","Paid_Competitive_Week_4_Ownership_and_Possession_T4","night","In-App","Paid_Competitive_Week_4_Ownership_and_Possession_T5","night","In-App","Paid_Competitive_Week_4_Ownership_and_Possession_T1","night","In-App","Paid_Competitive_Week_4_Ownership_and_Possession_T2","early_morning","In-App","Paid_Competitive_Week_4_Ownership_and_Possession_T3","early_morning","In-App","Paid_Competitive_Week_4_Ownership_and_Possession_T4","mid_morning","In-App"
"USR_000656","2","Day 39","Paid_Social_Achiever_Week_4_Creativity_and_Feedback_T1","mid_morning","Push","Paid_Social_Achiever_Week_4_Creativity_and_Feedback_T2","afternoon","Push","Paid_Social_Achiever_Week_4_Creativity_and_Feedback_T3","afternoon","Push","Paid_Social_Achiever_Week_4_Creativity_and_Feedback_T4","late_afternoon","In-App","Paid_Social_Achiever_Week_4_Creativity_and_Feedback_T5","evening","In-App","Paid_Social_Achiever_Week_4_Creativity_and_Feedback_T1","evening","In-App","Paid_Social_Achiever_Week_4_Creativity_and_Feedback_T2","night","In-App","Paid_Social_Achiever_Week_4_Creativity_and_Feedback_T3","night","In-App","Paid_Social_Achiever_Week_4_Creativity_and_Feedback_T4","night","In-App"
"USR_000657","2","Day 67","Paid_Social_Achiever_Week_4_Creativity_and_Feedback_T1","early_morning","Push","Paid_Social_Achiever_Week_4_Creativity_and_Feedback_T2","mid_morning","Push","Paid_Social_Achiever_Week_4_Creativity_and_Feedback_T3","mid_morning","Push","Paid_Social_Achiever_Week_4_Creativity_and_Feedback_T4","afternoon","In-App","Paid_Social_Achiever_Week_4_Creativity_and_Feedback_T5","late_afternoon","In-App","Paid_Social_Achiever_Week_4_Creativity_and_Feedback_T1","late_afternoon","In-App","Paid_Social_Achiever_Week_4_Creativity_and_Feedback_T2","evening","In-App","Paid_Social_Achiever_Week_4_Creativity_and_Feedback_T3","night","In-App","Paid_Social_Achiever_Week_4_Creativity_and_Feedback_T4","night","In-App"
"USR_000658","4","Day 39","Dormant_Social_Day_1_Unpredictability_T1","early_morning","Push","Dormant_Social_Day_1_Unpredictability_T2","mid_morning","Push","Dormant_Social_Day_1_Unpredictability_T3","mid_morning","Push","Dormant_Social_Day_1_Unpredictability_T4","afternoon","In-App","Dormant_Social_Day_1_Unpredictability_T5","late_afternoon","In-App","Dormant_Social_Day_1_Unpredictability_T1","late_afternoon","In-App","Dormant_Social_Day_1_Unpredictability_T2","evening","In-App","Dormant_Social_Day_1_Unpredictability_T3","night","In-App","Dormant_Social_Day_1_Unpredictability_T4","night","In-App"
"USR_000659","2","Day 119","Paid_Social_Achiever_Week_4_Creativity_and_Feedback_T1","early_morning","Push","Paid_Social_Achiever_Week_4_Creativity_and_Feedback_T2","mid_morning","Push","Paid_Social_Achiever_Week_4_Creativity_and_Feedback_T3","mid_morning","Push","Paid_Social_Achiever_Week_4_Creativity_and_Feedback_T4","afternoon","In-App","Paid_Social_Achiever_Week_4_Creativity_and_Feedback_T5","late_afternoon","In-App","Paid_Social_Achiever_Week_4_Creativity_and_Feedback_T1","late_afternoon","In-App","Paid_Social_Achiever_Week_4_Creativity_and_Feedback_T2","evening","In-App","Paid_Social_Achiever_Week_4_Creativity_and_Feedback_T3","night","In-App","Paid_Social_Achiever_Week_4_Creativity_and_Feedback_T4","night","In-App"
"USR_000660","2","Day 114","Paid_Social_Achiever_Week_4_Creativity_and_Feedback_T1","late_afternoon","Push","Paid_Social_Achiever_Week_4_Creativity_and_Feedback_T2","evening","Push","Paid_Social_Achiever_Week_4_Creativity_and_Feedback_T3","evening","Push","Paid_Social_Achiever_Week_4_Creativity_and_Feedback_T4","night","In-App","Paid_Social_Achiever_Week_4_Creativity_and_Feedback_T5","night","In-App","Paid_Social_Achiever_Week_4_Creativity_and_Feedback_T1","night","In-App","Paid_Social_Achiever_Week_4_Creativity_and_Feedback_T2","night","In-App","Paid_Social_Achiever_Week_4_Creativity_and_Feedback_T3","early_morning","In-App","Paid_Social_Achiever_Week_4_Creativity_and_Feedback_T4","early_morning","In-App"
"USR_000661","2","Day 9","Paid_Social_Achiever_Week_2_Creativity_and_Feedback_T1","evening","Push","Paid_Social_Achiever_Week_2_Creativity_and_Feedback_T2","night","Push","Paid_Social_Achiever_Week_2_Creativity_and_Feedback_T3","night","Push","Paid_Social_Achiever_Week_2_Creativity_and_Feedback_T4","night","In-App","Paid_Social_Achiever_Week_2_Creativity_and_Feedback_T5","night","In-App","Paid_Social_Achiever_Week_2_Creativity_and_Feedback_T1","early_morning","In-App","Paid_Social_Achiever_Week_2_Creativity_and_Feedback_T2","early_morning","In-App","Paid_Social_Achiever_Week_2_Creativity_and_Feedback_T3","mid_morning","In-App","Paid_Social_Achiever_Week_2_Creativity_and_Feedback_T4","afternoon","In-App"
"USR_000662","1","Day 5","Inactive_Social_Learners_Day_1_Social_Influence_T1","early_morning","Push","Inactive_Social_Learners_Day_1_Social_Influence_T2","mid_morning","Push","Inactive_Social_Learners_Day_1_Social_Influence_T3","afternoon","Push","Inactive_Social_Learners_Day_1_Social_Influence_T4","afternoon","In-App","Inactive_Social_Learners_Day_1_Social_Influence_T5","late_afternoon","In-App","Inactive_Social_Learners_Day_1_Social_Influence_T1","evening","In-App","Inactive_Social_Learners_Day_1_Social_Influence_T2","evening","In-App","Inactive_Social_Learners_Day_1_Social_Influence_T3","night","In-App","Inactive_Social_Learners_Day_1_Social_Influence_T4","night","In-App"
"USR_000663","1","Day 6","Inactive_Social_Learners_Day_1_Social_Influence_T1","night","Push","Inactive_Social_Learners_Day_1_Social_Influence_T2","night","Push","Inactive_Social_Learners_Day_1_Social_Influence_T3","night","Push","Inactive_Social_Learners_Day_1_Social_Influence_T4","night","In-App","Inactive_Social_Learners_Day_1_Social_Influence_T5","early_morning","In-App","Inactive_Social_Learners_Day_1_Social_Influence_T1","mid_morning","In-App","Inactive_Social_Learners_Day_1_Social_Influence_T2","mid_morning","In-App","Inactive_Social_Learners_Day_1_Social_Influence_T3","afternoon","In-App","Inactive_Social_Learners_Day_1_Social_Influence_T4","late_afternoon","In-App"
"USR_000664","5","Day 1","Dormant_Achiever_Day_1_Scarcity_and_Impatience_T1","evening","Push","Dormant_Achiever_Day_1_Scarcity_and_Impatience_T2","evening","Push","Dormant_Achiever_Day_1_Scarcity_and_Impatience_T3","night","Push","Dormant_Achiever_Day_1_Scarcity_and_Impatience_T4","night","In-App","Dormant_Achiever_Day_1_Scarcity_and_Impatience_T5","night","In-App","Dormant_Achiever_Day_1_Scarcity_and_Impatience_T1","night","In-App","Dormant_Achiever_Day_1_Scarcity_and_Impatience_T2","early_morning","In-App","Dormant_Achiever_Day_1_Scarcity_and_Impatience_T3","early_morning","In-App","Dormant_Achiever_Day_1_Scarcity_and_Impatience_T4","mid_morning","In-App"
"USR_000665","2","Day 28","Paid_Social_Achiever_Week_4_Creativity_and_Feedback_T1","night","Push","Paid_Social_Achiever_Week_4_Creativity_and_Feedback_T2","night","Push","Paid_Social_Achiever_Week_4_Creativity_and_Feedback_T3","night","Push","Paid_Social_Achiever_Week_4_Creativity_and_Feedback_T4","night","In-App","Paid_Social_Achiever_Week_4_Creativity_and_Feedback_T5","night","In-App","Paid_Social_Achiever_Week_4_Creativity_and_Feedback_T1","early_morning","In-App","Paid_Social_Achiever_Week_4_Creativity_and_Feedback_T2","mid_morning","In-App","Paid_Social_Achiever_Week_4_Creativity_and_Feedback_T3","mid_morning","In-App","Paid_Social_Achiever_Week_4_Creativity_and_Feedback_T4","afternoon","In-App"
"USR_000666","5","Day 1","Dormant_Achiever_Day_1_Scarcity_and_Impatience_T1","late_afternoon","Push","Dormant_Achiever_Day_1_Scarcity_and_Impatience_T2","evening","Push","Dormant_Achiever_Day_1_Scarcity_and_Impatience_T3","evening","Push","Dormant_Achiever_Day_1_Scarcity_and_Impatience_T4","night","In-App","Dormant_Achiever_Day_1_Scarcity_and_Impatience_T5","night","In-App","Dormant_Achiever_Day_1_Scarcity_and_Impatience_T1","night","In-App","Dormant_Achiever_Day_1_Scarcity_and_Impatience_T2","night","In-App","Dormant_Achiever_Day_1_Scarcity_and_Impatience_T3","early_morning","In-App","Dormant_Achiever_Day_1_Scarcity_and_Impatience_T4","early_morning","In-App"
"USR_000667","0","Day 150","Inactive_Socialite_Day_1_Unpredictability_T1","late_afternoon","Push","Inactive_Socialite_Day_1_Unpredictability_T2","late_afternoon","Push","Inactive_Socialite_Day_1_Unpredictability_T3","evening","Push","Inactive_Socialite_Day_1_Unpredictability_T4","night","In-App","Inactive_Socialite_Day_1_Unpredictability_T5","night","In-App","Inactive_Socialite_Day_1_Unpredictability_T1","night","In-App","Inactive_Socialite_Day_1_Unpredictability_T2","night","In-App","Inactive_Socialite_Day_1_Unpredictability_T3","night","In-App","Inactive_Socialite_Day_1_Unpredictability_T4","early_morning","In-App"
"USR_000668","6","Day 4","Dormant_Scholar_Day_1_Creativity_and_Feedback_T1","mid_morning","Push","Dormant_Scholar_Day_1_Creativity_and_Feedback_T2","mid_morning","Push","Dormant_Scholar_Day_1_Creativity_and_Feedback_T3","afternoon","Push","Dormant_Scholar_Day_1_Creativity_and_Feedback_T4","late_afternoon","In-App","Dormant_Scholar_Day_1_Creativity_and_Feedback_T5","late_afternoon","In-App","Dormant_Scholar_Day_1_Creativity_and_Feedback_T1","evening","In-App","Dormant_Scholar_Day_1_Creativity_and_Feedback_T2","night","In-App","Dormant_Scholar_Day_1_Creativity_and_Feedback_T3","night","In-App","Dormant_Scholar_Day_1_Creativity_and_Feedback_T4","night","In-App"
"USR_000669","0","Day 176","Inactive_Socialite_Day_1_Unpredictability_T1","late_afternoon","Push","Inactive_Socialite_Day_1_Unpredictability_T2","evening","Push","Inactive_Socialite_Day_1_Unpredictability_T3","night","Push","Inactive_Socialite_Day_1_Unpredictability_T4","night","In-App","Inactive_Socialite_Day_1_Unpredictability_T5","night","In-App","Inactive_Socialite_Day_1_Unpredictability_T1","night","In-App","Inactive_Socialite_Day_1_Unpredictability_T2","night","In-App","Inactive_Socialite_Day_1_Unpredictability_T3","early_morning","In-App","Inactive_Socialite_Day_1_Unpredictability_T4","mid_morning","In-App"
"USR_000670","2","Day 48","Paid_Social_Achiever_Week_4_Creativity_and_Feedback_T1","evening","Push","Paid_Social_Achiever_Week_4_Creativity_and_Feedback_T2","night","Push","Paid_Social_Achiever_Week_4_Creativity_and_Feedback_T3","night","Push","Paid_Social_Achiever_Week_4_Creativity_and_Feedback_T4","night","In-App","Paid_Social_Achiever_Week_4_Creativity_and_Feedback_T5","night","In-App","Paid_Social_Achiever_Week_4_Creativity_and_Feedback_T1","early_morning","In-App","Paid_Social_Achiever_Week_4_Creativity_and_Feedback_T2","early_morning","In-App","Paid_Social_Achiever_Week_4_Creativity_and_Feedback_T3","mid_morning","In-App","Paid_Social_Achiever_Week_4_Creativity_and_Feedback_T4","afternoon","In-App"
"USR_000671","5","Day 0","Dormant_Achiever_Day_1_Scarcity_and_Impatience_T1","late_afternoon","Push","Dormant_Achiever_Day_1_Scarcity_and_Impatience_T2","evening","Push","Dormant_Achiever_Day_1_Scarcity_and_Impatience_T3","night","Push","Dormant_Achiever_Day_1_Scarcity_and_Impatience_T4","night","In-App","Dormant_Achiever_Day_1_Scarcity_and_Impatience_T5","night","In-App","Dormant_Achiever_Day_1_Scarcity_and_Impatience_T1","night","In-App","Dormant_Achiever_Day_1_Scarcity_and_Impatience_T2","night","In-App","Dormant_Achiever_Day_1_Scarcity_and_Impatience_T3","early_morning","In-App","Dormant_Achiever_Day_1_Scarcity_and_Impatience_T4","mid_morning","In-App"
"USR_000672","4","Day 37","Dormant_Social_Day_1_Unpredictability_T1","evening","Push","Dormant_Social_Day_1_Unpredictability_T2","night","Push","Dormant_Social_Day_1_Unpredictability_T3","night","Push","Dormant_Social_Day_1_Unpredictability_T4","night","In-App","Dormant_Social_Day_1_Unpredictability_T5","night","In-App","Dormant_Social_Day_1_Unpredictability_T1","night","In-App","Dormant_Social_Day_1_Unpredictability_T2","early_morning","In-App","Dormant_Social_Day_1_Unpredictability_T3","mid_morning","In-App","Dormant_Social_Day_1_Unpredictability_T4","mid_morning","In-App"
"USR_000673","1","Day 1","Inactive_Social_Learners_Day_1_Social_Influence_T1","night","Push","Inactive_Social_Learners_Day_1_Social_Influence_T2","night","Push","Inactive_Social_Learners_Day_1_Social_Influence_T3","night","Push","Inactive_Social_Learners_Day_1_Social_Influence_T4","night","In-App","Inactive_Social_Learners_Day_1_Social_Influence_T5","early_morning","In-App","Inactive_Social_Learners_Day_1_Social_Influence_T1","early_morning","In-App","Inactive_Social_Learners_Day_1_Social_Influence_T2","mid_morning","In-App","Inactive_Social_Learners_Day_1_Social_Influence_T3","afternoon","In-App","Inactive_Social_Learners_Day_1_Social_Influence_T4","afternoon","In-App"
"USR_000674","7","Day 17","Paid_Competitive_Week_4_Ownership_and_Possession_T1","early_morning","Push","Paid_Competitive_Week_4_Ownership_and_Possession_T2","mid_morning","Push","Paid_Competitive_Week_4_Ownership_and_Possession_T3","afternoon","Push","Paid_Competitive_Week_4_Ownership_and_Possession_T4","afternoon","In-App","Paid_Competitive_Week_4_Ownership_and_Possession_T5","late_afternoon","In-App","Paid_Competitive_Week_4_Ownership_and_Possession_T1","evening","In-App","Paid_Competitive_Week_4_Ownership_and_Possession_T2","evening","In-App","Paid_Competitive_Week_4_Ownership_and_Possession_T3","night","In-App","Paid_Competitive_Week_4_Ownership_and_Possession_T4","night","In-App"
"USR_000675","2","Day 51","Paid_Social_Achiever_Week_4_Creativity_and_Feedback_T1","early_morning","Push","Paid_Social_Achiever_Week_4_Creativity_and_Feedback_T2","mid_morning","Push","Paid_Social_Achiever_Week_4_Creativity_and_Feedback_T3","mid_morning","Push","Paid_Social_Achiever_Week_4_Creativity_and_Feedback_T4","afternoon","In-App","Paid_Social_Achiever_Week_4_Creativity_and_Feedback_T5","late_afternoon","In-App","Paid_Social_Achiever_Week_4_Creativity_and_Feedback_T1","late_afternoon","In-App","Paid_Social_Achiever_Week_4_Creativity_and_Feedback_T2","evening","In-App","Paid_Social_Achiever_Week_4_Creativity_and_Feedback_T3","night","In-App","Paid_Social_Achiever_Week_4_Creativity_and_Feedback_T4","night","In-App"
"USR_000676","7","Day 22","Paid_Competitive_Week_4_Ownership_and_Possession_T1","afternoon","Push","Paid_Competitive_Week_4_Ownership_and_Possession_T2","late_afternoon","Push","Paid_Competitive_Week_4_Ownership_and_Possession_T3","evening","Push","Paid_Competitive_Week_4_Ownership_and_Possession_T4","evening","In-App","Paid_Competitive_Week_4_Ownership_and_Possession_T5","night","In-App","Paid_Competitive_Week_4_Ownership_and_Possession_T1","night","In-App","Paid_Competitive_Week_4_Ownership_and_Possession_T2","night","In-App","Paid_Competitive_Week_4_Ownership_and_Possession_T3","night","In-App","Paid_Competitive_Week_4_Ownership_and_Possession_T4","early_morning","In-App"
"USR_000677","0","Day 132","Inactive_Socialite_Day_1_Unpredictability_T1","evening","Push","Inactive_Socialite_Day_1_Unpredictability_T2","night","Push","Inactive_Socialite_Day_1_Unpredictability_T3","night","Push","Inactive_Socialite_Day_1_Unpredictability_T4","night","In-App","Inactive_Socialite_Day_1_Unpredictability_T5","night","In-App","Inactive_Socialite_Day_1_Unpredictability_T1","night","In-App","Inactive_Socialite_Day_1_Unpredictability_T2","early_morning","In-App","Inactive_Socialite_Day_1_Unpredictability_T3","mid_morning","In-App","Inactive_Socialite_Day_1_Unpredictability_T4","mid_morning","In-App"
"USR_000678","0","Day 144","Inactive_Socialite_Day_1_Unpredictability_T1","mid_morning","Push","Inactive_Socialite_Day_1_Unpredictability_T2","mid_morning","Push","Inactive_Socialite_Day_1_Unpredictability_T3","afternoon","Push","Inactive_Socialite_Day_1_Unpredictability_T4","late_afternoon","In-App","Inactive_Socialite_Day_1_Unpredictability_T5","late_afternoon","In-App","Inactive_Socialite_Day_1_Unpredictability_T1","evening","In-App","Inactive_Socialite_Day_1_Unpredictability_T2","night","In-App","Inactive_Socialite_Day_1_Unpredictability_T3","night","In-App","Inactive_Socialite_Day_1_Unpredictability_T4","night","In-App"
"USR_000679","7","Day 40","Paid_Competitive_Week_4_Ownership_and_Possession_T1","early_morning","Push","Paid_Competitive_Week_4_Ownership_and_Possession_T2","mid_morning","Push","Paid_Competitive_Week_4_Ownership_and_Possession_T3","mid_morning","Push","Paid_Competitive_Week_4_Ownership_and_Possession_T4","afternoon","In-App","Paid_Competitive_Week_4_Ownership_and_Possession_T5","late_afternoon","In-App","Paid_Competitive_Week_4_Ownership_and_Possession_T1","late_afternoon","In-App","Paid_Competitive_Week_4_Ownership_and_Possession_T2","evening","In-App","Paid_Competitive_Week_4_Ownership_and_Possession_T3","night","In-App","Paid_Competitive_Week_4_Ownership_and_Possession_T4","night","In-App"
"USR_000680","5","Day 2","Dormant_Achiever_Day_1_Scarcity_and_Impatience_T1","night","Push","Dormant_Achiever_Day_1_Scarcity_and_Impatience_T2","night","Push","Dormant_Achiever_Day_1_Scarcity_and_Impatience_T3","night","Push","Dormant_Achiever_Day_1_Scarcity_and_Impatience_T4","night","In-App","Dormant_Achiever_Day_1_Scarcity_and_Impatience_T5","early_morning","In-App","Dormant_Achiever_Day_1_Scarcity_and_Impatience_T1","early_morning","In-App","Dormant_Achiever_Day_1_Scarcity_and_Impatience_T2","mid_morning","In-App","Dormant_Achiever_Day_1_Scarcity_and_Impatience_T3","afternoon","In-App","Dormant_Achiever_Day_1_Scarcity_and_Impatience_T4","afternoon","In-App"
"USR_000681","5","Day 4","Dormant_Achiever_Day_1_Scarcity_and_Impatience_T1","evening","Push","Dormant_Achiever_Day_1_Scarcity_and_Impatience_T2","evening","Push","Dormant_Achiever_Day_1_Scarcity_and_Impatience_T3","night","Push","Dormant_Achiever_Day_1_Scarcity_and_Impatience_T4","night","In-App","Dormant_Achiever_Day_1_Scarcity_and_Impatience_T5","night","In-App","Dormant_Achiever_Day_1_Scarcity_and_Impatience_T1","night","In-App","Dormant_Achiever_Day_1_Scarcity_and_Impatience_T2","early_morning","In-App","Dormant_Achiever_Day_1_Scarcity_and_Impatience_T3","early_morning","In-App","Dormant_Achiever_Day_1_Scarcity_and_Impatience_T4","mid_morning","In-App"
"USR_000682","5","Day 4","Dormant_Achiever_Day_1_Scarcity_and_Impatience_T1","late_afternoon","Push","Dormant_Achiever_Day_1_Scarcity_and_Impatience_T2","evening","Push","Dormant_Achiever_Day_1_Scarcity_and_Impatience_T3","night","Push","Dormant_Achiever_Day_1_Scarcity_and_Impatience_T4","night","In-App","Dormant_Achiever_Day_1_Scarcity_and_Impatience_T5","night","In-App","Dormant_Achiever_Day_1_Scarcity_and_Impatience_T1","night","In-App","Dormant_Achiever_Day_1_Scarcity_and_Impatience_T2","night","In-App","Dormant_Achiever_Day_1_Scarcity_and_Impatience_T3","early_morning","In-App","Dormant_Achiever_Day_1_Scarcity_and_Impatience_T4","mid_morning","In-App"
"USR_000683","4","Day 65","Dormant_Social_Day_1_Unpredictability_T1","late_afternoon","Push","Dormant_Social_Day_1_Unpredictability_T2","evening","Push","Dormant_Social_Day_1_Unpredictability_T3","night","Push","Dormant_Social_Day_1_Unpredictability_T4","night","In-App","Dormant_Social_Day_1_Unpredictability_T5","night","In-App","Dormant_Social_Day_1_Unpredictability_T1","night","In-App","Dormant_Social_Day_1_Unpredictability_T2","night","In-App","Dormant_Social_Day_1_Unpredictability_T3","early_morning","In-App","Dormant_Social_Day_1_Unpredictability_T4","mid_morning","In-App"
"USR_000684","0","Day 110","Inactive_Socialite_Day_1_Unpredictability_T1","evening","Push","Inactive_Socialite_Day_1_Unpredictability_T2","night","Push","Inactive_Socialite_Day_1_Unpredictability_T3","night","Push","Inactive_Socialite_Day_1_Unpredictability_T4","night","In-App","Inactive_Socialite_Day_1_Unpredictability_T5","night","In-App","Inactive_Socialite_Day_1_Unpredictability_T1","early_morning","In-App","Inactive_Socialite_Day_1_Unpredictability_T2","early_morning","In-App","Inactive_Socialite_Day_1_Unpredictability_T3","mid_morning","In-App","Inactive_Socialite_Day_1_Unpredictability_T4","afternoon","In-App"
"USR_000685","6","Day 1","Dormant_Scholar_Day_1_Creativity_and_Feedback_T1","night","Push","Dormant_Scholar_Day_1_Creativity_and_Feedback_T2","night","Push","Dormant_Scholar_Day_1_Creativity_and_Feedback_T3","night","Push","Dormant_Scholar_Day_1_Creativity_and_Feedback_T4","night","In-App","Dormant_Scholar_Day_1_Creativity_and_Feedback_T5","night","In-App","Dormant_Scholar_Day_1_Creativity_and_Feedback_T1","early_morning","In-App","Dormant_Scholar_Day_1_Creativity_and_Feedback_T2","mid_morning","In-App","Dormant_Scholar_Day_1_Creativity_and_Feedback_T3","mid_morning","In-App","Dormant_Scholar_Day_1_Creativity_and_Feedback_T4","afternoon","In-App"
"USR_000686","4","Day 19","Dormant_Social_Day_1_Unpredictability_T1","early_morning","Push","Dormant_Social_Day_1_Unpredictability_T2","mid_morning","Push","Dormant_Social_Day_1_Unpredictability_T3","mid_morning","Push","Dormant_Social_Day_1_Unpredictability_T4","afternoon","In-App","Dormant_Social_Day_1_Unpredictability_T5","late_afternoon","In-App","Dormant_Social_Day_1_Unpredictability_T1","late_afternoon","In-App","Dormant_Social_Day_1_Unpredictability_T2","evening","In-App","Dormant_Social_Day_1_Unpredictability_T3","night","In-App","Dormant_Social_Day_1_Unpredictability_T4","night","In-App"
"USR_000687","5","Day 6","Dormant_Achiever_Day_1_Scarcity_and_Impatience_T1","night","Push","Dormant_Achiever_Day_1_Scarcity_and_Impatience_T2","night","Push","Dormant_Achiever_Day_1_Scarcity_and_Impatience_T3","night","Push","Dormant_Achiever_Day_1_Scarcity_and_Impatience_T4","night","In-App","Dormant_Achiever_Day_1_Scarcity_and_Impatience_T5","night","In-App","Dormant_Achiever_Day_1_Scarcity_and_Impatience_T1","early_morning","In-App","Dormant_Achiever_Day_1_Scarcity_and_Impatience_T2","mid_morning","In-App","Dormant_Achiever_Day_1_Scarcity_and_Impatience_T3","mid_morning","In-App","Dormant_Achiever_Day_1_Scarcity_and_Impatience_T4","afternoon","In-App"
"USR_000688","3","Day 3","Inactive_Socialite_Day_1_Scarcity_and_Impatience_T1","afternoon","Push","Inactive_Socialite_Day_1_Scarcity_and_Impatience_T2","late_afternoon","Push","Inactive_Socialite_Day_1_Scarcity_and_Impatience_T3","evening","Push","Inactive_Socialite_Day_1_Scarcity_and_Impatience_T4","evening","In-App","Inactive_Socialite_Day_1_Scarcity_and_Impatience_T5","night","In-App","Inactive_Socialite_Day_1_Scarcity_and_Impatience_T1","night","In-App","Inactive_Socialite_Day_1_Scarcity_and_Impatience_T2","night","In-App","Inactive_Socialite_Day_1_Scarcity_and_Impatience_T3","night","In-App","Inactive_Socialite_Day_1_Scarcity_and_Impatience_T4","early_morning","In-App"
"USR_000689","2","Day 105","Paid_Social_Achiever_Week_4_Creativity_and_Feedback_T1","night","Push","Paid_Social_Achiever_Week_4_Creativity_and_Feedback_T2","night","Push","Paid_Social_Achiever_Week_4_Creativity_and_Feedback_T3","night","Push","Paid_Social_Achiever_Week_4_Creativity_and_Feedback_T4","night","In-App","Paid_Social_Achiever_Week_4_Creativity_and_Feedback_T5","early_morning","In-App","Paid_Social_Achiever_Week_4_Creativity_and_Feedback_T1","mid_morning","In-App","Paid_Social_Achiever_Week_4_Creativity_and_Feedback_T2","mid_morning","In-App","Paid_Social_Achiever_Week_4_Creativity_and_Feedback_T3","afternoon","In-App","Paid_Social_Achiever_Week_4_Creativity_and_Feedback_T4","late_afternoon","In-App"
"USR_000690","4","Day 65","Dormant_Social_Day_1_Unpredictability_T1","evening","Push","Dormant_Social_Day_1_Unpredictability_T2","night","Push","Dormant_Social_Day_1_Unpredictability_T3","night","Push","Dormant_Social_Day_1_Unpredictability_T4","night","In-App","Dormant_Social_Day_1_Unpredictability_T5","night","In-App","Dormant_Social_Day_1_Unpredictability_T1","night","In-App","Dormant_Social_Day_1_Unpredictability_T2","early_morning","In-App","Dormant_Social_Day_1_Unpredictability_T3","mid_morning","In-App","Dormant_Social_Day_1_Unpredictability_T4","mid_morning","In-App"
"USR_000691","1","Day 7","Inactive_Social_Learners_Day_1_Social_Influence_T1","late_afternoon","Push","Inactive_Social_Learners_Day_1_Social_Influence_T2","evening","Push","Inactive_Social_Learners_Day_1_Social_Influence_T3","evening","Push","Inactive_Social_Learners_Day_1_Social_Influence_T4","night","In-App","Inactive_Social_Learners_Day_1_Social_Influence_T5","night","In-App","Inactive_Social_Learners_Day_1_Social_Influence_T1","night","In-App","Inactive_Social_Learners_Day_1_Social_Influence_T2","night","In-App","Inactive_Social_Learners_Day_1_Social_Influence_T3","early_morning","In-App","Inactive_Social_Learners_Day_1_Social_Influence_T4","early_morning","In-App"
"USR_000692","2","Day 56","Paid_Social_Achiever_Week_4_Creativity_and_Feedback_T1","late_afternoon","Push","Paid_Social_Achiever_Week_4_Creativity_and_Feedback_T2","late_afternoon","Push","Paid_Social_Achiever_Week_4_Creativity_and_Feedback_T3","evening","Push","Paid_Social_Achiever_Week_4_Creativity_and_Feedback_T4","night","In-App","Paid_Social_Achiever_Week_4_Creativity_and_Feedback_T5","night","In-App","Paid_Social_Achiever_Week_4_Creativity_and_Feedback_T1","night","In-App","Paid_Social_Achiever_Week_4_Creativity_and_Feedback_T2","night","In-App","Paid_Social_Achiever_Week_4_Creativity_and_Feedback_T3","night","In-App","Paid_Social_Achiever_Week_4_Creativity_and_Feedback_T4","early_morning","In-App"
"USR_000693","3","Day 4","Inactive_Socialite_Day_1_Scarcity_and_Impatience_T1","late_afternoon","Push","Inactive_Socialite_Day_1_Scarcity_and_Impatience_T2","late_afternoon","Push","Inactive_Socialite_Day_1_Scarcity_and_Impatience_T3","evening","Push","Inactive_Socialite_Day_1_Scarcity_and_Impatience_T4","night","In-App","Inactive_Socialite_Day_1_Scarcity_and_Impatience_T5","night","In-App","Inactive_Socialite_Day_1_Scarcity_and_Impatience_T1","night","In-App","Inactive_Socialite_Day_1_Scarcity_and_Impatience_T2","night","In-App","Inactive_Socialite_Day_1_Scarcity_and_Impatience_T3","night","In-App","Inactive_Socialite_Day_1_Scarcity_and_Impatience_T4","early_morning","In-App"
"USR_000694","2","Day 89","Paid_Social_Achiever_Week_4_Creativity_and_Feedback_T1","late_afternoon","Push","Paid_Social_Achiever_Week_4_Creativity_and_Feedback_T2","evening","Push","Paid_Social_Achiever_Week_4_Creativity_and_Feedback_T3","evening","Push","Paid_Social_Achiever_Week_4_Creativity_and_Feedback_T4","night","In-App","Paid_Social_Achiever_Week_4_Creativity_and_Feedback_T5","night","In-App","Paid_Social_Achiever_Week_4_Creativity_and_Feedback_T1","night","In-App","Paid_Social_Achiever_Week_4_Creativity_and_Feedback_T2","night","In-App","Paid_Social_Achiever_Week_4_Creativity_and_Feedback_T3","early_morning","In-App","Paid_Social_Achiever_Week_4_Creativity_and_Feedback_T4","early_morning","In-App"
"USR_000695","1","Day 7","Inactive_Social_Learners_Day_1_Social_Influence_T1","evening","Push","Inactive_Social_Learners_Day_1_Social_Influence_T2","night","Push","Inactive_Social_Learners_Day_1_Social_Influence_T3","night","Push","Inactive_Social_Learners_Day_1_Social_Influence_T4","night","In-App","Inactive_Social_Learners_Day_1_Social_Influence_T5","night","In-App","Inactive_Social_Learners_Day_1_Social_Influence_T1","early_morning","In-App","Inactive_Social_Learners_Day_1_Social_Influence_T2","early_morning","In-App","Inactive_Social_Learners_Day_1_Social_Influence_T3","mid_morning","In-App","Inactive_Social_Learners_Day_1_Social_Influence_T4","afternoon","In-App"
"USR_000696","7","Day 119","Paid_Competitive_Week_4_Ownership_and_Possession_T1","early_morning","Push","Paid_Competitive_Week_4_Ownership_and_Possession_T2","mid_morning","Push","Paid_Competitive_Week_4_Ownership_and_Possession_T3","afternoon","Push","Paid_Competitive_Week_4_Ownership_and_Possession_T4","afternoon","In-App","Paid_Competitive_Week_4_Ownership_and_Possession_T5","late_afternoon","In-App","Paid_Competitive_Week_4_Ownership_and_Possession_T1","evening","In-App","Paid_Competitive_Week_4_Ownership_and_Possession_T2","evening","In-App","Paid_Competitive_Week_4_Ownership_and_Possession_T3","night","In-App","Paid_Competitive_Week_4_Ownership_and_Possession_T4","night","In-App"
"USR_000697","1","Day 5","Inactive_Social_Learners_Day_1_Social_Influence_T1","night","Push","Inactive_Social_Learners_Day_1_Social_Influence_T2","night","Push","Inactive_Social_Learners_Day_1_Social_Influence_T3","night","Push","Inactive_Social_Learners_Day_1_Social_Influence_T4","night","In-App","Inactive_Social_Learners_Day_1_Social_Influence_T5","night","In-App","Inactive_Social_Learners_Day_1_Social_Influence_T1","early_morning","In-App","Inactive_Social_Learners_Day_1_Social_Influence_T2","mid_morning","In-App","Inactive_Social_Learners_Day_1_Social_Influence_T3","mid_morning","In-App","Inactive_Social_Learners_Day_1_Social_Influence_T4","afternoon","In-App"
"USR_000698","2","Day 89","Paid_Social_Achiever_Week_4_Creativity_and_Feedback_T1","night","Push","Paid_Social_Achiever_Week_4_Creativity_and_Feedback_T2","night","Push","Paid_Social_Achiever_Week_4_Creativity_and_Feedback_T3","night","Push","Paid_Social_Achiever_Week_4_Creativity_and_Feedback_T4","night","In-App","Paid_Social_Achiever_Week_4_Creativity_and_Feedback_T5","night","In-App","Paid_Social_Achiever_Week_4_Creativity_and_Feedback_T1","early_morning","In-App","Paid_Social_Achiever_Week_4_Creativity_and_Feedback_T2","mid_morning","In-App","Paid_Social_Achiever_Week_4_Creativity_and_Feedback_T3","mid_morning","In-App","Paid_Social_Achiever_Week_4_Creativity_and_Feedback_T4","afternoon","In-App"
"USR_000699","4","Day 57","Dormant_Social_Day_1_Unpredictability_T1","late_afternoon","Push","Dormant_Social_Day_1_Unpredictability_T2","late_afternoon","Push","Dormant_Social_Day_1_Unpredictability_T3","evening","Push","Dormant_Social_Day_1_Unpredictability_T4","night","In-App","Dormant_Social_Day_1_Unpredictability_T5","night","In-App","Dormant_Social_Day_1_Unpredictability_T1","night","In-App","Dormant_Social_Day_1_Unpredictability_T2","night","In-App","Dormant_Social_Day_1_Unpredictability_T3","night","In-App","Dormant_Social_Day_1_Unpredictability_T4","early_morning","In-App"
"USR_000700","2","Day 47","Paid_Social_Achiever_Week_4_Creativity_and_Feedback_T1","evening","Push","Paid_Social_Achiever_Week_4_Creativity_and_Feedback_T2","night","Push","Paid_Social_Achiever_Week_4_Creativity_and_Feedback_T3","night","Push","Paid_Social_Achiever_Week_4_Creativity_and_Feedback_T4","night","In-App","Paid_Social_Achiever_Week_4_Creativity_and_Feedback_T5","night","In-App","Paid_Social_Achiever_Week_4_Creativity_and_Feedback_T1","night","In-App","Paid_Social_Achiever_Week_4_Creativity_and_Feedback_T2","early_morning","In-App","Paid_Social_Achiever_Week_4_Creativity_and_Feedback_T3","mid_morning","In-App","Paid_Social_Achiever_Week_4_Creativity_and_Feedback_T4","mid_morning","In-App"
"USR_000701","2","Day 27","Paid_Social_Achiever_Week_4_Creativity_and_Feedback_T1","late_afternoon","Push","Paid_Social_Achiever_Week_4_Creativity_and_Feedback_T2","evening","Push","Paid_Social_Achiever_Week_4_Creativity_and_Feedback_T3","evening","Push","Paid_Social_Achiever_Week_4_Creativity_and_Feedback_T4","night","In-App","Paid_Social_Achiever_Week_4_Creativity_and_Feedback_T5","night","In-App","Paid_Social_Achiever_Week_4_Creativity_and_Feedback_T1","night","In-App","Paid_Social_Achiever_Week_4_Creativity_and_Feedback_T2","night","In-App","Paid_Social_Achiever_Week_4_Creativity_and_Feedback_T3","early_morning","In-App","Paid_Social_Achiever_Week_4_Creativity_and_Feedback_T4","early_morning","In-App"
"USR_000702","7","Day 114","Paid_Competitive_Week_4_Ownership_and_Possession_T1","afternoon","Push","Paid_Competitive_Week_4_Ownership_and_Possession_T2","late_afternoon","Push","Paid_Competitive_Week_4_Ownership_and_Possession_T3","late_afternoon","Push","Paid_Competitive_Week_4_Ownership_and_Possession_T4","evening","In-App","Paid_Competitive_Week_4_Ownership_and_Possession_T5","night","In-App","Paid_Competitive_Week_4_Ownership_and_Possession_T1","night","In-App","Paid_Competitive_Week_4_Ownership_and_Possession_T2","night","In-App","Paid_Competitive_Week_4_Ownership_and_Possession_T3","night","In-App","Paid_Competitive_Week_4_Ownership_and_Possession_T4","night","In-App"
"USR_000703","4","Day 24","Dormant_Social_Day_1_Unpredictability_T1","night","Push","Dormant_Social_Day_1_Unpredictability_T2","night","Push","Dormant_Social_Day_1_Unpredictability_T3","night","Push","Dormant_Social_Day_1_Unpredictability_T4","night","In-App","Dormant_Social_Day_1_Unpredictability_T5","early_morning","In-App","Dormant_Social_Day_1_Unpredictability_T1","early_morning","In-App","Dormant_Social_Day_1_Unpredictability_T2","mid_morning","In-App","Dormant_Social_Day_1_Unpredictability_T3","afternoon","In-App","Dormant_Social_Day_1_Unpredictability_T4","afternoon","In-App"
"USR_000704","2","Day 120","Paid_Social_Achiever_Week_4_Creativity_and_Feedback_T1","mid_morning","Push","Paid_Social_Achiever_Week_4_Creativity_and_Feedback_T2","afternoon","Push","Paid_Social_Achiever_Week_4_Creativity_and_Feedback_T3","late_afternoon","Push","Paid_Social_Achiever_Week_4_Creativity_and_Feedback_T4","late_afternoon","In-App","Paid_Social_Achiever_Week_4_Creativity_and_Feedback_T5","evening","In-App","Paid_Social_Achiever_Week_4_Creativity_and_Feedback_T1","night","In-App","Paid_Social_Achiever_Week_4_Creativity_and_Feedback_T2","night","In-App","Paid_Social_Achiever_Week_4_Creativity_and_Feedback_T3","night","In-App","Paid_Social_Achiever_Week_4_Creativity_and_Feedback_T4","night","In-App"
"USR_000705","3","Day 1","Inactive_Socialite_Day_1_Scarcity_and_Impatience_T1","afternoon","Push","Inactive_Socialite_Day_1_Scarcity_and_Impatience_T2","late_afternoon","Push","Inactive_Socialite_Day_1_Scarcity_and_Impatience_T3","late_afternoon","Push","Inactive_Socialite_Day_1_Scarcity_and_Impatience_T4","evening","In-App","Inactive_Socialite_Day_1_Scarcity_and_Impatience_T5","night","In-App","Inactive_Socialite_Day_1_Scarcity_and_Impatience_T1","night","In-App","Inactive_Socialite_Day_1_Scarcity_and_Impatience_T2","night","In-App","Inactive_Socialite_Day_1_Scarcity_and_Impatience_T3","night","In-App","Inactive_Socialite_Day_1_Scarcity_and_Impatience_T4","night","In-App"
"USR_000706","4","Day 25","Dormant_Social_Day_1_Unpredictability_T1","evening","Push","Dormant_Social_Day_1_Unpredictability_T2","night","Push","Dormant_Social_Day_1_Unpredictability_T3","night","Push","Dormant_Social_Day_1_Unpredictability_T4","night","In-App","Dormant_Social_Day_1_Unpredictability_T5","night","In-App","Dormant_Social_Day_1_Unpredictability_T1","night","In-App","Dormant_Social_Day_1_Unpredictability_T2","early_morning","In-App","Dormant_Social_Day_1_Unpredictability_T3","mid_morning","In-App","Dormant_Social_Day_1_Unpredictability_T4","mid_morning","In-App"
"USR_000707","0","Day 148","Inactive_Socialite_Day_1_Unpredictability_T1","late_afternoon","Push","Inactive_Socialite_Day_1_Unpredictability_T2","evening","Push","Inactive_Socialite_Day_1_Unpredictability_T3","evening","Push","Inactive_Socialite_Day_1_Unpredictability_T4","night","In-App","Inactive_Socialite_Day_1_Unpredictability_T5","night","In-App","Inactive_Socialite_Day_1_Unpredictability_T1","night","In-App","Inactive_Socialite_Day_1_Unpredictability_T2","night","In-App","Inactive_Socialite_Day_1_Unpredictability_T3","early_morning","In-App","Inactive_Socialite_Day_1_Unpredictability_T4","early_morning","In-App"
"USR_000708","2","Day 23","Paid_Social_Achiever_Week_4_Creativity_and_Feedback_T1","late_afternoon","Push","Paid_Social_Achiever_Week_4_Creativity_and_Feedback_T2","evening","Push","Paid_Social_Achiever_Week_4_Creativity_and_Feedback_T3","evening","Push","Paid_Social_Achiever_Week_4_Creativity_and_Feedback_T4","night","In-App","Paid_Social_Achiever_Week_4_Creativity_and_Feedback_T5","night","In-App","Paid_Social_Achiever_Week_4_Creativity_and_Feedback_T1","night","In-App","Paid_Social_Achiever_Week_4_Creativity_and_Feedback_T2","night","In-App","Paid_Social_Achiever_Week_4_Creativity_and_Feedback_T3","early_morning","In-App","Paid_Social_Achiever_Week_4_Creativity_and_Feedback_T4","early_morning","In-App"
"USR_000709","7","Day 111","Paid_Competitive_Week_4_Ownership_and_Possession_T1","mid_morning","Push","Paid_Competitive_Week_4_Ownership_and_Possession_T2","mid_morning","Push","Paid_Competitive_Week_4_Ownership_and_Possession_T3","afternoon","Push","Paid_Competitive_Week_4_Ownership_and_Possession_T4","late_afternoon","In-App","Paid_Competitive_Week_4_Ownership_and_Possession_T5","late_afternoon","In-App","Paid_Competitive_Week_4_Ownership_and_Possession_T1","evening","In-App","Paid_Competitive_Week_4_Ownership_and_Possession_T2","night","In-App","Paid_Competitive_Week_4_Ownership_and_Possession_T3","night","In-App","Paid_Competitive_Week_4_Ownership_and_Possession_T4","night","In-App"
"USR_000710","5","Day 2","Dormant_Achiever_Day_1_Scarcity_and_Impatience_T1","evening","Push","Dormant_Achiever_Day_1_Scarcity_and_Impatience_T2","evening","Push","Dormant_Achiever_Day_1_Scarcity_and_Impatience_T3","night","Push","Dormant_Achiever_Day_1_Scarcity_and_Impatience_T4","night","In-App","Dormant_Achiever_Day_1_Scarcity_and_Impatience_T5","night","In-App","Dormant_Achiever_Day_1_Scarcity_and_Impatience_T1","night","In-App","Dormant_Achiever_Day_1_Scarcity_and_Impatience_T2","early_morning","In-App","Dormant_Achiever_Day_1_Scarcity_and_Impatience_T3","early_morning","In-App","Dormant_Achiever_Day_1_Scarcity_and_Impatience_T4","mid_morning","In-App"
"USR_000711","5","Day 3","Dormant_Achiever_Day_1_Scarcity_and_Impatience_T1","evening","Push","Dormant_Achiever_Day_1_Scarcity_and_Impatience_T2","evening","Push","Dormant_Achiever_Day_1_Scarcity_and_Impatience_T3","night","Push","Dormant_Achiever_Day_1_Scarcity_and_Impatience_T4","night","In-App","Dormant_Achiever_Day_1_Scarcity_and_Impatience_T5","night","In-App","Dormant_Achiever_Day_1_Scarcity_and_Impatience_T1","night","In-App","Dormant_Achiever_Day_1_Scarcity_and_Impatience_T2","early_morning","In-App","Dormant_Achiever_Day_1_Scarcity_and_Impatience_T3","early_morning","In-App","Dormant_Achiever_Day_1_Scarcity_and_Impatience_T4","mid_morning","In-App"
"USR_000712","0","Day 60","Inactive_Socialite_Day_1_Unpredictability_T1","night","Push","Inactive_Socialite_Day_1_Unpredictability_T2","night","Push","Inactive_Socialite_Day_1_Unpredictability_T3","night","Push","Inactive_Socialite_Day_1_Unpredictability_T4","night","In-App","Inactive_Socialite_Day_1_Unpredictability_T5","early_morning","In-App","Inactive_Socialite_Day_1_Unpredictability_T1","mid_morning","In-App","Inactive_Socialite_Day_1_Unpredictability_T2","mid_morning","In-App","Inactive_Socialite_Day_1_Unpredictability_T3","afternoon","In-App","Inactive_Socialite_Day_1_Unpredictability_T4","late_afternoon","In-App"
"USR_000713","4","Day 34","Dormant_Social_Day_1_Unpredictability_T1","evening","Push","Dormant_Social_Day_1_Unpredictability_T2","evening","Push","Dormant_Social_Day_1_Unpredictability_T3","night","Push","Dormant_Social_Day_1_Unpredictability_T4","night","In-App","Dormant_Social_Day_1_Unpredictability_T5","night","In-App","Dormant_Social_Day_1_Unpredictability_T1","night","In-App","Dormant_Social_Day_1_Unpredictability_T2","early_morning","In-App","Dormant_Social_Day_1_Unpredictability_T3","early_morning","In-App","Dormant_Social_Day_1_Unpredictability_T4","mid_morning","In-App"
"USR_000714","7","Day 25","Paid_Competitive_Week_4_Ownership_and_Possession_T1","late_afternoon","Push","Paid_Competitive_Week_4_Ownership_and_Possession_T2","evening","Push","Paid_Competitive_Week_4_Ownership_and_Possession_T3","evening","Push","Paid_Competitive_Week_4_Ownership_and_Possession_T4","night","In-App","Paid_Competitive_Week_4_Ownership_and_Possession_T5","night","In-App","Paid_Competitive_Week_4_Ownership_and_Possession_T1","night","In-App","Paid_Competitive_Week_4_Ownership_and_Possession_T2","night","In-App","Paid_Competitive_Week_4_Ownership_and_Possession_T3","early_morning","In-App","Paid_Competitive_Week_4_Ownership_and_Possession_T4","early_morning","In-App"
"USR_000715","0","Day 179","Inactive_Socialite_Day_1_Unpredictability_T1","night","Push","Inactive_Socialite_Day_1_Unpredictability_T2","night","Push","Inactive_Socialite_Day_1_Unpredictability_T3","night","Push","Inactive_Socialite_Day_1_Unpredictability_T4","night","In-App","Inactive_Socialite_Day_1_Unpredictability_T5","night","In-App","Inactive_Socialite_Day_1_Unpredictability_T1","early_morning","In-App","Inactive_Socialite_Day_1_Unpredictability_T2","mid_morning","In-App","Inactive_Socialite_Day_1_Unpredictability_T3","mid_morning","In-App","Inactive_Socialite_Day_1_Unpredictability_T4","afternoon","In-App"
"USR_000716","5","Day 3","Dormant_Achiever_Day_1_Scarcity_and_Impatience_T1","early_morning","Push","Dormant_Achiever_Day_1_Scarcity_and_Impatience_T2","mid_morning","Push","Dormant_Achiever_Day_1_Scarcity_and_Impatience_T3","afternoon","Push","Dormant_Achiever_Day_1_Scarcity_and_Impatience_T4","afternoon","In-App","Dormant_Achiever_Day_1_Scarcity_and_Impatience_T5","late_afternoon","In-App","Dormant_Achiever_Day_1_Scarcity_and_Impatience_T1","evening","In-App","Dormant_Achiever_Day_1_Scarcity_and_Impatience_T2","evening","In-App","Dormant_Achiever_Day_1_Scarcity_and_Impatience_T3","night","In-App","Dormant_Achiever_Day_1_Scarcity_and_Impatience_T4","night","In-App"
"USR_000717","7","Day 11","Paid_Competitive_Week_2_Ownership_and_Possession_T1","mid_morning","Push","Paid_Competitive_Week_2_Ownership_and_Possession_T2","afternoon","Push","Paid_Competitive_Week_2_Ownership_and_Possession_T3","late_afternoon","Push","Paid_Competitive_Week_2_Ownership_and_Possession_T4","late_afternoon","In-App","Paid_Competitive_Week_2_Ownership_and_Possession_T5","evening","In-App","Paid_Competitive_Week_2_Ownership_and_Possession_T1","night","In-App","Paid_Competitive_Week_2_Ownership_and_Possession_T2","night","In-App","Paid_Competitive_Week_2_Ownership_and_Possession_T3","night","In-App","Paid_Competitive_Week_2_Ownership_and_Possession_T4","night","In-App"
"USR_000718","1","Day 3","Inactive_Social_Learners_Day_1_Social_Influence_T1","night","Push","Inactive_Social_Learners_Day_1_Social_Influence_T2","night","Push","Inactive_Social_Learners_Day_1_Social_Influence_T3","night","Push","Inactive_Social_Learners_Day_1_Social_Influence_T4","night","In-App","Inactive_Social_Learners_Day_1_Social_Influence_T5","night","In-App","Inactive_Social_Learners_Day_1_Social_Influence_T1","early_morning","In-App","Inactive_Social_Learners_Day_1_Social_Influence_T2","mid_morning","In-App","Inactive_Social_Learners_Day_1_Social_Influence_T3","mid_morning","In-App","Inactive_Social_Learners_Day_1_Social_Influence_T4","afternoon","In-App"
"USR_000719","5","Day 7","Dormant_Achiever_Day_1_Scarcity_and_Impatience_T1","evening","Push","Dormant_Achiever_Day_1_Scarcity_and_Impatience_T2","night","Push","Dormant_Achiever_Day_1_Scarcity_and_Impatience_T3","night","Push","Dormant_Achiever_Day_1_Scarcity_and_Impatience_T4","night","In-App","Dormant_Achiever_Day_1_Scarcity_and_Impatience_T5","night","In-App","Dormant_Achiever_Day_1_Scarcity_and_Impatience_T1","early_morning","In-App","Dormant_Achiever_Day_1_Scarcity_and_Impatience_T2","early_morning","In-App","Dormant_Achiever_Day_1_Scarcity_and_Impatience_T3","mid_morning","In-App","Dormant_Achiever_Day_1_Scarcity_and_Impatience_T4","afternoon","In-App"
"USR_000720","2","Day 108","Paid_Social_Achiever_Week_4_Creativity_and_Feedback_T1","late_afternoon","Push","Paid_Social_Achiever_Week_4_Creativity_and_Feedback_T2","evening","Push","Paid_Social_Achiever_Week_4_Creativity_and_Feedback_T3","evening","Push","Paid_Social_Achiever_Week_4_Creativity_and_Feedback_T4","night","In-App","Paid_Social_Achiever_Week_4_Creativity_and_Feedback_T5","night","In-App","Paid_Social_Achiever_Week_4_Creativity_and_Feedback_T1","night","In-App","Paid_Social_Achiever_Week_4_Creativity_and_Feedback_T2","night","In-App","Paid_Social_Achiever_Week_4_Creativity_and_Feedback_T3","early_morning","In-App","Paid_Social_Achiever_Week_4_Creativity_and_Feedback_T4","early_morning","In-App"
"USR_000721","6","Day 1","Dormant_Scholar_Day_1_Creativity_and_Feedback_T1","evening","Push","Dormant_Scholar_Day_1_Creativity_and_Feedback_T2","night","Push","Dormant_Scholar_Day_1_Creativity_and_Feedback_T3","night","Push","Dormant_Scholar_Day_1_Creativity_and_Feedback_T4","night","In-App","Dormant_Scholar_Day_1_Creativity_and_Feedback_T5","night","In-App","Dormant_Scholar_Day_1_Creativity_and_Feedback_T1","night","In-App","Dormant_Scholar_Day_1_Creativity_and_Feedback_T2","early_morning","In-App","Dormant_Scholar_Day_1_Creativity_and_Feedback_T3","mid_morning","In-App","Dormant_Scholar_Day_1_Creativity_and_Feedback_T4","mid_morning","In-App"
"USR_000722","0","Day 81","Inactive_Socialite_Day_1_Unpredictability_T1","night","Push","Inactive_Socialite_Day_1_Unpredictability_T2","night","Push","Inactive_Socialite_Day_1_Unpredictability_T3","night","Push","Inactive_Socialite_Day_1_Unpredictability_T4","night","In-App","Inactive_Socialite_Day_1_Unpredictability_T5","early_morning","In-App","Inactive_Socialite_Day_1_Unpredictability_T1","early_morning","In-App","Inactive_Socialite_Day_1_Unpredictability_T2","mid_morning","In-App","Inactive_Socialite_Day_1_Unpredictability_T3","afternoon","In-App","Inactive_Socialite_Day_1_Unpredictability_T4","afternoon","In-App"
"USR_000723","4","Day 39","Dormant_Social_Day_1_Unpredictability_T1","early_morning","Push","Dormant_Social_Day_1_Unpredictability_T2","mid_morning","Push","Dormant_Social_Day_1_Unpredictability_T3","afternoon","Push","Dormant_Social_Day_1_Unpredictability_T4","afternoon","In-App","Dormant_Social_Day_1_Unpredictability_T5","late_afternoon","In-App","Dormant_Social_Day_1_Unpredictability_T1","evening","In-App","Dormant_Social_Day_1_Unpredictability_T2","evening","In-App","Dormant_Social_Day_1_Unpredictability_T3","night","In-App","Dormant_Social_Day_1_Unpredictability_T4","night","In-App"
"USR_000724","3","Day 6","Inactive_Socialite_Day_1_Scarcity_and_Impatience_T1","mid_morning","Push","Inactive_Socialite_Day_1_Scarcity_and_Impatience_T2","mid_morning","Push","Inactive_Socialite_Day_1_Scarcity_and_Impatience_T3","afternoon","Push","Inactive_Socialite_Day_1_Scarcity_and_Impatience_T4","late_afternoon","In-App","Inactive_Socialite_Day_1_Scarcity_and_Impatience_T5","late_afternoon","In-App","Inactive_Socialite_Day_1_Scarcity_and_Impatience_T1","evening","In-App","Inactive_Socialite_Day_1_Scarcity_and_Impatience_T2","night","In-App","Inactive_Socialite_Day_1_Scarcity_and_Impatience_T3","night","In-App","Inactive_Socialite_Day_1_Scarcity_and_Impatience_T4","night","In-App"
"USR_000725","0","Day 43","Inactive_Socialite_Day_1_Unpredictability_T1","evening","Push","Inactive_Socialite_Day_1_Unpredictability_T2","evening","Push","Inactive_Socialite_Day_1_Unpredictability_T3","night","Push","Inactive_Socialite_Day_1_Unpredictability_T4","night","In-App","Inactive_Socialite_Day_1_Unpredictability_T5","night","In-App","Inactive_Socialite_Day_1_Unpredictability_T1","night","In-App","Inactive_Socialite_Day_1_Unpredictability_T2","early_morning","In-App","Inactive_Socialite_Day_1_Unpredictability_T3","early_morning","In-App","Inactive_Socialite_Day_1_Unpredictability_T4","mid_morning","In-App"
"USR_000726","5","Day 3","Dormant_Achiever_Day_1_Scarcity_and_Impatience_T1","evening","Push","Dormant_Achiever_Day_1_Scarcity_and_Impatience_T2","night","Push","Dormant_Achiever_Day_1_Scarcity_and_Impatience_T3","night","Push","Dormant_Achiever_Day_1_Scarcity_and_Impatience_T4","night","In-App","Dormant_Achiever_Day_1_Scarcity_and_Impatience_T5","night","In-App","Dormant_Achiever_Day_1_Scarcity_and_Impatience_T1","early_morning","In-App","Dormant_Achiever_Day_1_Scarcity_and_Impatience_T2","early_morning","In-App","Dormant_Achiever_Day_1_Scarcity_and_Impatience_T3","mid_morning","In-App","Dormant_Achiever_Day_1_Scarcity_and_Impatience_T4","afternoon","In-App"
"USR_000727","0","Day 76","Inactive_Socialite_Day_1_Unpredictability_T1","evening","Push","Inactive_Socialite_Day_1_Unpredictability_T2","night","Push","Inactive_Socialite_Day_1_Unpredictability_T3","night","Push","Inactive_Socialite_Day_1_Unpredictability_T4","night","In-App","Inactive_Socialite_Day_1_Unpredictability_T5","night","In-App","Inactive_Socialite_Day_1_Unpredictability_T1","early_morning","In-App","Inactive_Socialite_Day_1_Unpredictability_T2","early_morning","In-App","Inactive_Socialite_Day_1_Unpredictability_T3","mid_morning","In-App","Inactive_Socialite_Day_1_Unpredictability_T4","afternoon","In-App"
"USR_000728","5","Day 5","Dormant_Achiever_Day_1_Scarcity_and_Impatience_T1","mid_morning","Push","Dormant_Achiever_Day_1_Scarcity_and_Impatience_T2","afternoon","Push","Dormant_Achiever_Day_1_Scarcity_and_Impatience_T3","late_afternoon","Push","Dormant_Achiever_Day_1_Scarcity_and_Impatience_T4","late_afternoon","In-App","Dormant_Achiever_Day_1_Scarcity_and_Impatience_T5","evening","In-App","Dormant_Achiever_Day_1_Scarcity_and_Impatience_T1","night","In-App","Dormant_Achiever_Day_1_Scarcity_and_Impatience_T2","night","In-App","Dormant_Achiever_Day_1_Scarcity_and_Impatience_T3","night","In-App","Dormant_Achiever_Day_1_Scarcity_and_Impatience_T4","night","In-App"
"USR_000729","0","Day 135","Inactive_Socialite_Day_1_Unpredictability_T1","evening","Push","Inactive_Socialite_Day_1_Unpredictability_T2","night","Push","Inactive_Socialite_Day_1_Unpredictability_T3","night","Push","Inactive_Socialite_Day_1_Unpredictability_T4","night","In-App","Inactive_Socialite_Day_1_Unpredictability_T5","night","In-App","Inactive_Socialite_Day_1_Unpredictability_T1","night","In-App","Inactive_Socialite_Day_1_Unpredictability_T2","early_morning","In-App","Inactive_Socialite_Day_1_Unpredictability_T3","mid_morning","In-App","Inactive_Socialite_Day_1_Unpredictability_T4","mid_morning","In-App"
"USR_000730","0","Day 90","Inactive_Socialite_Day_1_Unpredictability_T1","afternoon","Push","Inactive_Socialite_Day_1_Unpredictability_T2","afternoon","Push","Inactive_Socialite_Day_1_Unpredictability_T3","late_afternoon","Push","Inactive_Socialite_Day_1_Unpredictability_T4","evening","In-App","Inactive_Socialite_Day_1_Unpredictability_T5","evening","In-App","Inactive_Socialite_Day_1_Unpredictability_T1","night","In-App","Inactive_Socialite_Day_1_Unpredictability_T2","night","In-App","Inactive_Socialite_Day_1_Unpredictability_T3","night","In-App","Inactive_Socialite_Day_1_Unpredictability_T4","night","In-App"
"USR_000731","6","Day 0","Dormant_Scholar_Day_1_Creativity_and_Feedback_T1","mid_morning","Push","Dormant_Scholar_Day_1_Creativity_and_Feedback_T2","mid_morning","Push","Dormant_Scholar_Day_1_Creativity_and_Feedback_T3","afternoon","Push","Dormant_Scholar_Day_1_Creativity_and_Feedback_T4","late_afternoon","In-App","Dormant_Scholar_Day_1_Creativity_and_Feedback_T5","late_afternoon","In-App","Dormant_Scholar_Day_1_Creativity_and_Feedback_T1","evening","In-App","Dormant_Scholar_Day_1_Creativity_and_Feedback_T2","night","In-App","Dormant_Scholar_Day_1_Creativity_and_Feedback_T3","night","In-App","Dormant_Scholar_Day_1_Creativity_and_Feedback_T4","night","In-App"
"USR_000732","4","Day 57","Dormant_Social_Day_1_Unpredictability_T1","afternoon","Push","Dormant_Social_Day_1_Unpredictability_T2","late_afternoon","Push","Dormant_Social_Day_1_Unpredictability_T3","late_afternoon","Push","Dormant_Social_Day_1_Unpredictability_T4","evening","In-App","Dormant_Social_Day_1_Unpredictability_T5","night","In-App","Dormant_Social_Day_1_Unpredictability_T1","night","In-App","Dormant_Social_Day_1_Unpredictability_T2","night","In-App","Dormant_Social_Day_1_Unpredictability_T3","night","In-App","Dormant_Social_Day_1_Unpredictability_T4","night","In-App"
"USR_000733","4","Day 84","Dormant_Social_Day_1_Unpredictability_T1","late_afternoon","Push","Dormant_Social_Day_1_Unpredictability_T2","evening","Push","Dormant_Social_Day_1_Unpredictability_T3","evening","Push","Dormant_Social_Day_1_Unpredictability_T4","night","In-App","Dormant_Social_Day_1_Unpredictability_T5","night","In-App","Dormant_Social_Day_1_Unpredictability_T1","night","In-App","Dormant_Social_Day_1_Unpredictability_T2","night","In-App","Dormant_Social_Day_1_Unpredictability_T3","early_morning","In-App","Dormant_Social_Day_1_Unpredictability_T4","early_morning","In-App"
"USR_000734","4","Day 44","Dormant_Social_Day_1_Unpredictability_T1","afternoon","Push","Dormant_Social_Day_1_Unpredictability_T2","late_afternoon","Push","Dormant_Social_Day_1_Unpredictability_T3","evening","Push","Dormant_Social_Day_1_Unpredictability_T4","evening","In-App","Dormant_Social_Day_1_Unpredictability_T5","night","In-App","Dormant_Social_Day_1_Unpredictability_T1","night","In-App","Dormant_Social_Day_1_Unpredictability_T2","night","In-App","Dormant_Social_Day_1_Unpredictability_T3","night","In-App","Dormant_Social_Day_1_Unpredictability_T4","early_morning","In-App"
"USR_000735","6","Day 0","Dormant_Scholar_Day_1_Creativity_and_Feedback_T1","evening","Push","Dormant_Scholar_Day_1_Creativity_and_Feedback_T2","evening","Push","Dormant_Scholar_Day_1_Creativity_and_Feedback_T3","night","Push","Dormant_Scholar_Day_1_Creativity_and_Feedback_T4","night","In-App","Dormant_Scholar_Day_1_Creativity_and_Feedback_T5","night","In-App","Dormant_Scholar_Day_1_Creativity_and_Feedback_T1","night","In-App","Dormant_Scholar_Day_1_Creativity_and_Feedback_T2","early_morning","In-App","Dormant_Scholar_Day_1_Creativity_and_Feedback_T3","early_morning","In-App","Dormant_Scholar_Day_1_Creativity_and_Feedback_T4","mid_morning","In-App"
"USR_000736","2","Day 82","Paid_Social_Achiever_Week_4_Creativity_and_Feedback_T1","afternoon","Push","Paid_Social_Achiever_Week_4_Creativity_and_Feedback_T2","afternoon","Push","Paid_Social_Achiever_Week_4_Creativity_and_Feedback_T3","late_afternoon","Push","Paid_Social_Achiever_Week_4_Creativity_and_Feedback_T4","evening","In-App","Paid_Social_Achiever_Week_4_Creativity_and_Feedback_T5","evening","In-App","Paid_Social_Achiever_Week_4_Creativity_and_Feedback_T1","night","In-App","Paid_Social_Achiever_Week_4_Creativity_and_Feedback_T2","night","In-App","Paid_Social_Achiever_Week_4_Creativity_and_Feedback_T3","night","In-App","Paid_Social_Achiever_Week_4_Creativity_and_Feedback_T4","night","In-App"
"USR_000737","2","Day 14","Paid_Social_Achiever_Week_2_Creativity_and_Feedback_T1","late_afternoon","Push","Paid_Social_Achiever_Week_2_Creativity_and_Feedback_T2","late_afternoon","Push","Paid_Social_Achiever_Week_2_Creativity_and_Feedback_T3","evening","Push","Paid_Social_Achiever_Week_2_Creativity_and_Feedback_T4","night","In-App","Paid_Social_Achiever_Week_2_Creativity_and_Feedback_T5","night","In-App","Paid_Social_Achiever_Week_2_Creativity_and_Feedback_T1","night","In-App","Paid_Social_Achiever_Week_2_Creativity_and_Feedback_T2","night","In-App","Paid_Social_Achiever_Week_2_Creativity_and_Feedback_T3","night","In-App","Paid_Social_Achiever_Week_2_Creativity_and_Feedback_T4","early_morning","In-App"
"USR_000738","3","Day 0","Inactive_Socialite_Day_1_Scarcity_and_Impatience_T1","mid_morning","Push","Inactive_Socialite_Day_1_Scarcity_and_Impatience_T2","afternoon","Push","Inactive_Socialite_Day_1_Scarcity_and_Impatience_T3","late_afternoon","Push","Inactive_Socialite_Day_1_Scarcity_and_Impatience_T4","late_afternoon","In-App","Inactive_Socialite_Day_1_Scarcity_and_Impatience_T5","evening","In-App","Inactive_Socialite_Day_1_Scarcity_and_Impatience_T1","night","In-App","Inactive_Socialite_Day_1_Scarcity_and_Impatience_T2","night","In-App","Inactive_Socialite_Day_1_Scarcity_and_Impatience_T3","night","In-App","Inactive_Socialite_Day_1_Scarcity_and_Impatience_T4","night","In-App"
"USR_000739","5","Day 0","Dormant_Achiever_Day_1_Scarcity_and_Impatience_T1","evening","Push","Dormant_Achiever_Day_1_Scarcity_and_Impatience_T2","evening","Push","Dormant_Achiever_Day_1_Scarcity_and_Impatience_T3","night","Push","Dormant_Achiever_Day_1_Scarcity_and_Impatience_T4","night","In-App","Dormant_Achiever_Day_1_Scarcity_and_Impatience_T5","night","In-App","Dormant_Achiever_Day_1_Scarcity_and_Impatience_T1","night","In-App","Dormant_Achiever_Day_1_Scarcity_and_Impatience_T2","early_morning","In-App","Dormant_Achiever_Day_1_Scarcity_and_Impatience_T3","early_morning","In-App","Dormant_Achiever_Day_1_Scarcity_and_Impatience_T4","mid_morning","In-App"
"USR_000740","5","Day 1","Dormant_Achiever_Day_1_Scarcity_and_Impatience_T1","afternoon","Push","Dormant_Achiever_Day_1_Scarcity_and_Impatience_T2","late_afternoon","Push","Dormant_Achiever_Day_1_Scarcity_and_Impatience_T3","evening","Push","Dormant_Achiever_Day_1_Scarcity_and_Impatience_T4","evening","In-App","Dormant_Achiever_Day_1_Scarcity_and_Impatience_T5","night","In-App","Dormant_Achiever_Day_1_Scarcity_and_Impatience_T1","night","In-App","Dormant_Achiever_Day_1_Scarcity_and_Impatience_T2","night","In-App","Dormant_Achiever_Day_1_Scarcity_and_Impatience_T3","night","In-App","Dormant_Achiever_Day_1_Scarcity_and_Impatience_T4","early_morning","In-App"
"USR_000741","4","Day 50","Dormant_Social_Day_1_Unpredictability_T1","evening","Push","Dormant_Social_Day_1_Unpredictability_T2","night","Push","Dormant_Social_Day_1_Unpredictability_T3","night","Push","Dormant_Social_Day_1_Unpredictability_T4","night","In-App","Dormant_Social_Day_1_Unpredictability_T5","night","In-App","Dormant_Social_Day_1_Unpredictability_T1","night","In-App","Dormant_Social_Day_1_Unpredictability_T2","early_morning","In-App","Dormant_Social_Day_1_Unpredictability_T3","mid_morning","In-App","Dormant_Social_Day_1_Unpredictability_T4","mid_morning","In-App"
"USR_000742","0","Day 163","Inactive_Socialite_Day_1_Unpredictability_T1","afternoon","Push","Inactive_Socialite_Day_1_Unpredictability_T2","late_afternoon","Push","Inactive_Socialite_Day_1_Unpredictability_T3","evening","Push","Inactive_Socialite_Day_1_Unpredictability_T4","evening","In-App","Inactive_Socialite_Day_1_Unpredictability_T5","night","In-App","Inactive_Socialite_Day_1_Unpredictability_T1","night","In-App","Inactive_Socialite_Day_1_Unpredictability_T2","night","In-App","Inactive_Socialite_Day_1_Unpredictability_T3","night","In-App","Inactive_Socialite_Day_1_Unpredictability_T4","early_morning","In-App"
"USR_000743","4","Day 66","Dormant_Social_Day_1_Unpredictability_T1","late_afternoon","Push","Dormant_Social_Day_1_Unpredictability_T2","late_afternoon","Push","Dormant_Social_Day_1_Unpredictability_T3","evening","Push","Dormant_Social_Day_1_Unpredictability_T4","night","In-App","Dormant_Social_Day_1_Unpredictability_T5","night","In-App","Dormant_Social_Day_1_Unpredictability_T1","night","In-App","Dormant_Social_Day_1_Unpredictability_T2","night","In-App","Dormant_Social_Day_1_Unpredictability_T3","night","In-App","Dormant_Social_Day_1_Unpredictability_T4","early_morning","In-App"
"USR_000744","4","Day 88","Dormant_Social_Day_1_Unpredictability_T1","afternoon","Push","Dormant_Social_Day_1_Unpredictability_T2","late_afternoon","Push","Dormant_Social_Day_1_Unpredictability_T3","late_afternoon","Push","Dormant_Social_Day_1_Unpredictability_T4","evening","In-App","Dormant_Social_Day_1_Unpredictability_T5","night","In-App","Dormant_Social_Day_1_Unpredictability_T1","night","In-App","Dormant_Social_Day_1_Unpredictability_T2","night","In-App","Dormant_Social_Day_1_Unpredictability_T3","night","In-App","Dormant_Social_Day_1_Unpredictability_T4","night","In-App"
"USR_000745","3","Day 2","Inactive_Socialite_Day_1_Scarcity_and_Impatience_T1","evening","Push","Inactive_Socialite_Day_1_Scarcity_and_Impatience_T2","evening","Push","Inactive_Socialite_Day_1_Scarcity_and_Impatience_T3","night","Push","Inactive_Socialite_Day_1_Scarcity_and_Impatience_T4","night","In-App","Inactive_Socialite_Day_1_Scarcity_and_Impatience_T5","night","In-App","Inactive_Socialite_Day_1_Scarcity_and_Impatience_T1","night","In-App","Inactive_Socialite_Day_1_Scarcity_and_Impatience_T2","early_morning","In-App","Inactive_Socialite_Day_1_Scarcity_and_Impatience_T3","early_morning","In-App","Inactive_Socialite_Day_1_Scarcity_and_Impatience_T4","mid_morning","In-App"
"USR_000746","6","Day 6","Dormant_Scholar_Day_1_Creativity_and_Feedback_T1","late_afternoon","Push","Dormant_Scholar_Day_1_Creativity_and_Feedback_T2","evening","Push","Dormant_Scholar_Day_1_Creativity_and_Feedback_T3","evening","Push","Dormant_Scholar_Day_1_Creativity_and_Feedback_T4","night","In-App","Dormant_Scholar_Day_1_Creativity_and_Feedback_T5","night","In-App","Dormant_Scholar_Day_1_Creativity_and_Feedback_T1","night","In-App","Dormant_Scholar_Day_1_Creativity_and_Feedback_T2","night","In-App","Dormant_Scholar_Day_1_Creativity_and_Feedback_T3","early_morning","In-App","Dormant_Scholar_Day_1_Creativity_and_Feedback_T4","early_morning","In-App"
"USR_000747","5","Day 6","Dormant_Achiever_Day_1_Scarcity_and_Impatience_T1","late_afternoon","Push","Dormant_Achiever_Day_1_Scarcity_and_Impatience_T2","evening","Push","Dormant_Achiever_Day_1_Scarcity_and_Impatience_T3","evening","Push","Dormant_Achiever_Day_1_Scarcity_and_Impatience_T4","night","In-App","Dormant_Achiever_Day_1_Scarcity_and_Impatience_T5","night","In-App","Dormant_Achiever_Day_1_Scarcity_and_Impatience_T1","night","In-App","Dormant_Achiever_Day_1_Scarcity_and_Impatience_T2","night","In-App","Dormant_Achiever_Day_1_Scarcity_and_Impatience_T3","early_morning","In-App","Dormant_Achiever_Day_1_Scarcity_and_Impatience_T4","early_morning","In-App"
"USR_000748","3","Day 5","Inactive_Socialite_Day_1_Scarcity_and_Impatience_T1","early_morning","Push","Inactive_Socialite_Day_1_Scarcity_and_Impatience_T2","mid_morning","Push","Inactive_Socialite_Day_1_Scarcity_and_Impatience_T3","afternoon","Push","Inactive_Socialite_Day_1_Scarcity_and_Impatience_T4","afternoon","In-App","Inactive_Socialite_Day_1_Scarcity_and_Impatience_T5","late_afternoon","In-App","Inactive_Socialite_Day_1_Scarcity_and_Impatience_T1","evening","In-App","Inactive_Socialite_Day_1_Scarcity_and_Impatience_T2","evening","In-App","Inactive_Socialite_Day_1_Scarcity_and_Impatience_T3","night","In-App","Inactive_Socialite_Day_1_Scarcity_and_Impatience_T4","night","In-App"
"USR_000749","7","Day 116","Paid_Competitive_Week_4_Ownership_and_Possession_T1","evening","Push","Paid_Competitive_Week_4_Ownership_and_Possession_T2","night","Push","Paid_Competitive_Week_4_Ownership_and_Possession_T3","night","Push","Paid_Competitive_Week_4_Ownership_and_Possession_T4","night","In-App","Paid_Competitive_Week_4_Ownership_and_Possession_T5","night","In-App","Paid_Competitive_Week_4_Ownership_and_Possession_T1","night","In-App","Paid_Competitive_Week_4_Ownership_and_Possession_T2","early_morning","In-App","Paid_Competitive_Week_4_Ownership_and_Possession_T3","mid_morning","In-App","Paid_Competitive_Week_4_Ownership_and_Possession_T4","mid_morning","In-App"
"USR_000750","3","Day 5","Inactive_Socialite_Day_1_Scarcity_and_Impatience_T1","night","Push","Inactive_Socialite_Day_1_Scarcity_and_Impatience_T2","night","Push","Inactive_Socialite_Day_1_Scarcity_and_Impatience_T3","night","Push","Inactive_Socialite_Day_1_Scarcity_and_Impatience_T4","night","In-App","Inactive_Socialite_Day_1_Scarcity_and_Impatience_T5","early_morning","In-App","Inactive_Socialite_Day_1_Scarcity_and_Impatience_T1","early_morning","In-App","Inactive_Socialite_Day_1_Scarcity_and_Impatience_T2","mid_morning","In-App","Inactive_Socialite_Day_1_Scarcity_and_Impatience_T3","afternoon","In-App","Inactive_Socialite_Day_1_Scarcity_and_Impatience_T4","afternoon","In-App"
"USR_000751","0","Day 160","Inactive_Socialite_Day_1_Unpredictability_T1","night","Push","Inactive_Socialite_Day_1_Unpredictability_T2","night","Push","Inactive_Socialite_Day_1_Unpredictability_T3","night","Push","Inactive_Socialite_Day_1_Unpredictability_T4","night","In-App","Inactive_Socialite_Day_1_Unpredictability_T5","early_morning","In-App","Inactive_Socialite_Day_1_Unpredictability_T1","early_morning","In-App","Inactive_Socialite_Day_1_Unpredictability_T2","mid_morning","In-App","Inactive_Socialite_Day_1_Unpredictability_T3","afternoon","In-App","Inactive_Socialite_Day_1_Unpredictability_T4","afternoon","In-App"
"USR_000752","5","Day 7","Dormant_Achiever_Day_1_Scarcity_and_Impatience_T1","mid_morning","Push","Dormant_Achiever_Day_1_Scarcity_and_Impatience_T2","afternoon","Push","Dormant_Achiever_Day_1_Scarcity_and_Impatience_T3","afternoon","Push","Dormant_Achiever_Day_1_Scarcity_and_Impatience_T4","late_afternoon","In-App","Dormant_Achiever_Day_1_Scarcity_and_Impatience_T5","evening","In-App","Dormant_Achiever_Day_1_Scarcity_and_Impatience_T1","evening","In-App","Dormant_Achiever_Day_1_Scarcity_and_Impatience_T2","night","In-App","Dormant_Achiever_Day_1_Scarcity_and_Impatience_T3","night","In-App","Dormant_Achiever_Day_1_Scarcity_and_Impatience_T4","night","In-App"
"USR_000753","4","Day 59","Dormant_Social_Day_1_Unpredictability_T1","evening","Push","Dormant_Social_Day_1_Unpredictability_T2","night","Push","Dormant_Social_Day_1_Unpredictability_T3","night","Push","Dormant_Social_Day_1_Unpredictability_T4","night","In-App","Dormant_Social_Day_1_Unpredictability_T5","night","In-App","Dormant_Social_Day_1_Unpredictability_T1","night","In-App","Dormant_Social_Day_1_Unpredictability_T2","early_morning","In-App","Dormant_Social_Day_1_Unpredictability_T3","mid_morning","In-App","Dormant_Social_Day_1_Unpredictability_T4","mid_morning","In-App"
"USR_000754","0","Day 140","Inactive_Socialite_Day_1_Unpredictability_T1","night","Push","Inactive_Socialite_Day_1_Unpredictability_T2","night","Push","Inactive_Socialite_Day_1_Unpredictability_T3","night","Push","Inactive_Socialite_Day_1_Unpredictability_T4","night","In-App","Inactive_Socialite_Day_1_Unpredictability_T5","early_morning","In-App","Inactive_Socialite_Day_1_Unpredictability_T1","mid_morning","In-App","Inactive_Socialite_Day_1_Unpredictability_T2","mid_morning","In-App","Inactive_Socialite_Day_1_Unpredictability_T3","afternoon","In-App","Inactive_Socialite_Day_1_Unpredictability_T4","late_afternoon","In-App"
"USR_000755","1","Day 3","Inactive_Social_Learners_Day_1_Social_Influence_T1","night","Push","Inactive_Social_Learners_Day_1_Social_Influence_T2","night","Push","Inactive_Social_Learners_Day_1_Social_Influence_T3","night","Push","Inactive_Social_Learners_Day_1_Social_Influence_T4","night","In-App","Inactive_Social_Learners_Day_1_Social_Influence_T5","early_morning","In-App","Inactive_Social_Learners_Day_1_Social_Influence_T1","early_morning","In-App","Inactive_Social_Learners_Day_1_Social_Influence_T2","mid_morning","In-App","Inactive_Social_Learners_Day_1_Social_Influence_T3","afternoon","In-App","Inactive_Social_Learners_Day_1_Social_Influence_T4","afternoon","In-App"
"USR_000756","3","Day 3","Inactive_Socialite_Day_1_Scarcity_and_Impatience_T1","evening","Push","Inactive_Socialite_Day_1_Scarcity_and_Impatience_T2","night","Push","Inactive_Socialite_Day_1_Scarcity_and_Impatience_T3","night","Push","Inactive_Socialite_Day_1_Scarcity_and_Impatience_T4","night","In-App","Inactive_Socialite_Day_1_Scarcity_and_Impatience_T5","night","In-App","Inactive_Socialite_Day_1_Scarcity_and_Impatience_T1","night","In-App","Inactive_Socialite_Day_1_Scarcity_and_Impatience_T2","early_morning","In-App","Inactive_Socialite_Day_1_Scarcity_and_Impatience_T3","mid_morning","In-App","Inactive_Socialite_Day_1_Scarcity_and_Impatience_T4","mid_morning","In-App"
"USR_000757","0","Day 155","Inactive_Socialite_Day_1_Unpredictability_T1","evening","Push","Inactive_Socialite_Day_1_Unpredictability_T2","evening","Push","Inactive_Socialite_Day_1_Unpredictability_T3","night","Push","Inactive_Socialite_Day_1_Unpredictability_T4","night","In-App","Inactive_Socialite_Day_1_Unpredictability_T5","night","In-App","Inactive_Socialite_Day_1_Unpredictability_T1","night","In-App","Inactive_Socialite_Day_1_Unpredictability_T2","early_morning","In-App","Inactive_Socialite_Day_1_Unpredictability_T3","early_morning","In-App","Inactive_Socialite_Day_1_Unpredictability_T4","mid_morning","In-App"
"USR_000758","6","Day 7","Dormant_Scholar_Day_1_Creativity_and_Feedback_T1","evening","Push","Dormant_Scholar_Day_1_Creativity_and_Feedback_T2","night","Push","Dormant_Scholar_Day_1_Creativity_and_Feedback_T3","night","Push","Dormant_Scholar_Day_1_Creativity_and_Feedback_T4","night","In-App","Dormant_Scholar_Day_1_Creativity_and_Feedback_T5","night","In-App","Dormant_Scholar_Day_1_Creativity_and_Feedback_T1","early_morning","In-App","Dormant_Scholar_Day_1_Creativity_and_Feedback_T2","early_morning","In-App","Dormant_Scholar_Day_1_Creativity_and_Feedback_T3","mid_morning","In-App","Dormant_Scholar_Day_1_Creativity_and_Feedback_T4","afternoon","In-App"
"USR_000759","5","Day 6","Dormant_Achiever_Day_1_Scarcity_and_Impatience_T1","night","Push","Dormant_Achiever_Day_1_Scarcity_and_Impatience_T2","night","Push","Dormant_Achiever_Day_1_Scarcity_and_Impatience_T3","night","Push","Dormant_Achiever_Day_1_Scarcity_and_Impatience_T4","night","In-App","Dormant_Achiever_Day_1_Scarcity_and_Impatience_T5","early_morning","In-App","Dormant_Achiever_Day_1_Scarcity_and_Impatience_T1","mid_morning","In-App","Dormant_Achiever_Day_1_Scarcity_and_Impatience_T2","mid_morning","In-App","Dormant_Achiever_Day_1_Scarcity_and_Impatience_T3","afternoon","In-App","Dormant_Achiever_Day_1_Scarcity_and_Impatience_T4","late_afternoon","In-App"
"USR_000760","6","Day 6","Dormant_Scholar_Day_1_Creativity_and_Feedback_T1","early_morning","Push","Dormant_Scholar_Day_1_Creativity_and_Feedback_T2","early_morning","Push","Dormant_Scholar_Day_1_Creativity_and_Feedback_T3","mid_morning","Push","Dormant_Scholar_Day_1_Creativity_and_Feedback_T4","afternoon","In-App","Dormant_Scholar_Day_1_Creativity_and_Feedback_T5","afternoon","In-App","Dormant_Scholar_Day_1_Creativity_and_Feedback_T1","late_afternoon","In-App","Dormant_Scholar_Day_1_Creativity_and_Feedback_T2","evening","In-App","Dormant_Scholar_Day_1_Creativity_and_Feedback_T3","evening","In-App","Dormant_Scholar_Day_1_Creativity_and_Feedback_T4","night","In-App"
"USR_000761","0","Day 120","Inactive_Socialite_Day_1_Unpredictability_T1","evening","Push","Inactive_Socialite_Day_1_Unpredictability_T2","night","Push","Inactive_Socialite_Day_1_Unpredictability_T3","night","Push","Inactive_Socialite_Day_1_Unpredictability_T4","night","In-App","Inactive_Socialite_Day_1_Unpredictability_T5","night","In-App","Inactive_Socialite_Day_1_Unpredictability_T1","night","In-App","Inactive_Socialite_Day_1_Unpredictability_T2","early_morning","In-App","Inactive_Socialite_Day_1_Unpredictability_T3","mid_morning","In-App","Inactive_Socialite_Day_1_Unpredictability_T4","mid_morning","In-App"
"USR_000762","6","Day 6","Dormant_Scholar_Day_1_Creativity_and_Feedback_T1","late_afternoon","Push","Dormant_Scholar_Day_1_Creativity_and_Feedback_T2","evening","Push","Dormant_Scholar_Day_1_Creativity_and_Feedback_T3","night","Push","Dormant_Scholar_Day_1_Creativity_and_Feedback_T4","night","In-App","Dormant_Scholar_Day_1_Creativity_and_Feedback_T5","night","In-App","Dormant_Scholar_Day_1_Creativity_and_Feedback_T1","night","In-App","Dormant_Scholar_Day_1_Creativity_and_Feedback_T2","night","In-App","Dormant_Scholar_Day_1_Creativity_and_Feedback_T3","early_morning","In-App","Dormant_Scholar_Day_1_Creativity_and_Feedback_T4","mid_morning","In-App"
"USR_000763","5","Day 3","Dormant_Achiever_Day_1_Scarcity_and_Impatience_T1","night","Push","Dormant_Achiever_Day_1_Scarcity_and_Impatience_T2","night","Push","Dormant_Achiever_Day_1_Scarcity_and_Impatience_T3","night","Push","Dormant_Achiever_Day_1_Scarcity_and_Impatience_T4","night","In-App","Dormant_Achiever_Day_1_Scarcity_and_Impatience_T5","early_morning","In-App","Dormant_Achiever_Day_1_Scarcity_and_Impatience_T1","early_morning","In-App","Dormant_Achiever_Day_1_Scarcity_and_Impatience_T2","mid_morning","In-App","Dormant_Achiever_Day_1_Scarcity_and_Impatience_T3","afternoon","In-App","Dormant_Achiever_Day_1_Scarcity_and_Impatience_T4","afternoon","In-App"
"USR_000764","4","Day 33","Dormant_Social_Day_1_Unpredictability_T1","evening","Push","Dormant_Social_Day_1_Unpredictability_T2","night","Push","Dormant_Social_Day_1_Unpredictability_T3","night","Push","Dormant_Social_Day_1_Unpredictability_T4","night","In-App","Dormant_Social_Day_1_Unpredictability_T5","night","In-App","Dormant_Social_Day_1_Unpredictability_T1","night","In-App","Dormant_Social_Day_1_Unpredictability_T2","early_morning","In-App","Dormant_Social_Day_1_Unpredictability_T3","mid_morning","In-App","Dormant_Social_Day_1_Unpredictability_T4","mid_morning","In-App"
"USR_000765","2","Day 33","Paid_Social_Achiever_Week_4_Creativity_and_Feedback_T1","late_afternoon","Push","Paid_Social_Achiever_Week_4_Creativity_and_Feedback_T2","evening","Push","Paid_Social_Achiever_Week_4_Creativity_and_Feedback_T3","evening","Push","Paid_Social_Achiever_Week_4_Creativity_and_Feedback_T4","night","In-App","Paid_Social_Achiever_Week_4_Creativity_and_Feedback_T5","night","In-App","Paid_Social_Achiever_Week_4_Creativity_and_Feedback_T1","night","In-App","Paid_Social_Achiever_Week_4_Creativity_and_Feedback_T2","night","In-App","Paid_Social_Achiever_Week_4_Creativity_and_Feedback_T3","early_morning","In-App","Paid_Social_Achiever_Week_4_Creativity_and_Feedback_T4","early_morning","In-App"
"USR_000766","6","Day 5","Dormant_Scholar_Day_1_Creativity_and_Feedback_T1","late_afternoon","Push","Dormant_Scholar_Day_1_Creativity_and_Feedback_T2","evening","Push","Dormant_Scholar_Day_1_Creativity_and_Feedback_T3","evening","Push","Dormant_Scholar_Day_1_Creativity_and_Feedback_T4","night","In-App","Dormant_Scholar_Day_1_Creativity_and_Feedback_T5","night","In-App","Dormant_Scholar_Day_1_Creativity_and_Feedback_T1","night","In-App","Dormant_Scholar_Day_1_Creativity_and_Feedback_T2","night","In-App","Dormant_Scholar_Day_1_Creativity_and_Feedback_T3","early_morning","In-App","Dormant_Scholar_Day_1_Creativity_and_Feedback_T4","early_morning","In-App"
"USR_000767","1","Day 1","Inactive_Social_Learners_Day_1_Social_Influence_T1","late_afternoon","Push","Inactive_Social_Learners_Day_1_Social_Influence_T2","late_afternoon","Push","Inactive_Social_Learners_Day_1_Social_Influence_T3","evening","Push","Inactive_Social_Learners_Day_1_Social_Influence_T4","night","In-App","Inactive_Social_Learners_Day_1_Social_Influence_T5","night","In-App","Inactive_Social_Learners_Day_1_Social_Influence_T1","night","In-App","Inactive_Social_Learners_Day_1_Social_Influence_T2","night","In-App","Inactive_Social_Learners_Day_1_Social_Influence_T3","night","In-App","Inactive_Social_Learners_Day_1_Social_Influence_T4","early_morning","In-App"
"USR_000768","3","Day 5","Inactive_Socialite_Day_1_Scarcity_and_Impatience_T1","late_afternoon","Push","Inactive_Socialite_Day_1_Scarcity_and_Impatience_T2","evening","Push","Inactive_Socialite_Day_1_Scarcity_and_Impatience_T3","night","Push","Inactive_Socialite_Day_1_Scarcity_and_Impatience_T4","night","In-App","Inactive_Socialite_Day_1_Scarcity_and_Impatience_T5","night","In-App","Inactive_Socialite_Day_1_Scarcity_and_Impatience_T1","night","In-App","Inactive_Socialite_Day_1_Scarcity_and_Impatience_T2","night","In-App","Inactive_Socialite_Day_1_Scarcity_and_Impatience_T3","early_morning","In-App","Inactive_Socialite_Day_1_Scarcity_and_Impatience_T4","mid_morning","In-App"
"USR_000769","6","Day 7","Dormant_Scholar_Day_1_Creativity_and_Feedback_T1","evening","Push","Dormant_Scholar_Day_1_Creativity_and_Feedback_T2","night","Push","Dormant_Scholar_Day_1_Creativity_and_Feedback_T3","night","Push","Dormant_Scholar_Day_1_Creativity_and_Feedback_T4","night","In-App","Dormant_Scholar_Day_1_Creativity_and_Feedback_T5","night","In-App","Dormant_Scholar_Day_1_Creativity_and_Feedback_T1","night","In-App","Dormant_Scholar_Day_1_Creativity_and_Feedback_T2","early_morning","In-App","Dormant_Scholar_Day_1_Creativity_and_Feedback_T3","mid_morning","In-App","Dormant_Scholar_Day_1_Creativity_and_Feedback_T4","mid_morning","In-App"
"USR_000770","6","Day 0","Dormant_Scholar_Day_1_Creativity_and_Feedback_T1","early_morning","Push","Dormant_Scholar_Day_1_Creativity_and_Feedback_T2","early_morning","Push","Dormant_Scholar_Day_1_Creativity_and_Feedback_T3","mid_morning","Push","Dormant_Scholar_Day_1_Creativity_and_Feedback_T4","afternoon","In-App","Dormant_Scholar_Day_1_Creativity_and_Feedback_T5","afternoon","In-App","Dormant_Scholar_Day_1_Creativity_and_Feedback_T1","late_afternoon","In-App","Dormant_Scholar_Day_1_Creativity_and_Feedback_T2","evening","In-App","Dormant_Scholar_Day_1_Creativity_and_Feedback_T3","evening","In-App","Dormant_Scholar_Day_1_Creativity_and_Feedback_T4","night","In-App"
"USR_000771","0","Day 112","Inactive_Socialite_Day_1_Unpredictability_T1","late_afternoon","Push","Inactive_Socialite_Day_1_Unpredictability_T2","evening","Push","Inactive_Socialite_Day_1_Unpredictability_T3","night","Push","Inactive_Socialite_Day_1_Unpredictability_T4","night","In-App","Inactive_Socialite_Day_1_Unpredictability_T5","night","In-App","Inactive_Socialite_Day_1_Unpredictability_T1","night","In-App","Inactive_Socialite_Day_1_Unpredictability_T2","night","In-App","Inactive_Socialite_Day_1_Unpredictability_T3","early_morning","In-App","Inactive_Socialite_Day_1_Unpredictability_T4","mid_morning","In-App"
"USR_000772","7","Day 103","Paid_Competitive_Week_4_Ownership_and_Possession_T1","afternoon","Push","Paid_Competitive_Week_4_Ownership_and_Possession_T2","late_afternoon","Push","Paid_Competitive_Week_4_Ownership_and_Possession_T3","late_afternoon","Push","Paid_Competitive_Week_4_Ownership_and_Possession_T4","evening","In-App","Paid_Competitive_Week_4_Ownership_and_Possession_T5","night","In-App","Paid_Competitive_Week_4_Ownership_and_Possession_T1","night","In-App","Paid_Competitive_Week_4_Ownership_and_Possession_T2","night","In-App","Paid_Competitive_Week_4_Ownership_and_Possession_T3","night","In-App","Paid_Competitive_Week_4_Ownership_and_Possession_T4","night","In-App"
"USR_000773","0","Day 147","Inactive_Socialite_Day_1_Unpredictability_T1","evening","Push","Inactive_Socialite_Day_1_Unpredictability_T2","night","Push","Inactive_Socialite_Day_1_Unpredictability_T3","night","Push","Inactive_Socialite_Day_1_Unpredictability_T4","night","In-App","Inactive_Socialite_Day_1_Unpredictability_T5","night","In-App","Inactive_Socialite_Day_1_Unpredictability_T1","early_morning","In-App","Inactive_Socialite_Day_1_Unpredictability_T2","early_morning","In-App","Inactive_Socialite_Day_1_Unpredictability_T3","mid_morning","In-App","Inactive_Socialite_Day_1_Unpredictability_T4","afternoon","In-App"
"USR_000774","3","Day 4","Inactive_Socialite_Day_1_Scarcity_and_Impatience_T1","early_morning","Push","Inactive_Socialite_Day_1_Scarcity_and_Impatience_T2","early_morning","Push","Inactive_Socialite_Day_1_Scarcity_and_Impatience_T3","mid_morning","Push","Inactive_Socialite_Day_1_Scarcity_and_Impatience_T4","afternoon","In-App","Inactive_Socialite_Day_1_Scarcity_and_Impatience_T5","afternoon","In-App","Inactive_Socialite_Day_1_Scarcity_and_Impatience_T1","late_afternoon","In-App","Inactive_Socialite_Day_1_Scarcity_and_Impatience_T2","evening","In-App","Inactive_Socialite_Day_1_Scarcity_and_Impatience_T3","evening","In-App","Inactive_Socialite_Day_1_Scarcity_and_Impatience_T4","night","In-App"
"USR_000775","5","Day 6","Dormant_Achiever_Day_1_Scarcity_and_Impatience_T1","evening","Push","Dormant_Achiever_Day_1_Scarcity_and_Impatience_T2","evening","Push","Dormant_Achiever_Day_1_Scarcity_and_Impatience_T3","night","Push","Dormant_Achiever_Day_1_Scarcity_and_Impatience_T4","night","In-App","Dormant_Achiever_Day_1_Scarcity_and_Impatience_T5","night","In-App","Dormant_Achiever_Day_1_Scarcity_and_Impatience_T1","night","In-App","Dormant_Achiever_Day_1_Scarcity_and_Impatience_T2","early_morning","In-App","Dormant_Achiever_Day_1_Scarcity_and_Impatience_T3","early_morning","In-App","Dormant_Achiever_Day_1_Scarcity_and_Impatience_T4","mid_morning","In-App"
"USR_000776","4","Day 32","Dormant_Social_Day_1_Unpredictability_T1","evening","Push","Dormant_Social_Day_1_Unpredictability_T2","evening","Push","Dormant_Social_Day_1_Unpredictability_T3","night","Push","Dormant_Social_Day_1_Unpredictability_T4","night","In-App","Dormant_Social_Day_1_Unpredictability_T5","night","In-App","Dormant_Social_Day_1_Unpredictability_T1","night","In-App","Dormant_Social_Day_1_Unpredictability_T2","early_morning","In-App","Dormant_Social_Day_1_Unpredictability_T3","early_morning","In-App","Dormant_Social_Day_1_Unpredictability_T4","mid_morning","In-App"
"USR_000777","2","Day 56","Paid_Social_Achiever_Week_4_Creativity_and_Feedback_T1","afternoon","Push","Paid_Social_Achiever_Week_4_Creativity_and_Feedback_T2","late_afternoon","Push","Paid_Social_Achiever_Week_4_Creativity_and_Feedback_T3","evening","Push","Paid_Social_Achiever_Week_4_Creativity_and_Feedback_T4","evening","In-App","Paid_Social_Achiever_Week_4_Creativity_and_Feedback_T5","night","In-App","Paid_Social_Achiever_Week_4_Creativity_and_Feedback_T1","night","In-App","Paid_Social_Achiever_Week_4_Creativity_and_Feedback_T2","night","In-App","Paid_Social_Achiever_Week_4_Creativity_and_Feedback_T3","night","In-App","Paid_Social_Achiever_Week_4_Creativity_and_Feedback_T4","early_morning","In-App"
"USR_000778","0","Day 94","Inactive_Socialite_Day_1_Unpredictability_T1","evening","Push","Inactive_Socialite_Day_1_Unpredictability_T2","evening","Push","Inactive_Socialite_Day_1_Unpredictability_T3","night","Push","Inactive_Socialite_Day_1_Unpredictability_T4","night","In-App","Inactive_Socialite_Day_1_Unpredictability_T5","night","In-App","Inactive_Socialite_Day_1_Unpredictability_T1","night","In-App","Inactive_Socialite_Day_1_Unpredictability_T2","early_morning","In-App","Inactive_Socialite_Day_1_Unpredictability_T3","early_morning","In-App","Inactive_Socialite_Day_1_Unpredictability_T4","mid_morning","In-App"
"USR_000779","1","Day 32","Inactive_Social_Learners_Day_1_Social_Influence_T1","mid_morning","Push","Inactive_Social_Learners_Day_1_Social_Influence_T2","mid_morning","Push","Inactive_Social_Learners_Day_1_Social_Influence_T3","afternoon","Push","Inactive_Social_Learners_Day_1_Social_Influence_T4","late_afternoon","In-App","Inactive_Social_Learners_Day_1_Social_Influence_T5","late_afternoon","In-App","Inactive_Social_Learners_Day_1_Social_Influence_T1","evening","In-App","Inactive_Social_Learners_Day_1_Social_Influence_T2","night","In-App","Inactive_Social_Learners_Day_1_Social_Influence_T3","night","In-App","Inactive_Social_Learners_Day_1_Social_Influence_T4","night","In-App"
"USR_000780","2","Day 90","Paid_Social_Achiever_Week_4_Creativity_and_Feedback_T1","night","Push","Paid_Social_Achiever_Week_4_Creativity_and_Feedback_T2","night","Push","Paid_Social_Achiever_Week_4_Creativity_and_Feedback_T3","night","Push","Paid_Social_Achiever_Week_4_Creativity_and_Feedback_T4","night","In-App","Paid_Social_Achiever_Week_4_Creativity_and_Feedback_T5","night","In-App","Paid_Social_Achiever_Week_4_Creativity_and_Feedback_T1","early_morning","In-App","Paid_Social_Achiever_Week_4_Creativity_and_Feedback_T2","mid_morning","In-App","Paid_Social_Achiever_Week_4_Creativity_and_Feedback_T3","mid_morning","In-App","Paid_Social_Achiever_Week_4_Creativity_and_Feedback_T4","afternoon","In-App"
"USR_000781","2","Day 104","Paid_Social_Achiever_Week_4_Creativity_and_Feedback_T1","evening","Push","Paid_Social_Achiever_Week_4_Creativity_and_Feedback_T2","night","Push","Paid_Social_Achiever_Week_4_Creativity_and_Feedback_T3","night","Push","Paid_Social_Achiever_Week_4_Creativity_and_Feedback_T4","night","In-App","Paid_Social_Achiever_Week_4_Creativity_and_Feedback_T5","night","In-App","Paid_Social_Achiever_Week_4_Creativity_and_Feedback_T1","early_morning","In-App","Paid_Social_Achiever_Week_4_Creativity_and_Feedback_T2","early_morning","In-App","Paid_Social_Achiever_Week_4_Creativity_and_Feedback_T3","mid_morning","In-App","Paid_Social_Achiever_Week_4_Creativity_and_Feedback_T4","afternoon","In-App"
"USR_000782","2","Day 117","Paid_Social_Achiever_Week_4_Creativity_and_Feedback_T1","afternoon","Push","Paid_Social_Achiever_Week_4_Creativity_and_Feedback_T2","late_afternoon","Push","Paid_Social_Achiever_Week_4_Creativity_and_Feedback_T3","late_afternoon","Push","Paid_Social_Achiever_Week_4_Creativity_and_Feedback_T4","evening","In-App","Paid_Social_Achiever_Week_4_Creativity_and_Feedback_T5","night","In-App","Paid_Social_Achiever_Week_4_Creativity_and_Feedback_T1","night","In-App","Paid_Social_Achiever_Week_4_Creativity_and_Feedback_T2","night","In-App","Paid_Social_Achiever_Week_4_Creativity_and_Feedback_T3","night","In-App","Paid_Social_Achiever_Week_4_Creativity_and_Feedback_T4","night","In-App"
"USR_000783","1","Day 0","Inactive_Social_Learners_Day_1_Social_Influence_T1","mid_morning","Push","Inactive_Social_Learners_Day_1_Social_Influence_T2","mid_morning","Push","Inactive_Social_Learners_Day_1_Social_Influence_T3","afternoon","Push","Inactive_Social_Learners_Day_1_Social_Influence_T4","late_afternoon","In-App","Inactive_Social_Learners_Day_1_Social_Influence_T5","late_afternoon","In-App","Inactive_Social_Learners_Day_1_Social_Influence_T1","evening","In-App","Inactive_Social_Learners_Day_1_Social_Influence_T2","night","In-App","Inactive_Social_Learners_Day_1_Social_Influence_T3","night","In-App","Inactive_Social_Learners_Day_1_Social_Influence_T4","night","In-App"
"USR_000784","2","Day 47","Paid_Social_Achiever_Week_4_Creativity_and_Feedback_T1","early_morning","Push","Paid_Social_Achiever_Week_4_Creativity_and_Feedback_T2","early_morning","Push","Paid_Social_Achiever_Week_4_Creativity_and_Feedback_T3","mid_morning","Push","Paid_Social_Achiever_Week_4_Creativity_and_Feedback_T4","afternoon","In-App","Paid_Social_Achiever_Week_4_Creativity_and_Feedback_T5","afternoon","In-App","Paid_Social_Achiever_Week_4_Creativity_and_Feedback_T1","late_afternoon","In-App","Paid_Social_Achiever_Week_4_Creativity_and_Feedback_T2","evening","In-App","Paid_Social_Achiever_Week_4_Creativity_and_Feedback_T3","evening","In-App","Paid_Social_Achiever_Week_4_Creativity_and_Feedback_T4","night","In-App"
"USR_000785","3","Day 2","Inactive_Socialite_Day_1_Scarcity_and_Impatience_T1","evening","Push","Inactive_Socialite_Day_1_Scarcity_and_Impatience_T2","evening","Push","Inactive_Socialite_Day_1_Scarcity_and_Impatience_T3","night","Push","Inactive_Socialite_Day_1_Scarcity_and_Impatience_T4","night","In-App","Inactive_Socialite_Day_1_Scarcity_and_Impatience_T5","night","In-App","Inactive_Socialite_Day_1_Scarcity_and_Impatience_T1","night","In-App","Inactive_Socialite_Day_1_Scarcity_and_Impatience_T2","early_morning","In-App","Inactive_Socialite_Day_1_Scarcity_and_Impatience_T3","early_morning","In-App","Inactive_Socialite_Day_1_Scarcity_and_Impatience_T4","mid_morning","In-App"
"USR_000786","0","Day 127","Inactive_Socialite_Day_1_Unpredictability_T1","mid_morning","Push","Inactive_Socialite_Day_1_Unpredictability_T2","mid_morning","Push","Inactive_Socialite_Day_1_Unpredictability_T3","afternoon","Push","Inactive_Socialite_Day_1_Unpredictability_T4","late_afternoon","In-App","Inactive_Socialite_Day_1_Unpredictability_T5","late_afternoon","In-App","Inactive_Socialite_Day_1_Unpredictability_T1","evening","In-App","Inactive_Socialite_Day_1_Unpredictability_T2","night","In-App","Inactive_Socialite_Day_1_Unpredictability_T3","night","In-App","Inactive_Socialite_Day_1_Unpredictability_T4","night","In-App"
"USR_000787","7","Day 54","Paid_Competitive_Week_4_Ownership_and_Possession_T1","late_afternoon","Push","Paid_Competitive_Week_4_Ownership_and_Possession_T2","evening","Push","Paid_Competitive_Week_4_Ownership_and_Possession_T3","night","Push","Paid_Competitive_Week_4_Ownership_and_Possession_T4","night","In-App","Paid_Competitive_Week_4_Ownership_and_Possession_T5","night","In-App","Paid_Competitive_Week_4_Ownership_and_Possession_T1","night","In-App","Paid_Competitive_Week_4_Ownership_and_Possession_T2","night","In-App","Paid_Competitive_Week_4_Ownership_and_Possession_T3","early_morning","In-App","Paid_Competitive_Week_4_Ownership_and_Possession_T4","mid_morning","In-App"
"USR_000788","6","Day 3","Dormant_Scholar_Day_1_Creativity_and_Feedback_T1","early_morning","Push","Dormant_Scholar_Day_1_Creativity_and_Feedback_T2","mid_morning","Push","Dormant_Scholar_Day_1_Creativity_and_Feedback_T3","mid_morning","Push","Dormant_Scholar_Day_1_Creativity_and_Feedback_T4","afternoon","In-App","Dormant_Scholar_Day_1_Creativity_and_Feedback_T5","late_afternoon","In-App","Dormant_Scholar_Day_1_Creativity_and_Feedback_T1","late_afternoon","In-App","Dormant_Scholar_Day_1_Creativity_and_Feedback_T2","evening","In-App","Dormant_Scholar_Day_1_Creativity_and_Feedback_T3","night","In-App","Dormant_Scholar_Day_1_Creativity_and_Feedback_T4","night","In-App"
"USR_000789","2","Day 67","Paid_Social_Achiever_Week_4_Creativity_and_Feedback_T1","evening","Push","Paid_Social_Achiever_Week_4_Creativity_and_Feedback_T2","night","Push","Paid_Social_Achiever_Week_4_Creativity_and_Feedback_T3","night","Push","Paid_Social_Achiever_Week_4_Creativity_and_Feedback_T4","night","In-App","Paid_Social_Achiever_Week_4_Creativity_and_Feedback_T5","night","In-App","Paid_Social_Achiever_Week_4_Creativity_and_Feedback_T1","early_morning","In-App","Paid_Social_Achiever_Week_4_Creativity_and_Feedback_T2","early_morning","In-App","Paid_Social_Achiever_Week_4_Creativity_and_Feedback_T3","mid_morning","In-App","Paid_Social_Achiever_Week_4_Creativity_and_Feedback_T4","afternoon","In-App"
"USR_000790","5","Day 5","Dormant_Achiever_Day_1_Scarcity_and_Impatience_T1","late_afternoon","Push","Dormant_Achiever_Day_1_Scarcity_and_Impatience_T2","late_afternoon","Push","Dormant_Achiever_Day_1_Scarcity_and_Impatience_T3","evening","Push","Dormant_Achiever_Day_1_Scarcity_and_Impatience_T4","night","In-App","Dormant_Achiever_Day_1_Scarcity_and_Impatience_T5","night","In-App","Dormant_Achiever_Day_1_Scarcity_and_Impatience_T1","night","In-App","Dormant_Achiever_Day_1_Scarcity_and_Impatience_T2","night","In-App","Dormant_Achiever_Day_1_Scarcity_and_Impatience_T3","night","In-App","Dormant_Achiever_Day_1_Scarcity_and_Impatience_T4","early_morning","In-App"
"USR_000791","7","Day 6","Paid_Competitive_Week_1_Ownership_and_Possession_T1","evening","Push","Paid_Competitive_Week_1_Ownership_and_Possession_T2","night","Push","Paid_Competitive_Week_1_Ownership_and_Possession_T3","night","Push","Paid_Competitive_Week_1_Ownership_and_Possession_T4","night","In-App","Paid_Competitive_Week_1_Ownership_and_Possession_T5","night","In-App","Paid_Competitive_Week_1_Ownership_and_Possession_T1","night","In-App","Paid_Competitive_Week_1_Ownership_and_Possession_T2","early_morning","In-App","Paid_Competitive_Week_1_Ownership_and_Possession_T3","mid_morning","In-App","Paid_Competitive_Week_1_Ownership_and_Possession_T4","mid_morning","In-App"
"USR_000792","7","Day 46","Paid_Competitive_Week_4_Ownership_and_Possession_T1","late_afternoon","Push","Paid_Competitive_Week_4_Ownership_and_Possession_T2","evening","Push","Paid_Competitive_Week_4_Ownership_and_Possession_T3","evening","Push","Paid_Competitive_Week_4_Ownership_and_Possession_T4","night","In-App","Paid_Competitive_Week_4_Ownership_and_Possession_T5","night","In-App","Paid_Competitive_Week_4_Ownership_and_Possession_T1","night","In-App","Paid_Competitive_Week_4_Ownership_and_Possession_T2","night","In-App","Paid_Competitive_Week_4_Ownership_and_Possession_T3","early_morning","In-App","Paid_Competitive_Week_4_Ownership_and_Possession_T4","early_morning","In-App"
"USR_000793","0","Day 131","Inactive_Socialite_Day_1_Unpredictability_T1","afternoon","Push","Inactive_Socialite_Day_1_Unpredictability_T2","late_afternoon","Push","Inactive_Socialite_Day_1_Unpredictability_T3","evening","Push","Inactive_Socialite_Day_1_Unpredictability_T4","evening","In-App","Inactive_Socialite_Day_1_Unpredictability_T5","night","In-App","Inactive_Socialite_Day_1_Unpredictability_T1","night","In-App","Inactive_Socialite_Day_1_Unpredictability_T2","night","In-App","Inactive_Socialite_Day_1_Unpredictability_T3","night","In-App","Inactive_Socialite_Day_1_Unpredictability_T4","early_morning","In-App"
"USR_000794","5","Day 0","Dormant_Achiever_Day_1_Scarcity_and_Impatience_T1","evening","Push","Dormant_Achiever_Day_1_Scarcity_and_Impatience_T2","night","Push","Dormant_Achiever_Day_1_Scarcity_and_Impatience_T3","night","Push","Dormant_Achiever_Day_1_Scarcity_and_Impatience_T4","night","In-App","Dormant_Achiever_Day_1_Scarcity_and_Impatience_T5","night","In-App","Dormant_Achiever_Day_1_Scarcity_and_Impatience_T1","early_morning","In-App","Dormant_Achiever_Day_1_Scarcity_and_Impatience_T2","early_morning","In-App","Dormant_Achiever_Day_1_Scarcity_and_Impatience_T3","mid_morning","In-App","Dormant_Achiever_Day_1_Scarcity_and_Impatience_T4","afternoon","In-App"
"USR_000795","2","Day 59","Paid_Social_Achiever_Week_4_Creativity_and_Feedback_T1","evening","Push","Paid_Social_Achiever_Week_4_Creativity_and_Feedback_T2","evening","Push","Paid_Social_Achiever_Week_4_Creativity_and_Feedback_T3","night","Push","Paid_Social_Achiever_Week_4_Creativity_and_Feedback_T4","night","In-App","Paid_Social_Achiever_Week_4_Creativity_and_Feedback_T5","night","In-App","Paid_Social_Achiever_Week_4_Creativity_and_Feedback_T1","night","In-App","Paid_Social_Achiever_Week_4_Creativity_and_Feedback_T2","early_morning","In-App","Paid_Social_Achiever_Week_4_Creativity_and_Feedback_T3","early_morning","In-App","Paid_Social_Achiever_Week_4_Creativity_and_Feedback_T4","mid_morning","In-App"
"USR_000796","4","Day 60","Dormant_Social_Day_1_Unpredictability_T1","afternoon","Push","Dormant_Social_Day_1_Unpredictability_T2","late_afternoon","Push","Dormant_Social_Day_1_Unpredictability_T3","evening","Push","Dormant_Social_Day_1_Unpredictability_T4","evening","In-App","Dormant_Social_Day_1_Unpredictability_T5","night","In-App","Dormant_Social_Day_1_Unpredictability_T1","night","In-App","Dormant_Social_Day_1_Unpredictability_T2","night","In-App","Dormant_Social_Day_1_Unpredictability_T3","night","In-App","Dormant_Social_Day_1_Unpredictability_T4","early_morning","In-App"
"USR_000797","5","Day 2","Dormant_Achiever_Day_1_Scarcity_and_Impatience_T1","evening","Push","Dormant_Achiever_Day_1_Scarcity_and_Impatience_T2","evening","Push","Dormant_Achiever_Day_1_Scarcity_and_Impatience_T3","night","Push","Dormant_Achiever_Day_1_Scarcity_and_Impatience_T4","night","In-App","Dormant_Achiever_Day_1_Scarcity_and_Impatience_T5","night","In-App","Dormant_Achiever_Day_1_Scarcity_and_Impatience_T1","night","In-App","Dormant_Achiever_Day_1_Scarcity_and_Impatience_T2","early_morning","In-App","Dormant_Achiever_Day_1_Scarcity_and_Impatience_T3","early_morning","In-App","Dormant_Achiever_Day_1_Scarcity_and_Impatience_T4","mid_morning","In-App"
"USR_000798","0","Day 133","Inactive_Socialite_Day_1_Unpredictability_T1","night","Push","Inactive_Socialite_Day_1_Unpredictability_T2","night","Push","Inactive_Socialite_Day_1_Unpredictability_T3","night","Push","Inactive_Socialite_Day_1_Unpredictability_T4","night","In-App","Inactive_Socialite_Day_1_Unpredictability_T5","early_morning","In-App","Inactive_Socialite_Day_1_Unpredictability_T1","mid_morning","In-App","Inactive_Socialite_Day_1_Unpredictability_T2","mid_morning","In-App","Inactive_Socialite_Day_1_Unpredictability_T3","afternoon","In-App","Inactive_Socialite_Day_1_Unpredictability_T4","late_afternoon","In-App"
"USR_000799","3","Day 1","Inactive_Socialite_Day_1_Scarcity_and_Impatience_T1","afternoon","Push","Inactive_Socialite_Day_1_Scarcity_and_Impatience_T2","late_afternoon","Push","Inactive_Socialite_Day_1_Scarcity_and_Impatience_T3","evening","Push","Inactive_Socialite_Day_1_Scarcity_and_Impatience_T4","evening","In-App","Inactive_Socialite_Day_1_Scarcity_and_Impatience_T5","night","In-App","Inactive_Socialite_Day_1_Scarcity_and_Impatience_T1","night","In-App","Inactive_Socialite_Day_1_Scarcity_and_Impatience_T2","night","In-App","Inactive_Socialite_Day_1_Scarcity_and_Impatience_T3","night","In-App","Inactive_Socialite_Day_1_Scarcity_and_Impatience_T4","early_morning","In-App"
"USR_000800","2","Day 27","Paid_Social_Achiever_Week_4_Creativity_and_Feedback_T1","late_afternoon","Push","Paid_Social_Achiever_Week_4_Creativity_and_Feedback_T2","late_afternoon","Push","Paid_Social_Achiever_Week_4_Creativity_and_Feedback_T3","evening","Push","Paid_Social_Achiever_Week_4_Creativity_and_Feedback_T4","night","In-App","Paid_Social_Achiever_Week_4_Creativity_and_Feedback_T5","night","In-App","Paid_Social_Achiever_Week_4_Creativity_and_Feedback_T1","night","In-App","Paid_Social_Achiever_Week_4_Creativity_and_Feedback_T2","night","In-App","Paid_Social_Achiever_Week_4_Creativity_and_Feedback_T3","night","In-App","Paid_Social_Achiever_Week_4_Creativity_and_Feedback_T4","early_morning","In-App"
"USR_000801","4","Day 90","Dormant_Social_Day_1_Unpredictability_T1","afternoon","Push","Dormant_Social_Day_1_Unpredictability_T2","late_afternoon","Push","Dormant_Social_Day_1_Unpredictability_T3","evening","Push","Dormant_Social_Day_1_Unpredictability_T4","evening","In-App","Dormant_Social_Day_1_Unpredictability_T5","night","In-App","Dormant_Social_Day_1_Unpredictability_T1","night","In-App","Dormant_Social_Day_1_Unpredictability_T2","night","In-App","Dormant_Social_Day_1_Unpredictability_T3","night","In-App","Dormant_Social_Day_1_Unpredictability_T4","early_morning","In-App"
"USR_000802","1","Day 0","Inactive_Social_Learners_Day_1_Social_Influence_T1","night","Push","Inactive_Social_Learners_Day_1_Social_Influence_T2","night","Push","Inactive_Social_Learners_Day_1_Social_Influence_T3","night","Push","Inactive_Social_Learners_Day_1_Social_Influence_T4","night","In-App","Inactive_Social_Learners_Day_1_Social_Influence_T5","early_morning","In-App","Inactive_Social_Learners_Day_1_Social_Influence_T1","early_morning","In-App","Inactive_Social_Learners_Day_1_Social_Influence_T2","mid_morning","In-App","Inactive_Social_Learners_Day_1_Social_Influence_T3","afternoon","In-App","Inactive_Social_Learners_Day_1_Social_Influence_T4","afternoon","In-App"
"USR_000803","0","Day 164","Inactive_Socialite_Day_1_Unpredictability_T1","afternoon","Push","Inactive_Socialite_Day_1_Unpredictability_T2","afternoon","Push","Inactive_Socialite_Day_1_Unpredictability_T3","late_afternoon","Push","Inactive_Socialite_Day_1_Unpredictability_T4","evening","In-App","Inactive_Socialite_Day_1_Unpredictability_T5","evening","In-App","Inactive_Socialite_Day_1_Unpredictability_T1","night","In-App","Inactive_Socialite_Day_1_Unpredictability_T2","night","In-App","Inactive_Socialite_Day_1_Unpredictability_T3","night","In-App","Inactive_Socialite_Day_1_Unpredictability_T4","night","In-App"
"USR_000804","3","Day 6","Inactive_Socialite_Day_1_Scarcity_and_Impatience_T1","night","Push","Inactive_Socialite_Day_1_Scarcity_and_Impatience_T2","night","Push","Inactive_Socialite_Day_1_Scarcity_and_Impatience_T3","night","Push","Inactive_Socialite_Day_1_Scarcity_and_Impatience_T4","night","In-App","Inactive_Socialite_Day_1_Scarcity_and_Impatience_T5","night","In-App","Inactive_Socialite_Day_1_Scarcity_and_Impatience_T1","early_morning","In-App","Inactive_Socialite_Day_1_Scarcity_and_Impatience_T2","mid_morning","In-App","Inactive_Socialite_Day_1_Scarcity_and_Impatience_T3","mid_morning","In-App","Inactive_Socialite_Day_1_Scarcity_and_Impatience_T4","afternoon","In-App"
"USR_000805","3","Day 3","Inactive_Socialite_Day_1_Scarcity_and_Impatience_T1","afternoon","Push","Inactive_Socialite_Day_1_Scarcity_and_Impatience_T2","late_afternoon","Push","Inactive_Socialite_Day_1_Scarcity_and_Impatience_T3","evening","Push","Inactive_Socialite_Day_1_Scarcity_and_Impatience_T4","evening","In-App","Inactive_Socialite_Day_1_Scarcity_and_Impatience_T5","night","In-App","Inactive_Socialite_Day_1_Scarcity_and_Impatience_T1","night","In-App","Inactive_Socialite_Day_1_Scarcity_and_Impatience_T2","night","In-App","Inactive_Socialite_Day_1_Scarcity_and_Impatience_T3","night","In-App","Inactive_Socialite_Day_1_Scarcity_and_Impatience_T4","early_morning","In-App"
"USR_000806","1","Day 42","Inactive_Social_Learners_Day_1_Social_Influence_T1","late_afternoon","Push","Inactive_Social_Learners_Day_1_Social_Influence_T2","evening","Push","Inactive_Social_Learners_Day_1_Social_Influence_T3","evening","Push","Inactive_Social_Learners_Day_1_Social_Influence_T4","night","In-App","Inactive_Social_Learners_Day_1_Social_Influence_T5","night","In-App","Inactive_Social_Learners_Day_1_Social_Influence_T1","night","In-App","Inactive_Social_Learners_Day_1_Social_Influence_T2","night","In-App","Inactive_Social_Learners_Day_1_Social_Influence_T3","early_morning","In-App","Inactive_Social_Learners_Day_1_Social_Influence_T4","early_morning","In-App"
"USR_000807","0","Day 147","Inactive_Socialite_Day_1_Unpredictability_T1","late_afternoon","Push","Inactive_Socialite_Day_1_Unpredictability_T2","evening","Push","Inactive_Socialite_Day_1_Unpredictability_T3","night","Push","Inactive_Socialite_Day_1_Unpredictability_T4","night","In-App","Inactive_Socialite_Day_1_Unpredictability_T5","night","In-App","Inactive_Socialite_Day_1_Unpredictability_T1","night","In-App","Inactive_Socialite_Day_1_Unpredictability_T2","night","In-App","Inactive_Socialite_Day_1_Unpredictability_T3","early_morning","In-App","Inactive_Socialite_Day_1_Unpredictability_T4","mid_morning","In-App"
"USR_000808","4","Day 35","Dormant_Social_Day_1_Unpredictability_T1","afternoon","Push","Dormant_Social_Day_1_Unpredictability_T2","late_afternoon","Push","Dormant_Social_Day_1_Unpredictability_T3","evening","Push","Dormant_Social_Day_1_Unpredictability_T4","evening","In-App","Dormant_Social_Day_1_Unpredictability_T5","night","In-App","Dormant_Social_Day_1_Unpredictability_T1","night","In-App","Dormant_Social_Day_1_Unpredictability_T2","night","In-App","Dormant_Social_Day_1_Unpredictability_T3","night","In-App","Dormant_Social_Day_1_Unpredictability_T4","early_morning","In-App"
"USR_000809","2","Day 94","Paid_Social_Achiever_Week_4_Creativity_and_Feedback_T1","night","Push","Paid_Social_Achiever_Week_4_Creativity_and_Feedback_T2","night","Push","Paid_Social_Achiever_Week_4_Creativity_and_Feedback_T3","night","Push","Paid_Social_Achiever_Week_4_Creativity_and_Feedback_T4","night","In-App","Paid_Social_Achiever_Week_4_Creativity_and_Feedback_T5","night","In-App","Paid_Social_Achiever_Week_4_Creativity_and_Feedback_T1","early_morning","In-App","Paid_Social_Achiever_Week_4_Creativity_and_Feedback_T2","mid_morning","In-App","Paid_Social_Achiever_Week_4_Creativity_and_Feedback_T3","mid_morning","In-App","Paid_Social_Achiever_Week_4_Creativity_and_Feedback_T4","afternoon","In-App"
"USR_000810","2","Day 116","Paid_Social_Achiever_Week_4_Creativity_and_Feedback_T1","night","Push","Paid_Social_Achiever_Week_4_Creativity_and_Feedback_T2","night","Push","Paid_Social_Achiever_Week_4_Creativity_and_Feedback_T3","night","Push","Paid_Social_Achiever_Week_4_Creativity_and_Feedback_T4","night","In-App","Paid_Social_Achiever_Week_4_Creativity_and_Feedback_T5","early_morning","In-App","Paid_Social_Achiever_Week_4_Creativity_and_Feedback_T1","mid_morning","In-App","Paid_Social_Achiever_Week_4_Creativity_and_Feedback_T2","mid_morning","In-App","Paid_Social_Achiever_Week_4_Creativity_and_Feedback_T3","afternoon","In-App","Paid_Social_Achiever_Week_4_Creativity_and_Feedback_T4","late_afternoon","In-App"
"USR_000811","0","Day 111","Inactive_Socialite_Day_1_Unpredictability_T1","late_afternoon","Push","Inactive_Socialite_Day_1_Unpredictability_T2","evening","Push","Inactive_Socialite_Day_1_Unpredictability_T3","night","Push","Inactive_Socialite_Day_1_Unpredictability_T4","night","In-App","Inactive_Socialite_Day_1_Unpredictability_T5","night","In-App","Inactive_Socialite_Day_1_Unpredictability_T1","night","In-App","Inactive_Socialite_Day_1_Unpredictability_T2","night","In-App","Inactive_Socialite_Day_1_Unpredictability_T3","early_morning","In-App","Inactive_Socialite_Day_1_Unpredictability_T4","mid_morning","In-App"
"USR_000812","7","Day 65","Paid_Competitive_Week_4_Ownership_and_Possession_T1","evening","Push","Paid_Competitive_Week_4_Ownership_and_Possession_T2","evening","Push","Paid_Competitive_Week_4_Ownership_and_Possession_T3","night","Push","Paid_Competitive_Week_4_Ownership_and_Possession_T4","night","In-App","Paid_Competitive_Week_4_Ownership_and_Possession_T5","night","In-App","Paid_Competitive_Week_4_Ownership_and_Possession_T1","night","In-App","Paid_Competitive_Week_4_Ownership_and_Possession_T2","early_morning","In-App","Paid_Competitive_Week_4_Ownership_and_Possession_T3","early_morning","In-App","Paid_Competitive_Week_4_Ownership_and_Possession_T4","mid_morning","In-App"
"USR_000813","2","Day 25","Paid_Social_Achiever_Week_4_Creativity_and_Feedback_T1","early_morning","Push","Paid_Social_Achiever_Week_4_Creativity_and_Feedback_T2","mid_morning","Push","Paid_Social_Achiever_Week_4_Creativity_and_Feedback_T3","afternoon","Push","Paid_Social_Achiever_Week_4_Creativity_and_Feedback_T4","afternoon","In-App","Paid_Social_Achiever_Week_4_Creativity_and_Feedback_T5","late_afternoon","In-App","Paid_Social_Achiever_Week_4_Creativity_and_Feedback_T1","evening","In-App","Paid_Social_Achiever_Week_4_Creativity_and_Feedback_T2","evening","In-App","Paid_Social_Achiever_Week_4_Creativity_and_Feedback_T3","night","In-App","Paid_Social_Achiever_Week_4_Creativity_and_Feedback_T4","night","In-App"
"USR_000814","5","Day 6","Dormant_Achiever_Day_1_Scarcity_and_Impatience_T1","night","Push","Dormant_Achiever_Day_1_Scarcity_and_Impatience_T2","night","Push","Dormant_Achiever_Day_1_Scarcity_and_Impatience_T3","night","Push","Dormant_Achiever_Day_1_Scarcity_and_Impatience_T4","night","In-App","Dormant_Achiever_Day_1_Scarcity_and_Impatience_T5","night","In-App","Dormant_Achiever_Day_1_Scarcity_and_Impatience_T1","early_morning","In-App","Dormant_Achiever_Day_1_Scarcity_and_Impatience_T2","mid_morning","In-App","Dormant_Achiever_Day_1_Scarcity_and_Impatience_T3","mid_morning","In-App","Dormant_Achiever_Day_1_Scarcity_and_Impatience_T4","afternoon","In-App"
"USR_000815","6","Day 7","Dormant_Scholar_Day_1_Creativity_and_Feedback_T1","night","Push","Dormant_Scholar_Day_1_Creativity_and_Feedback_T2","night","Push","Dormant_Scholar_Day_1_Creativity_and_Feedback_T3","night","Push","Dormant_Scholar_Day_1_Creativity_and_Feedback_T4","night","In-App","Dormant_Scholar_Day_1_Creativity_and_Feedback_T5","night","In-App","Dormant_Scholar_Day_1_Creativity_and_Feedback_T1","early_morning","In-App","Dormant_Scholar_Day_1_Creativity_and_Feedback_T2","mid_morning","In-App","Dormant_Scholar_Day_1_Creativity_and_Feedback_T3","mid_morning","In-App","Dormant_Scholar_Day_1_Creativity_and_Feedback_T4","afternoon","In-App"
"USR_000816","5","Day 0","Dormant_Achiever_Day_1_Scarcity_and_Impatience_T1","night","Push","Dormant_Achiever_Day_1_Scarcity_and_Impatience_T2","night","Push","Dormant_Achiever_Day_1_Scarcity_and_Impatience_T3","night","Push","Dormant_Achiever_Day_1_Scarcity_and_Impatience_T4","night","In-App","Dormant_Achiever_Day_1_Scarcity_and_Impatience_T5","night","In-App","Dormant_Achiever_Day_1_Scarcity_and_Impatience_T1","early_morning","In-App","Dormant_Achiever_Day_1_Scarcity_and_Impatience_T2","mid_morning","In-App","Dormant_Achiever_Day_1_Scarcity_and_Impatience_T3","mid_morning","In-App","Dormant_Achiever_Day_1_Scarcity_and_Impatience_T4","afternoon","In-App"
"USR_000817","2","Day 69","Paid_Social_Achiever_Week_4_Creativity_and_Feedback_T1","night","Push","Paid_Social_Achiever_Week_4_Creativity_and_Feedback_T2","night","Push","Paid_Social_Achiever_Week_4_Creativity_and_Feedback_T3","night","Push","Paid_Social_Achiever_Week_4_Creativity_and_Feedback_T4","night","In-App","Paid_Social_Achiever_Week_4_Creativity_and_Feedback_T5","night","In-App","Paid_Social_Achiever_Week_4_Creativity_and_Feedback_T1","early_morning","In-App","Paid_Social_Achiever_Week_4_Creativity_and_Feedback_T2","mid_morning","In-App","Paid_Social_Achiever_Week_4_Creativity_and_Feedback_T3","mid_morning","In-App","Paid_Social_Achiever_Week_4_Creativity_and_Feedback_T4","afternoon","In-App"
"USR_000818","0","Day 178","Inactive_Socialite_Day_1_Unpredictability_T1","afternoon","Push","Inactive_Socialite_Day_1_Unpredictability_T2","late_afternoon","Push","Inactive_Socialite_Day_1_Unpredictability_T3","evening","Push","Inactive_Socialite_Day_1_Unpredictability_T4","evening","In-App","Inactive_Socialite_Day_1_Unpredictability_T5","night","In-App","Inactive_Socialite_Day_1_Unpredictability_T1","night","In-App","Inactive_Socialite_Day_1_Unpredictability_T2","night","In-App","Inactive_Socialite_Day_1_Unpredictability_T3","night","In-App","Inactive_Socialite_Day_1_Unpredictability_T4","early_morning","In-App"
"USR_000819","4","Day 92","Dormant_Social_Day_1_Unpredictability_T1","early_morning","Push","Dormant_Social_Day_1_Unpredictability_T2","early_morning","Push","Dormant_Social_Day_1_Unpredictability_T3","mid_morning","Push","Dormant_Social_Day_1_Unpredictability_T4","afternoon","In-App","Dormant_Social_Day_1_Unpredictability_T5","afternoon","In-App","Dormant_Social_Day_1_Unpredictability_T1","late_afternoon","In-App","Dormant_Social_Day_1_Unpredictability_T2","evening","In-App","Dormant_Social_Day_1_Unpredictability_T3","evening","In-App","Dormant_Social_Day_1_Unpredictability_T4","night","In-App"
"USR_000820","6","Day 5","Dormant_Scholar_Day_1_Creativity_and_Feedback_T1","afternoon","Push","Dormant_Scholar_Day_1_Creativity_and_Feedback_T2","late_afternoon","Push","Dormant_Scholar_Day_1_Creativity_and_Feedback_T3","late_afternoon","Push","Dormant_Scholar_Day_1_Creativity_and_Feedback_T4","evening","In-App","Dormant_Scholar_Day_1_Creativity_and_Feedback_T5","night","In-App","Dormant_Scholar_Day_1_Creativity_and_Feedback_T1","night","In-App","Dormant_Scholar_Day_1_Creativity_and_Feedback_T2","night","In-App","Dormant_Scholar_Day_1_Creativity_and_Feedback_T3","night","In-App","Dormant_Scholar_Day_1_Creativity_and_Feedback_T4","night","In-App"
"USR_000821","6","Day 3","Dormant_Scholar_Day_1_Creativity_and_Feedback_T1","early_morning","Push","Dormant_Scholar_Day_1_Creativity_and_Feedback_T2","early_morning","Push","Dormant_Scholar_Day_1_Creativity_and_Feedback_T3","mid_morning","Push","Dormant_Scholar_Day_1_Creativity_and_Feedback_T4","afternoon","In-App","Dormant_Scholar_Day_1_Creativity_and_Feedback_T5","afternoon","In-App","Dormant_Scholar_Day_1_Creativity_and_Feedback_T1","late_afternoon","In-App","Dormant_Scholar_Day_1_Creativity_and_Feedback_T2","evening","In-App","Dormant_Scholar_Day_1_Creativity_and_Feedback_T3","evening","In-App","Dormant_Scholar_Day_1_Creativity_and_Feedback_T4","night","In-App"
"USR_000822","4","Day 89","Dormant_Social_Day_1_Unpredictability_T1","early_morning","Push","Dormant_Social_Day_1_Unpredictability_T2","mid_morning","Push","Dormant_Social_Day_1_Unpredictability_T3","mid_morning","Push","Dormant_Social_Day_1_Unpredictability_T4","afternoon","In-App","Dormant_Social_Day_1_Unpredictability_T5","late_afternoon","In-App","Dormant_Social_Day_1_Unpredictability_T1","late_afternoon","In-App","Dormant_Social_Day_1_Unpredictability_T2","evening","In-App","Dormant_Social_Day_1_Unpredictability_T3","night","In-App","Dormant_Social_Day_1_Unpredictability_T4","night","In-App"
"USR_000823","0","Day 82","Inactive_Socialite_Day_1_Unpredictability_T1","night","Push","Inactive_Socialite_Day_1_Unpredictability_T2","night","Push","Inactive_Socialite_Day_1_Unpredictability_T3","night","Push","Inactive_Socialite_Day_1_Unpredictability_T4","night","In-App","Inactive_Socialite_Day_1_Unpredictability_T5","early_morning","In-App","Inactive_Socialite_Day_1_Unpredictability_T1","mid_morning","In-App","Inactive_Socialite_Day_1_Unpredictability_T2","mid_morning","In-App","Inactive_Socialite_Day_1_Unpredictability_T3","afternoon","In-App","Inactive_Socialite_Day_1_Unpredictability_T4","late_afternoon","In-App"
"USR_000824","0","Day 88","Inactive_Socialite_Day_1_Unpredictability_T1","night","Push","Inactive_Socialite_Day_1_Unpredictability_T2","night","Push","Inactive_Socialite_Day_1_Unpredictability_T3","night","Push","Inactive_Socialite_Day_1_Unpredictability_T4","night","In-App","Inactive_Socialite_Day_1_Unpredictability_T5","night","In-App","Inactive_Socialite_Day_1_Unpredictability_T1","early_morning","In-App","Inactive_Socialite_Day_1_Unpredictability_T2","mid_morning","In-App","Inactive_Socialite_Day_1_Unpredictability_T3","mid_morning","In-App","Inactive_Socialite_Day_1_Unpredictability_T4","afternoon","In-App"
"USR_000825","4","Day 86","Dormant_Social_Day_1_Unpredictability_T1","late_afternoon","Push","Dormant_Social_Day_1_Unpredictability_T2","late_afternoon","Push","Dormant_Social_Day_1_Unpredictability_T3","evening","Push","Dormant_Social_Day_1_Unpredictability_T4","night","In-App","Dormant_Social_Day_1_Unpredictability_T5","night","In-App","Dormant_Social_Day_1_Unpredictability_T1","night","In-App","Dormant_Social_Day_1_Unpredictability_T2","night","In-App","Dormant_Social_Day_1_Unpredictability_T3","night","In-App","Dormant_Social_Day_1_Unpredictability_T4","early_morning","In-App"
"USR_000826","6","Day 1","Dormant_Scholar_Day_1_Creativity_and_Feedback_T1","afternoon","Push","Dormant_Scholar_Day_1_Creativity_and_Feedback_T2","afternoon","Push","Dormant_Scholar_Day_1_Creativity_and_Feedback_T3","late_afternoon","Push","Dormant_Scholar_Day_1_Creativity_and_Feedback_T4","evening","In-App","Dormant_Scholar_Day_1_Creativity_and_Feedback_T5","evening","In-App","Dormant_Scholar_Day_1_Creativity_and_Feedback_T1","night","In-App","Dormant_Scholar_Day_1_Creativity_and_Feedback_T2","night","In-App","Dormant_Scholar_Day_1_Creativity_and_Feedback_T3","night","In-App","Dormant_Scholar_Day_1_Creativity_and_Feedback_T4","night","In-App"
"USR_000827","3","Day 1","Inactive_Socialite_Day_1_Scarcity_and_Impatience_T1","late_afternoon","Push","Inactive_Socialite_Day_1_Scarcity_and_Impatience_T2","late_afternoon","Push","Inactive_Socialite_Day_1_Scarcity_and_Impatience_T3","evening","Push","Inactive_Socialite_Day_1_Scarcity_and_Impatience_T4","night","In-App","Inactive_Socialite_Day_1_Scarcity_and_Impatience_T5","night","In-App","Inactive_Socialite_Day_1_Scarcity_and_Impatience_T1","night","In-App","Inactive_Socialite_Day_1_Scarcity_and_Impatience_T2","night","In-App","Inactive_Socialite_Day_1_Scarcity_and_Impatience_T3","night","In-App","Inactive_Socialite_Day_1_Scarcity_and_Impatience_T4","early_morning","In-App"
"USR_000828","0","Day 146","Inactive_Socialite_Day_1_Unpredictability_T1","late_afternoon","Push","Inactive_Socialite_Day_1_Unpredictability_T2","evening","Push","Inactive_Socialite_Day_1_Unpredictability_T3","evening","Push","Inactive_Socialite_Day_1_Unpredictability_T4","night","In-App","Inactive_Socialite_Day_1_Unpredictability_T5","night","In-App","Inactive_Socialite_Day_1_Unpredictability_T1","night","In-App","Inactive_Socialite_Day_1_Unpredictability_T2","night","In-App","Inactive_Socialite_Day_1_Unpredictability_T3","early_morning","In-App","Inactive_Socialite_Day_1_Unpredictability_T4","early_morning","In-App"
"USR_000829","4","Day 85","Dormant_Social_Day_1_Unpredictability_T1","evening","Push","Dormant_Social_Day_1_Unpredictability_T2","evening","Push","Dormant_Social_Day_1_Unpredictability_T3","night","Push","Dormant_Social_Day_1_Unpredictability_T4","night","In-App","Dormant_Social_Day_1_Unpredictability_T5","night","In-App","Dormant_Social_Day_1_Unpredictability_T1","night","In-App","Dormant_Social_Day_1_Unpredictability_T2","early_morning","In-App","Dormant_Social_Day_1_Unpredictability_T3","early_morning","In-App","Dormant_Social_Day_1_Unpredictability_T4","mid_morning","In-App"
"USR_000830","1","Day 7","Inactive_Social_Learners_Day_1_Social_Influence_T1","afternoon","Push","Inactive_Social_Learners_Day_1_Social_Influence_T2","late_afternoon","Push","Inactive_Social_Learners_Day_1_Social_Influence_T3","late_afternoon","Push","Inactive_Social_Learners_Day_1_Social_Influence_T4","evening","In-App","Inactive_Social_Learners_Day_1_Social_Influence_T5","night","In-App","Inactive_Social_Learners_Day_1_Social_Influence_T1","night","In-App","Inactive_Social_Learners_Day_1_Social_Influence_T2","night","In-App","Inactive_Social_Learners_Day_1_Social_Influence_T3","night","In-App","Inactive_Social_Learners_Day_1_Social_Influence_T4","night","In-App"
"USR_000831","6","Day 2","Dormant_Scholar_Day_1_Creativity_and_Feedback_T1","evening","Push","Dormant_Scholar_Day_1_Creativity_and_Feedback_T2","night","Push","Dormant_Scholar_Day_1_Creativity_and_Feedback_T3","night","Push","Dormant_Scholar_Day_1_Creativity_and_Feedback_T4","night","In-App","Dormant_Scholar_Day_1_Creativity_and_Feedback_T5","night","In-App","Dormant_Scholar_Day_1_Creativity_and_Feedback_T1","night","In-App","Dormant_Scholar_Day_1_Creativity_and_Feedback_T2","early_morning","In-App","Dormant_Scholar_Day_1_Creativity_and_Feedback_T3","mid_morning","In-App","Dormant_Scholar_Day_1_Creativity_and_Feedback_T4","mid_morning","In-App"
"USR_000832","4","Day 97","Dormant_Social_Day_1_Unpredictability_T1","afternoon","Push","Dormant_Social_Day_1_Unpredictability_T2","late_afternoon","Push","Dormant_Social_Day_1_Unpredictability_T3","evening","Push","Dormant_Social_Day_1_Unpredictability_T4","evening","In-App","Dormant_Social_Day_1_Unpredictability_T5","night","In-App","Dormant_Social_Day_1_Unpredictability_T1","night","In-App","Dormant_Social_Day_1_Unpredictability_T2","night","In-App","Dormant_Social_Day_1_Unpredictability_T3","night","In-App","Dormant_Social_Day_1_Unpredictability_T4","early_morning","In-App"
"USR_000833","4","Day 44","Dormant_Social_Day_1_Unpredictability_T1","afternoon","Push","Dormant_Social_Day_1_Unpredictability_T2","late_afternoon","Push","Dormant_Social_Day_1_Unpredictability_T3","evening","Push","Dormant_Social_Day_1_Unpredictability_T4","evening","In-App","Dormant_Social_Day_1_Unpredictability_T5","night","In-App","Dormant_Social_Day_1_Unpredictability_T1","night","In-App","Dormant_Social_Day_1_Unpredictability_T2","night","In-App","Dormant_Social_Day_1_Unpredictability_T3","night","In-App","Dormant_Social_Day_1_Unpredictability_T4","early_morning","In-App"
"USR_000834","0","Day 127","Inactive_Socialite_Day_1_Unpredictability_T1","late_afternoon","Push","Inactive_Socialite_Day_1_Unpredictability_T2","late_afternoon","Push","Inactive_Socialite_Day_1_Unpredictability_T3","evening","Push","Inactive_Socialite_Day_1_Unpredictability_T4","night","In-App","Inactive_Socialite_Day_1_Unpredictability_T5","night","In-App","Inactive_Socialite_Day_1_Unpredictability_T1","night","In-App","Inactive_Socialite_Day_1_Unpredictability_T2","night","In-App","Inactive_Socialite_Day_1_Unpredictability_T3","night","In-App","Inactive_Socialite_Day_1_Unpredictability_T4","early_morning","In-App"
"USR_000835","4","Day 19","Dormant_Social_Day_1_Unpredictability_T1","early_morning","Push","Dormant_Social_Day_1_Unpredictability_T2","mid_morning","Push","Dormant_Social_Day_1_Unpredictability_T3","mid_morning","Push","Dormant_Social_Day_1_Unpredictability_T4","afternoon","In-App","Dormant_Social_Day_1_Unpredictability_T5","late_afternoon","In-App","Dormant_Social_Day_1_Unpredictability_T1","late_afternoon","In-App","Dormant_Social_Day_1_Unpredictability_T2","evening","In-App","Dormant_Social_Day_1_Unpredictability_T3","night","In-App","Dormant_Social_Day_1_Unpredictability_T4","night","In-App"
"USR_000836","5","Day 1","Dormant_Achiever_Day_1_Scarcity_and_Impatience_T1","late_afternoon","Push","Dormant_Achiever_Day_1_Scarcity_and_Impatience_T2","evening","Push","Dormant_Achiever_Day_1_Scarcity_and_Impatience_T3","night","Push","Dormant_Achiever_Day_1_Scarcity_and_Impatience_T4","night","In-App","Dormant_Achiever_Day_1_Scarcity_and_Impatience_T5","night","In-App","Dormant_Achiever_Day_1_Scarcity_and_Impatience_T1","night","In-App","Dormant_Achiever_Day_1_Scarcity_and_Impatience_T2","night","In-App","Dormant_Achiever_Day_1_Scarcity_and_Impatience_T3","early_morning","In-App","Dormant_Achiever_Day_1_Scarcity_and_Impatience_T4","mid_morning","In-App"
"USR_000837","5","Day 4","Dormant_Achiever_Day_1_Scarcity_and_Impatience_T1","night","Push","Dormant_Achiever_Day_1_Scarcity_and_Impatience_T2","night","Push","Dormant_Achiever_Day_1_Scarcity_and_Impatience_T3","night","Push","Dormant_Achiever_Day_1_Scarcity_and_Impatience_T4","night","In-App","Dormant_Achiever_Day_1_Scarcity_and_Impatience_T5","night","In-App","Dormant_Achiever_Day_1_Scarcity_and_Impatience_T1","early_morning","In-App","Dormant_Achiever_Day_1_Scarcity_and_Impatience_T2","mid_morning","In-App","Dormant_Achiever_Day_1_Scarcity_and_Impatience_T3","mid_morning","In-App","Dormant_Achiever_Day_1_Scarcity_and_Impatience_T4","afternoon","In-App"
"USR_000838","4","Day 37","Dormant_Social_Day_1_Unpredictability_T1","night","Push","Dormant_Social_Day_1_Unpredictability_T2","night","Push","Dormant_Social_Day_1_Unpredictability_T3","night","Push","Dormant_Social_Day_1_Unpredictability_T4","night","In-App","Dormant_Social_Day_1_Unpredictability_T5","night","In-App","Dormant_Social_Day_1_Unpredictability_T1","early_morning","In-App","Dormant_Social_Day_1_Unpredictability_T2","mid_morning","In-App","Dormant_Social_Day_1_Unpredictability_T3","mid_morning","In-App","Dormant_Social_Day_1_Unpredictability_T4","afternoon","In-App"
"USR_000839","6","Day 14","Dormant_Scholar_Day_1_Creativity_and_Feedback_T1","evening","Push","Dormant_Scholar_Day_1_Creativity_and_Feedback_T2","night","Push","Dormant_Scholar_Day_1_Creativity_and_Feedback_T3","night","Push","Dormant_Scholar_Day_1_Creativity_and_Feedback_T4","night","In-App","Dormant_Scholar_Day_1_Creativity_and_Feedback_T5","night","In-App","Dormant_Scholar_Day_1_Creativity_and_Feedback_T1","early_morning","In-App","Dormant_Scholar_Day_1_Creativity_and_Feedback_T2","early_morning","In-App","Dormant_Scholar_Day_1_Creativity_and_Feedback_T3","mid_morning","In-App","Dormant_Scholar_Day_1_Creativity_and_Feedback_T4","afternoon","In-App"
"USR_000840","6","Day 80","Dormant_Scholar_Day_1_Creativity_and_Feedback_T1","late_afternoon","Push","Dormant_Scholar_Day_1_Creativity_and_Feedback_T2","evening","Push","Dormant_Scholar_Day_1_Creativity_and_Feedback_T3","evening","Push","Dormant_Scholar_Day_1_Creativity_and_Feedback_T4","night","In-App","Dormant_Scholar_Day_1_Creativity_and_Feedback_T5","night","In-App","Dormant_Scholar_Day_1_Creativity_and_Feedback_T1","night","In-App","Dormant_Scholar_Day_1_Creativity_and_Feedback_T2","night","In-App","Dormant_Scholar_Day_1_Creativity_and_Feedback_T3","early_morning","In-App","Dormant_Scholar_Day_1_Creativity_and_Feedback_T4","early_morning","In-App"
"USR_000841","0","Day 145","Inactive_Socialite_Day_1_Unpredictability_T1","evening","Push","Inactive_Socialite_Day_1_Unpredictability_T2","night","Push","Inactive_Socialite_Day_1_Unpredictability_T3","night","Push","Inactive_Socialite_Day_1_Unpredictability_T4","night","In-App","Inactive_Socialite_Day_1_Unpredictability_T5","night","In-App","Inactive_Socialite_Day_1_Unpredictability_T1","night","In-App","Inactive_Socialite_Day_1_Unpredictability_T2","early_morning","In-App","Inactive_Socialite_Day_1_Unpredictability_T3","mid_morning","In-App","Inactive_Socialite_Day_1_Unpredictability_T4","mid_morning","In-App"
"USR_000842","4","Day 63","Dormant_Social_Day_1_Unpredictability_T1","late_afternoon","Push","Dormant_Social_Day_1_Unpredictability_T2","evening","Push","Dormant_Social_Day_1_Unpredictability_T3","evening","Push","Dormant_Social_Day_1_Unpredictability_T4","night","In-App","Dormant_Social_Day_1_Unpredictability_T5","night","In-App","Dormant_Social_Day_1_Unpredictability_T1","night","In-App","Dormant_Social_Day_1_Unpredictability_T2","night","In-App","Dormant_Social_Day_1_Unpredictability_T3","early_morning","In-App","Dormant_Social_Day_1_Unpredictability_T4","early_morning","In-App"
"USR_000843","0","Day 177","Inactive_Socialite_Day_1_Unpredictability_T1","evening","Push","Inactive_Socialite_Day_1_Unpredictability_T2","evening","Push","Inactive_Socialite_Day_1_Unpredictability_T3","night","Push","Inactive_Socialite_Day_1_Unpredictability_T4","night","In-App","Inactive_Socialite_Day_1_Unpredictability_T5","night","In-App","Inactive_Socialite_Day_1_Unpredictability_T1","night","In-App","Inactive_Socialite_Day_1_Unpredictability_T2","early_morning","In-App","Inactive_Socialite_Day_1_Unpredictability_T3","early_morning","In-App","Inactive_Socialite_Day_1_Unpredictability_T4","mid_morning","In-App"
"USR_000844","5","Day 3","Dormant_Achiever_Day_1_Scarcity_and_Impatience_T1","night","Push","Dormant_Achiever_Day_1_Scarcity_and_Impatience_T2","night","Push","Dormant_Achiever_Day_1_Scarcity_and_Impatience_T3","night","Push","Dormant_Achiever_Day_1_Scarcity_and_Impatience_T4","night","In-App","Dormant_Achiever_Day_1_Scarcity_and_Impatience_T5","early_morning","In-App","Dormant_Achiever_Day_1_Scarcity_and_Impatience_T1","early_morning","In-App","Dormant_Achiever_Day_1_Scarcity_and_Impatience_T2","mid_morning","In-App","Dormant_Achiever_Day_1_Scarcity_and_Impatience_T3","afternoon","In-App","Dormant_Achiever_Day_1_Scarcity_and_Impatience_T4","afternoon","In-App"
"USR_000845","0","Day 83","Inactive_Socialite_Day_1_Unpredictability_T1","mid_morning","Push","Inactive_Socialite_Day_1_Unpredictability_T2","mid_morning","Push","Inactive_Socialite_Day_1_Unpredictability_T3","afternoon","Push","Inactive_Socialite_Day_1_Unpredictability_T4","late_afternoon","In-App","Inactive_Socialite_Day_1_Unpredictability_T5","late_afternoon","In-App","Inactive_Socialite_Day_1_Unpredictability_T1","evening","In-App","Inactive_Socialite_Day_1_Unpredictability_T2","night","In-App","Inactive_Socialite_Day_1_Unpredictability_T3","night","In-App","Inactive_Socialite_Day_1_Unpredictability_T4","night","In-App"
"USR_000846","2","Day 70","Paid_Social_Achiever_Week_4_Creativity_and_Feedback_T1","evening","Push","Paid_Social_Achiever_Week_4_Creativity_and_Feedback_T2","evening","Push","Paid_Social_Achiever_Week_4_Creativity_and_Feedback_T3","night","Push","Paid_Social_Achiever_Week_4_Creativity_and_Feedback_T4","night","In-App","Paid_Social_Achiever_Week_4_Creativity_and_Feedback_T5","night","In-App","Paid_Social_Achiever_Week_4_Creativity_and_Feedback_T1","night","In-App","Paid_Social_Achiever_Week_4_Creativity_and_Feedback_T2","early_morning","In-App","Paid_Social_Achiever_Week_4_Creativity_and_Feedback_T3","early_morning","In-App","Paid_Social_Achiever_Week_4_Creativity_and_Feedback_T4","mid_morning","In-App"
"USR_000847","3","Day 1","Inactive_Socialite_Day_1_Scarcity_and_Impatience_T1","early_morning","Push","Inactive_Socialite_Day_1_Scarcity_and_Impatience_T2","early_morning","Push","Inactive_Socialite_Day_1_Scarcity_and_Impatience_T3","mid_morning","Push","Inactive_Socialite_Day_1_Scarcity_and_Impatience_T4","afternoon","In-App","Inactive_Socialite_Day_1_Scarcity_and_Impatience_T5","afternoon","In-App","Inactive_Socialite_Day_1_Scarcity_and_Impatience_T1","late_afternoon","In-App","Inactive_Socialite_Day_1_Scarcity_and_Impatience_T2","evening","In-App","Inactive_Socialite_Day_1_Scarcity_and_Impatience_T3","evening","In-App","Inactive_Socialite_Day_1_Scarcity_and_Impatience_T4","night","In-App"
"USR_000848","4","Day 55","Dormant_Social_Day_1_Unpredictability_T1","mid_morning","Push","Dormant_Social_Day_1_Unpredictability_T2","mid_morning","Push","Dormant_Social_Day_1_Unpredictability_T3","afternoon","Push","Dormant_Social_Day_1_Unpredictability_T4","late_afternoon","In-App","Dormant_Social_Day_1_Unpredictability_T5","late_afternoon","In-App","Dormant_Social_Day_1_Unpredictability_T1","evening","In-App","Dormant_Social_Day_1_Unpredictability_T2","night","In-App","Dormant_Social_Day_1_Unpredictability_T3","night","In-App","Dormant_Social_Day_1_Unpredictability_T4","night","In-App"
"USR_000849","4","Day 67","Dormant_Social_Day_1_Unpredictability_T1","afternoon","Push","Dormant_Social_Day_1_Unpredictability_T2","late_afternoon","Push","Dormant_Social_Day_1_Unpredictability_T3","evening","Push","Dormant_Social_Day_1_Unpredictability_T4","evening","In-App","Dormant_Social_Day_1_Unpredictability_T5","night","In-App","Dormant_Social_Day_1_Unpredictability_T1","night","In-App","Dormant_Social_Day_1_Unpredictability_T2","night","In-App","Dormant_Social_Day_1_Unpredictability_T3","night","In-App","Dormant_Social_Day_1_Unpredictability_T4","early_morning","In-App"
"USR_000850","6","Day 5","Dormant_Scholar_Day_1_Creativity_and_Feedback_T1","evening","Push","Dormant_Scholar_Day_1_Creativity_and_Feedback_T2","night","Push","Dormant_Scholar_Day_1_Creativity_and_Feedback_T3","night","Push","Dormant_Scholar_Day_1_Creativity_and_Feedback_T4","night","In-App","Dormant_Scholar_Day_1_Creativity_and_Feedback_T5","night","In-App","Dormant_Scholar_Day_1_Creativity_and_Feedback_T1","early_morning","In-App","Dormant_Scholar_Day_1_Creativity_and_Feedback_T2","early_morning","In-App","Dormant_Scholar_Day_1_Creativity_and_Feedback_T3","mid_morning","In-App","Dormant_Scholar_Day_1_Creativity_and_Feedback_T4","afternoon","In-App"
"USR_000851","7","Day 29","Paid_Competitive_Week_4_Ownership_and_Possession_T1","night","Push","Paid_Competitive_Week_4_Ownership_and_Possession_T2","night","Push","Paid_Competitive_Week_4_Ownership_and_Possession_T3","night","Push","Paid_Competitive_Week_4_Ownership_and_Possession_T4","night","In-App","Paid_Competitive_Week_4_Ownership_and_Possession_T5","night","In-App","Paid_Competitive_Week_4_Ownership_and_Possession_T1","early_morning","In-App","Paid_Competitive_Week_4_Ownership_and_Possession_T2","mid_morning","In-App","Paid_Competitive_Week_4_Ownership_and_Possession_T3","mid_morning","In-App","Paid_Competitive_Week_4_Ownership_and_Possession_T4","afternoon","In-App"
"USR_000852","4","Day 74","Dormant_Social_Day_1_Unpredictability_T1","afternoon","Push","Dormant_Social_Day_1_Unpredictability_T2","late_afternoon","Push","Dormant_Social_Day_1_Unpredictability_T3","evening","Push","Dormant_Social_Day_1_Unpredictability_T4","evening","In-App","Dormant_Social_Day_1_Unpredictability_T5","night","In-App","Dormant_Social_Day_1_Unpredictability_T1","night","In-App","Dormant_Social_Day_1_Unpredictability_T2","night","In-App","Dormant_Social_Day_1_Unpredictability_T3","night","In-App","Dormant_Social_Day_1_Unpredictability_T4","early_morning","In-App"
"USR_000853","3","Day 2","Inactive_Socialite_Day_1_Scarcity_and_Impatience_T1","afternoon","Push","Inactive_Socialite_Day_1_Scarcity_and_Impatience_T2","late_afternoon","Push","Inactive_Socialite_Day_1_Scarcity_and_Impatience_T3","evening","Push","Inactive_Socialite_Day_1_Scarcity_and_Impatience_T4","evening","In-App","Inactive_Socialite_Day_1_Scarcity_and_Impatience_T5","night","In-App","Inactive_Socialite_Day_1_Scarcity_and_Impatience_T1","night","In-App","Inactive_Socialite_Day_1_Scarcity_and_Impatience_T2","night","In-App","Inactive_Socialite_Day_1_Scarcity_and_Impatience_T3","night","In-App","Inactive_Socialite_Day_1_Scarcity_and_Impatience_T4","early_morning","In-App"
"USR_000854","0","Day 162","Inactive_Socialite_Day_1_Unpredictability_T1","night","Push","Inactive_Socialite_Day_1_Unpredictability_T2","night","Push","Inactive_Socialite_Day_1_Unpredictability_T3","night","Push","Inactive_Socialite_Day_1_Unpredictability_T4","night","In-App","Inactive_Socialite_Day_1_Unpredictability_T5","night","In-App","Inactive_Socialite_Day_1_Unpredictability_T1","early_morning","In-App","Inactive_Socialite_Day_1_Unpredictability_T2","mid_morning","In-App","Inactive_Socialite_Day_1_Unpredictability_T3","mid_morning","In-App","Inactive_Socialite_Day_1_Unpredictability_T4","afternoon","In-App"
"USR_000855","1","Day 9","Inactive_Social_Learners_Day_1_Social_Influence_T1","mid_morning","Push","Inactive_Social_Learners_Day_1_Social_Influence_T2","afternoon","Push","Inactive_Social_Learners_Day_1_Social_Influence_T3","afternoon","Push","Inactive_Social_Learners_Day_1_Social_Influence_T4","late_afternoon","In-App","Inactive_Social_Learners_Day_1_Social_Influence_T5","evening","In-App","Inactive_Social_Learners_Day_1_Social_Influence_T1","evening","In-App","Inactive_Social_Learners_Day_1_Social_Influence_T2","night","In-App","Inactive_Social_Learners_Day_1_Social_Influence_T3","night","In-App","Inactive_Social_Learners_Day_1_Social_Influence_T4","night","In-App"
"USR_000856","4","Day 70","Dormant_Social_Day_1_Unpredictability_T1","evening","Push","Dormant_Social_Day_1_Unpredictability_T2","night","Push","Dormant_Social_Day_1_Unpredictability_T3","night","Push","Dormant_Social_Day_1_Unpredictability_T4","night","In-App","Dormant_Social_Day_1_Unpredictability_T5","night","In-App","Dormant_Social_Day_1_Unpredictability_T1","early_morning","In-App","Dormant_Social_Day_1_Unpredictability_T2","early_morning","In-App","Dormant_Social_Day_1_Unpredictability_T3","mid_morning","In-App","Dormant_Social_Day_1_Unpredictability_T4","afternoon","In-App"
"USR_000857","7","Day 105","Paid_Competitive_Week_4_Ownership_and_Possession_T1","evening","Push","Paid_Competitive_Week_4_Ownership_and_Possession_T2","evening","Push","Paid_Competitive_Week_4_Ownership_and_Possession_T3","night","Push","Paid_Competitive_Week_4_Ownership_and_Possession_T4","night","In-App","Paid_Competitive_Week_4_Ownership_and_Possession_T5","night","In-App","Paid_Competitive_Week_4_Ownership_and_Possession_T1","night","In-App","Paid_Competitive_Week_4_Ownership_and_Possession_T2","early_morning","In-App","Paid_Competitive_Week_4_Ownership_and_Possession_T3","early_morning","In-App","Paid_Competitive_Week_4_Ownership_and_Possession_T4","mid_morning","In-App"
"USR_000858","4","Day 24","Dormant_Social_Day_1_Unpredictability_T1","evening","Push","Dormant_Social_Day_1_Unpredictability_T2","night","Push","Dormant_Social_Day_1_Unpredictability_T3","night","Push","Dormant_Social_Day_1_Unpredictability_T4","night","In-App","Dormant_Social_Day_1_Unpredictability_T5","night","In-App","Dormant_Social_Day_1_Unpredictability_T1","early_morning","In-App","Dormant_Social_Day_1_Unpredictability_T2","early_morning","In-App","Dormant_Social_Day_1_Unpredictability_T3","mid_morning","In-App","Dormant_Social_Day_1_Unpredictability_T4","afternoon","In-App"
"USR_000859","4","Day 68","Dormant_Social_Day_1_Unpredictability_T1","early_morning","Push","Dormant_Social_Day_1_Unpredictability_T2","mid_morning","Push","Dormant_Social_Day_1_Unpredictability_T3","afternoon","Push","Dormant_Social_Day_1_Unpredictability_T4","afternoon","In-App","Dormant_Social_Day_1_Unpredictability_T5","late_afternoon","In-App","Dormant_Social_Day_1_Unpredictability_T1","evening","In-App","Dormant_Social_Day_1_Unpredictability_T2","evening","In-App","Dormant_Social_Day_1_Unpredictability_T3","night","In-App","Dormant_Social_Day_1_Unpredictability_T4","night","In-App"
"USR_000860","6","Day 2","Dormant_Scholar_Day_1_Creativity_and_Feedback_T1","late_afternoon","Push","Dormant_Scholar_Day_1_Creativity_and_Feedback_T2","late_afternoon","Push","Dormant_Scholar_Day_1_Creativity_and_Feedback_T3","evening","Push","Dormant_Scholar_Day_1_Creativity_and_Feedback_T4","night","In-App","Dormant_Scholar_Day_1_Creativity_and_Feedback_T5","night","In-App","Dormant_Scholar_Day_1_Creativity_and_Feedback_T1","night","In-App","Dormant_Scholar_Day_1_Creativity_and_Feedback_T2","night","In-App","Dormant_Scholar_Day_1_Creativity_and_Feedback_T3","night","In-App","Dormant_Scholar_Day_1_Creativity_and_Feedback_T4","early_morning","In-App"
"USR_000861","4","Day 52","Dormant_Social_Day_1_Unpredictability_T1","early_morning","Push","Dormant_Social_Day_1_Unpredictability_T2","mid_morning","Push","Dormant_Social_Day_1_Unpredictability_T3","mid_morning","Push","Dormant_Social_Day_1_Unpredictability_T4","afternoon","In-App","Dormant_Social_Day_1_Unpredictability_T5","late_afternoon","In-App","Dormant_Social_Day_1_Unpredictability_T1","late_afternoon","In-App","Dormant_Social_Day_1_Unpredictability_T2","evening","In-App","Dormant_Social_Day_1_Unpredictability_T3","night","In-App","Dormant_Social_Day_1_Unpredictability_T4","night","In-App"
"USR_000862","2","Day 39","Paid_Social_Achiever_Week_4_Creativity_and_Feedback_T1","night","Push","Paid_Social_Achiever_Week_4_Creativity_and_Feedback_T2","night","Push","Paid_Social_Achiever_Week_4_Creativity_and_Feedback_T3","night","Push","Paid_Social_Achiever_Week_4_Creativity_and_Feedback_T4","night","In-App","Paid_Social_Achiever_Week_4_Creativity_and_Feedback_T5","early_morning","In-App","Paid_Social_Achiever_Week_4_Creativity_and_Feedback_T1","mid_morning","In-App","Paid_Social_Achiever_Week_4_Creativity_and_Feedback_T2","mid_morning","In-App","Paid_Social_Achiever_Week_4_Creativity_and_Feedback_T3","afternoon","In-App","Paid_Social_Achiever_Week_4_Creativity_and_Feedback_T4","late_afternoon","In-App"
"USR_000863","0","Day 82","Inactive_Socialite_Day_1_Unpredictability_T1","evening","Push","Inactive_Socialite_Day_1_Unpredictability_T2","evening","Push","Inactive_Socialite_Day_1_Unpredictability_T3","night","Push","Inactive_Socialite_Day_1_Unpredictability_T4","night","In-App","Inactive_Socialite_Day_1_Unpredictability_T5","night","In-App","Inactive_Socialite_Day_1_Unpredictability_T1","night","In-App","Inactive_Socialite_Day_1_Unpredictability_T2","early_morning","In-App","Inactive_Socialite_Day_1_Unpredictability_T3","early_morning","In-App","Inactive_Socialite_Day_1_Unpredictability_T4","mid_morning","In-App"
"USR_000864","2","Day 86","Paid_Social_Achiever_Week_4_Creativity_and_Feedback_T1","afternoon","Push","Paid_Social_Achiever_Week_4_Creativity_and_Feedback_T2","afternoon","Push","Paid_Social_Achiever_Week_4_Creativity_and_Feedback_T3","late_afternoon","Push","Paid_Social_Achiever_Week_4_Creativity_and_Feedback_T4","evening","In-App","Paid_Social_Achiever_Week_4_Creativity_and_Feedback_T5","evening","In-App","Paid_Social_Achiever_Week_4_Creativity_and_Feedback_T1","night","In-App","Paid_Social_Achiever_Week_4_Creativity_and_Feedback_T2","night","In-App","Paid_Social_Achiever_Week_4_Creativity_and_Feedback_T3","night","In-App","Paid_Social_Achiever_Week_4_Creativity_and_Feedback_T4","night","In-App"
"USR_000865","7","Day 118","Paid_Competitive_Week_4_Ownership_and_Possession_T1","late_afternoon","Push","Paid_Competitive_Week_4_Ownership_and_Possession_T2","evening","Push","Paid_Competitive_Week_4_Ownership_and_Possession_T3","night","Push","Paid_Competitive_Week_4_Ownership_and_Possession_T4","night","In-App","Paid_Competitive_Week_4_Ownership_and_Possession_T5","night","In-App","Paid_Competitive_Week_4_Ownership_and_Possession_T1","night","In-App","Paid_Competitive_Week_4_Ownership_and_Possession_T2","night","In-App","Paid_Competitive_Week_4_Ownership_and_Possession_T3","early_morning","In-App","Paid_Competitive_Week_4_Ownership_and_Possession_T4","mid_morning","In-App"
"USR_000866","2","Day 43","Paid_Social_Achiever_Week_4_Creativity_and_Feedback_T1","afternoon","Push","Paid_Social_Achiever_Week_4_Creativity_and_Feedback_T2","late_afternoon","Push","Paid_Social_Achiever_Week_4_Creativity_and_Feedback_T3","evening","Push","Paid_Social_Achiever_Week_4_Creativity_and_Feedback_T4","evening","In-App","Paid_Social_Achiever_Week_4_Creativity_and_Feedback_T5","night","In-App","Paid_Social_Achiever_Week_4_Creativity_and_Feedback_T1","night","In-App","Paid_Social_Achiever_Week_4_Creativity_and_Feedback_T2","night","In-App","Paid_Social_Achiever_Week_4_Creativity_and_Feedback_T3","night","In-App","Paid_Social_Achiever_Week_4_Creativity_and_Feedback_T4","early_morning","In-App"
"USR_000867","7","Day 42","Paid_Competitive_Week_4_Ownership_and_Possession_T1","night","Push","Paid_Competitive_Week_4_Ownership_and_Possession_T2","night","Push","Paid_Competitive_Week_4_Ownership_and_Possession_T3","night","Push","Paid_Competitive_Week_4_Ownership_and_Possession_T4","night","In-App","Paid_Competitive_Week_4_Ownership_and_Possession_T5","early_morning","In-App","Paid_Competitive_Week_4_Ownership_and_Possession_T1","mid_morning","In-App","Paid_Competitive_Week_4_Ownership_and_Possession_T2","mid_morning","In-App","Paid_Competitive_Week_4_Ownership_and_Possession_T3","afternoon","In-App","Paid_Competitive_Week_4_Ownership_and_Possession_T4","late_afternoon","In-App"
"USR_000868","2","Day 54","Paid_Social_Achiever_Week_4_Creativity_and_Feedback_T1","evening","Push","Paid_Social_Achiever_Week_4_Creativity_and_Feedback_T2","evening","Push","Paid_Social_Achiever_Week_4_Creativity_and_Feedback_T3","night","Push","Paid_Social_Achiever_Week_4_Creativity_and_Feedback_T4","night","In-App","Paid_Social_Achiever_Week_4_Creativity_and_Feedback_T5","night","In-App","Paid_Social_Achiever_Week_4_Creativity_and_Feedback_T1","night","In-App","Paid_Social_Achiever_Week_4_Creativity_and_Feedback_T2","early_morning","In-App","Paid_Social_Achiever_Week_4_Creativity_and_Feedback_T3","early_morning","In-App","Paid_Social_Achiever_Week_4_Creativity_and_Feedback_T4","mid_morning","In-App"
"USR_000869","4","Day 36","Dormant_Social_Day_1_Unpredictability_T1","late_afternoon","Push","Dormant_Social_Day_1_Unpredictability_T2","evening","Push","Dormant_Social_Day_1_Unpredictability_T3","evening","Push","Dormant_Social_Day_1_Unpredictability_T4","night","In-App","Dormant_Social_Day_1_Unpredictability_T5","night","In-App","Dormant_Social_Day_1_Unpredictability_T1","night","In-App","Dormant_Social_Day_1_Unpredictability_T2","night","In-App","Dormant_Social_Day_1_Unpredictability_T3","early_morning","In-App","Dormant_Social_Day_1_Unpredictability_T4","early_morning","In-App"
"USR_000870","0","Day 93","Inactive_Socialite_Day_1_Unpredictability_T1","evening","Push","Inactive_Socialite_Day_1_Unpredictability_T2","night","Push","Inactive_Socialite_Day_1_Unpredictability_T3","night","Push","Inactive_Socialite_Day_1_Unpredictability_T4","night","In-App","Inactive_Socialite_Day_1_Unpredictability_T5","night","In-App","Inactive_Socialite_Day_1_Unpredictability_T1","night","In-App","Inactive_Socialite_Day_1_Unpredictability_T2","early_morning","In-App","Inactive_Socialite_Day_1_Unpredictability_T3","mid_morning","In-App","Inactive_Socialite_Day_1_Unpredictability_T4","mid_morning","In-App"
"USR_000871","5","Day 2","Dormant_Achiever_Day_1_Scarcity_and_Impatience_T1","evening","Push","Dormant_Achiever_Day_1_Scarcity_and_Impatience_T2","night","Push","Dormant_Achiever_Day_1_Scarcity_and_Impatience_T3","night","Push","Dormant_Achiever_Day_1_Scarcity_and_Impatience_T4","night","In-App","Dormant_Achiever_Day_1_Scarcity_and_Impatience_T5","night","In-App","Dormant_Achiever_Day_1_Scarcity_and_Impatience_T1","early_morning","In-App","Dormant_Achiever_Day_1_Scarcity_and_Impatience_T2","early_morning","In-App","Dormant_Achiever_Day_1_Scarcity_and_Impatience_T3","mid_morning","In-App","Dormant_Achiever_Day_1_Scarcity_and_Impatience_T4","afternoon","In-App"
"USR_000872","2","Day 31","Paid_Social_Achiever_Week_4_Creativity_and_Feedback_T1","afternoon","Push","Paid_Social_Achiever_Week_4_Creativity_and_Feedback_T2","late_afternoon","Push","Paid_Social_Achiever_Week_4_Creativity_and_Feedback_T3","late_afternoon","Push","Paid_Social_Achiever_Week_4_Creativity_and_Feedback_T4","evening","In-App","Paid_Social_Achiever_Week_4_Creativity_and_Feedback_T5","night","In-App","Paid_Social_Achiever_Week_4_Creativity_and_Feedback_T1","night","In-App","Paid_Social_Achiever_Week_4_Creativity_and_Feedback_T2","night","In-App","Paid_Social_Achiever_Week_4_Creativity_and_Feedback_T3","night","In-App","Paid_Social_Achiever_Week_4_Creativity_and_Feedback_T4","night","In-App"
"USR_000873","1","Day 4","Inactive_Social_Learners_Day_1_Social_Influence_T1","night","Push","Inactive_Social_Learners_Day_1_Social_Influence_T2","night","Push","Inactive_Social_Learners_Day_1_Social_Influence_T3","night","Push","Inactive_Social_Learners_Day_1_Social_Influence_T4","night","In-App","Inactive_Social_Learners_Day_1_Social_Influence_T5","early_morning","In-App","Inactive_Social_Learners_Day_1_Social_Influence_T1","early_morning","In-App","Inactive_Social_Learners_Day_1_Social_Influence_T2","mid_morning","In-App","Inactive_Social_Learners_Day_1_Social_Influence_T3","afternoon","In-App","Inactive_Social_Learners_Day_1_Social_Influence_T4","afternoon","In-App"
"USR_000874","3","Day 2","Inactive_Socialite_Day_1_Scarcity_and_Impatience_T1","mid_morning","Push","Inactive_Socialite_Day_1_Scarcity_and_Impatience_T2","afternoon","Push","Inactive_Socialite_Day_1_Scarcity_and_Impatience_T3","late_afternoon","Push","Inactive_Socialite_Day_1_Scarcity_and_Impatience_T4","late_afternoon","In-App","Inactive_Socialite_Day_1_Scarcity_and_Impatience_T5","evening","In-App","Inactive_Socialite_Day_1_Scarcity_and_Impatience_T1","night","In-App","Inactive_Socialite_Day_1_Scarcity_and_Impatience_T2","night","In-App","Inactive_Socialite_Day_1_Scarcity_and_Impatience_T3","night","In-App","Inactive_Socialite_Day_1_Scarcity_and_Impatience_T4","night","In-App"
"USR_000875","0","Day 100","Inactive_Socialite_Day_1_Unpredictability_T1","afternoon","Push","Inactive_Socialite_Day_1_Unpredictability_T2","late_afternoon","Push","Inactive_Socialite_Day_1_Unpredictability_T3","late_afternoon","Push","Inactive_Socialite_Day_1_Unpredictability_T4","evening","In-App","Inactive_Socialite_Day_1_Unpredictability_T5","night","In-App","Inactive_Socialite_Day_1_Unpredictability_T1","night","In-App","Inactive_Socialite_Day_1_Unpredictability_T2","night","In-App","Inactive_Socialite_Day_1_Unpredictability_T3","night","In-App","Inactive_Socialite_Day_1_Unpredictability_T4","night","In-App"
"USR_000876","4","Day 85","Dormant_Social_Day_1_Unpredictability_T1","night","Push","Dormant_Social_Day_1_Unpredictability_T2","night","Push","Dormant_Social_Day_1_Unpredictability_T3","night","Push","Dormant_Social_Day_1_Unpredictability_T4","night","In-App","Dormant_Social_Day_1_Unpredictability_T5","early_morning","In-App","Dormant_Social_Day_1_Unpredictability_T1","mid_morning","In-App","Dormant_Social_Day_1_Unpredictability_T2","mid_morning","In-App","Dormant_Social_Day_1_Unpredictability_T3","afternoon","In-App","Dormant_Social_Day_1_Unpredictability_T4","late_afternoon","In-App"
"USR_000877","0","Day 140","Inactive_Socialite_Day_1_Unpredictability_T1","evening","Push","Inactive_Socialite_Day_1_Unpredictability_T2","night","Push","Inactive_Socialite_Day_1_Unpredictability_T3","night","Push","Inactive_Socialite_Day_1_Unpredictability_T4","night","In-App","Inactive_Socialite_Day_1_Unpredictability_T5","night","In-App","Inactive_Socialite_Day_1_Unpredictability_T1","early_morning","In-App","Inactive_Socialite_Day_1_Unpredictability_T2","early_morning","In-App","Inactive_Socialite_Day_1_Unpredictability_T3","mid_morning","In-App","Inactive_Socialite_Day_1_Unpredictability_T4","afternoon","In-App"
"USR_000878","0","Day 159","Inactive_Socialite_Day_1_Unpredictability_T1","night","Push","Inactive_Socialite_Day_1_Unpredictability_T2","night","Push","Inactive_Socialite_Day_1_Unpredictability_T3","night","Push","Inactive_Socialite_Day_1_Unpredictability_T4","night","In-App","Inactive_Socialite_Day_1_Unpredictability_T5","early_morning","In-App","Inactive_Socialite_Day_1_Unpredictability_T1","mid_morning","In-App","Inactive_Socialite_Day_1_Unpredictability_T2","mid_morning","In-App","Inactive_Socialite_Day_1_Unpredictability_T3","afternoon","In-App","Inactive_Socialite_Day_1_Unpredictability_T4","late_afternoon","In-App"
"USR_000879","2","Day 87","Paid_Social_Achiever_Week_4_Creativity_and_Feedback_T1","night","Push","Paid_Social_Achiever_Week_4_Creativity_and_Feedback_T2","night","Push","Paid_Social_Achiever_Week_4_Creativity_and_Feedback_T3","night","Push","Paid_Social_Achiever_Week_4_Creativity_and_Feedback_T4","night","In-App","Paid_Social_Achiever_Week_4_Creativity_and_Feedback_T5","night","In-App","Paid_Social_Achiever_Week_4_Creativity_and_Feedback_T1","early_morning","In-App","Paid_Social_Achiever_Week_4_Creativity_and_Feedback_T2","mid_morning","In-App","Paid_Social_Achiever_Week_4_Creativity_and_Feedback_T3","mid_morning","In-App","Paid_Social_Achiever_Week_4_Creativity_and_Feedback_T4","afternoon","In-App"
"USR_000880","0","Day 175","Inactive_Socialite_Day_1_Unpredictability_T1","late_afternoon","Push","Inactive_Socialite_Day_1_Unpredictability_T2","evening","Push","Inactive_Socialite_Day_1_Unpredictability_T3","night","Push","Inactive_Socialite_Day_1_Unpredictability_T4","night","In-App","Inactive_Socialite_Day_1_Unpredictability_T5","night","In-App","Inactive_Socialite_Day_1_Unpredictability_T1","night","In-App","Inactive_Socialite_Day_1_Unpredictability_T2","night","In-App","Inactive_Socialite_Day_1_Unpredictability_T3","early_morning","In-App","Inactive_Socialite_Day_1_Unpredictability_T4","mid_morning","In-App"
"USR_000881","7","Day 80","Paid_Competitive_Week_4_Ownership_and_Possession_T1","night","Push","Paid_Competitive_Week_4_Ownership_and_Possession_T2","night","Push","Paid_Competitive_Week_4_Ownership_and_Possession_T3","night","Push","Paid_Competitive_Week_4_Ownership_and_Possession_T4","night","In-App","Paid_Competitive_Week_4_Ownership_and_Possession_T5","early_morning","In-App","Paid_Competitive_Week_4_Ownership_and_Possession_T1","early_morning","In-App","Paid_Competitive_Week_4_Ownership_and_Possession_T2","mid_morning","In-App","Paid_Competitive_Week_4_Ownership_and_Possession_T3","afternoon","In-App","Paid_Competitive_Week_4_Ownership_and_Possession_T4","afternoon","In-App"
"USR_000882","3","Day 6","Inactive_Socialite_Day_1_Scarcity_and_Impatience_T1","afternoon","Push","Inactive_Socialite_Day_1_Scarcity_and_Impatience_T2","late_afternoon","Push","Inactive_Socialite_Day_1_Scarcity_and_Impatience_T3","evening","Push","Inactive_Socialite_Day_1_Scarcity_and_Impatience_T4","evening","In-App","Inactive_Socialite_Day_1_Scarcity_and_Impatience_T5","night","In-App","Inactive_Socialite_Day_1_Scarcity_and_Impatience_T1","night","In-App","Inactive_Socialite_Day_1_Scarcity_and_Impatience_T2","night","In-App","Inactive_Socialite_Day_1_Scarcity_and_Impatience_T3","night","In-App","Inactive_Socialite_Day_1_Scarcity_and_Impatience_T4","early_morning","In-App"
"USR_000883","1","Day 6","Inactive_Social_Learners_Day_1_Social_Influence_T1","evening","Push","Inactive_Social_Learners_Day_1_Social_Influence_T2","evening","Push","Inactive_Social_Learners_Day_1_Social_Influence_T3","night","Push","Inactive_Social_Learners_Day_1_Social_Influence_T4","night","In-App","Inactive_Social_Learners_Day_1_Social_Influence_T5","night","In-App","Inactive_Social_Learners_Day_1_Social_Influence_T1","night","In-App","Inactive_Social_Learners_Day_1_Social_Influence_T2","early_morning","In-App","Inactive_Social_Learners_Day_1_Social_Influence_T3","early_morning","In-App","Inactive_Social_Learners_Day_1_Social_Influence_T4","mid_morning","In-App"
"USR_000884","5","Day 1","Dormant_Achiever_Day_1_Scarcity_and_Impatience_T1","afternoon","Push","Dormant_Achiever_Day_1_Scarcity_and_Impatience_T2","late_afternoon","Push","Dormant_Achiever_Day_1_Scarcity_and_Impatience_T3","evening","Push","Dormant_Achiever_Day_1_Scarcity_and_Impatience_T4","evening","In-App","Dormant_Achiever_Day_1_Scarcity_and_Impatience_T5","night","In-App","Dormant_Achiever_Day_1_Scarcity_and_Impatience_T1","night","In-App","Dormant_Achiever_Day_1_Scarcity_and_Impatience_T2","night","In-App","Dormant_Achiever_Day_1_Scarcity_and_Impatience_T3","night","In-App","Dormant_Achiever_Day_1_Scarcity_and_Impatience_T4","early_morning","In-App"
"USR_000885","1","Day 5","Inactive_Social_Learners_Day_1_Social_Influence_T1","night","Push","Inactive_Social_Learners_Day_1_Social_Influence_T2","night","Push","Inactive_Social_Learners_Day_1_Social_Influence_T3","night","Push","Inactive_Social_Learners_Day_1_Social_Influence_T4","night","In-App","Inactive_Social_Learners_Day_1_Social_Influence_T5","early_morning","In-App","Inactive_Social_Learners_Day_1_Social_Influence_T1","early_morning","In-App","Inactive_Social_Learners_Day_1_Social_Influence_T2","mid_morning","In-App","Inactive_Social_Learners_Day_1_Social_Influence_T3","afternoon","In-App","Inactive_Social_Learners_Day_1_Social_Influence_T4","afternoon","In-App"
"USR_000886","2","Day 116","Paid_Social_Achiever_Week_4_Creativity_and_Feedback_T1","night","Push","Paid_Social_Achiever_Week_4_Creativity_and_Feedback_T2","night","Push","Paid_Social_Achiever_Week_4_Creativity_and_Feedback_T3","night","Push","Paid_Social_Achiever_Week_4_Creativity_and_Feedback_T4","night","In-App","Paid_Social_Achiever_Week_4_Creativity_and_Feedback_T5","early_morning","In-App","Paid_Social_Achiever_Week_4_Creativity_and_Feedback_T1","mid_morning","In-App","Paid_Social_Achiever_Week_4_Creativity_and_Feedback_T2","mid_morning","In-App","Paid_Social_Achiever_Week_4_Creativity_and_Feedback_T3","afternoon","In-App","Paid_Social_Achiever_Week_4_Creativity_and_Feedback_T4","late_afternoon","In-App"
"USR_000887","5","Day 2","Dormant_Achiever_Day_1_Scarcity_and_Impatience_T1","late_afternoon","Push","Dormant_Achiever_Day_1_Scarcity_and_Impatience_T2","evening","Push","Dormant_Achiever_Day_1_Scarcity_and_Impatience_T3","night","Push","Dormant_Achiever_Day_1_Scarcity_and_Impatience_T4","night","In-App","Dormant_Achiever_Day_1_Scarcity_and_Impatience_T5","night","In-App","Dormant_Achiever_Day_1_Scarcity_and_Impatience_T1","night","In-App","Dormant_Achiever_Day_1_Scarcity_and_Impatience_T2","night","In-App","Dormant_Achiever_Day_1_Scarcity_and_Impatience_T3","early_morning","In-App","Dormant_Achiever_Day_1_Scarcity_and_Impatience_T4","mid_morning","In-App"
"USR_000888","4","Day 45","Dormant_Social_Day_1_Unpredictability_T1","night","Push","Dormant_Social_Day_1_Unpredictability_T2","night","Push","Dormant_Social_Day_1_Unpredictability_T3","night","Push","Dormant_Social_Day_1_Unpredictability_T4","night","In-App","Dormant_Social_Day_1_Unpredictability_T5","night","In-App","Dormant_Social_Day_1_Unpredictability_T1","early_morning","In-App","Dormant_Social_Day_1_Unpredictability_T2","mid_morning","In-App","Dormant_Social_Day_1_Unpredictability_T3","mid_morning","In-App","Dormant_Social_Day_1_Unpredictability_T4","afternoon","In-App"
"USR_000889","0","Day 163","Inactive_Socialite_Day_1_Unpredictability_T1","late_afternoon","Push","Inactive_Socialite_Day_1_Unpredictability_T2","evening","Push","Inactive_Socialite_Day_1_Unpredictability_T3","night","Push","Inactive_Socialite_Day_1_Unpredictability_T4","night","In-App","Inactive_Socialite_Day_1_Unpredictability_T5","night","In-App","Inactive_Socialite_Day_1_Unpredictability_T1","night","In-App","Inactive_Socialite_Day_1_Unpredictability_T2","night","In-App","Inactive_Socialite_Day_1_Unpredictability_T3","early_morning","In-App","Inactive_Socialite_Day_1_Unpredictability_T4","mid_morning","In-App"
"USR_000890","2","Day 62","Paid_Social_Achiever_Week_4_Creativity_and_Feedback_T1","evening","Push","Paid_Social_Achiever_Week_4_Creativity_and_Feedback_T2","evening","Push","Paid_Social_Achiever_Week_4_Creativity_and_Feedback_T3","night","Push","Paid_Social_Achiever_Week_4_Creativity_and_Feedback_T4","night","In-App","Paid_Social_Achiever_Week_4_Creativity_and_Feedback_T5","night","In-App","Paid_Social_Achiever_Week_4_Creativity_and_Feedback_T1","night","In-App","Paid_Social_Achiever_Week_4_Creativity_and_Feedback_T2","early_morning","In-App","Paid_Social_Achiever_Week_4_Creativity_and_Feedback_T3","early_morning","In-App","Paid_Social_Achiever_Week_4_Creativity_and_Feedback_T4","mid_morning","In-App"
"USR_000891","2","Day 47","Paid_Social_Achiever_Week_4_Creativity_and_Feedback_T1","night","Push","Paid_Social_Achiever_Week_4_Creativity_and_Feedback_T2","night","Push","Paid_Social_Achiever_Week_4_Creativity_and_Feedback_T3","night","Push","Paid_Social_Achiever_Week_4_Creativity_and_Feedback_T4","night","In-App","Paid_Social_Achiever_Week_4_Creativity_and_Feedback_T5","early_morning","In-App","Paid_Social_Achiever_Week_4_Creativity_and_Feedback_T1","mid_morning","In-App","Paid_Social_Achiever_Week_4_Creativity_and_Feedback_T2","mid_morning","In-App","Paid_Social_Achiever_Week_4_Creativity_and_Feedback_T3","afternoon","In-App","Paid_Social_Achiever_Week_4_Creativity_and_Feedback_T4","late_afternoon","In-App"
"USR_000892","3","Day 2","Inactive_Socialite_Day_1_Scarcity_and_Impatience_T1","mid_morning","Push","Inactive_Socialite_Day_1_Scarcity_and_Impatience_T2","afternoon","Push","Inactive_Socialite_Day_1_Scarcity_and_Impatience_T3","afternoon","Push","Inactive_Socialite_Day_1_Scarcity_and_Impatience_T4","late_afternoon","In-App","Inactive_Socialite_Day_1_Scarcity_and_Impatience_T5","evening","In-App","Inactive_Socialite_Day_1_Scarcity_and_Impatience_T1","evening","In-App","Inactive_Socialite_Day_1_Scarcity_and_Impatience_T2","night","In-App","Inactive_Socialite_Day_1_Scarcity_and_Impatience_T3","night","In-App","Inactive_Socialite_Day_1_Scarcity_and_Impatience_T4","night","In-App"
"USR_000893","6","Day 6","Dormant_Scholar_Day_1_Creativity_and_Feedback_T1","night","Push","Dormant_Scholar_Day_1_Creativity_and_Feedback_T2","night","Push","Dormant_Scholar_Day_1_Creativity_and_Feedback_T3","night","Push","Dormant_Scholar_Day_1_Creativity_and_Feedback_T4","night","In-App","Dormant_Scholar_Day_1_Creativity_and_Feedback_T5","early_morning","In-App","Dormant_Scholar_Day_1_Creativity_and_Feedback_T1","mid_morning","In-App","Dormant_Scholar_Day_1_Creativity_and_Feedback_T2","mid_morning","In-App","Dormant_Scholar_Day_1_Creativity_and_Feedback_T3","afternoon","In-App","Dormant_Scholar_Day_1_Creativity_and_Feedback_T4","late_afternoon","In-App"
"USR_000894","2","Day 26","Paid_Social_Achiever_Week_4_Creativity_and_Feedback_T1","mid_morning","Push","Paid_Social_Achiever_Week_4_Creativity_and_Feedback_T2","mid_morning","Push","Paid_Social_Achiever_Week_4_Creativity_and_Feedback_T3","afternoon","Push","Paid_Social_Achiever_Week_4_Creativity_and_Feedback_T4","late_afternoon","In-App","Paid_Social_Achiever_Week_4_Creativity_and_Feedback_T5","late_afternoon","In-App","Paid_Social_Achiever_Week_4_Creativity_and_Feedback_T1","evening","In-App","Paid_Social_Achiever_Week_4_Creativity_and_Feedback_T2","night","In-App","Paid_Social_Achiever_Week_4_Creativity_and_Feedback_T3","night","In-App","Paid_Social_Achiever_Week_4_Creativity_and_Feedback_T4","night","In-App"
"USR_000895","0","Day 101","Inactive_Socialite_Day_1_Unpredictability_T1","evening","Push","Inactive_Socialite_Day_1_Unpredictability_T2","night","Push","Inactive_Socialite_Day_1_Unpredictability_T3","night","Push","Inactive_Socialite_Day_1_Unpredictability_T4","night","In-App","Inactive_Socialite_Day_1_Unpredictability_T5","night","In-App","Inactive_Socialite_Day_1_Unpredictability_T1","night","In-App","Inactive_Socialite_Day_1_Unpredictability_T2","early_morning","In-App","Inactive_Socialite_Day_1_Unpredictability_T3","mid_morning","In-App","Inactive_Socialite_Day_1_Unpredictability_T4","mid_morning","In-App"
"USR_000896","5","Day 7","Dormant_Achiever_Day_1_Scarcity_and_Impatience_T1","afternoon","Push","Dormant_Achiever_Day_1_Scarcity_and_Impatience_T2","afternoon","Push","Dormant_Achiever_Day_1_Scarcity_and_Impatience_T3","late_afternoon","Push","Dormant_Achiever_Day_1_Scarcity_and_Impatience_T4","evening","In-App","Dormant_Achiever_Day_1_Scarcity_and_Impatience_T5","evening","In-App","Dormant_Achiever_Day_1_Scarcity_and_Impatience_T1","night","In-App","Dormant_Achiever_Day_1_Scarcity_and_Impatience_T2","night","In-App","Dormant_Achiever_Day_1_Scarcity_and_Impatience_T3","night","In-App","Dormant_Achiever_Day_1_Scarcity_and_Impatience_T4","night","In-App"
"USR_000897","5","Day 3","Dormant_Achiever_Day_1_Scarcity_and_Impatience_T1","early_morning","Push","Dormant_Achiever_Day_1_Scarcity_and_Impatience_T2","mid_morning","Push","Dormant_Achiever_Day_1_Scarcity_and_Impatience_T3","afternoon","Push","Dormant_Achiever_Day_1_Scarcity_and_Impatience_T4","afternoon","In-App","Dormant_Achiever_Day_1_Scarcity_and_Impatience_T5","late_afternoon","In-App","Dormant_Achiever_Day_1_Scarcity_and_Impatience_T1","evening","In-App","Dormant_Achiever_Day_1_Scarcity_and_Impatience_T2","evening","In-App","Dormant_Achiever_Day_1_Scarcity_and_Impatience_T3","night","In-App","Dormant_Achiever_Day_1_Scarcity_and_Impatience_T4","night","In-App"
"USR_000898","6","Day 6","Dormant_Scholar_Day_1_Creativity_and_Feedback_T1","mid_morning","Push","Dormant_Scholar_Day_1_Creativity_and_Feedback_T2","mid_morning","Push","Dormant_Scholar_Day_1_Creativity_and_Feedback_T3","afternoon","Push","Dormant_Scholar_Day_1_Creativity_and_Feedback_T4","late_afternoon","In-App","Dormant_Scholar_Day_1_Creativity_and_Feedback_T5","late_afternoon","In-App","Dormant_Scholar_Day_1_Creativity_and_Feedback_T1","evening","In-App","Dormant_Scholar_Day_1_Creativity_and_Feedback_T2","night","In-App","Dormant_Scholar_Day_1_Creativity_and_Feedback_T3","night","In-App","Dormant_Scholar_Day_1_Creativity_and_Feedback_T4","night","In-App"
"USR_000899","3","Day 4","Inactive_Socialite_Day_1_Scarcity_and_Impatience_T1","mid_morning","Push","Inactive_Socialite_Day_1_Scarcity_and_Impatience_T2","afternoon","Push","Inactive_Socialite_Day_1_Scarcity_and_Impatience_T3","afternoon","Push","Inactive_Socialite_Day_1_Scarcity_and_Impatience_T4","late_afternoon","In-App","Inactive_Socialite_Day_1_Scarcity_and_Impatience_T5","evening","In-App","Inactive_Socialite_Day_1_Scarcity_and_Impatience_T1","evening","In-App","Inactive_Socialite_Day_1_Scarcity_and_Impatience_T2","night","In-App","Inactive_Socialite_Day_1_Scarcity_and_Impatience_T3","night","In-App","Inactive_Socialite_Day_1_Scarcity_and_Impatience_T4","night","In-App"
"USR_000900","6","Day 7","Dormant_Scholar_Day_1_Creativity_and_Feedback_T1","evening","Push","Dormant_Scholar_Day_1_Creativity_and_Feedback_T2","evening","Push","Dormant_Scholar_Day_1_Creativity_and_Feedback_T3","night","Push","Dormant_Scholar_Day_1_Creativity_and_Feedback_T4","night","In-App","Dormant_Scholar_Day_1_Creativity_and_Feedback_T5","night","In-App","Dormant_Scholar_Day_1_Creativity_and_Feedback_T1","night","In-App","Dormant_Scholar_Day_1_Creativity_and_Feedback_T2","early_morning","In-App","Dormant_Scholar_Day_1_Creativity_and_Feedback_T3","early_morning","In-App","Dormant_Scholar_Day_1_Creativity_and_Feedback_T4","mid_morning","In-App"
"USR_000901","5","Day 5","Dormant_Achiever_Day_1_Scarcity_and_Impatience_T1","evening","Push","Dormant_Achiever_Day_1_Scarcity_and_Impatience_T2","night","Push","Dormant_Achiever_Day_1_Scarcity_and_Impatience_T3","night","Push","Dormant_Achiever_Day_1_Scarcity_and_Impatience_T4","night","In-App","Dormant_Achiever_Day_1_Scarcity_and_Impatience_T5","night","In-App","Dormant_Achiever_Day_1_Scarcity_and_Impatience_T1","night","In-App","Dormant_Achiever_Day_1_Scarcity_and_Impatience_T2","early_morning","In-App","Dormant_Achiever_Day_1_Scarcity_and_Impatience_T3","mid_morning","In-App","Dormant_Achiever_Day_1_Scarcity_and_Impatience_T4","mid_morning","In-App"
"USR_000902","4","Day 35","Dormant_Social_Day_1_Unpredictability_T1","night","Push","Dormant_Social_Day_1_Unpredictability_T2","night","Push","Dormant_Social_Day_1_Unpredictability_T3","night","Push","Dormant_Social_Day_1_Unpredictability_T4","night","In-App","Dormant_Social_Day_1_Unpredictability_T5","night","In-App","Dormant_Social_Day_1_Unpredictability_T1","early_morning","In-App","Dormant_Social_Day_1_Unpredictability_T2","mid_morning","In-App","Dormant_Social_Day_1_Unpredictability_T3","mid_morning","In-App","Dormant_Social_Day_1_Unpredictability_T4","afternoon","In-App"
"USR_000903","6","Day 7","Dormant_Scholar_Day_1_Creativity_and_Feedback_T1","evening","Push","Dormant_Scholar_Day_1_Creativity_and_Feedback_T2","night","Push","Dormant_Scholar_Day_1_Creativity_and_Feedback_T3","night","Push","Dormant_Scholar_Day_1_Creativity_and_Feedback_T4","night","In-App","Dormant_Scholar_Day_1_Creativity_and_Feedback_T5","night","In-App","Dormant_Scholar_Day_1_Creativity_and_Feedback_T1","early_morning","In-App","Dormant_Scholar_Day_1_Creativity_and_Feedback_T2","early_morning","In-App","Dormant_Scholar_Day_1_Creativity_and_Feedback_T3","mid_morning","In-App","Dormant_Scholar_Day_1_Creativity_and_Feedback_T4","afternoon","In-App"
"USR_000904","7","Day 26","Paid_Competitive_Week_4_Ownership_and_Possession_T1","afternoon","Push","Paid_Competitive_Week_4_Ownership_and_Possession_T2","late_afternoon","Push","Paid_Competitive_Week_4_Ownership_and_Possession_T3","evening","Push","Paid_Competitive_Week_4_Ownership_and_Possession_T4","evening","In-App","Paid_Competitive_Week_4_Ownership_and_Possession_T5","night","In-App","Paid_Competitive_Week_4_Ownership_and_Possession_T1","night","In-App","Paid_Competitive_Week_4_Ownership_and_Possession_T2","night","In-App","Paid_Competitive_Week_4_Ownership_and_Possession_T3","night","In-App","Paid_Competitive_Week_4_Ownership_and_Possession_T4","early_morning","In-App"
"USR_000905","0","Day 123","Inactive_Socialite_Day_1_Unpredictability_T1","night","Push","Inactive_Socialite_Day_1_Unpredictability_T2","night","Push","Inactive_Socialite_Day_1_Unpredictability_T3","night","Push","Inactive_Socialite_Day_1_Unpredictability_T4","night","In-App","Inactive_Socialite_Day_1_Unpredictability_T5","early_morning","In-App","Inactive_Socialite_Day_1_Unpredictability_T1","early_morning","In-App","Inactive_Socialite_Day_1_Unpredictability_T2","mid_morning","In-App","Inactive_Socialite_Day_1_Unpredictability_T3","afternoon","In-App","Inactive_Socialite_Day_1_Unpredictability_T4","afternoon","In-App"
"USR_000906","2","Day 105","Paid_Social_Achiever_Week_4_Creativity_and_Feedback_T1","evening","Push","Paid_Social_Achiever_Week_4_Creativity_and_Feedback_T2","night","Push","Paid_Social_Achiever_Week_4_Creativity_and_Feedback_T3","night","Push","Paid_Social_Achiever_Week_4_Creativity_and_Feedback_T4","night","In-App","Paid_Social_Achiever_Week_4_Creativity_and_Feedback_T5","night","In-App","Paid_Social_Achiever_Week_4_Creativity_and_Feedback_T1","night","In-App","Paid_Social_Achiever_Week_4_Creativity_and_Feedback_T2","early_morning","In-App","Paid_Social_Achiever_Week_4_Creativity_and_Feedback_T3","mid_morning","In-App","Paid_Social_Achiever_Week_4_Creativity_and_Feedback_T4","mid_morning","In-App"
"USR_000907","6","Day 6","Dormant_Scholar_Day_1_Creativity_and_Feedback_T1","early_morning","Push","Dormant_Scholar_Day_1_Creativity_and_Feedback_T2","mid_morning","Push","Dormant_Scholar_Day_1_Creativity_and_Feedback_T3","mid_morning","Push","Dormant_Scholar_Day_1_Creativity_and_Feedback_T4","afternoon","In-App","Dormant_Scholar_Day_1_Creativity_and_Feedback_T5","late_afternoon","In-App","Dormant_Scholar_Day_1_Creativity_and_Feedback_T1","late_afternoon","In-App","Dormant_Scholar_Day_1_Creativity_and_Feedback_T2","evening","In-App","Dormant_Scholar_Day_1_Creativity_and_Feedback_T3","night","In-App","Dormant_Scholar_Day_1_Creativity_and_Feedback_T4","night","In-App"
"USR_000908","7","Day 27","Paid_Competitive_Week_4_Ownership_and_Possession_T1","evening","Push","Paid_Competitive_Week_4_Ownership_and_Possession_T2","evening","Push","Paid_Competitive_Week_4_Ownership_and_Possession_T3","night","Push","Paid_Competitive_Week_4_Ownership_and_Possession_T4","night","In-App","Paid_Competitive_Week_4_Ownership_and_Possession_T5","night","In-App","Paid_Competitive_Week_4_Ownership_and_Possession_T1","night","In-App","Paid_Competitive_Week_4_Ownership_and_Possession_T2","early_morning","In-App","Paid_Competitive_Week_4_Ownership_and_Possession_T3","early_morning","In-App","Paid_Competitive_Week_4_Ownership_and_Possession_T4","mid_morning","In-App"
"USR_000909","4","Day 43","Dormant_Social_Day_1_Unpredictability_T1","mid_morning","Push","Dormant_Social_Day_1_Unpredictability_T2","afternoon","Push","Dormant_Social_Day_1_Unpredictability_T3","afternoon","Push","Dormant_Social_Day_1_Unpredictability_T4","late_afternoon","In-App","Dormant_Social_Day_1_Unpredictability_T5","evening","In-App","Dormant_Social_Day_1_Unpredictability_T1","evening","In-App","Dormant_Social_Day_1_Unpredictability_T2","night","In-App","Dormant_Social_Day_1_Unpredictability_T3","night","In-App","Dormant_Social_Day_1_Unpredictability_T4","night","In-App"
"USR_000910","7","Day 98","Paid_Competitive_Week_4_Ownership_and_Possession_T1","evening","Push","Paid_Competitive_Week_4_Ownership_and_Possession_T2","night","Push","Paid_Competitive_Week_4_Ownership_and_Possession_T3","night","Push","Paid_Competitive_Week_4_Ownership_and_Possession_T4","night","In-App","Paid_Competitive_Week_4_Ownership_and_Possession_T5","night","In-App","Paid_Competitive_Week_4_Ownership_and_Possession_T1","early_morning","In-App","Paid_Competitive_Week_4_Ownership_and_Possession_T2","early_morning","In-App","Paid_Competitive_Week_4_Ownership_and_Possession_T3","mid_morning","In-App","Paid_Competitive_Week_4_Ownership_and_Possession_T4","afternoon","In-App"
"USR_000911","4","Day 67","Dormant_Social_Day_1_Unpredictability_T1","late_afternoon","Push","Dormant_Social_Day_1_Unpredictability_T2","evening","Push","Dormant_Social_Day_1_Unpredictability_T3","evening","Push","Dormant_Social_Day_1_Unpredictability_T4","night","In-App","Dormant_Social_Day_1_Unpredictability_T5","night","In-App","Dormant_Social_Day_1_Unpredictability_T1","night","In-App","Dormant_Social_Day_1_Unpredictability_T2","night","In-App","Dormant_Social_Day_1_Unpredictability_T3","early_morning","In-App","Dormant_Social_Day_1_Unpredictability_T4","early_morning","In-App"
"USR_000912","4","Day 16","Dormant_Social_Day_1_Unpredictability_T1","early_morning","Push","Dormant_Social_Day_1_Unpredictability_T2","mid_morning","Push","Dormant_Social_Day_1_Unpredictability_T3","afternoon","Push","Dormant_Social_Day_1_Unpredictability_T4","afternoon","In-App","Dormant_Social_Day_1_Unpredictability_T5","late_afternoon","In-App","Dormant_Social_Day_1_Unpredictability_T1","evening","In-App","Dormant_Social_Day_1_Unpredictability_T2","evening","In-App","Dormant_Social_Day_1_Unpredictability_T3","night","In-App","Dormant_Social_Day_1_Unpredictability_T4","night","In-App"
"USR_000913","4","Day 39","Dormant_Social_Day_1_Unpredictability_T1","mid_morning","Push","Dormant_Social_Day_1_Unpredictability_T2","mid_morning","Push","Dormant_Social_Day_1_Unpredictability_T3","afternoon","Push","Dormant_Social_Day_1_Unpredictability_T4","late_afternoon","In-App","Dormant_Social_Day_1_Unpredictability_T5","late_afternoon","In-App","Dormant_Social_Day_1_Unpredictability_T1","evening","In-App","Dormant_Social_Day_1_Unpredictability_T2","night","In-App","Dormant_Social_Day_1_Unpredictability_T3","night","In-App","Dormant_Social_Day_1_Unpredictability_T4","night","In-App"
"USR_000914","4","Day 79","Dormant_Social_Day_1_Unpredictability_T1","afternoon","Push","Dormant_Social_Day_1_Unpredictability_T2","late_afternoon","Push","Dormant_Social_Day_1_Unpredictability_T3","late_afternoon","Push","Dormant_Social_Day_1_Unpredictability_T4","evening","In-App","Dormant_Social_Day_1_Unpredictability_T5","night","In-App","Dormant_Social_Day_1_Unpredictability_T1","night","In-App","Dormant_Social_Day_1_Unpredictability_T2","night","In-App","Dormant_Social_Day_1_Unpredictability_T3","night","In-App","Dormant_Social_Day_1_Unpredictability_T4","night","In-App"
"USR_000915","3","Day 7","Inactive_Socialite_Day_1_Scarcity_and_Impatience_T1","late_afternoon","Push","Inactive_Socialite_Day_1_Scarcity_and_Impatience_T2","evening","Push","Inactive_Socialite_Day_1_Scarcity_and_Impatience_T3","evening","Push","Inactive_Socialite_Day_1_Scarcity_and_Impatience_T4","night","In-App","Inactive_Socialite_Day_1_Scarcity_and_Impatience_T5","night","In-App","Inactive_Socialite_Day_1_Scarcity_and_Impatience_T1","night","In-App","Inactive_Socialite_Day_1_Scarcity_and_Impatience_T2","night","In-App","Inactive_Socialite_Day_1_Scarcity_and_Impatience_T3","early_morning","In-App","Inactive_Socialite_Day_1_Scarcity_and_Impatience_T4","early_morning","In-App"
"USR_000916","2","Day 97","Paid_Social_Achiever_Week_4_Creativity_and_Feedback_T1","late_afternoon","Push","Paid_Social_Achiever_Week_4_Creativity_and_Feedback_T2","evening","Push","Paid_Social_Achiever_Week_4_Creativity_and_Feedback_T3","night","Push","Paid_Social_Achiever_Week_4_Creativity_and_Feedback_T4","night","In-App","Paid_Social_Achiever_Week_4_Creativity_and_Feedback_T5","night","In-App","Paid_Social_Achiever_Week_4_Creativity_and_Feedback_T1","night","In-App","Paid_Social_Achiever_Week_4_Creativity_and_Feedback_T2","night","In-App","Paid_Social_Achiever_Week_4_Creativity_and_Feedback_T3","early_morning","In-App","Paid_Social_Achiever_Week_4_Creativity_and_Feedback_T4","mid_morning","In-App"
"USR_000917","1","Day 1","Inactive_Social_Learners_Day_1_Social_Influence_T1","late_afternoon","Push","Inactive_Social_Learners_Day_1_Social_Influence_T2","late_afternoon","Push","Inactive_Social_Learners_Day_1_Social_Influence_T3","evening","Push","Inactive_Social_Learners_Day_1_Social_Influence_T4","night","In-App","Inactive_Social_Learners_Day_1_Social_Influence_T5","night","In-App","Inactive_Social_Learners_Day_1_Social_Influence_T1","night","In-App","Inactive_Social_Learners_Day_1_Social_Influence_T2","night","In-App","Inactive_Social_Learners_Day_1_Social_Influence_T3","night","In-App","Inactive_Social_Learners_Day_1_Social_Influence_T4","early_morning","In-App"
"USR_000918","3","Day 1","Inactive_Socialite_Day_1_Scarcity_and_Impatience_T1","evening","Push","Inactive_Socialite_Day_1_Scarcity_and_Impatience_T2","night","Push","Inactive_Socialite_Day_1_Scarcity_and_Impatience_T3","night","Push","Inactive_Socialite_Day_1_Scarcity_and_Impatience_T4","night","In-App","Inactive_Socialite_Day_1_Scarcity_and_Impatience_T5","night","In-App","Inactive_Socialite_Day_1_Scarcity_and_Impatience_T1","night","In-App","Inactive_Socialite_Day_1_Scarcity_and_Impatience_T2","early_morning","In-App","Inactive_Socialite_Day_1_Scarcity_and_Impatience_T3","mid_morning","In-App","Inactive_Socialite_Day_1_Scarcity_and_Impatience_T4","mid_morning","In-App"
"USR_000919","0","Day 65","Inactive_Socialite_Day_1_Unpredictability_T1","late_afternoon","Push","Inactive_Socialite_Day_1_Unpredictability_T2","late_afternoon","Push","Inactive_Socialite_Day_1_Unpredictability_T3","evening","Push","Inactive_Socialite_Day_1_Unpredictability_T4","night","In-App","Inactive_Socialite_Day_1_Unpredictability_T5","night","In-App","Inactive_Socialite_Day_1_Unpredictability_T1","night","In-App","Inactive_Socialite_Day_1_Unpredictability_T2","night","In-App","Inactive_Socialite_Day_1_Unpredictability_T3","night","In-App","Inactive_Socialite_Day_1_Unpredictability_T4","early_morning","In-App"
"USR_000920","2","Day 112","Paid_Social_Achiever_Week_4_Creativity_and_Feedback_T1","early_morning","Push","Paid_Social_Achiever_Week_4_Creativity_and_Feedback_T2","mid_morning","Push","Paid_Social_Achiever_Week_4_Creativity_and_Feedback_T3","mid_morning","Push","Paid_Social_Achiever_Week_4_Creativity_and_Feedback_T4","afternoon","In-App","Paid_Social_Achiever_Week_4_Creativity_and_Feedback_T5","late_afternoon","In-App","Paid_Social_Achiever_Week_4_Creativity_and_Feedback_T1","late_afternoon","In-App","Paid_Social_Achiever_Week_4_Creativity_and_Feedback_T2","evening","In-App","Paid_Social_Achiever_Week_4_Creativity_and_Feedback_T3","night","In-App","Paid_Social_Achiever_Week_4_Creativity_and_Feedback_T4","night","In-App"
"USR_000921","5","Day 3","Dormant_Achiever_Day_1_Scarcity_and_Impatience_T1","evening","Push","Dormant_Achiever_Day_1_Scarcity_and_Impatience_T2","night","Push","Dormant_Achiever_Day_1_Scarcity_and_Impatience_T3","night","Push","Dormant_Achiever_Day_1_Scarcity_and_Impatience_T4","night","In-App","Dormant_Achiever_Day_1_Scarcity_and_Impatience_T5","night","In-App","Dormant_Achiever_Day_1_Scarcity_and_Impatience_T1","early_morning","In-App","Dormant_Achiever_Day_1_Scarcity_and_Impatience_T2","early_morning","In-App","Dormant_Achiever_Day_1_Scarcity_and_Impatience_T3","mid_morning","In-App","Dormant_Achiever_Day_1_Scarcity_and_Impatience_T4","afternoon","In-App"
"USR_000922","7","Day 40","Paid_Competitive_Week_4_Ownership_and_Possession_T1","early_morning","Push","Paid_Competitive_Week_4_Ownership_and_Possession_T2","mid_morning","Push","Paid_Competitive_Week_4_Ownership_and_Possession_T3","mid_morning","Push","Paid_Competitive_Week_4_Ownership_and_Possession_T4","afternoon","In-App","Paid_Competitive_Week_4_Ownership_and_Possession_T5","late_afternoon","In-App","Paid_Competitive_Week_4_Ownership_and_Possession_T1","late_afternoon","In-App","Paid_Competitive_Week_4_Ownership_and_Possession_T2","evening","In-App","Paid_Competitive_Week_4_Ownership_and_Possession_T3","night","In-App","Paid_Competitive_Week_4_Ownership_and_Possession_T4","night","In-App"
"USR_000923","2","Day 105","Paid_Social_Achiever_Week_4_Creativity_and_Feedback_T1","late_afternoon","Push","Paid_Social_Achiever_Week_4_Creativity_and_Feedback_T2","evening","Push","Paid_Social_Achiever_Week_4_Creativity_and_Feedback_T3","night","Push","Paid_Social_Achiever_Week_4_Creativity_and_Feedback_T4","night","In-App","Paid_Social_Achiever_Week_4_Creativity_and_Feedback_T5","night","In-App","Paid_Social_Achiever_Week_4_Creativity_and_Feedback_T1","night","In-App","Paid_Social_Achiever_Week_4_Creativity_and_Feedback_T2","night","In-App","Paid_Social_Achiever_Week_4_Creativity_and_Feedback_T3","early_morning","In-App","Paid_Social_Achiever_Week_4_Creativity_and_Feedback_T4","mid_morning","In-App"
"USR_000924","3","Day 7","Inactive_Socialite_Day_1_Scarcity_and_Impatience_T1","late_afternoon","Push","Inactive_Socialite_Day_1_Scarcity_and_Impatience_T2","evening","Push","Inactive_Socialite_Day_1_Scarcity_and_Impatience_T3","night","Push","Inactive_Socialite_Day_1_Scarcity_and_Impatience_T4","night","In-App","Inactive_Socialite_Day_1_Scarcity_and_Impatience_T5","night","In-App","Inactive_Socialite_Day_1_Scarcity_and_Impatience_T1","night","In-App","Inactive_Socialite_Day_1_Scarcity_and_Impatience_T2","night","In-App","Inactive_Socialite_Day_1_Scarcity_and_Impatience_T3","early_morning","In-App","Inactive_Socialite_Day_1_Scarcity_and_Impatience_T4","mid_morning","In-App"
"USR_000925","5","Day 6","Dormant_Achiever_Day_1_Scarcity_and_Impatience_T1","early_morning","Push","Dormant_Achiever_Day_1_Scarcity_and_Impatience_T2","mid_morning","Push","Dormant_Achiever_Day_1_Scarcity_and_Impatience_T3","mid_morning","Push","Dormant_Achiever_Day_1_Scarcity_and_Impatience_T4","afternoon","In-App","Dormant_Achiever_Day_1_Scarcity_and_Impatience_T5","late_afternoon","In-App","Dormant_Achiever_Day_1_Scarcity_and_Impatience_T1","late_afternoon","In-App","Dormant_Achiever_Day_1_Scarcity_and_Impatience_T2","evening","In-App","Dormant_Achiever_Day_1_Scarcity_and_Impatience_T3","night","In-App","Dormant_Achiever_Day_1_Scarcity_and_Impatience_T4","night","In-App"
"USR_000926","3","Day 2","Inactive_Socialite_Day_1_Scarcity_and_Impatience_T1","late_afternoon","Push","Inactive_Socialite_Day_1_Scarcity_and_Impatience_T2","evening","Push","Inactive_Socialite_Day_1_Scarcity_and_Impatience_T3","evening","Push","Inactive_Socialite_Day_1_Scarcity_and_Impatience_T4","night","In-App","Inactive_Socialite_Day_1_Scarcity_and_Impatience_T5","night","In-App","Inactive_Socialite_Day_1_Scarcity_and_Impatience_T1","night","In-App","Inactive_Socialite_Day_1_Scarcity_and_Impatience_T2","night","In-App","Inactive_Socialite_Day_1_Scarcity_and_Impatience_T3","early_morning","In-App","Inactive_Socialite_Day_1_Scarcity_and_Impatience_T4","early_morning","In-App"
"USR_000927","6","Day 7","Dormant_Scholar_Day_1_Creativity_and_Feedback_T1","late_afternoon","Push","Dormant_Scholar_Day_1_Creativity_and_Feedback_T2","evening","Push","Dormant_Scholar_Day_1_Creativity_and_Feedback_T3","evening","Push","Dormant_Scholar_Day_1_Creativity_and_Feedback_T4","night","In-App","Dormant_Scholar_Day_1_Creativity_and_Feedback_T5","night","In-App","Dormant_Scholar_Day_1_Creativity_and_Feedback_T1","night","In-App","Dormant_Scholar_Day_1_Creativity_and_Feedback_T2","night","In-App","Dormant_Scholar_Day_1_Creativity_and_Feedback_T3","early_morning","In-App","Dormant_Scholar_Day_1_Creativity_and_Feedback_T4","early_morning","In-App"
"USR_000928","5","Day 3","Dormant_Achiever_Day_1_Scarcity_and_Impatience_T1","early_morning","Push","Dormant_Achiever_Day_1_Scarcity_and_Impatience_T2","mid_morning","Push","Dormant_Achiever_Day_1_Scarcity_and_Impatience_T3","afternoon","Push","Dormant_Achiever_Day_1_Scarcity_and_Impatience_T4","afternoon","In-App","Dormant_Achiever_Day_1_Scarcity_and_Impatience_T5","late_afternoon","In-App","Dormant_Achiever_Day_1_Scarcity_and_Impatience_T1","evening","In-App","Dormant_Achiever_Day_1_Scarcity_and_Impatience_T2","evening","In-App","Dormant_Achiever_Day_1_Scarcity_and_Impatience_T3","night","In-App","Dormant_Achiever_Day_1_Scarcity_and_Impatience_T4","night","In-App"
"USR_000929","3","Day 2","Inactive_Socialite_Day_1_Scarcity_and_Impatience_T1","mid_morning","Push","Inactive_Socialite_Day_1_Scarcity_and_Impatience_T2","afternoon","Push","Inactive_Socialite_Day_1_Scarcity_and_Impatience_T3","afternoon","Push","Inactive_Socialite_Day_1_Scarcity_and_Impatience_T4","late_afternoon","In-App","Inactive_Socialite_Day_1_Scarcity_and_Impatience_T5","evening","In-App","Inactive_Socialite_Day_1_Scarcity_and_Impatience_T1","evening","In-App","Inactive_Socialite_Day_1_Scarcity_and_Impatience_T2","night","In-App","Inactive_Socialite_Day_1_Scarcity_and_Impatience_T3","night","In-App","Inactive_Socialite_Day_1_Scarcity_and_Impatience_T4","night","In-App"
"USR_000930","2","Day 43","Paid_Social_Achiever_Week_4_Creativity_and_Feedback_T1","night","Push","Paid_Social_Achiever_Week_4_Creativity_and_Feedback_T2","night","Push","Paid_Social_Achiever_Week_4_Creativity_and_Feedback_T3","night","Push","Paid_Social_Achiever_Week_4_Creativity_and_Feedback_T4","night","In-App","Paid_Social_Achiever_Week_4_Creativity_and_Feedback_T5","night","In-App","Paid_Social_Achiever_Week_4_Creativity_and_Feedback_T1","early_morning","In-App","Paid_Social_Achiever_Week_4_Creativity_and_Feedback_T2","mid_morning","In-App","Paid_Social_Achiever_Week_4_Creativity_and_Feedback_T3","mid_morning","In-App","Paid_Social_Achiever_Week_4_Creativity_and_Feedback_T4","afternoon","In-App"
"USR_000931","2","Day 73","Paid_Social_Achiever_Week_4_Creativity_and_Feedback_T1","night","Push","Paid_Social_Achiever_Week_4_Creativity_and_Feedback_T2","night","Push","Paid_Social_Achiever_Week_4_Creativity_and_Feedback_T3","night","Push","Paid_Social_Achiever_Week_4_Creativity_and_Feedback_T4","night","In-App","Paid_Social_Achiever_Week_4_Creativity_and_Feedback_T5","early_morning","In-App","Paid_Social_Achiever_Week_4_Creativity_and_Feedback_T1","early_morning","In-App","Paid_Social_Achiever_Week_4_Creativity_and_Feedback_T2","mid_morning","In-App","Paid_Social_Achiever_Week_4_Creativity_and_Feedback_T3","afternoon","In-App","Paid_Social_Achiever_Week_4_Creativity_and_Feedback_T4","afternoon","In-App"
"USR_000932","2","Day 99","Paid_Social_Achiever_Week_4_Creativity_and_Feedback_T1","evening","Push","Paid_Social_Achiever_Week_4_Creativity_and_Feedback_T2","evening","Push","Paid_Social_Achiever_Week_4_Creativity_and_Feedback_T3","night","Push","Paid_Social_Achiever_Week_4_Creativity_and_Feedback_T4","night","In-App","Paid_Social_Achiever_Week_4_Creativity_and_Feedback_T5","night","In-App","Paid_Social_Achiever_Week_4_Creativity_and_Feedback_T1","night","In-App","Paid_Social_Achiever_Week_4_Creativity_and_Feedback_T2","early_morning","In-App","Paid_Social_Achiever_Week_4_Creativity_and_Feedback_T3","early_morning","In-App","Paid_Social_Achiever_Week_4_Creativity_and_Feedback_T4","mid_morning","In-App"
"USR_000933","2","Day 33","Paid_Social_Achiever_Week_4_Creativity_and_Feedback_T1","afternoon","Push","Paid_Social_Achiever_Week_4_Creativity_and_Feedback_T2","late_afternoon","Push","Paid_Social_Achiever_Week_4_Creativity_and_Feedback_T3","evening","Push","Paid_Social_Achiever_Week_4_Creativity_and_Feedback_T4","evening","In-App","Paid_Social_Achiever_Week_4_Creativity_and_Feedback_T5","night","In-App","Paid_Social_Achiever_Week_4_Creativity_and_Feedback_T1","night","In-App","Paid_Social_Achiever_Week_4_Creativity_and_Feedback_T2","night","In-App","Paid_Social_Achiever_Week_4_Creativity_and_Feedback_T3","night","In-App","Paid_Social_Achiever_Week_4_Creativity_and_Feedback_T4","early_morning","In-App"
"USR_000934","4","Day 32","Dormant_Social_Day_1_Unpredictability_T1","evening","Push","Dormant_Social_Day_1_Unpredictability_T2","night","Push","Dormant_Social_Day_1_Unpredictability_T3","night","Push","Dormant_Social_Day_1_Unpredictability_T4","night","In-App","Dormant_Social_Day_1_Unpredictability_T5","night","In-App","Dormant_Social_Day_1_Unpredictability_T1","night","In-App","Dormant_Social_Day_1_Unpredictability_T2","early_morning","In-App","Dormant_Social_Day_1_Unpredictability_T3","mid_morning","In-App","Dormant_Social_Day_1_Unpredictability_T4","mid_morning","In-App"
"USR_000935","2","Day 105","Paid_Social_Achiever_Week_4_Creativity_and_Feedback_T1","afternoon","Push","Paid_Social_Achiever_Week_4_Creativity_and_Feedback_T2","late_afternoon","Push","Paid_Social_Achiever_Week_4_Creativity_and_Feedback_T3","late_afternoon","Push","Paid_Social_Achiever_Week_4_Creativity_and_Feedback_T4","evening","In-App","Paid_Social_Achiever_Week_4_Creativity_and_Feedback_T5","night","In-App","Paid_Social_Achiever_Week_4_Creativity_and_Feedback_T1","night","In-App","Paid_Social_Achiever_Week_4_Creativity_and_Feedback_T2","night","In-App","Paid_Social_Achiever_Week_4_Creativity_and_Feedback_T3","night","In-App","Paid_Social_Achiever_Week_4_Creativity_and_Feedback_T4","night","In-App"
"USR_000936","2","Day 100","Paid_Social_Achiever_Week_4_Creativity_and_Feedback_T1","evening","Push","Paid_Social_Achiever_Week_4_Creativity_and_Feedback_T2","evening","Push","Paid_Social_Achiever_Week_4_Creativity_and_Feedback_T3","night","Push","Paid_Social_Achiever_Week_4_Creativity_and_Feedback_T4","night","In-App","Paid_Social_Achiever_Week_4_Creativity_and_Feedback_T5","night","In-App","Paid_Social_Achiever_Week_4_Creativity_and_Feedback_T1","night","In-App","Paid_Social_Achiever_Week_4_Creativity_and_Feedback_T2","early_morning","In-App","Paid_Social_Achiever_Week_4_Creativity_and_Feedback_T3","early_morning","In-App","Paid_Social_Achiever_Week_4_Creativity_and_Feedback_T4","mid_morning","In-App"
"USR_000937","3","Day 1","Inactive_Socialite_Day_1_Scarcity_and_Impatience_T1","afternoon","Push","Inactive_Socialite_Day_1_Scarcity_and_Impatience_T2","late_afternoon","Push","Inactive_Socialite_Day_1_Scarcity_and_Impatience_T3","evening","Push","Inactive_Socialite_Day_1_Scarcity_and_Impatience_T4","evening","In-App","Inactive_Socialite_Day_1_Scarcity_and_Impatience_T5","night","In-App","Inactive_Socialite_Day_1_Scarcity_and_Impatience_T1","night","In-App","Inactive_Socialite_Day_1_Scarcity_and_Impatience_T2","night","In-App","Inactive_Socialite_Day_1_Scarcity_and_Impatience_T3","night","In-App","Inactive_Socialite_Day_1_Scarcity_and_Impatience_T4","early_morning","In-App"
"USR_000938","0","Day 164","Inactive_Socialite_Day_1_Unpredictability_T1","evening","Push","Inactive_Socialite_Day_1_Unpredictability_T2","night","Push","Inactive_Socialite_Day_1_Unpredictability_T3","night","Push","Inactive_Socialite_Day_1_Unpredictability_T4","night","In-App","Inactive_Socialite_Day_1_Unpredictability_T5","night","In-App","Inactive_Socialite_Day_1_Unpredictability_T1","night","In-App","Inactive_Socialite_Day_1_Unpredictability_T2","early_morning","In-App","Inactive_Socialite_Day_1_Unpredictability_T3","mid_morning","In-App","Inactive_Socialite_Day_1_Unpredictability_T4","mid_morning","In-App"
"USR_000939","5","Day 0","Dormant_Achiever_Day_1_Scarcity_and_Impatience_T1","early_morning","Push","Dormant_Achiever_Day_1_Scarcity_and_Impatience_T2","mid_morning","Push","Dormant_Achiever_Day_1_Scarcity_and_Impatience_T3","afternoon","Push","Dormant_Achiever_Day_1_Scarcity_and_Impatience_T4","afternoon","In-App","Dormant_Achiever_Day_1_Scarcity_and_Impatience_T5","late_afternoon","In-App","Dormant_Achiever_Day_1_Scarcity_and_Impatience_T1","evening","In-App","Dormant_Achiever_Day_1_Scarcity_and_Impatience_T2","evening","In-App","Dormant_Achiever_Day_1_Scarcity_and_Impatience_T3","night","In-App","Dormant_Achiever_Day_1_Scarcity_and_Impatience_T4","night","In-App"
"USR_000940","0","Day 104","Inactive_Socialite_Day_1_Unpredictability_T1","late_afternoon","Push","Inactive_Socialite_Day_1_Unpredictability_T2","evening","Push","Inactive_Socialite_Day_1_Unpredictability_T3","night","Push","Inactive_Socialite_Day_1_Unpredictability_T4","night","In-App","Inactive_Socialite_Day_1_Unpredictability_T5","night","In-App","Inactive_Socialite_Day_1_Unpredictability_T1","night","In-App","Inactive_Socialite_Day_1_Unpredictability_T2","night","In-App","Inactive_Socialite_Day_1_Unpredictability_T3","early_morning","In-App","Inactive_Socialite_Day_1_Unpredictability_T4","mid_morning","In-App"
"USR_000941","3","Day 2","Inactive_Socialite_Day_1_Scarcity_and_Impatience_T1","afternoon","Push","Inactive_Socialite_Day_1_Scarcity_and_Impatience_T2","afternoon","Push","Inactive_Socialite_Day_1_Scarcity_and_Impatience_T3","late_afternoon","Push","Inactive_Socialite_Day_1_Scarcity_and_Impatience_T4","evening","In-App","Inactive_Socialite_Day_1_Scarcity_and_Impatience_T5","evening","In-App","Inactive_Socialite_Day_1_Scarcity_and_Impatience_T1","night","In-App","Inactive_Socialite_Day_1_Scarcity_and_Impatience_T2","night","In-App","Inactive_Socialite_Day_1_Scarcity_and_Impatience_T3","night","In-App","Inactive_Socialite_Day_1_Scarcity_and_Impatience_T4","night","In-App"
"USR_000942","5","Day 6","Dormant_Achiever_Day_1_Scarcity_and_Impatience_T1","afternoon","Push","Dormant_Achiever_Day_1_Scarcity_and_Impatience_T2","late_afternoon","Push","Dormant_Achiever_Day_1_Scarcity_and_Impatience_T3","evening","Push","Dormant_Achiever_Day_1_Scarcity_and_Impatience_T4","evening","In-App","Dormant_Achiever_Day_1_Scarcity_and_Impatience_T5","night","In-App","Dormant_Achiever_Day_1_Scarcity_and_Impatience_T1","night","In-App","Dormant_Achiever_Day_1_Scarcity_and_Impatience_T2","night","In-App","Dormant_Achiever_Day_1_Scarcity_and_Impatience_T3","night","In-App","Dormant_Achiever_Day_1_Scarcity_and_Impatience_T4","early_morning","In-App"
"USR_000943","0","Day 175","Inactive_Socialite_Day_1_Unpredictability_T1","late_afternoon","Push","Inactive_Socialite_Day_1_Unpredictability_T2","evening","Push","Inactive_Socialite_Day_1_Unpredictability_T3","night","Push","Inactive_Socialite_Day_1_Unpredictability_T4","night","In-App","Inactive_Socialite_Day_1_Unpredictability_T5","night","In-App","Inactive_Socialite_Day_1_Unpredictability_T1","night","In-App","Inactive_Socialite_Day_1_Unpredictability_T2","night","In-App","Inactive_Socialite_Day_1_Unpredictability_T3","early_morning","In-App","Inactive_Socialite_Day_1_Unpredictability_T4","mid_morning","In-App"
"USR_000944","5","Day 2","Dormant_Achiever_Day_1_Scarcity_and_Impatience_T1","afternoon","Push","Dormant_Achiever_Day_1_Scarcity_and_Impatience_T2","late_afternoon","Push","Dormant_Achiever_Day_1_Scarcity_and_Impatience_T3","late_afternoon","Push","Dormant_Achiever_Day_1_Scarcity_and_Impatience_T4","evening","In-App","Dormant_Achiever_Day_1_Scarcity_and_Impatience_T5","night","In-App","Dormant_Achiever_Day_1_Scarcity_and_Impatience_T1","night","In-App","Dormant_Achiever_Day_1_Scarcity_and_Impatience_T2","night","In-App","Dormant_Achiever_Day_1_Scarcity_and_Impatience_T3","night","In-App","Dormant_Achiever_Day_1_Scarcity_and_Impatience_T4","night","In-App"
"USR_000945","1","Day 39","Inactive_Social_Learners_Day_1_Social_Influence_T1","night","Push","Inactive_Social_Learners_Day_1_Social_Influence_T2","early_morning","Push","Inactive_Social_Learners_Day_1_Social_Influence_T3","mid_morning","Push","Inactive_Social_Learners_Day_1_Social_Influence_T4","mid_morning","In-App","Inactive_Social_Learners_Day_1_Social_Influence_T5","afternoon","In-App","Inactive_Social_Learners_Day_1_Social_Influence_T1","late_afternoon","In-App","Inactive_Social_Learners_Day_1_Social_Influence_T2","late_afternoon","In-App","Inactive_Social_Learners_Day_1_Social_Influence_T3","evening","In-App","Inactive_Social_Learners_Day_1_Social_Influence_T4","night","In-App"
"USR_000946","1","Day 6","Inactive_Social_Learners_Day_1_Social_Influence_T1","afternoon","Push","Inactive_Social_Learners_Day_1_Social_Influence_T2","late_afternoon","Push","Inactive_Social_Learners_Day_1_Social_Influence_T3","late_afternoon","Push","Inactive_Social_Learners_Day_1_Social_Influence_T4","evening","In-App","Inactive_Social_Learners_Day_1_Social_Influence_T5","night","In-App","Inactive_Social_Learners_Day_1_Social_Influence_T1","night","In-App","Inactive_Social_Learners_Day_1_Social_Influence_T2","night","In-App","Inactive_Social_Learners_Day_1_Social_Influence_T3","night","In-App","Inactive_Social_Learners_Day_1_Social_Influence_T4","night","In-App"
"USR_000947","5","Day 0","Dormant_Achiever_Day_1_Scarcity_and_Impatience_T1","evening","Push","Dormant_Achiever_Day_1_Scarcity_and_Impatience_T2","evening","Push","Dormant_Achiever_Day_1_Scarcity_and_Impatience_T3","night","Push","Dormant_Achiever_Day_1_Scarcity_and_Impatience_T4","night","In-App","Dormant_Achiever_Day_1_Scarcity_and_Impatience_T5","night","In-App","Dormant_Achiever_Day_1_Scarcity_and_Impatience_T1","night","In-App","Dormant_Achiever_Day_1_Scarcity_and_Impatience_T2","early_morning","In-App","Dormant_Achiever_Day_1_Scarcity_and_Impatience_T3","early_morning","In-App","Dormant_Achiever_Day_1_Scarcity_and_Impatience_T4","mid_morning","In-App"
"USR_000948","4","Day 69","Dormant_Social_Day_1_Unpredictability_T1","early_morning","Push","Dormant_Social_Day_1_Unpredictability_T2","early_morning","Push","Dormant_Social_Day_1_Unpredictability_T3","mid_morning","Push","Dormant_Social_Day_1_Unpredictability_T4","afternoon","In-App","Dormant_Social_Day_1_Unpredictability_T5","afternoon","In-App","Dormant_Social_Day_1_Unpredictability_T1","late_afternoon","In-App","Dormant_Social_Day_1_Unpredictability_T2","evening","In-App","Dormant_Social_Day_1_Unpredictability_T3","evening","In-App","Dormant_Social_Day_1_Unpredictability_T4","night","In-App"
"USR_000949","3","Day 4","Inactive_Socialite_Day_1_Scarcity_and_Impatience_T1","evening","Push","Inactive_Socialite_Day_1_Scarcity_and_Impatience_T2","evening","Push","Inactive_Socialite_Day_1_Scarcity_and_Impatience_T3","night","Push","Inactive_Socialite_Day_1_Scarcity_and_Impatience_T4","night","In-App","Inactive_Socialite_Day_1_Scarcity_and_Impatience_T5","night","In-App","Inactive_Socialite_Day_1_Scarcity_and_Impatience_T1","night","In-App","Inactive_Socialite_Day_1_Scarcity_and_Impatience_T2","early_morning","In-App","Inactive_Socialite_Day_1_Scarcity_and_Impatience_T3","early_morning","In-App","Inactive_Socialite_Day_1_Scarcity_and_Impatience_T4","mid_morning","In-App"
"USR_000950","4","Day 76","Dormant_Social_Day_1_Unpredictability_T1","late_afternoon","Push","Dormant_Social_Day_1_Unpredictability_T2","late_afternoon","Push","Dormant_Social_Day_1_Unpredictability_T3","evening","Push","Dormant_Social_Day_1_Unpredictability_T4","night","In-App","Dormant_Social_Day_1_Unpredictability_T5","night","In-App","Dormant_Social_Day_1_Unpredictability_T1","night","In-App","Dormant_Social_Day_1_Unpredictability_T2","night","In-App","Dormant_Social_Day_1_Unpredictability_T3","night","In-App","Dormant_Social_Day_1_Unpredictability_T4","early_morning","In-App"
"USR_000951","0","Day 118","Inactive_Socialite_Day_1_Unpredictability_T1","night","Push","Inactive_Socialite_Day_1_Unpredictability_T2","night","Push","Inactive_Socialite_Day_1_Unpredictability_T3","night","Push","Inactive_Socialite_Day_1_Unpredictability_T4","night","In-App","Inactive_Socialite_Day_1_Unpredictability_T5","night","In-App","Inactive_Socialite_Day_1_Unpredictability_T1","early_morning","In-App","Inactive_Socialite_Day_1_Unpredictability_T2","mid_morning","In-App","Inactive_Socialite_Day_1_Unpredictability_T3","mid_morning","In-App","Inactive_Socialite_Day_1_Unpredictability_T4","afternoon","In-App"
"USR_000952","7","Day 25","Paid_Competitive_Week_4_Ownership_and_Possession_T1","late_afternoon","Push","Paid_Competitive_Week_4_Ownership_and_Possession_T2","evening","Push","Paid_Competitive_Week_4_Ownership_and_Possession_T3","evening","Push","Paid_Competitive_Week_4_Ownership_and_Possession_T4","night","In-App","Paid_Competitive_Week_4_Ownership_and_Possession_T5","night","In-App","Paid_Competitive_Week_4_Ownership_and_Possession_T1","night","In-App","Paid_Competitive_Week_4_Ownership_and_Possession_T2","night","In-App","Paid_Competitive_Week_4_Ownership_and_Possession_T3","early_morning","In-App","Paid_Competitive_Week_4_Ownership_and_Possession_T4","early_morning","In-App"
"USR_000953","2","Day 110","Paid_Social_Achiever_Week_4_Creativity_and_Feedback_T1","night","Push","Paid_Social_Achiever_Week_4_Creativity_and_Feedback_T2","night","Push","Paid_Social_Achiever_Week_4_Creativity_and_Feedback_T3","night","Push","Paid_Social_Achiever_Week_4_Creativity_and_Feedback_T4","night","In-App","Paid_Social_Achiever_Week_4_Creativity_and_Feedback_T5","early_morning","In-App","Paid_Social_Achiever_Week_4_Creativity_and_Feedback_T1","early_morning","In-App","Paid_Social_Achiever_Week_4_Creativity_and_Feedback_T2","mid_morning","In-App","Paid_Social_Achiever_Week_4_Creativity_and_Feedback_T3","afternoon","In-App","Paid_Social_Achiever_Week_4_Creativity_and_Feedback_T4","afternoon","In-App"
"USR_000954","5","Day 2","Dormant_Achiever_Day_1_Scarcity_and_Impatience_T1","evening","Push","Dormant_Achiever_Day_1_Scarcity_and_Impatience_T2","night","Push","Dormant_Achiever_Day_1_Scarcity_and_Impatience_T3","night","Push","Dormant_Achiever_Day_1_Scarcity_and_Impatience_T4","night","In-App","Dormant_Achiever_Day_1_Scarcity_and_Impatience_T5","night","In-App","Dormant_Achiever_Day_1_Scarcity_and_Impatience_T1","night","In-App","Dormant_Achiever_Day_1_Scarcity_and_Impatience_T2","early_morning","In-App","Dormant_Achiever_Day_1_Scarcity_and_Impatience_T3","mid_morning","In-App","Dormant_Achiever_Day_1_Scarcity_and_Impatience_T4","mid_morning","In-App"
"USR_000955","5","Day 1","Dormant_Achiever_Day_1_Scarcity_and_Impatience_T1","night","Push","Dormant_Achiever_Day_1_Scarcity_and_Impatience_T2","night","Push","Dormant_Achiever_Day_1_Scarcity_and_Impatience_T3","night","Push","Dormant_Achiever_Day_1_Scarcity_and_Impatience_T4","night","In-App","Dormant_Achiever_Day_1_Scarcity_and_Impatience_T5","early_morning","In-App","Dormant_Achiever_Day_1_Scarcity_and_Impatience_T1","early_morning","In-App","Dormant_Achiever_Day_1_Scarcity_and_Impatience_T2","mid_morning","In-App","Dormant_Achiever_Day_1_Scarcity_and_Impatience_T3","afternoon","In-App","Dormant_Achiever_Day_1_Scarcity_and_Impatience_T4","afternoon","In-App"
"USR_000956","3","Day 3","Inactive_Socialite_Day_1_Scarcity_and_Impatience_T1","late_afternoon","Push","Inactive_Socialite_Day_1_Scarcity_and_Impatience_T2","evening","Push","Inactive_Socialite_Day_1_Scarcity_and_Impatience_T3","evening","Push","Inactive_Socialite_Day_1_Scarcity_and_Impatience_T4","night","In-App","Inactive_Socialite_Day_1_Scarcity_and_Impatience_T5","night","In-App","Inactive_Socialite_Day_1_Scarcity_and_Impatience_T1","night","In-App","Inactive_Socialite_Day_1_Scarcity_and_Impatience_T2","night","In-App","Inactive_Socialite_Day_1_Scarcity_and_Impatience_T3","early_morning","In-App","Inactive_Socialite_Day_1_Scarcity_and_Impatience_T4","early_morning","In-App"
"USR_000957","1","Day 6","Inactive_Social_Learners_Day_1_Social_Influence_T1","evening","Push","Inactive_Social_Learners_Day_1_Social_Influence_T2","night","Push","Inactive_Social_Learners_Day_1_Social_Influence_T3","night","Push","Inactive_Social_Learners_Day_1_Social_Influence_T4","night","In-App","Inactive_Social_Learners_Day_1_Social_Influence_T5","night","In-App","Inactive_Social_Learners_Day_1_Social_Influence_T1","night","In-App","Inactive_Social_Learners_Day_1_Social_Influence_T2","early_morning","In-App","Inactive_Social_Learners_Day_1_Social_Influence_T3","mid_morning","In-App","Inactive_Social_Learners_Day_1_Social_Influence_T4","mid_morning","In-App"
"USR_000958","7","Day 12","Paid_Competitive_Week_2_Ownership_and_Possession_T1","evening","Push","Paid_Competitive_Week_2_Ownership_and_Possession_T2","evening","Push","Paid_Competitive_Week_2_Ownership_and_Possession_T3","night","Push","Paid_Competitive_Week_2_Ownership_and_Possession_T4","night","In-App","Paid_Competitive_Week_2_Ownership_and_Possession_T5","night","In-App","Paid_Competitive_Week_2_Ownership_and_Possession_T1","night","In-App","Paid_Competitive_Week_2_Ownership_and_Possession_T2","early_morning","In-App","Paid_Competitive_Week_2_Ownership_and_Possession_T3","early_morning","In-App","Paid_Competitive_Week_2_Ownership_and_Possession_T4","mid_morning","In-App"
"USR_000959","4","Day 25","Dormant_Social_Day_1_Unpredictability_T1","evening","Push","Dormant_Social_Day_1_Unpredictability_T2","night","Push","Dormant_Social_Day_1_Unpredictability_T3","night","Push","Dormant_Social_Day_1_Unpredictability_T4","night","In-App","Dormant_Social_Day_1_Unpredictability_T5","night","In-App","Dormant_Social_Day_1_Unpredictability_T1","night","In-App","Dormant_Social_Day_1_Unpredictability_T2","early_morning","In-App","Dormant_Social_Day_1_Unpredictability_T3","mid_morning","In-App","Dormant_Social_Day_1_Unpredictability_T4","mid_morning","In-App"
"USR_000960","5","Day 7","Dormant_Achiever_Day_1_Scarcity_and_Impatience_T1","evening","Push","Dormant_Achiever_Day_1_Scarcity_and_Impatience_T2","evening","Push","Dormant_Achiever_Day_1_Scarcity_and_Impatience_T3","night","Push","Dormant_Achiever_Day_1_Scarcity_and_Impatience_T4","night","In-App","Dormant_Achiever_Day_1_Scarcity_and_Impatience_T5","night","In-App","Dormant_Achiever_Day_1_Scarcity_and_Impatience_T1","night","In-App","Dormant_Achiever_Day_1_Scarcity_and_Impatience_T2","early_morning","In-App","Dormant_Achiever_Day_1_Scarcity_and_Impatience_T3","early_morning","In-App","Dormant_Achiever_Day_1_Scarcity_and_Impatience_T4","mid_morning","In-App"
"USR_000961","5","Day 0","Dormant_Achiever_Day_1_Scarcity_and_Impatience_T1","late_afternoon","Push","Dormant_Achiever_Day_1_Scarcity_and_Impatience_T2","evening","Push","Dormant_Achiever_Day_1_Scarcity_and_Impatience_T3","night","Push","Dormant_Achiever_Day_1_Scarcity_and_Impatience_T4","night","In-App","Dormant_Achiever_Day_1_Scarcity_and_Impatience_T5","night","In-App","Dormant_Achiever_Day_1_Scarcity_and_Impatience_T1","night","In-App","Dormant_Achiever_Day_1_Scarcity_and_Impatience_T2","night","In-App","Dormant_Achiever_Day_1_Scarcity_and_Impatience_T3","early_morning","In-App","Dormant_Achiever_Day_1_Scarcity_and_Impatience_T4","mid_morning","In-App"
"USR_000962","1","Day 7","Inactive_Social_Learners_Day_1_Social_Influence_T1","early_morning","Push","Inactive_Social_Learners_Day_1_Social_Influence_T2","mid_morning","Push","Inactive_Social_Learners_Day_1_Social_Influence_T3","mid_morning","Push","Inactive_Social_Learners_Day_1_Social_Influence_T4","afternoon","In-App","Inactive_Social_Learners_Day_1_Social_Influence_T5","late_afternoon","In-App","Inactive_Social_Learners_Day_1_Social_Influence_T1","late_afternoon","In-App","Inactive_Social_Learners_Day_1_Social_Influence_T2","evening","In-App","Inactive_Social_Learners_Day_1_Social_Influence_T3","night","In-App","Inactive_Social_Learners_Day_1_Social_Influence_T4","night","In-App"
"USR_000963","4","Day 59","Dormant_Social_Day_1_Unpredictability_T1","evening","Push","Dormant_Social_Day_1_Unpredictability_T2","night","Push","Dormant_Social_Day_1_Unpredictability_T3","night","Push","Dormant_Social_Day_1_Unpredictability_T4","night","In-App","Dormant_Social_Day_1_Unpredictability_T5","night","In-App","Dormant_Social_Day_1_Unpredictability_T1","early_morning","In-App","Dormant_Social_Day_1_Unpredictability_T2","early_morning","In-App","Dormant_Social_Day_1_Unpredictability_T3","mid_morning","In-App","Dormant_Social_Day_1_Unpredictability_T4","afternoon","In-App"
"USR_000964","4","Day 67","Dormant_Social_Day_1_Unpredictability_T1","afternoon","Push","Dormant_Social_Day_1_Unpredictability_T2","late_afternoon","Push","Dormant_Social_Day_1_Unpredictability_T3","evening","Push","Dormant_Social_Day_1_Unpredictability_T4","evening","In-App","Dormant_Social_Day_1_Unpredictability_T5","night","In-App","Dormant_Social_Day_1_Unpredictability_T1","night","In-App","Dormant_Social_Day_1_Unpredictability_T2","night","In-App","Dormant_Social_Day_1_Unpredictability_T3","night","In-App","Dormant_Social_Day_1_Unpredictability_T4","early_morning","In-App"
"USR_000965","4","Day 34","Dormant_Social_Day_1_Unpredictability_T1","night","Push","Dormant_Social_Day_1_Unpredictability_T2","night","Push","Dormant_Social_Day_1_Unpredictability_T3","night","Push","Dormant_Social_Day_1_Unpredictability_T4","night","In-App","Dormant_Social_Day_1_Unpredictability_T5","night","In-App","Dormant_Social_Day_1_Unpredictability_T1","early_morning","In-App","Dormant_Social_Day_1_Unpredictability_T2","mid_morning","In-App","Dormant_Social_Day_1_Unpredictability_T3","mid_morning","In-App","Dormant_Social_Day_1_Unpredictability_T4","afternoon","In-App"
"USR_000966","2","Day 26","Paid_Social_Achiever_Week_4_Creativity_and_Feedback_T1","afternoon","Push","Paid_Social_Achiever_Week_4_Creativity_and_Feedback_T2","afternoon","Push","Paid_Social_Achiever_Week_4_Creativity_and_Feedback_T3","late_afternoon","Push","Paid_Social_Achiever_Week_4_Creativity_and_Feedback_T4","evening","In-App","Paid_Social_Achiever_Week_4_Creativity_and_Feedback_T5","evening","In-App","Paid_Social_Achiever_Week_4_Creativity_and_Feedback_T1","night","In-App","Paid_Social_Achiever_Week_4_Creativity_and_Feedback_T2","night","In-App","Paid_Social_Achiever_Week_4_Creativity_and_Feedback_T3","night","In-App","Paid_Social_Achiever_Week_4_Creativity_and_Feedback_T4","night","In-App"
"USR_000967","5","Day 3","Dormant_Achiever_Day_1_Scarcity_and_Impatience_T1","night","Push","Dormant_Achiever_Day_1_Scarcity_and_Impatience_T2","night","Push","Dormant_Achiever_Day_1_Scarcity_and_Impatience_T3","night","Push","Dormant_Achiever_Day_1_Scarcity_and_Impatience_T4","night","In-App","Dormant_Achiever_Day_1_Scarcity_and_Impatience_T5","night","In-App","Dormant_Achiever_Day_1_Scarcity_and_Impatience_T1","early_morning","In-App","Dormant_Achiever_Day_1_Scarcity_and_Impatience_T2","mid_morning","In-App","Dormant_Achiever_Day_1_Scarcity_and_Impatience_T3","mid_morning","In-App","Dormant_Achiever_Day_1_Scarcity_and_Impatience_T4","afternoon","In-App"
"USR_000968","4","Day 75","Dormant_Social_Day_1_Unpredictability_T1","late_afternoon","Push","Dormant_Social_Day_1_Unpredictability_T2","late_afternoon","Push","Dormant_Social_Day_1_Unpredictability_T3","evening","Push","Dormant_Social_Day_1_Unpredictability_T4","night","In-App","Dormant_Social_Day_1_Unpredictability_T5","night","In-App","Dormant_Social_Day_1_Unpredictability_T1","night","In-App","Dormant_Social_Day_1_Unpredictability_T2","night","In-App","Dormant_Social_Day_1_Unpredictability_T3","night","In-App","Dormant_Social_Day_1_Unpredictability_T4","early_morning","In-App"
"USR_000969","0","Day 131","Inactive_Socialite_Day_1_Unpredictability_T1","afternoon","Push","Inactive_Socialite_Day_1_Unpredictability_T2","afternoon","Push","Inactive_Socialite_Day_1_Unpredictability_T3","late_afternoon","Push","Inactive_Socialite_Day_1_Unpredictability_T4","evening","In-App","Inactive_Socialite_Day_1_Unpredictability_T5","evening","In-App","Inactive_Socialite_Day_1_Unpredictability_T1","night","In-App","Inactive_Socialite_Day_1_Unpredictability_T2","night","In-App","Inactive_Socialite_Day_1_Unpredictability_T3","night","In-App","Inactive_Socialite_Day_1_Unpredictability_T4","night","In-App"
"USR_000970","2","Day 89","Paid_Social_Achiever_Week_4_Creativity_and_Feedback_T1","early_morning","Push","Paid_Social_Achiever_Week_4_Creativity_and_Feedback_T2","mid_morning","Push","Paid_Social_Achiever_Week_4_Creativity_and_Feedback_T3","mid_morning","Push","Paid_Social_Achiever_Week_4_Creativity_and_Feedback_T4","afternoon","In-App","Paid_Social_Achiever_Week_4_Creativity_and_Feedback_T5","late_afternoon","In-App","Paid_Social_Achiever_Week_4_Creativity_and_Feedback_T1","late_afternoon","In-App","Paid_Social_Achiever_Week_4_Creativity_and_Feedback_T2","evening","In-App","Paid_Social_Achiever_Week_4_Creativity_and_Feedback_T3","night","In-App","Paid_Social_Achiever_Week_4_Creativity_and_Feedback_T4","night","In-App"
"USR_000971","7","Day 111","Paid_Competitive_Week_4_Ownership_and_Possession_T1","late_afternoon","Push","Paid_Competitive_Week_4_Ownership_and_Possession_T2","evening","Push","Paid_Competitive_Week_4_Ownership_and_Possession_T3","evening","Push","Paid_Competitive_Week_4_Ownership_and_Possession_T4","night","In-App","Paid_Competitive_Week_4_Ownership_and_Possession_T5","night","In-App","Paid_Competitive_Week_4_Ownership_and_Possession_T1","night","In-App","Paid_Competitive_Week_4_Ownership_and_Possession_T2","night","In-App","Paid_Competitive_Week_4_Ownership_and_Possession_T3","early_morning","In-App","Paid_Competitive_Week_4_Ownership_and_Possession_T4","early_morning","In-App"
"USR_000972","3","Day 1","Inactive_Socialite_Day_1_Scarcity_and_Impatience_T1","night","Push","Inactive_Socialite_Day_1_Scarcity_and_Impatience_T2","night","Push","Inactive_Socialite_Day_1_Scarcity_and_Impatience_T3","night","Push","Inactive_Socialite_Day_1_Scarcity_and_Impatience_T4","night","In-App","Inactive_Socialite_Day_1_Scarcity_and_Impatience_T5","night","In-App","Inactive_Socialite_Day_1_Scarcity_and_Impatience_T1","early_morning","In-App","Inactive_Socialite_Day_1_Scarcity_and_Impatience_T2","mid_morning","In-App","Inactive_Socialite_Day_1_Scarcity_and_Impatience_T3","mid_morning","In-App","Inactive_Socialite_Day_1_Scarcity_and_Impatience_T4","afternoon","In-App"
"USR_000973","4","Day 66","Dormant_Social_Day_1_Unpredictability_T1","evening","Push","Dormant_Social_Day_1_Unpredictability_T2","night","Push","Dormant_Social_Day_1_Unpredictability_T3","night","Push","Dormant_Social_Day_1_Unpredictability_T4","night","In-App","Dormant_Social_Day_1_Unpredictability_T5","night","In-App","Dormant_Social_Day_1_Unpredictability_T1","early_morning","In-App","Dormant_Social_Day_1_Unpredictability_T2","early_morning","In-App","Dormant_Social_Day_1_Unpredictability_T3","mid_morning","In-App","Dormant_Social_Day_1_Unpredictability_T4","afternoon","In-App"
"USR_000974","2","Day 110","Paid_Social_Achiever_Week_4_Creativity_and_Feedback_T1","evening","Push","Paid_Social_Achiever_Week_4_Creativity_and_Feedback_T2","evening","Push","Paid_Social_Achiever_Week_4_Creativity_and_Feedback_T3","night","Push","Paid_Social_Achiever_Week_4_Creativity_and_Feedback_T4","night","In-App","Paid_Social_Achiever_Week_4_Creativity_and_Feedback_T5","night","In-App","Paid_Social_Achiever_Week_4_Creativity_and_Feedback_T1","night","In-App","Paid_Social_Achiever_Week_4_Creativity_and_Feedback_T2","early_morning","In-App","Paid_Social_Achiever_Week_4_Creativity_and_Feedback_T3","early_morning","In-App","Paid_Social_Achiever_Week_4_Creativity_and_Feedback_T4","mid_morning","In-App"
"USR_000975","5","Day 7","Dormant_Achiever_Day_1_Scarcity_and_Impatience_T1","early_morning","Push","Dormant_Achiever_Day_1_Scarcity_and_Impatience_T2","early_morning","Push","Dormant_Achiever_Day_1_Scarcity_and_Impatience_T3","mid_morning","Push","Dormant_Achiever_Day_1_Scarcity_and_Impatience_T4","afternoon","In-App","Dormant_Achiever_Day_1_Scarcity_and_Impatience_T5","afternoon","In-App","Dormant_Achiever_Day_1_Scarcity_and_Impatience_T1","late_afternoon","In-App","Dormant_Achiever_Day_1_Scarcity_and_Impatience_T2","evening","In-App","Dormant_Achiever_Day_1_Scarcity_and_Impatience_T3","evening","In-App","Dormant_Achiever_Day_1_Scarcity_and_Impatience_T4","night","In-App"
"USR_000976","4","Day 88","Dormant_Social_Day_1_Unpredictability_T1","early_morning","Push","Dormant_Social_Day_1_Unpredictability_T2","mid_morning","Push","Dormant_Social_Day_1_Unpredictability_T3","afternoon","Push","Dormant_Social_Day_1_Unpredictability_T4","afternoon","In-App","Dormant_Social_Day_1_Unpredictability_T5","late_afternoon","In-App","Dormant_Social_Day_1_Unpredictability_T1","evening","In-App","Dormant_Social_Day_1_Unpredictability_T2","evening","In-App","Dormant_Social_Day_1_Unpredictability_T3","night","In-App","Dormant_Social_Day_1_Unpredictability_T4","night","In-App"
"USR_000977","1","Day 0","Inactive_Social_Learners_Day_1_Social_Influence_T1","evening","Push","Inactive_Social_Learners_Day_1_Social_Influence_T2","evening","Push","Inactive_Social_Learners_Day_1_Social_Influence_T3","night","Push","Inactive_Social_Learners_Day_1_Social_Influence_T4","night","In-App","Inactive_Social_Learners_Day_1_Social_Influence_T5","night","In-App","Inactive_Social_Learners_Day_1_Social_Influence_T1","night","In-App","Inactive_Social_Learners_Day_1_Social_Influence_T2","early_morning","In-App","Inactive_Social_Learners_Day_1_Social_Influence_T3","early_morning","In-App","Inactive_Social_Learners_Day_1_Social_Influence_T4","mid_morning","In-App"
"USR_000978","2","Day 87","Paid_Social_Achiever_Week_4_Creativity_and_Feedback_T1","late_afternoon","Push","Paid_Social_Achiever_Week_4_Creativity_and_Feedback_T2","evening","Push","Paid_Social_Achiever_Week_4_Creativity_and_Feedback_T3","night","Push","Paid_Social_Achiever_Week_4_Creativity_and_Feedback_T4","night","In-App","Paid_Social_Achiever_Week_4_Creativity_and_Feedback_T5","night","In-App","Paid_Social_Achiever_Week_4_Creativity_and_Feedback_T1","night","In-App","Paid_Social_Achiever_Week_4_Creativity_and_Feedback_T2","night","In-App","Paid_Social_Achiever_Week_4_Creativity_and_Feedback_T3","early_morning","In-App","Paid_Social_Achiever_Week_4_Creativity_and_Feedback_T4","mid_morning","In-App"
"USR_000979","1","Day 113","Inactive_Social_Learners_Day_1_Social_Influence_T1","evening","Push","Inactive_Social_Learners_Day_1_Social_Influence_T2","evening","Push","Inactive_Social_Learners_Day_1_Social_Influence_T3","night","Push","Inactive_Social_Learners_Day_1_Social_Influence_T4","night","In-App","Inactive_Social_Learners_Day_1_Social_Influence_T5","night","In-App","Inactive_Social_Learners_Day_1_Social_Influence_T1","night","In-App","Inactive_Social_Learners_Day_1_Social_Influence_T2","early_morning","In-App","Inactive_Social_Learners_Day_1_Social_Influence_T3","early_morning","In-App","Inactive_Social_Learners_Day_1_Social_Influence_T4","mid_morning","In-App"
"USR_000980","5","Day 2","Dormant_Achiever_Day_1_Scarcity_and_Impatience_T1","late_afternoon","Push","Dormant_Achiever_Day_1_Scarcity_and_Impatience_T2","evening","Push","Dormant_Achiever_Day_1_Scarcity_and_Impatience_T3","evening","Push","Dormant_Achiever_Day_1_Scarcity_and_Impatience_T4","night","In-App","Dormant_Achiever_Day_1_Scarcity_and_Impatience_T5","night","In-App","Dormant_Achiever_Day_1_Scarcity_and_Impatience_T1","night","In-App","Dormant_Achiever_Day_1_Scarcity_and_Impatience_T2","night","In-App","Dormant_Achiever_Day_1_Scarcity_and_Impatience_T3","early_morning","In-App","Dormant_Achiever_Day_1_Scarcity_and_Impatience_T4","early_morning","In-App"
"USR_000981","2","Day 57","Paid_Social_Achiever_Week_4_Creativity_and_Feedback_T1","evening","Push","Paid_Social_Achiever_Week_4_Creativity_and_Feedback_T2","night","Push","Paid_Social_Achiever_Week_4_Creativity_and_Feedback_T3","night","Push","Paid_Social_Achiever_Week_4_Creativity_and_Feedback_T4","night","In-App","Paid_Social_Achiever_Week_4_Creativity_and_Feedback_T5","night","In-App","Paid_Social_Achiever_Week_4_Creativity_and_Feedback_T1","early_morning","In-App","Paid_Social_Achiever_Week_4_Creativity_and_Feedback_T2","early_morning","In-App","Paid_Social_Achiever_Week_4_Creativity_and_Feedback_T3","mid_morning","In-App","Paid_Social_Achiever_Week_4_Creativity_and_Feedback_T4","afternoon","In-App"
"USR_000982","2","Day 34","Paid_Social_Achiever_Week_4_Creativity_and_Feedback_T1","afternoon","Push","Paid_Social_Achiever_Week_4_Creativity_and_Feedback_T2","late_afternoon","Push","Paid_Social_Achiever_Week_4_Creativity_and_Feedback_T3","late_afternoon","Push","Paid_Social_Achiever_Week_4_Creativity_and_Feedback_T4","evening","In-App","Paid_Social_Achiever_Week_4_Creativity_and_Feedback_T5","night","In-App","Paid_Social_Achiever_Week_4_Creativity_and_Feedback_T1","night","In-App","Paid_Social_Achiever_Week_4_Creativity_and_Feedback_T2","night","In-App","Paid_Social_Achiever_Week_4_Creativity_and_Feedback_T3","night","In-App","Paid_Social_Achiever_Week_4_Creativity_and_Feedback_T4","night","In-App"
"USR_000983","4","Day 17","Dormant_Social_Day_1_Unpredictability_T1","afternoon","Push","Dormant_Social_Day_1_Unpredictability_T2","late_afternoon","Push","Dormant_Social_Day_1_Unpredictability_T3","evening","Push","Dormant_Social_Day_1_Unpredictability_T4","evening","In-App","Dormant_Social_Day_1_Unpredictability_T5","night","In-App","Dormant_Social_Day_1_Unpredictability_T1","night","In-App","Dormant_Social_Day_1_Unpredictability_T2","night","In-App","Dormant_Social_Day_1_Unpredictability_T3","night","In-App","Dormant_Social_Day_1_Unpredictability_T4","early_morning","In-App"
"USR_000984","0","Day 95","Inactive_Socialite_Day_1_Unpredictability_T1","late_afternoon","Push","Inactive_Socialite_Day_1_Unpredictability_T2","late_afternoon","Push","Inactive_Socialite_Day_1_Unpredictability_T3","evening","Push","Inactive_Socialite_Day_1_Unpredictability_T4","night","In-App","Inactive_Socialite_Day_1_Unpredictability_T5","night","In-App","Inactive_Socialite_Day_1_Unpredictability_T1","night","In-App","Inactive_Socialite_Day_1_Unpredictability_T2","night","In-App","Inactive_Socialite_Day_1_Unpredictability_T3","night","In-App","Inactive_Socialite_Day_1_Unpredictability_T4","early_morning","In-App"
"USR_000985","0","Day 88","Inactive_Socialite_Day_1_Unpredictability_T1","mid_morning","Push","Inactive_Socialite_Day_1_Unpredictability_T2","afternoon","Push","Inactive_Socialite_Day_1_Unpredictability_T3","afternoon","Push","Inactive_Socialite_Day_1_Unpredictability_T4","late_afternoon","In-App","Inactive_Socialite_Day_1_Unpredictability_T5","evening","In-App","Inactive_Socialite_Day_1_Unpredictability_T1","evening","In-App","Inactive_Socialite_Day_1_Unpredictability_T2","night","In-App","Inactive_Socialite_Day_1_Unpredictability_T3","night","In-App","Inactive_Socialite_Day_1_Unpredictability_T4","night","In-App"
"USR_000986","5","Day 4","Dormant_Achiever_Day_1_Scarcity_and_Impatience_T1","evening","Push","Dormant_Achiever_Day_1_Scarcity_and_Impatience_T2","night","Push","Dormant_Achiever_Day_1_Scarcity_and_Impatience_T3","night","Push","Dormant_Achiever_Day_1_Scarcity_and_Impatience_T4","night","In-App","Dormant_Achiever_Day_1_Scarcity_and_Impatience_T5","night","In-App","Dormant_Achiever_Day_1_Scarcity_and_Impatience_T1","night","In-App","Dormant_Achiever_Day_1_Scarcity_and_Impatience_T2","early_morning","In-App","Dormant_Achiever_Day_1_Scarcity_and_Impatience_T3","mid_morning","In-App","Dormant_Achiever_Day_1_Scarcity_and_Impatience_T4","mid_morning","In-App"
"USR_000987","7","Day 38","Paid_Competitive_Week_4_Ownership_and_Possession_T1","afternoon","Push","Paid_Competitive_Week_4_Ownership_and_Possession_T2","afternoon","Push","Paid_Competitive_Week_4_Ownership_and_Possession_T3","late_afternoon","Push","Paid_Competitive_Week_4_Ownership_and_Possession_T4","evening","In-App","Paid_Competitive_Week_4_Ownership_and_Possession_T5","evening","In-App","Paid_Competitive_Week_4_Ownership_and_Possession_T1","night","In-App","Paid_Competitive_Week_4_Ownership_and_Possession_T2","night","In-App","Paid_Competitive_Week_4_Ownership_and_Possession_T3","night","In-App","Paid_Competitive_Week_4_Ownership_and_Possession_T4","night","In-App"
"USR_000988","5","Day 0","Dormant_Achiever_Day_1_Scarcity_and_Impatience_T1","early_morning","Push","Dormant_Achiever_Day_1_Scarcity_and_Impatience_T2","mid_morning","Push","Dormant_Achiever_Day_1_Scarcity_and_Impatience_T3","mid_morning","Push","Dormant_Achiever_Day_1_Scarcity_and_Impatience_T4","afternoon","In-App","Dormant_Achiever_Day_1_Scarcity_and_Impatience_T5","late_afternoon","In-App","Dormant_Achiever_Day_1_Scarcity_and_Impatience_T1","late_afternoon","In-App","Dormant_Achiever_Day_1_Scarcity_and_Impatience_T2","evening","In-App","Dormant_Achiever_Day_1_Scarcity_and_Impatience_T3","night","In-App","Dormant_Achiever_Day_1_Scarcity_and_Impatience_T4","night","In-App"
"USR_000989","6","Day 4","Dormant_Scholar_Day_1_Creativity_and_Feedback_T1","night","Push","Dormant_Scholar_Day_1_Creativity_and_Feedback_T2","night","Push","Dormant_Scholar_Day_1_Creativity_and_Feedback_T3","night","Push","Dormant_Scholar_Day_1_Creativity_and_Feedback_T4","night","In-App","Dormant_Scholar_Day_1_Creativity_and_Feedback_T5","early_morning","In-App","Dormant_Scholar_Day_1_Creativity_and_Feedback_T1","mid_morning","In-App","Dormant_Scholar_Day_1_Creativity_and_Feedback_T2","mid_morning","In-App","Dormant_Scholar_Day_1_Creativity_and_Feedback_T3","afternoon","In-App","Dormant_Scholar_Day_1_Creativity_and_Feedback_T4","late_afternoon","In-App"
"USR_000990","2","Day 58","Paid_Social_Achiever_Week_4_Creativity_and_Feedback_T1","late_afternoon","Push","Paid_Social_Achiever_Week_4_Creativity_and_Feedback_T2","evening","Push","Paid_Social_Achiever_Week_4_Creativity_and_Feedback_T3","evening","Push","Paid_Social_Achiever_Week_4_Creativity_and_Feedback_T4","night","In-App","Paid_Social_Achiever_Week_4_Creativity_and_Feedback_T5","night","In-App","Paid_Social_Achiever_Week_4_Creativity_and_Feedback_T1","night","In-App","Paid_Social_Achiever_Week_4_Creativity_and_Feedback_T2","night","In-App","Paid_Social_Achiever_Week_4_Creativity_and_Feedback_T3","early_morning","In-App","Paid_Social_Achiever_Week_4_Creativity_and_Feedback_T4","early_morning","In-App"
"USR_000991","1","Day 71","Inactive_Social_Learners_Day_1_Social_Influence_T1","afternoon","Push","Inactive_Social_Learners_Day_1_Social_Influence_T2","late_afternoon","Push","Inactive_Social_Learners_Day_1_Social_Influence_T3","evening","Push","Inactive_Social_Learners_Day_1_Social_Influence_T4","evening","In-App","Inactive_Social_Learners_Day_1_Social_Influence_T5","night","In-App","Inactive_Social_Learners_Day_1_Social_Influence_T1","night","In-App","Inactive_Social_Learners_Day_1_Social_Influence_T2","night","In-App","Inactive_Social_Learners_Day_1_Social_Influence_T3","night","In-App","Inactive_Social_Learners_Day_1_Social_Influence_T4","early_morning","In-App"
"USR_000992","7","Day 107","Paid_Competitive_Week_4_Ownership_and_Possession_T1","early_morning","Push","Paid_Competitive_Week_4_Ownership_and_Possession_T2","mid_morning","Push","Paid_Competitive_Week_4_Ownership_and_Possession_T3","afternoon","Push","Paid_Competitive_Week_4_Ownership_and_Possession_T4","afternoon","In-App","Paid_Competitive_Week_4_Ownership_and_Possession_T5","late_afternoon","In-App","Paid_Competitive_Week_4_Ownership_and_Possession_T1","evening","In-App","Paid_Competitive_Week_4_Ownership_and_Possession_T2","evening","In-App","Paid_Competitive_Week_4_Ownership_and_Possession_T3","night","In-App","Paid_Competitive_Week_4_Ownership_and_Possession_T4","night","In-App"
"USR_000993","5","Day 5","Dormant_Achiever_Day_1_Scarcity_and_Impatience_T1","afternoon","Push","Dormant_Achiever_Day_1_Scarcity_and_Impatience_T2","afternoon","Push","Dormant_Achiever_Day_1_Scarcity_and_Impatience_T3","late_afternoon","Push","Dormant_Achiever_Day_1_Scarcity_and_Impatience_T4","evening","In-App","Dormant_Achiever_Day_1_Scarcity_and_Impatience_T5","evening","In-App","Dormant_Achiever_Day_1_Scarcity_and_Impatience_T1","night","In-App","Dormant_Achiever_Day_1_Scarcity_and_Impatience_T2","night","In-App","Dormant_Achiever_Day_1_Scarcity_and_Impatience_T3","night","In-App","Dormant_Achiever_Day_1_Scarcity_and_Impatience_T4","night","In-App"
"USR_000994","4","Day 23","Dormant_Social_Day_1_Unpredictability_T1","mid_morning","Push","Dormant_Social_Day_1_Unpredictability_T2","afternoon","Push","Dormant_Social_Day_1_Unpredictability_T3","late_afternoon","Push","Dormant_Social_Day_1_Unpredictability_T4","late_afternoon","In-App","Dormant_Social_Day_1_Unpredictability_T5","evening","In-App","Dormant_Social_Day_1_Unpredictability_T1","night","In-App","Dormant_Social_Day_1_Unpredictability_T2","night","In-App","Dormant_Social_Day_1_Unpredictability_T3","night","In-App","Dormant_Social_Day_1_Unpredictability_T4","night","In-App"
"USR_000995","3","Day 4","Inactive_Socialite_Day_1_Scarcity_and_Impatience_T1","early_morning","Push","Inactive_Socialite_Day_1_Scarcity_and_Impatience_T2","mid_morning","Push","Inactive_Socialite_Day_1_Scarcity_and_Impatience_T3","afternoon","Push","Inactive_Socialite_Day_1_Scarcity_and_Impatience_T4","afternoon","In-App","Inactive_Socialite_Day_1_Scarcity_and_Impatience_T5","late_afternoon","In-App","Inactive_Socialite_Day_1_Scarcity_and_Impatience_T1","evening","In-App","Inactive_Socialite_Day_1_Scarcity_and_Impatience_T2","evening","In-App","Inactive_Socialite_Day_1_Scarcity_and_Impatience_T3","night","In-App","Inactive_Socialite_Day_1_Scarcity_and_Impatience_T4","night","In-App"
"USR_000996","5","Day 7","Dormant_Achiever_Day_1_Scarcity_and_Impatience_T1","night","Push","Dormant_Achiever_Day_1_Scarcity_and_Impatience_T2","night","Push","Dormant_Achiever_Day_1_Scarcity_and_Impatience_T3","night","Push","Dormant_Achiever_Day_1_Scarcity_and_Impatience_T4","night","In-App","Dormant_Achiever_Day_1_Scarcity_and_Impatience_T5","early_morning","In-App","Dormant_Achiever_Day_1_Scarcity_and_Impatience_T1","mid_morning","In-App","Dormant_Achiever_Day_1_Scarcity_and_Impatience_T2","mid_morning","In-App","Dormant_Achiever_Day_1_Scarcity_and_Impatience_T3","afternoon","In-App","Dormant_Achiever_Day_1_Scarcity_and_Impatience_T4","late_afternoon","In-App"
"USR_000997","1","Day 4","Inactive_Social_Learners_Day_1_Social_Influence_T1","early_morning","Push","Inactive_Social_Learners_Day_1_Social_Influence_T2","early_morning","Push","Inactive_Social_Learners_Day_1_Social_Influence_T3","mid_morning","Push","Inactive_Social_Learners_Day_1_Social_Influence_T4","afternoon","In-App","Inactive_Social_Learners_Day_1_Social_Influence_T5","afternoon","In-App","Inactive_Social_Learners_Day_1_Social_Influence_T1","late_afternoon","In-App","Inactive_Social_Learners_Day_1_Social_Influence_T2","evening","In-App","Inactive_Social_Learners_Day_1_Social_Influence_T3","evening","In-App","Inactive_Social_Learners_Day_1_Social_Influence_T4","night","In-App"
"USR_000998","7","Day 27","Paid_Competitive_Week_4_Ownership_and_Possession_T1","evening","Push","Paid_Competitive_Week_4_Ownership_and_Possession_T2","night","Push","Paid_Competitive_Week_4_Ownership_and_Possession_T3","night","Push","Paid_Competitive_Week_4_Ownership_and_Possession_T4","night","In-App","Paid_Competitive_Week_4_Ownership_and_Possession_T5","night","In-App","Paid_Competitive_Week_4_Ownership_and_Possession_T1","night","In-App","Paid_Competitive_Week_4_Ownership_and_Possession_T2","early_morning","In-App","Paid_Competitive_Week_4_Ownership_and_Possession_T3","mid_morning","In-App","Paid_Competitive_Week_4_Ownership_and_Possession_T4","mid_morning","In-App"
"USR_000999","4","Day 28","Dormant_Social_Day_1_Unpredictability_T1","late_afternoon","Push","Dormant_Social_Day_1_Unpredictability_T2","late_afternoon","Push","Dormant_Social_Day_1_Unpredictability_T3","evening","Push","Dormant_Social_Day_1_Unpredictability_T4","night","In-App","Dormant_Social_Day_1_Unpredictability_T5","night","In-App","Dormant_Social_Day_1_Unpredictability_T1","night","In-App","Dormant_Social_Day_1_Unpredictability_T2","night","In-App","Dormant_Social_Day_1_Unpredictability_T3","night","In-App","Dormant_Social_Day_1_Unpredictability_T4","early_morning","In-App"
"USR_001000","3","Day 4","Inactive_Socialite_Day_1_Scarcity_and_Impatience_T1","afternoon","Push","Inactive_Socialite_Day_1_Scarcity_and_Impatience_T2","afternoon","Push","Inactive_Socialite_Day_1_Scarcity_and_Impatience_T3","late_afternoon","Push","Inactive_Socialite_Day_1_Scarcity_and_Impatience_T4","evening","In-App","Inactive_Socialite_Day_1_Scarcity_and_Impatience_T5","evening","In-App","Inactive_Socialite_Day_1_Scarcity_and_Impatience_T1","night","In-App","Inactive_Socialite_Day_1_Scarcity_and_Impatience_T2","night","In-App","Inactive_Socialite_Day_1_Scarcity_and_Impatience_T3","night","In-App","Inactive_Socialite_Day_1_Scarcity_and_Impatience_T4","night","In-App"
"USR_001001","3","Day 4","Inactive_Socialite_Day_1_Scarcity_and_Impatience_T1","night","Push","Inactive_Socialite_Day_1_Scarcity_and_Impatience_T2","night","Push","Inactive_Socialite_Day_1_Scarcity_and_Impatience_T3","night","Push","Inactive_Socialite_Day_1_Scarcity_and_Impatience_T4","night","In-App","Inactive_Socialite_Day_1_Scarcity_and_Impatience_T5","night","In-App","Inactive_Socialite_Day_1_Scarcity_and_Impatience_T1","early_morning","In-App","Inactive_Socialite_Day_1_Scarcity_and_Impatience_T2","mid_morning","In-App","Inactive_Socialite_Day_1_Scarcity_and_Impatience_T3","mid_morning","In-App","Inactive_Socialite_Day_1_Scarcity_and_Impatience_T4","afternoon","In-App"
"USR_001002","2","Day 50","Paid_Social_Achiever_Week_4_Creativity_and_Feedback_T1","early_morning","Push","Paid_Social_Achiever_Week_4_Creativity_and_Feedback_T2","mid_morning","Push","Paid_Social_Achiever_Week_4_Creativity_and_Feedback_T3","mid_morning","Push","Paid_Social_Achiever_Week_4_Creativity_and_Feedback_T4","afternoon","In-App","Paid_Social_Achiever_Week_4_Creativity_and_Feedback_T5","late_afternoon","In-App","Paid_Social_Achiever_Week_4_Creativity_and_Feedback_T1","late_afternoon","In-App","Paid_Social_Achiever_Week_4_Creativity_and_Feedback_T2","evening","In-App","Paid_Social_Achiever_Week_4_Creativity_and_Feedback_T3","night","In-App","Paid_Social_Achiever_Week_4_Creativity_and_Feedback_T4","night","In-App"
"USR_001003","7","Day 55","Paid_Competitive_Week_4_Ownership_and_Possession_T1","late_afternoon","Push","Paid_Competitive_Week_4_Ownership_and_Possession_T2","evening","Push","Paid_Competitive_Week_4_Ownership_and_Possession_T3","night","Push","Paid_Competitive_Week_4_Ownership_and_Possession_T4","night","In-App","Paid_Competitive_Week_4_Ownership_and_Possession_T5","night","In-App","Paid_Competitive_Week_4_Ownership_and_Possession_T1","night","In-App","Paid_Competitive_Week_4_Ownership_and_Possession_T2","night","In-App","Paid_Competitive_Week_4_Ownership_and_Possession_T3","early_morning","In-App","Paid_Competitive_Week_4_Ownership_and_Possession_T4","mid_morning","In-App"
"USR_001004","5","Day 1","Dormant_Achiever_Day_1_Scarcity_and_Impatience_T1","night","Push","Dormant_Achiever_Day_1_Scarcity_and_Impatience_T2","night","Push","Dormant_Achiever_Day_1_Scarcity_and_Impatience_T3","night","Push","Dormant_Achiever_Day_1_Scarcity_and_Impatience_T4","night","In-App","Dormant_Achiever_Day_1_Scarcity_and_Impatience_T5","night","In-App","Dormant_Achiever_Day_1_Scarcity_and_Impatience_T1","early_morning","In-App","Dormant_Achiever_Day_1_Scarcity_and_Impatience_T2","mid_morning","In-App","Dormant_Achiever_Day_1_Scarcity_and_Impatience_T3","mid_morning","In-App","Dormant_Achiever_Day_1_Scarcity_and_Impatience_T4","afternoon","In-App"
"USR_001005","4","Day 31","Dormant_Social_Day_1_Unpredictability_T1","afternoon","Push","Dormant_Social_Day_1_Unpredictability_T2","late_afternoon","Push","Dormant_Social_Day_1_Unpredictability_T3","late_afternoon","Push","Dormant_Social_Day_1_Unpredictability_T4","evening","In-App","Dormant_Social_Day_1_Unpredictability_T5","night","In-App","Dormant_Social_Day_1_Unpredictability_T1","night","In-App","Dormant_Social_Day_1_Unpredictability_T2","night","In-App","Dormant_Social_Day_1_Unpredictability_T3","night","In-App","Dormant_Social_Day_1_Unpredictability_T4","night","In-App"
"USR_001006","3","Day 0","Inactive_Socialite_Day_1_Scarcity_and_Impatience_T1","evening","Push","Inactive_Socialite_Day_1_Scarcity_and_Impatience_T2","evening","Push","Inactive_Socialite_Day_1_Scarcity_and_Impatience_T3","night","Push","Inactive_Socialite_Day_1_Scarcity_and_Impatience_T4","night","In-App","Inactive_Socialite_Day_1_Scarcity_and_Impatience_T5","night","In-App","Inactive_Socialite_Day_1_Scarcity_and_Impatience_T1","night","In-App","Inactive_Socialite_Day_1_Scarcity_and_Impatience_T2","early_morning","In-App","Inactive_Socialite_Day_1_Scarcity_and_Impatience_T3","early_morning","In-App","Inactive_Socialite_Day_1_Scarcity_and_Impatience_T4","mid_morning","In-App"
"USR_001007","1","Day 4","Inactive_Social_Learners_Day_1_Social_Influence_T1","late_afternoon","Push","Inactive_Social_Learners_Day_1_Social_Influence_T2","evening","Push","Inactive_Social_Learners_Day_1_Social_Influence_T3","night","Push","Inactive_Social_Learners_Day_1_Social_Influence_T4","night","In-App","Inactive_Social_Learners_Day_1_Social_Influence_T5","night","In-App","Inactive_Social_Learners_Day_1_Social_Influence_T1","night","In-App","Inactive_Social_Learners_Day_1_Social_Influence_T2","night","In-App","Inactive_Social_Learners_Day_1_Social_Influence_T3","early_morning","In-App","Inactive_Social_Learners_Day_1_Social_Influence_T4","mid_morning","In-App"
"USR_001008","0","Day 105","Inactive_Socialite_Day_1_Unpredictability_T1","mid_morning","Push","Inactive_Socialite_Day_1_Unpredictability_T2","mid_morning","Push","Inactive_Socialite_Day_1_Unpredictability_T3","afternoon","Push","Inactive_Socialite_Day_1_Unpredictability_T4","late_afternoon","In-App","Inactive_Socialite_Day_1_Unpredictability_T5","late_afternoon","In-App","Inactive_Socialite_Day_1_Unpredictability_T1","evening","In-App","Inactive_Socialite_Day_1_Unpredictability_T2","night","In-App","Inactive_Socialite_Day_1_Unpredictability_T3","night","In-App","Inactive_Socialite_Day_1_Unpredictability_T4","night","In-App"
"USR_001009","1","Day 1","Inactive_Social_Learners_Day_1_Social_Influence_T1","late_afternoon","Push","Inactive_Social_Learners_Day_1_Social_Influence_T2","late_afternoon","Push","Inactive_Social_Learners_Day_1_Social_Influence_T3","evening","Push","Inactive_Social_Learners_Day_1_Social_Influence_T4","night","In-App","Inactive_Social_Learners_Day_1_Social_Influence_T5","night","In-App","Inactive_Social_Learners_Day_1_Social_Influence_T1","night","In-App","Inactive_Social_Learners_Day_1_Social_Influence_T2","night","In-App","Inactive_Social_Learners_Day_1_Social_Influence_T3","night","In-App","Inactive_Social_Learners_Day_1_Social_Influence_T4","early_morning","In-App"
"USR_001010","1","Day 4","Inactive_Social_Learners_Day_1_Social_Influence_T1","early_morning","Push","Inactive_Social_Learners_Day_1_Social_Influence_T2","early_morning","Push","Inactive_Social_Learners_Day_1_Social_Influence_T3","mid_morning","Push","Inactive_Social_Learners_Day_1_Social_Influence_T4","afternoon","In-App","Inactive_Social_Learners_Day_1_Social_Influence_T5","afternoon","In-App","Inactive_Social_Learners_Day_1_Social_Influence_T1","late_afternoon","In-App","Inactive_Social_Learners_Day_1_Social_Influence_T2","evening","In-App","Inactive_Social_Learners_Day_1_Social_Influence_T3","evening","In-App","Inactive_Social_Learners_Day_1_Social_Influence_T4","night","In-App"
"USR_001011","2","Day 58","Paid_Social_Achiever_Week_4_Creativity_and_Feedback_T1","evening","Push","Paid_Social_Achiever_Week_4_Creativity_and_Feedback_T2","night","Push","Paid_Social_Achiever_Week_4_Creativity_and_Feedback_T3","night","Push","Paid_Social_Achiever_Week_4_Creativity_and_Feedback_T4","night","In-App","Paid_Social_Achiever_Week_4_Creativity_and_Feedback_T5","night","In-App","Paid_Social_Achiever_Week_4_Creativity_and_Feedback_T1","early_morning","In-App","Paid_Social_Achiever_Week_4_Creativity_and_Feedback_T2","early_morning","In-App","Paid_Social_Achiever_Week_4_Creativity_and_Feedback_T3","mid_morning","In-App","Paid_Social_Achiever_Week_4_Creativity_and_Feedback_T4","afternoon","In-App"
"USR_001012","4","Day 25","Dormant_Social_Day_1_Unpredictability_T1","night","Push","Dormant_Social_Day_1_Unpredictability_T2","night","Push","Dormant_Social_Day_1_Unpredictability_T3","night","Push","Dormant_Social_Day_1_Unpredictability_T4","night","In-App","Dormant_Social_Day_1_Unpredictability_T5","early_morning","In-App","Dormant_Social_Day_1_Unpredictability_T1","mid_morning","In-App","Dormant_Social_Day_1_Unpredictability_T2","mid_morning","In-App","Dormant_Social_Day_1_Unpredictability_T3","afternoon","In-App","Dormant_Social_Day_1_Unpredictability_T4","late_afternoon","In-App"
"USR_001013","5","Day 5","Dormant_Achiever_Day_1_Scarcity_and_Impatience_T1","late_afternoon","Push","Dormant_Achiever_Day_1_Scarcity_and_Impatience_T2","evening","Push","Dormant_Achiever_Day_1_Scarcity_and_Impatience_T3","evening","Push","Dormant_Achiever_Day_1_Scarcity_and_Impatience_T4","night","In-App","Dormant_Achiever_Day_1_Scarcity_and_Impatience_T5","night","In-App","Dormant_Achiever_Day_1_Scarcity_and_Impatience_T1","night","In-App","Dormant_Achiever_Day_1_Scarcity_and_Impatience_T2","night","In-App","Dormant_Achiever_Day_1_Scarcity_and_Impatience_T3","early_morning","In-App","Dormant_Achiever_Day_1_Scarcity_and_Impatience_T4","early_morning","In-App"
"USR_001014","5","Day 3","Dormant_Achiever_Day_1_Scarcity_and_Impatience_T1","evening","Push","Dormant_Achiever_Day_1_Scarcity_and_Impatience_T2","night","Push","Dormant_Achiever_Day_1_Scarcity_and_Impatience_T3","night","Push","Dormant_Achiever_Day_1_Scarcity_and_Impatience_T4","night","In-App","Dormant_Achiever_Day_1_Scarcity_and_Impatience_T5","night","In-App","Dormant_Achiever_Day_1_Scarcity_and_Impatience_T1","night","In-App","Dormant_Achiever_Day_1_Scarcity_and_Impatience_T2","early_morning","In-App","Dormant_Achiever_Day_1_Scarcity_and_Impatience_T3","mid_morning","In-App","Dormant_Achiever_Day_1_Scarcity_and_Impatience_T4","mid_morning","In-App"
"USR_001015","3","Day 1","Inactive_Socialite_Day_1_Scarcity_and_Impatience_T1","late_afternoon","Push","Inactive_Socialite_Day_1_Scarcity_and_Impatience_T2","evening","Push","Inactive_Socialite_Day_1_Scarcity_and_Impatience_T3","night","Push","Inactive_Socialite_Day_1_Scarcity_and_Impatience_T4","night","In-App","Inactive_Socialite_Day_1_Scarcity_and_Impatience_T5","night","In-App","Inactive_Socialite_Day_1_Scarcity_and_Impatience_T1","night","In-App","Inactive_Socialite_Day_1_Scarcity_and_Impatience_T2","night","In-App","Inactive_Socialite_Day_1_Scarcity_and_Impatience_T3","early_morning","In-App","Inactive_Socialite_Day_1_Scarcity_and_Impatience_T4","mid_morning","In-App"
"USR_001016","4","Day 88","Dormant_Social_Day_1_Unpredictability_T1","afternoon","Push","Dormant_Social_Day_1_Unpredictability_T2","late_afternoon","Push","Dormant_Social_Day_1_Unpredictability_T3","late_afternoon","Push","Dormant_Social_Day_1_Unpredictability_T4","evening","In-App","Dormant_Social_Day_1_Unpredictability_T5","night","In-App","Dormant_Social_Day_1_Unpredictability_T1","night","In-App","Dormant_Social_Day_1_Unpredictability_T2","night","In-App","Dormant_Social_Day_1_Unpredictability_T3","night","In-App","Dormant_Social_Day_1_Unpredictability_T4","night","In-App"
"USR_001017","2","Day 10","Paid_Social_Achiever_Week_2_Creativity_and_Feedback_T1","night","Push","Paid_Social_Achiever_Week_2_Creativity_and_Feedback_T2","night","Push","Paid_Social_Achiever_Week_2_Creativity_and_Feedback_T3","night","Push","Paid_Social_Achiever_Week_2_Creativity_and_Feedback_T4","night","In-App","Paid_Social_Achiever_Week_2_Creativity_and_Feedback_T5","early_morning","In-App","Paid_Social_Achiever_Week_2_Creativity_and_Feedback_T1","early_morning","In-App","Paid_Social_Achiever_Week_2_Creativity_and_Feedback_T2","mid_morning","In-App","Paid_Social_Achiever_Week_2_Creativity_and_Feedback_T3","afternoon","In-App","Paid_Social_Achiever_Week_2_Creativity_and_Feedback_T4","afternoon","In-App"
"USR_001018","4","Day 56","Dormant_Social_Day_1_Unpredictability_T1","early_morning","Push","Dormant_Social_Day_1_Unpredictability_T2","early_morning","Push","Dormant_Social_Day_1_Unpredictability_T3","mid_morning","Push","Dormant_Social_Day_1_Unpredictability_T4","afternoon","In-App","Dormant_Social_Day_1_Unpredictability_T5","afternoon","In-App","Dormant_Social_Day_1_Unpredictability_T1","late_afternoon","In-App","Dormant_Social_Day_1_Unpredictability_T2","evening","In-App","Dormant_Social_Day_1_Unpredictability_T3","evening","In-App","Dormant_Social_Day_1_Unpredictability_T4","night","In-App"
"USR_001019","3","Day 6","Inactive_Socialite_Day_1_Scarcity_and_Impatience_T1","evening","Push","Inactive_Socialite_Day_1_Scarcity_and_Impatience_T2","evening","Push","Inactive_Socialite_Day_1_Scarcity_and_Impatience_T3","night","Push","Inactive_Socialite_Day_1_Scarcity_and_Impatience_T4","night","In-App","Inactive_Socialite_Day_1_Scarcity_and_Impatience_T5","night","In-App","Inactive_Socialite_Day_1_Scarcity_and_Impatience_T1","night","In-App","Inactive_Socialite_Day_1_Scarcity_and_Impatience_T2","early_morning","In-App","Inactive_Socialite_Day_1_Scarcity_and_Impatience_T3","early_morning","In-App","Inactive_Socialite_Day_1_Scarcity_and_Impatience_T4","mid_morning","In-App"
"USR_001020","4","Day 14","Dormant_Social_Day_1_Unpredictability_T1","mid_morning","Push","Dormant_Social_Day_1_Unpredictability_T2","afternoon","Push","Dormant_Social_Day_1_Unpredictability_T3","afternoon","Push","Dormant_Social_Day_1_Unpredictability_T4","late_afternoon","In-App","Dormant_Social_Day_1_Unpredictability_T5","evening","In-App","Dormant_Social_Day_1_Unpredictability_T1","evening","In-App","Dormant_Social_Day_1_Unpredictability_T2","night","In-App","Dormant_Social_Day_1_Unpredictability_T3","night","In-App","Dormant_Social_Day_1_Unpredictability_T4","night","In-App"
"USR_001021","2","Day 86","Paid_Social_Achiever_Week_4_Creativity_and_Feedback_T1","evening","Push","Paid_Social_Achiever_Week_4_Creativity_and_Feedback_T2","night","Push","Paid_Social_Achiever_Week_4_Creativity_and_Feedback_T3","night","Push","Paid_Social_Achiever_Week_4_Creativity_and_Feedback_T4","night","In-App","Paid_Social_Achiever_Week_4_Creativity_and_Feedback_T5","night","In-App","Paid_Social_Achiever_Week_4_Creativity_and_Feedback_T1","night","In-App","Paid_Social_Achiever_Week_4_Creativity_and_Feedback_T2","early_morning","In-App","Paid_Social_Achiever_Week_4_Creativity_and_Feedback_T3","mid_morning","In-App","Paid_Social_Achiever_Week_4_Creativity_and_Feedback_T4","mid_morning","In-App"
"USR_001022","5","Day 3","Dormant_Achiever_Day_1_Scarcity_and_Impatience_T1","night","Push","Dormant_Achiever_Day_1_Scarcity_and_Impatience_T2","night","Push","Dormant_Achiever_Day_1_Scarcity_and_Impatience_T3","night","Push","Dormant_Achiever_Day_1_Scarcity_and_Impatience_T4","night","In-App","Dormant_Achiever_Day_1_Scarcity_and_Impatience_T5","night","In-App","Dormant_Achiever_Day_1_Scarcity_and_Impatience_T1","early_morning","In-App","Dormant_Achiever_Day_1_Scarcity_and_Impatience_T2","mid_morning","In-App","Dormant_Achiever_Day_1_Scarcity_and_Impatience_T3","mid_morning","In-App","Dormant_Achiever_Day_1_Scarcity_and_Impatience_T4","afternoon","In-App"
"USR_001023","5","Day 1","Dormant_Achiever_Day_1_Scarcity_and_Impatience_T1","late_afternoon","Push","Dormant_Achiever_Day_1_Scarcity_and_Impatience_T2","evening","Push","Dormant_Achiever_Day_1_Scarcity_and_Impatience_T3","evening","Push","Dormant_Achiever_Day_1_Scarcity_and_Impatience_T4","night","In-App","Dormant_Achiever_Day_1_Scarcity_and_Impatience_T5","night","In-App","Dormant_Achiever_Day_1_Scarcity_and_Impatience_T1","night","In-App","Dormant_Achiever_Day_1_Scarcity_and_Impatience_T2","night","In-App","Dormant_Achiever_Day_1_Scarcity_and_Impatience_T3","early_morning","In-App","Dormant_Achiever_Day_1_Scarcity_and_Impatience_T4","early_morning","In-App"
"USR_001024","5","Day 0","Dormant_Achiever_Day_1_Scarcity_and_Impatience_T1","mid_morning","Push","Dormant_Achiever_Day_1_Scarcity_and_Impatience_T2","afternoon","Push","Dormant_Achiever_Day_1_Scarcity_and_Impatience_T3","late_afternoon","Push","Dormant_Achiever_Day_1_Scarcity_and_Impatience_T4","late_afternoon","In-App","Dormant_Achiever_Day_1_Scarcity_and_Impatience_T5","evening","In-App","Dormant_Achiever_Day_1_Scarcity_and_Impatience_T1","night","In-App","Dormant_Achiever_Day_1_Scarcity_and_Impatience_T2","night","In-App","Dormant_Achiever_Day_1_Scarcity_and_Impatience_T3","night","In-App","Dormant_Achiever_Day_1_Scarcity_and_Impatience_T4","night","In-App"
"USR_001025","2","Day 68","Paid_Social_Achiever_Week_4_Creativity_and_Feedback_T1","mid_morning","Push","Paid_Social_Achiever_Week_4_Creativity_and_Feedback_T2","mid_morning","Push","Paid_Social_Achiever_Week_4_Creativity_and_Feedback_T3","afternoon","Push","Paid_Social_Achiever_Week_4_Creativity_and_Feedback_T4","late_afternoon","In-App","Paid_Social_Achiever_Week_4_Creativity_and_Feedback_T5","late_afternoon","In-App","Paid_Social_Achiever_Week_4_Creativity_and_Feedback_T1","evening","In-App","Paid_Social_Achiever_Week_4_Creativity_and_Feedback_T2","night","In-App","Paid_Social_Achiever_Week_4_Creativity_and_Feedback_T3","night","In-App","Paid_Social_Achiever_Week_4_Creativity_and_Feedback_T4","night","In-App"
"USR_001026","5","Day 2","Dormant_Achiever_Day_1_Scarcity_and_Impatience_T1","late_afternoon","Push","Dormant_Achiever_Day_1_Scarcity_and_Impatience_T2","evening","Push","Dormant_Achiever_Day_1_Scarcity_and_Impatience_T3","night","Push","Dormant_Achiever_Day_1_Scarcity_and_Impatience_T4","night","In-App","Dormant_Achiever_Day_1_Scarcity_and_Impatience_T5","night","In-App","Dormant_Achiever_Day_1_Scarcity_and_Impatience_T1","night","In-App","Dormant_Achiever_Day_1_Scarcity_and_Impatience_T2","night","In-App","Dormant_Achiever_Day_1_Scarcity_and_Impatience_T3","early_morning","In-App","Dormant_Achiever_Day_1_Scarcity_and_Impatience_T4","mid_morning","In-App"
"USR_001027","7","Day 31","Paid_Competitive_Week_4_Ownership_and_Possession_T1","late_afternoon","Push","Paid_Competitive_Week_4_Ownership_and_Possession_T2","late_afternoon","Push","Paid_Competitive_Week_4_Ownership_and_Possession_T3","evening","Push","Paid_Competitive_Week_4_Ownership_and_Possession_T4","night","In-App","Paid_Competitive_Week_4_Ownership_and_Possession_T5","night","In-App","Paid_Competitive_Week_4_Ownership_and_Possession_T1","night","In-App","Paid_Competitive_Week_4_Ownership_and_Possession_T2","night","In-App","Paid_Competitive_Week_4_Ownership_and_Possession_T3","night","In-App","Paid_Competitive_Week_4_Ownership_and_Possession_T4","early_morning","In-App"
"USR_001028","7","Day 14","Paid_Competitive_Week_2_Ownership_and_Possession_T1","late_afternoon","Push","Paid_Competitive_Week_2_Ownership_and_Possession_T2","evening","Push","Paid_Competitive_Week_2_Ownership_and_Possession_T3","night","Push","Paid_Competitive_Week_2_Ownership_and_Possession_T4","night","In-App","Paid_Competitive_Week_2_Ownership_and_Possession_T5","night","In-App","Paid_Competitive_Week_2_Ownership_and_Possession_T1","night","In-App","Paid_Competitive_Week_2_Ownership_and_Possession_T2","night","In-App","Paid_Competitive_Week_2_Ownership_and_Possession_T3","early_morning","In-App","Paid_Competitive_Week_2_Ownership_and_Possession_T4","mid_morning","In-App"
"USR_001029","0","Day 40","Inactive_Socialite_Day_1_Unpredictability_T1","night","Push","Inactive_Socialite_Day_1_Unpredictability_T2","night","Push","Inactive_Socialite_Day_1_Unpredictability_T3","night","Push","Inactive_Socialite_Day_1_Unpredictability_T4","night","In-App","Inactive_Socialite_Day_1_Unpredictability_T5","early_morning","In-App","Inactive_Socialite_Day_1_Unpredictability_T1","mid_morning","In-App","Inactive_Socialite_Day_1_Unpredictability_T2","mid_morning","In-App","Inactive_Socialite_Day_1_Unpredictability_T3","afternoon","In-App","Inactive_Socialite_Day_1_Unpredictability_T4","late_afternoon","In-App"
"USR_001030","1","Day 1","Inactive_Social_Learners_Day_1_Social_Influence_T1","late_afternoon","Push","Inactive_Social_Learners_Day_1_Social_Influence_T2","evening","Push","Inactive_Social_Learners_Day_1_Social_Influence_T3","evening","Push","Inactive_Social_Learners_Day_1_Social_Influence_T4","night","In-App","Inactive_Social_Learners_Day_1_Social_Influence_T5","night","In-App","Inactive_Social_Learners_Day_1_Social_Influence_T1","night","In-App","Inactive_Social_Learners_Day_1_Social_Influence_T2","night","In-App","Inactive_Social_Learners_Day_1_Social_Influence_T3","early_morning","In-App","Inactive_Social_Learners_Day_1_Social_Influence_T4","early_morning","In-App"
"USR_001031","4","Day 62","Dormant_Social_Day_1_Unpredictability_T1","afternoon","Push","Dormant_Social_Day_1_Unpredictability_T2","afternoon","Push","Dormant_Social_Day_1_Unpredictability_T3","late_afternoon","Push","Dormant_Social_Day_1_Unpredictability_T4","evening","In-App","Dormant_Social_Day_1_Unpredictability_T5","evening","In-App","Dormant_Social_Day_1_Unpredictability_T1","night","In-App","Dormant_Social_Day_1_Unpredictability_T2","night","In-App","Dormant_Social_Day_1_Unpredictability_T3","night","In-App","Dormant_Social_Day_1_Unpredictability_T4","night","In-App"
"USR_001032","0","Day 140","Inactive_Socialite_Day_1_Unpredictability_T1","night","Push","Inactive_Socialite_Day_1_Unpredictability_T2","night","Push","Inactive_Socialite_Day_1_Unpredictability_T3","night","Push","Inactive_Socialite_Day_1_Unpredictability_T4","night","In-App","Inactive_Socialite_Day_1_Unpredictability_T5","night","In-App","Inactive_Socialite_Day_1_Unpredictability_T1","early_morning","In-App","Inactive_Socialite_Day_1_Unpredictability_T2","mid_morning","In-App","Inactive_Socialite_Day_1_Unpredictability_T3","mid_morning","In-App","Inactive_Socialite_Day_1_Unpredictability_T4","afternoon","In-App"
"USR_001033","2","Day 40","Paid_Social_Achiever_Week_4_Creativity_and_Feedback_T1","early_morning","Push","Paid_Social_Achiever_Week_4_Creativity_and_Feedback_T2","mid_morning","Push","Paid_Social_Achiever_Week_4_Creativity_and_Feedback_T3","mid_morning","Push","Paid_Social_Achiever_Week_4_Creativity_and_Feedback_T4","afternoon","In-App","Paid_Social_Achiever_Week_4_Creativity_and_Feedback_T5","late_afternoon","In-App","Paid_Social_Achiever_Week_4_Creativity_and_Feedback_T1","late_afternoon","In-App","Paid_Social_Achiever_Week_4_Creativity_and_Feedback_T2","evening","In-App","Paid_Social_Achiever_Week_4_Creativity_and_Feedback_T3","night","In-App","Paid_Social_Achiever_Week_4_Creativity_and_Feedback_T4","night","In-App"
"USR_001034","5","Day 0","Dormant_Achiever_Day_1_Scarcity_and_Impatience_T1","evening","Push","Dormant_Achiever_Day_1_Scarcity_and_Impatience_T2","night","Push","Dormant_Achiever_Day_1_Scarcity_and_Impatience_T3","night","Push","Dormant_Achiever_Day_1_Scarcity_and_Impatience_T4","night","In-App","Dormant_Achiever_Day_1_Scarcity_and_Impatience_T5","night","In-App","Dormant_Achiever_Day_1_Scarcity_and_Impatience_T1","early_morning","In-App","Dormant_Achiever_Day_1_Scarcity_and_Impatience_T2","early_morning","In-App","Dormant_Achiever_Day_1_Scarcity_and_Impatience_T3","mid_morning","In-App","Dormant_Achiever_Day_1_Scarcity_and_Impatience_T4","afternoon","In-App"
"USR_001035","2","Day 26","Paid_Social_Achiever_Week_4_Creativity_and_Feedback_T1","evening","Push","Paid_Social_Achiever_Week_4_Creativity_and_Feedback_T2","evening","Push","Paid_Social_Achiever_Week_4_Creativity_and_Feedback_T3","night","Push","Paid_Social_Achiever_Week_4_Creativity_and_Feedback_T4","night","In-App","Paid_Social_Achiever_Week_4_Creativity_and_Feedback_T5","night","In-App","Paid_Social_Achiever_Week_4_Creativity_and_Feedback_T1","night","In-App","Paid_Social_Achiever_Week_4_Creativity_and_Feedback_T2","early_morning","In-App","Paid_Social_Achiever_Week_4_Creativity_and_Feedback_T3","early_morning","In-App","Paid_Social_Achiever_Week_4_Creativity_and_Feedback_T4","mid_morning","In-App"
"USR_001036","2","Day 92","Paid_Social_Achiever_Week_4_Creativity_and_Feedback_T1","night","Push","Paid_Social_Achiever_Week_4_Creativity_and_Feedback_T2","night","Push","Paid_Social_Achiever_Week_4_Creativity_and_Feedback_T3","night","Push","Paid_Social_Achiever_Week_4_Creativity_and_Feedback_T4","night","In-App","Paid_Social_Achiever_Week_4_Creativity_and_Feedback_T5","early_morning","In-App","Paid_Social_Achiever_Week_4_Creativity_and_Feedback_T1","early_morning","In-App","Paid_Social_Achiever_Week_4_Creativity_and_Feedback_T2","mid_morning","In-App","Paid_Social_Achiever_Week_4_Creativity_and_Feedback_T3","afternoon","In-App","Paid_Social_Achiever_Week_4_Creativity_and_Feedback_T4","afternoon","In-App"
"USR_001037","3","Day 2","Inactive_Socialite_Day_1_Scarcity_and_Impatience_T1","afternoon","Push","Inactive_Socialite_Day_1_Scarcity_and_Impatience_T2","late_afternoon","Push","Inactive_Socialite_Day_1_Scarcity_and_Impatience_T3","late_afternoon","Push","Inactive_Socialite_Day_1_Scarcity_and_Impatience_T4","evening","In-App","Inactive_Socialite_Day_1_Scarcity_and_Impatience_T5","night","In-App","Inactive_Socialite_Day_1_Scarcity_and_Impatience_T1","night","In-App","Inactive_Socialite_Day_1_Scarcity_and_Impatience_T2","night","In-App","Inactive_Socialite_Day_1_Scarcity_and_Impatience_T3","night","In-App","Inactive_Socialite_Day_1_Scarcity_and_Impatience_T4","night","In-App"
"USR_001038","0","Day 129","Inactive_Socialite_Day_1_Unpredictability_T1","early_morning","Push","Inactive_Socialite_Day_1_Unpredictability_T2","early_morning","Push","Inactive_Socialite_Day_1_Unpredictability_T3","mid_morning","Push","Inactive_Socialite_Day_1_Unpredictability_T4","afternoon","In-App","Inactive_Socialite_Day_1_Unpredictability_T5","afternoon","In-App","Inactive_Socialite_Day_1_Unpredictability_T1","late_afternoon","In-App","Inactive_Socialite_Day_1_Unpredictability_T2","evening","In-App","Inactive_Socialite_Day_1_Unpredictability_T3","evening","In-App","Inactive_Socialite_Day_1_Unpredictability_T4","night","In-App"
"USR_001039","0","Day 80","Inactive_Socialite_Day_1_Unpredictability_T1","night","Push","Inactive_Socialite_Day_1_Unpredictability_T2","night","Push","Inactive_Socialite_Day_1_Unpredictability_T3","night","Push","Inactive_Socialite_Day_1_Unpredictability_T4","night","In-App","Inactive_Socialite_Day_1_Unpredictability_T5","early_morning","In-App","Inactive_Socialite_Day_1_Unpredictability_T1","mid_morning","In-App","Inactive_Socialite_Day_1_Unpredictability_T2","mid_morning","In-App","Inactive_Socialite_Day_1_Unpredictability_T3","afternoon","In-App","Inactive_Socialite_Day_1_Unpredictability_T4","late_afternoon","In-App"
"USR_001040","6","Day 2","Dormant_Scholar_Day_1_Creativity_and_Feedback_T1","evening","Push","Dormant_Scholar_Day_1_Creativity_and_Feedback_T2","night","Push","Dormant_Scholar_Day_1_Creativity_and_Feedback_T3","night","Push","Dormant_Scholar_Day_1_Creativity_and_Feedback_T4","night","In-App","Dormant_Scholar_Day_1_Creativity_and_Feedback_T5","night","In-App","Dormant_Scholar_Day_1_Creativity_and_Feedback_T1","night","In-App","Dormant_Scholar_Day_1_Creativity_and_Feedback_T2","early_morning","In-App","Dormant_Scholar_Day_1_Creativity_and_Feedback_T3","mid_morning","In-App","Dormant_Scholar_Day_1_Creativity_and_Feedback_T4","mid_morning","In-App"
"USR_001041","5","Day 6","Dormant_Achiever_Day_1_Scarcity_and_Impatience_T1","afternoon","Push","Dormant_Achiever_Day_1_Scarcity_and_Impatience_T2","late_afternoon","Push","Dormant_Achiever_Day_1_Scarcity_and_Impatience_T3","evening","Push","Dormant_Achiever_Day_1_Scarcity_and_Impatience_T4","evening","In-App","Dormant_Achiever_Day_1_Scarcity_and_Impatience_T5","night","In-App","Dormant_Achiever_Day_1_Scarcity_and_Impatience_T1","night","In-App","Dormant_Achiever_Day_1_Scarcity_and_Impatience_T2","night","In-App","Dormant_Achiever_Day_1_Scarcity_and_Impatience_T3","night","In-App","Dormant_Achiever_Day_1_Scarcity_and_Impatience_T4","early_morning","In-App"
"USR_001042","5","Day 5","Dormant_Achiever_Day_1_Scarcity_and_Impatience_T1","afternoon","Push","Dormant_Achiever_Day_1_Scarcity_and_Impatience_T2","afternoon","Push","Dormant_Achiever_Day_1_Scarcity_and_Impatience_T3","late_afternoon","Push","Dormant_Achiever_Day_1_Scarcity_and_Impatience_T4","evening","In-App","Dormant_Achiever_Day_1_Scarcity_and_Impatience_T5","evening","In-App","Dormant_Achiever_Day_1_Scarcity_and_Impatience_T1","night","In-App","Dormant_Achiever_Day_1_Scarcity_and_Impatience_T2","night","In-App","Dormant_Achiever_Day_1_Scarcity_and_Impatience_T3","night","In-App","Dormant_Achiever_Day_1_Scarcity_and_Impatience_T4","night","In-App"
"USR_001043","2","Day 76","Paid_Social_Achiever_Week_4_Creativity_and_Feedback_T1","late_afternoon","Push","Paid_Social_Achiever_Week_4_Creativity_and_Feedback_T2","late_afternoon","Push","Paid_Social_Achiever_Week_4_Creativity_and_Feedback_T3","evening","Push","Paid_Social_Achiever_Week_4_Creativity_and_Feedback_T4","night","In-App","Paid_Social_Achiever_Week_4_Creativity_and_Feedback_T5","night","In-App","Paid_Social_Achiever_Week_4_Creativity_and_Feedback_T1","night","In-App","Paid_Social_Achiever_Week_4_Creativity_and_Feedback_T2","night","In-App","Paid_Social_Achiever_Week_4_Creativity_and_Feedback_T3","night","In-App","Paid_Social_Achiever_Week_4_Creativity_and_Feedback_T4","early_morning","In-App"
"USR_001044","4","Day 89","Dormant_Social_Day_1_Unpredictability_T1","late_afternoon","Push","Dormant_Social_Day_1_Unpredictability_T2","evening","Push","Dormant_Social_Day_1_Unpredictability_T3","night","Push","Dormant_Social_Day_1_Unpredictability_T4","night","In-App","Dormant_Social_Day_1_Unpredictability_T5","night","In-App","Dormant_Social_Day_1_Unpredictability_T1","night","In-App","Dormant_Social_Day_1_Unpredictability_T2","night","In-App","Dormant_Social_Day_1_Unpredictability_T3","early_morning","In-App","Dormant_Social_Day_1_Unpredictability_T4","mid_morning","In-App"
"USR_001045","3","Day 2","Inactive_Socialite_Day_1_Scarcity_and_Impatience_T1","afternoon","Push","Inactive_Socialite_Day_1_Scarcity_and_Impatience_T2","late_afternoon","Push","Inactive_Socialite_Day_1_Scarcity_and_Impatience_T3","late_afternoon","Push","Inactive_Socialite_Day_1_Scarcity_and_Impatience_T4","evening","In-App","Inactive_Socialite_Day_1_Scarcity_and_Impatience_T5","night","In-App","Inactive_Socialite_Day_1_Scarcity_and_Impatience_T1","night","In-App","Inactive_Socialite_Day_1_Scarcity_and_Impatience_T2","night","In-App","Inactive_Socialite_Day_1_Scarcity_and_Impatience_T3","night","In-App","Inactive_Socialite_Day_1_Scarcity_and_Impatience_T4","night","In-App"
"USR_001046","5","Day 5","Dormant_Achiever_Day_1_Scarcity_and_Impatience_T1","evening","Push","Dormant_Achiever_Day_1_Scarcity_and_Impatience_T2","evening","Push","Dormant_Achiever_Day_1_Scarcity_and_Impatience_T3","night","Push","Dormant_Achiever_Day_1_Scarcity_and_Impatience_T4","night","In-App","Dormant_Achiever_Day_1_Scarcity_and_Impatience_T5","night","In-App","Dormant_Achiever_Day_1_Scarcity_and_Impatience_T1","night","In-App","Dormant_Achiever_Day_1_Scarcity_and_Impatience_T2","early_morning","In-App","Dormant_Achiever_Day_1_Scarcity_and_Impatience_T3","early_morning","In-App","Dormant_Achiever_Day_1_Scarcity_and_Impatience_T4","mid_morning","In-App"
"USR_001047","3","Day 3","Inactive_Socialite_Day_1_Scarcity_and_Impatience_T1","evening","Push","Inactive_Socialite_Day_1_Scarcity_and_Impatience_T2","night","Push","Inactive_Socialite_Day_1_Scarcity_and_Impatience_T3","night","Push","Inactive_Socialite_Day_1_Scarcity_and_Impatience_T4","night","In-App","Inactive_Socialite_Day_1_Scarcity_and_Impatience_T5","night","In-App","Inactive_Socialite_Day_1_Scarcity_and_Impatience_T1","early_morning","In-App","Inactive_Socialite_Day_1_Scarcity_and_Impatience_T2","early_morning","In-App","Inactive_Socialite_Day_1_Scarcity_and_Impatience_T3","mid_morning","In-App","Inactive_Socialite_Day_1_Scarcity_and_Impatience_T4","afternoon","In-App"
"USR_001048","0","Day 70","Inactive_Socialite_Day_1_Unpredictability_T1","evening","Push","Inactive_Socialite_Day_1_Unpredictability_T2","night","Push","Inactive_Socialite_Day_1_Unpredictability_T3","night","Push","Inactive_Socialite_Day_1_Unpredictability_T4","night","In-App","Inactive_Socialite_Day_1_Unpredictability_T5","night","In-App","Inactive_Socialite_Day_1_Unpredictability_T1","night","In-App","Inactive_Socialite_Day_1_Unpredictability_T2","early_morning","In-App","Inactive_Socialite_Day_1_Unpredictability_T3","mid_morning","In-App","Inactive_Socialite_Day_1_Unpredictability_T4","mid_morning","In-App"
"USR_001049","7","Day 29","Paid_Competitive_Week_4_Ownership_and_Possession_T1","night","Push","Paid_Competitive_Week_4_Ownership_and_Possession_T2","night","Push","Paid_Competitive_Week_4_Ownership_and_Possession_T3","night","Push","Paid_Competitive_Week_4_Ownership_and_Possession_T4","night","In-App","Paid_Competitive_Week_4_Ownership_and_Possession_T5","night","In-App","Paid_Competitive_Week_4_Ownership_and_Possession_T1","early_morning","In-App","Paid_Competitive_Week_4_Ownership_and_Possession_T2","mid_morning","In-App","Paid_Competitive_Week_4_Ownership_and_Possession_T3","mid_morning","In-App","Paid_Competitive_Week_4_Ownership_and_Possession_T4","afternoon","In-App"
"USR_001050","0","Day 85","Inactive_Socialite_Day_1_Unpredictability_T1","evening","Push","Inactive_Socialite_Day_1_Unpredictability_T2","night","Push","Inactive_Socialite_Day_1_Unpredictability_T3","night","Push","Inactive_Socialite_Day_1_Unpredictability_T4","night","In-App","Inactive_Socialite_Day_1_Unpredictability_T5","night","In-App","Inactive_Socialite_Day_1_Unpredictability_T1","night","In-App","Inactive_Socialite_Day_1_Unpredictability_T2","early_morning","In-App","Inactive_Socialite_Day_1_Unpredictability_T3","mid_morning","In-App","Inactive_Socialite_Day_1_Unpredictability_T4","mid_morning","In-App"
"USR_001051","3","Day 7","Inactive_Socialite_Day_1_Scarcity_and_Impatience_T1","night","Push","Inactive_Socialite_Day_1_Scarcity_and_Impatience_T2","night","Push","Inactive_Socialite_Day_1_Scarcity_and_Impatience_T3","night","Push","Inactive_Socialite_Day_1_Scarcity_and_Impatience_T4","night","In-App","Inactive_Socialite_Day_1_Scarcity_and_Impatience_T5","early_morning","In-App","Inactive_Socialite_Day_1_Scarcity_and_Impatience_T1","mid_morning","In-App","Inactive_Socialite_Day_1_Scarcity_and_Impatience_T2","mid_morning","In-App","Inactive_Socialite_Day_1_Scarcity_and_Impatience_T3","afternoon","In-App","Inactive_Socialite_Day_1_Scarcity_and_Impatience_T4","late_afternoon","In-App"
"USR_001052","2","Day 112","Paid_Social_Achiever_Week_4_Creativity_and_Feedback_T1","evening","Push","Paid_Social_Achiever_Week_4_Creativity_and_Feedback_T2","evening","Push","Paid_Social_Achiever_Week_4_Creativity_and_Feedback_T3","night","Push","Paid_Social_Achiever_Week_4_Creativity_and_Feedback_T4","night","In-App","Paid_Social_Achiever_Week_4_Creativity_and_Feedback_T5","night","In-App","Paid_Social_Achiever_Week_4_Creativity_and_Feedback_T1","night","In-App","Paid_Social_Achiever_Week_4_Creativity_and_Feedback_T2","early_morning","In-App","Paid_Social_Achiever_Week_4_Creativity_and_Feedback_T3","early_morning","In-App","Paid_Social_Achiever_Week_4_Creativity_and_Feedback_T4","mid_morning","In-App"
"USR_001053","2","Day 41","Paid_Social_Achiever_Week_4_Creativity_and_Feedback_T1","night","Push","Paid_Social_Achiever_Week_4_Creativity_and_Feedback_T2","night","Push","Paid_Social_Achiever_Week_4_Creativity_and_Feedback_T3","night","Push","Paid_Social_Achiever_Week_4_Creativity_and_Feedback_T4","night","In-App","Paid_Social_Achiever_Week_4_Creativity_and_Feedback_T5","night","In-App","Paid_Social_Achiever_Week_4_Creativity_and_Feedback_T1","early_morning","In-App","Paid_Social_Achiever_Week_4_Creativity_and_Feedback_T2","mid_morning","In-App","Paid_Social_Achiever_Week_4_Creativity_and_Feedback_T3","mid_morning","In-App","Paid_Social_Achiever_Week_4_Creativity_and_Feedback_T4","afternoon","In-App"
"USR_001054","3","Day 1","Inactive_Socialite_Day_1_Scarcity_and_Impatience_T1","evening","Push","Inactive_Socialite_Day_1_Scarcity_and_Impatience_T2","night","Push","Inactive_Socialite_Day_1_Scarcity_and_Impatience_T3","night","Push","Inactive_Socialite_Day_1_Scarcity_and_Impatience_T4","night","In-App","Inactive_Socialite_Day_1_Scarcity_and_Impatience_T5","night","In-App","Inactive_Socialite_Day_1_Scarcity_and_Impatience_T1","night","In-App","Inactive_Socialite_Day_1_Scarcity_and_Impatience_T2","early_morning","In-App","Inactive_Socialite_Day_1_Scarcity_and_Impatience_T3","mid_morning","In-App","Inactive_Socialite_Day_1_Scarcity_and_Impatience_T4","mid_morning","In-App"
"USR_001055","4","Day 35","Dormant_Social_Day_1_Unpredictability_T1","evening","Push","Dormant_Social_Day_1_Unpredictability_T2","night","Push","Dormant_Social_Day_1_Unpredictability_T3","night","Push","Dormant_Social_Day_1_Unpredictability_T4","night","In-App","Dormant_Social_Day_1_Unpredictability_T5","night","In-App","Dormant_Social_Day_1_Unpredictability_T1","night","In-App","Dormant_Social_Day_1_Unpredictability_T2","early_morning","In-App","Dormant_Social_Day_1_Unpredictability_T3","mid_morning","In-App","Dormant_Social_Day_1_Unpredictability_T4","mid_morning","In-App"
"USR_001056","5","Day 0","Dormant_Achiever_Day_1_Scarcity_and_Impatience_T1","afternoon","Push","Dormant_Achiever_Day_1_Scarcity_and_Impatience_T2","afternoon","Push","Dormant_Achiever_Day_1_Scarcity_and_Impatience_T3","late_afternoon","Push","Dormant_Achiever_Day_1_Scarcity_and_Impatience_T4","evening","In-App","Dormant_Achiever_Day_1_Scarcity_and_Impatience_T5","evening","In-App","Dormant_Achiever_Day_1_Scarcity_and_Impatience_T1","night","In-App","Dormant_Achiever_Day_1_Scarcity_and_Impatience_T2","night","In-App","Dormant_Achiever_Day_1_Scarcity_and_Impatience_T3","night","In-App","Dormant_Achiever_Day_1_Scarcity_and_Impatience_T4","night","In-App"
"USR_001057","0","Day 152","Inactive_Socialite_Day_1_Unpredictability_T1","early_morning","Push","Inactive_Socialite_Day_1_Unpredictability_T2","mid_morning","Push","Inactive_Socialite_Day_1_Unpredictability_T3","mid_morning","Push","Inactive_Socialite_Day_1_Unpredictability_T4","afternoon","In-App","Inactive_Socialite_Day_1_Unpredictability_T5","late_afternoon","In-App","Inactive_Socialite_Day_1_Unpredictability_T1","late_afternoon","In-App","Inactive_Socialite_Day_1_Unpredictability_T2","evening","In-App","Inactive_Socialite_Day_1_Unpredictability_T3","night","In-App","Inactive_Socialite_Day_1_Unpredictability_T4","night","In-App"
"USR_001058","1","Day 14","Inactive_Social_Learners_Day_1_Social_Influence_T1","late_afternoon","Push","Inactive_Social_Learners_Day_1_Social_Influence_T2","evening","Push","Inactive_Social_Learners_Day_1_Social_Influence_T3","night","Push","Inactive_Social_Learners_Day_1_Social_Influence_T4","night","In-App","Inactive_Social_Learners_Day_1_Social_Influence_T5","night","In-App","Inactive_Social_Learners_Day_1_Social_Influence_T1","night","In-App","Inactive_Social_Learners_Day_1_Social_Influence_T2","night","In-App","Inactive_Social_Learners_Day_1_Social_Influence_T3","early_morning","In-App","Inactive_Social_Learners_Day_1_Social_Influence_T4","mid_morning","In-App"
"USR_001059","6","Day 49","Dormant_Scholar_Day_1_Creativity_and_Feedback_T1","night","Push","Dormant_Scholar_Day_1_Creativity_and_Feedback_T2","early_morning","Push","Dormant_Scholar_Day_1_Creativity_and_Feedback_T3","mid_morning","Push","Dormant_Scholar_Day_1_Creativity_and_Feedback_T4","mid_morning","In-App","Dormant_Scholar_Day_1_Creativity_and_Feedback_T5","afternoon","In-App","Dormant_Scholar_Day_1_Creativity_and_Feedback_T1","late_afternoon","In-App","Dormant_Scholar_Day_1_Creativity_and_Feedback_T2","late_afternoon","In-App","Dormant_Scholar_Day_1_Creativity_and_Feedback_T3","evening","In-App","Dormant_Scholar_Day_1_Creativity_and_Feedback_T4","night","In-App"
"USR_001060","5","Day 7","Dormant_Achiever_Day_1_Scarcity_and_Impatience_T1","mid_morning","Push","Dormant_Achiever_Day_1_Scarcity_and_Impatience_T2","mid_morning","Push","Dormant_Achiever_Day_1_Scarcity_and_Impatience_T3","afternoon","Push","Dormant_Achiever_Day_1_Scarcity_and_Impatience_T4","late_afternoon","In-App","Dormant_Achiever_Day_1_Scarcity_and_Impatience_T5","late_afternoon","In-App","Dormant_Achiever_Day_1_Scarcity_and_Impatience_T1","evening","In-App","Dormant_Achiever_Day_1_Scarcity_and_Impatience_T2","night","In-App","Dormant_Achiever_Day_1_Scarcity_and_Impatience_T3","night","In-App","Dormant_Achiever_Day_1_Scarcity_and_Impatience_T4","night","In-App"
"USR_001061","4","Day 94","Dormant_Social_Day_1_Unpredictability_T1","evening","Push","Dormant_Social_Day_1_Unpredictability_T2","night","Push","Dormant_Social_Day_1_Unpredictability_T3","night","Push","Dormant_Social_Day_1_Unpredictability_T4","night","In-App","Dormant_Social_Day_1_Unpredictability_T5","night","In-App","Dormant_Social_Day_1_Unpredictability_T1","night","In-App","Dormant_Social_Day_1_Unpredictability_T2","early_morning","In-App","Dormant_Social_Day_1_Unpredictability_T3","mid_morning","In-App","Dormant_Social_Day_1_Unpredictability_T4","mid_morning","In-App"
"USR_001062","2","Day 56","Paid_Social_Achiever_Week_4_Creativity_and_Feedback_T1","mid_morning","Push","Paid_Social_Achiever_Week_4_Creativity_and_Feedback_T2","mid_morning","Push","Paid_Social_Achiever_Week_4_Creativity_and_Feedback_T3","afternoon","Push","Paid_Social_Achiever_Week_4_Creativity_and_Feedback_T4","late_afternoon","In-App","Paid_Social_Achiever_Week_4_Creativity_and_Feedback_T5","late_afternoon","In-App","Paid_Social_Achiever_Week_4_Creativity_and_Feedback_T1","evening","In-App","Paid_Social_Achiever_Week_4_Creativity_and_Feedback_T2","night","In-App","Paid_Social_Achiever_Week_4_Creativity_and_Feedback_T3","night","In-App","Paid_Social_Achiever_Week_4_Creativity_and_Feedback_T4","night","In-App"
"USR_001063","2","Day 60","Paid_Social_Achiever_Week_4_Creativity_and_Feedback_T1","late_afternoon","Push","Paid_Social_Achiever_Week_4_Creativity_and_Feedback_T2","late_afternoon","Push","Paid_Social_Achiever_Week_4_Creativity_and_Feedback_T3","evening","Push","Paid_Social_Achiever_Week_4_Creativity_and_Feedback_T4","night","In-App","Paid_Social_Achiever_Week_4_Creativity_and_Feedback_T5","night","In-App","Paid_Social_Achiever_Week_4_Creativity_and_Feedback_T1","night","In-App","Paid_Social_Achiever_Week_4_Creativity_and_Feedback_T2","night","In-App","Paid_Social_Achiever_Week_4_Creativity_and_Feedback_T3","night","In-App","Paid_Social_Achiever_Week_4_Creativity_and_Feedback_T4","early_morning","In-App"
"USR_001064","7","Day 88","Paid_Competitive_Week_4_Ownership_and_Possession_T1","late_afternoon","Push","Paid_Competitive_Week_4_Ownership_and_Possession_T2","late_afternoon","Push","Paid_Competitive_Week_4_Ownership_and_Possession_T3","evening","Push","Paid_Competitive_Week_4_Ownership_and_Possession_T4","night","In-App","Paid_Competitive_Week_4_Ownership_and_Possession_T5","night","In-App","Paid_Competitive_Week_4_Ownership_and_Possession_T1","night","In-App","Paid_Competitive_Week_4_Ownership_and_Possession_T2","night","In-App","Paid_Competitive_Week_4_Ownership_and_Possession_T3","night","In-App","Paid_Competitive_Week_4_Ownership_and_Possession_T4","early_morning","In-App"
"USR_001065","4","Day 35","Dormant_Social_Day_1_Unpredictability_T1","evening","Push","Dormant_Social_Day_1_Unpredictability_T2","night","Push","Dormant_Social_Day_1_Unpredictability_T3","night","Push","Dormant_Social_Day_1_Unpredictability_T4","night","In-App","Dormant_Social_Day_1_Unpredictability_T5","night","In-App","Dormant_Social_Day_1_Unpredictability_T1","night","In-App","Dormant_Social_Day_1_Unpredictability_T2","early_morning","In-App","Dormant_Social_Day_1_Unpredictability_T3","mid_morning","In-App","Dormant_Social_Day_1_Unpredictability_T4","mid_morning","In-App"
"USR_001066","0","Day 172","Inactive_Socialite_Day_1_Unpredictability_T1","evening","Push","Inactive_Socialite_Day_1_Unpredictability_T2","evening","Push","Inactive_Socialite_Day_1_Unpredictability_T3","night","Push","Inactive_Socialite_Day_1_Unpredictability_T4","night","In-App","Inactive_Socialite_Day_1_Unpredictability_T5","night","In-App","Inactive_Socialite_Day_1_Unpredictability_T1","night","In-App","Inactive_Socialite_Day_1_Unpredictability_T2","early_morning","In-App","Inactive_Socialite_Day_1_Unpredictability_T3","early_morning","In-App","Inactive_Socialite_Day_1_Unpredictability_T4","mid_morning","In-App"
"USR_001067","6","Day 4","Dormant_Scholar_Day_1_Creativity_and_Feedback_T1","afternoon","Push","Dormant_Scholar_Day_1_Creativity_and_Feedback_T2","late_afternoon","Push","Dormant_Scholar_Day_1_Creativity_and_Feedback_T3","late_afternoon","Push","Dormant_Scholar_Day_1_Creativity_and_Feedback_T4","evening","In-App","Dormant_Scholar_Day_1_Creativity_and_Feedback_T5","night","In-App","Dormant_Scholar_Day_1_Creativity_and_Feedback_T1","night","In-App","Dormant_Scholar_Day_1_Creativity_and_Feedback_T2","night","In-App","Dormant_Scholar_Day_1_Creativity_and_Feedback_T3","night","In-App","Dormant_Scholar_Day_1_Creativity_and_Feedback_T4","night","In-App"
"USR_001068","4","Day 53","Dormant_Social_Day_1_Unpredictability_T1","early_morning","Push","Dormant_Social_Day_1_Unpredictability_T2","mid_morning","Push","Dormant_Social_Day_1_Unpredictability_T3","mid_morning","Push","Dormant_Social_Day_1_Unpredictability_T4","afternoon","In-App","Dormant_Social_Day_1_Unpredictability_T5","late_afternoon","In-App","Dormant_Social_Day_1_Unpredictability_T1","late_afternoon","In-App","Dormant_Social_Day_1_Unpredictability_T2","evening","In-App","Dormant_Social_Day_1_Unpredictability_T3","night","In-App","Dormant_Social_Day_1_Unpredictability_T4","night","In-App"
"USR_001069","0","Day 112","Inactive_Socialite_Day_1_Unpredictability_T1","evening","Push","Inactive_Socialite_Day_1_Unpredictability_T2","night","Push","Inactive_Socialite_Day_1_Unpredictability_T3","night","Push","Inactive_Socialite_Day_1_Unpredictability_T4","night","In-App","Inactive_Socialite_Day_1_Unpredictability_T5","night","In-App","Inactive_Socialite_Day_1_Unpredictability_T1","night","In-App","Inactive_Socialite_Day_1_Unpredictability_T2","early_morning","In-App","Inactive_Socialite_Day_1_Unpredictability_T3","mid_morning","In-App","Inactive_Socialite_Day_1_Unpredictability_T4","mid_morning","In-App"
"USR_001070","4","Day 66","Dormant_Social_Day_1_Unpredictability_T1","night","Push","Dormant_Social_Day_1_Unpredictability_T2","night","Push","Dormant_Social_Day_1_Unpredictability_T3","night","Push","Dormant_Social_Day_1_Unpredictability_T4","night","In-App","Dormant_Social_Day_1_Unpredictability_T5","night","In-App","Dormant_Social_Day_1_Unpredictability_T1","early_morning","In-App","Dormant_Social_Day_1_Unpredictability_T2","mid_morning","In-App","Dormant_Social_Day_1_Unpredictability_T3","mid_morning","In-App","Dormant_Social_Day_1_Unpredictability_T4","afternoon","In-App"
"USR_001071","0","Day 164","Inactive_Socialite_Day_1_Unpredictability_T1","early_morning","Push","Inactive_Socialite_Day_1_Unpredictability_T2","mid_morning","Push","Inactive_Socialite_Day_1_Unpredictability_T3","mid_morning","Push","Inactive_Socialite_Day_1_Unpredictability_T4","afternoon","In-App","Inactive_Socialite_Day_1_Unpredictability_T5","late_afternoon","In-App","Inactive_Socialite_Day_1_Unpredictability_T1","late_afternoon","In-App","Inactive_Socialite_Day_1_Unpredictability_T2","evening","In-App","Inactive_Socialite_Day_1_Unpredictability_T3","night","In-App","Inactive_Socialite_Day_1_Unpredictability_T4","night","In-App"
"USR_001072","4","Day 41","Dormant_Social_Day_1_Unpredictability_T1","evening","Push","Dormant_Social_Day_1_Unpredictability_T2","night","Push","Dormant_Social_Day_1_Unpredictability_T3","night","Push","Dormant_Social_Day_1_Unpredictability_T4","night","In-App","Dormant_Social_Day_1_Unpredictability_T5","night","In-App","Dormant_Social_Day_1_Unpredictability_T1","night","In-App","Dormant_Social_Day_1_Unpredictability_T2","early_morning","In-App","Dormant_Social_Day_1_Unpredictability_T3","mid_morning","In-App","Dormant_Social_Day_1_Unpredictability_T4","mid_morning","In-App"
"USR_001073","3","Day 6","Inactive_Socialite_Day_1_Scarcity_and_Impatience_T1","early_morning","Push","Inactive_Socialite_Day_1_Scarcity_and_Impatience_T2","mid_morning","Push","Inactive_Socialite_Day_1_Scarcity_and_Impatience_T3","afternoon","Push","Inactive_Socialite_Day_1_Scarcity_and_Impatience_T4","afternoon","In-App","Inactive_Socialite_Day_1_Scarcity_and_Impatience_T5","late_afternoon","In-App","Inactive_Socialite_Day_1_Scarcity_and_Impatience_T1","evening","In-App","Inactive_Socialite_Day_1_Scarcity_and_Impatience_T2","evening","In-App","Inactive_Socialite_Day_1_Scarcity_and_Impatience_T3","night","In-App","Inactive_Socialite_Day_1_Scarcity_and_Impatience_T4","night","In-App"
"USR_001074","7","Day 50","Paid_Competitive_Week_4_Ownership_and_Possession_T1","evening","Push","Paid_Competitive_Week_4_Ownership_and_Possession_T2","night","Push","Paid_Competitive_Week_4_Ownership_and_Possession_T3","night","Push","Paid_Competitive_Week_4_Ownership_and_Possession_T4","night","In-App","Paid_Competitive_Week_4_Ownership_and_Possession_T5","night","In-App","Paid_Competitive_Week_4_Ownership_and_Possession_T1","night","In-App","Paid_Competitive_Week_4_Ownership_and_Possession_T2","early_morning","In-App","Paid_Competitive_Week_4_Ownership_and_Possession_T3","mid_morning","In-App","Paid_Competitive_Week_4_Ownership_and_Possession_T4","mid_morning","In-App"
"USR_001075","2","Day 71","Paid_Social_Achiever_Week_4_Creativity_and_Feedback_T1","afternoon","Push","Paid_Social_Achiever_Week_4_Creativity_and_Feedback_T2","late_afternoon","Push","Paid_Social_Achiever_Week_4_Creativity_and_Feedback_T3","late_afternoon","Push","Paid_Social_Achiever_Week_4_Creativity_and_Feedback_T4","evening","In-App","Paid_Social_Achiever_Week_4_Creativity_and_Feedback_T5","night","In-App","Paid_Social_Achiever_Week_4_Creativity_and_Feedback_T1","night","In-App","Paid_Social_Achiever_Week_4_Creativity_and_Feedback_T2","night","In-App","Paid_Social_Achiever_Week_4_Creativity_and_Feedback_T3","night","In-App","Paid_Social_Achiever_Week_4_Creativity_and_Feedback_T4","night","In-App"
"USR_001076","4","Day 60","Dormant_Social_Day_1_Unpredictability_T1","late_afternoon","Push","Dormant_Social_Day_1_Unpredictability_T2","evening","Push","Dormant_Social_Day_1_Unpredictability_T3","evening","Push","Dormant_Social_Day_1_Unpredictability_T4","night","In-App","Dormant_Social_Day_1_Unpredictability_T5","night","In-App","Dormant_Social_Day_1_Unpredictability_T1","night","In-App","Dormant_Social_Day_1_Unpredictability_T2","night","In-App","Dormant_Social_Day_1_Unpredictability_T3","early_morning","In-App","Dormant_Social_Day_1_Unpredictability_T4","early_morning","In-App"
"USR_001077","4","Day 57","Dormant_Social_Day_1_Unpredictability_T1","afternoon","Push","Dormant_Social_Day_1_Unpredictability_T2","late_afternoon","Push","Dormant_Social_Day_1_Unpredictability_T3","late_afternoon","Push","Dormant_Social_Day_1_Unpredictability_T4","evening","In-App","Dormant_Social_Day_1_Unpredictability_T5","night","In-App","Dormant_Social_Day_1_Unpredictability_T1","night","In-App","Dormant_Social_Day_1_Unpredictability_T2","night","In-App","Dormant_Social_Day_1_Unpredictability_T3","night","In-App","Dormant_Social_Day_1_Unpredictability_T4","night","In-App"
"USR_001078","2","Day 45","Paid_Social_Achiever_Week_4_Creativity_and_Feedback_T1","early_morning","Push","Paid_Social_Achiever_Week_4_Creativity_and_Feedback_T2","mid_morning","Push","Paid_Social_Achiever_Week_4_Creativity_and_Feedback_T3","mid_morning","Push","Paid_Social_Achiever_Week_4_Creativity_and_Feedback_T4","afternoon","In-App","Paid_Social_Achiever_Week_4_Creativity_and_Feedback_T5","late_afternoon","In-App","Paid_Social_Achiever_Week_4_Creativity_and_Feedback_T1","late_afternoon","In-App","Paid_Social_Achiever_Week_4_Creativity_and_Feedback_T2","evening","In-App","Paid_Social_Achiever_Week_4_Creativity_and_Feedback_T3","night","In-App","Paid_Social_Achiever_Week_4_Creativity_and_Feedback_T4","night","In-App"
"USR_001079","4","Day 84","Dormant_Social_Day_1_Unpredictability_T1","evening","Push","Dormant_Social_Day_1_Unpredictability_T2","evening","Push","Dormant_Social_Day_1_Unpredictability_T3","night","Push","Dormant_Social_Day_1_Unpredictability_T4","night","In-App","Dormant_Social_Day_1_Unpredictability_T5","night","In-App","Dormant_Social_Day_1_Unpredictability_T1","night","In-App","Dormant_Social_Day_1_Unpredictability_T2","early_morning","In-App","Dormant_Social_Day_1_Unpredictability_T3","early_morning","In-App","Dormant_Social_Day_1_Unpredictability_T4","mid_morning","In-App"
"USR_001080","4","Day 51","Dormant_Social_Day_1_Unpredictability_T1","evening","Push","Dormant_Social_Day_1_Unpredictability_T2","night","Push","Dormant_Social_Day_1_Unpredictability_T3","night","Push","Dormant_Social_Day_1_Unpredictability_T4","night","In-App","Dormant_Social_Day_1_Unpredictability_T5","night","In-App","Dormant_Social_Day_1_Unpredictability_T1","night","In-App","Dormant_Social_Day_1_Unpredictability_T2","early_morning","In-App","Dormant_Social_Day_1_Unpredictability_T3","mid_morning","In-App","Dormant_Social_Day_1_Unpredictability_T4","mid_morning","In-App"
"USR_001081","4","Day 62","Dormant_Social_Day_1_Unpredictability_T1","evening","Push","Dormant_Social_Day_1_Unpredictability_T2","night","Push","Dormant_Social_Day_1_Unpredictability_T3","night","Push","Dormant_Social_Day_1_Unpredictability_T4","night","In-App","Dormant_Social_Day_1_Unpredictability_T5","night","In-App","Dormant_Social_Day_1_Unpredictability_T1","night","In-App","Dormant_Social_Day_1_Unpredictability_T2","early_morning","In-App","Dormant_Social_Day_1_Unpredictability_T3","mid_morning","In-App","Dormant_Social_Day_1_Unpredictability_T4","mid_morning","In-App"
"USR_001082","4","Day 60","Dormant_Social_Day_1_Unpredictability_T1","night","Push","Dormant_Social_Day_1_Unpredictability_T2","night","Push","Dormant_Social_Day_1_Unpredictability_T3","night","Push","Dormant_Social_Day_1_Unpredictability_T4","night","In-App","Dormant_Social_Day_1_Unpredictability_T5","early_morning","In-App","Dormant_Social_Day_1_Unpredictability_T1","early_morning","In-App","Dormant_Social_Day_1_Unpredictability_T2","mid_morning","In-App","Dormant_Social_Day_1_Unpredictability_T3","afternoon","In-App","Dormant_Social_Day_1_Unpredictability_T4","afternoon","In-App"
"USR_001083","4","Day 38","Dormant_Social_Day_1_Unpredictability_T1","evening","Push","Dormant_Social_Day_1_Unpredictability_T2","night","Push","Dormant_Social_Day_1_Unpredictability_T3","night","Push","Dormant_Social_Day_1_Unpredictability_T4","night","In-App","Dormant_Social_Day_1_Unpredictability_T5","night","In-App","Dormant_Social_Day_1_Unpredictability_T1","night","In-App","Dormant_Social_Day_1_Unpredictability_T2","early_morning","In-App","Dormant_Social_Day_1_Unpredictability_T3","mid_morning","In-App","Dormant_Social_Day_1_Unpredictability_T4","mid_morning","In-App"
"USR_001084","7","Day 68","Paid_Competitive_Week_4_Ownership_and_Possession_T1","mid_morning","Push","Paid_Competitive_Week_4_Ownership_and_Possession_T2","mid_morning","Push","Paid_Competitive_Week_4_Ownership_and_Possession_T3","afternoon","Push","Paid_Competitive_Week_4_Ownership_and_Possession_T4","late_afternoon","In-App","Paid_Competitive_Week_4_Ownership_and_Possession_T5","late_afternoon","In-App","Paid_Competitive_Week_4_Ownership_and_Possession_T1","evening","In-App","Paid_Competitive_Week_4_Ownership_and_Possession_T2","night","In-App","Paid_Competitive_Week_4_Ownership_and_Possession_T3","night","In-App","Paid_Competitive_Week_4_Ownership_and_Possession_T4","night","In-App"
"USR_001085","2","Day 54","Paid_Social_Achiever_Week_4_Creativity_and_Feedback_T1","late_afternoon","Push","Paid_Social_Achiever_Week_4_Creativity_and_Feedback_T2","evening","Push","Paid_Social_Achiever_Week_4_Creativity_and_Feedback_T3","evening","Push","Paid_Social_Achiever_Week_4_Creativity_and_Feedback_T4","night","In-App","Paid_Social_Achiever_Week_4_Creativity_and_Feedback_T5","night","In-App","Paid_Social_Achiever_Week_4_Creativity_and_Feedback_T1","night","In-App","Paid_Social_Achiever_Week_4_Creativity_and_Feedback_T2","night","In-App","Paid_Social_Achiever_Week_4_Creativity_and_Feedback_T3","early_morning","In-App","Paid_Social_Achiever_Week_4_Creativity_and_Feedback_T4","early_morning","In-App"
"USR_001086","4","Day 86","Dormant_Social_Day_1_Unpredictability_T1","evening","Push","Dormant_Social_Day_1_Unpredictability_T2","night","Push","Dormant_Social_Day_1_Unpredictability_T3","night","Push","Dormant_Social_Day_1_Unpredictability_T4","night","In-App","Dormant_Social_Day_1_Unpredictability_T5","night","In-App","Dormant_Social_Day_1_Unpredictability_T1","early_morning","In-App","Dormant_Social_Day_1_Unpredictability_T2","early_morning","In-App","Dormant_Social_Day_1_Unpredictability_T3","mid_morning","In-App","Dormant_Social_Day_1_Unpredictability_T4","afternoon","In-App"
"USR_001087","5","Day 5","Dormant_Achiever_Day_1_Scarcity_and_Impatience_T1","evening","Push","Dormant_Achiever_Day_1_Scarcity_and_Impatience_T2","evening","Push","Dormant_Achiever_Day_1_Scarcity_and_Impatience_T3","night","Push","Dormant_Achiever_Day_1_Scarcity_and_Impatience_T4","night","In-App","Dormant_Achiever_Day_1_Scarcity_and_Impatience_T5","night","In-App","Dormant_Achiever_Day_1_Scarcity_and_Impatience_T1","night","In-App","Dormant_Achiever_Day_1_Scarcity_and_Impatience_T2","early_morning","In-App","Dormant_Achiever_Day_1_Scarcity_and_Impatience_T3","early_morning","In-App","Dormant_Achiever_Day_1_Scarcity_and_Impatience_T4","mid_morning","In-App"
"USR_001088","4","Day 60","Dormant_Social_Day_1_Unpredictability_T1","evening","Push","Dormant_Social_Day_1_Unpredictability_T2","evening","Push","Dormant_Social_Day_1_Unpredictability_T3","night","Push","Dormant_Social_Day_1_Unpredictability_T4","night","In-App","Dormant_Social_Day_1_Unpredictability_T5","night","In-App","Dormant_Social_Day_1_Unpredictability_T1","night","In-App","Dormant_Social_Day_1_Unpredictability_T2","early_morning","In-App","Dormant_Social_Day_1_Unpredictability_T3","early_morning","In-App","Dormant_Social_Day_1_Unpredictability_T4","mid_morning","In-App"
"USR_001089","4","Day 42","Dormant_Social_Day_1_Unpredictability_T1","early_morning","Push","Dormant_Social_Day_1_Unpredictability_T2","early_morning","Push","Dormant_Social_Day_1_Unpredictability_T3","mid_morning","Push","Dormant_Social_Day_1_Unpredictability_T4","afternoon","In-App","Dormant_Social_Day_1_Unpredictability_T5","afternoon","In-App","Dormant_Social_Day_1_Unpredictability_T1","late_afternoon","In-App","Dormant_Social_Day_1_Unpredictability_T2","evening","In-App","Dormant_Social_Day_1_Unpredictability_T3","evening","In-App","Dormant_Social_Day_1_Unpredictability_T4","night","In-App"
"USR_001090","7","Day 112","Paid_Competitive_Week_4_Ownership_and_Possession_T1","evening","Push","Paid_Competitive_Week_4_Ownership_and_Possession_T2","night","Push","Paid_Competitive_Week_4_Ownership_and_Possession_T3","night","Push","Paid_Competitive_Week_4_Ownership_and_Possession_T4","night","In-App","Paid_Competitive_Week_4_Ownership_and_Possession_T5","night","In-App","Paid_Competitive_Week_4_Ownership_and_Possession_T1","early_morning","In-App","Paid_Competitive_Week_4_Ownership_and_Possession_T2","early_morning","In-App","Paid_Competitive_Week_4_Ownership_and_Possession_T3","mid_morning","In-App","Paid_Competitive_Week_4_Ownership_and_Possession_T4","afternoon","In-App"
"USR_001091","1","Day 3","Inactive_Social_Learners_Day_1_Social_Influence_T1","afternoon","Push","Inactive_Social_Learners_Day_1_Social_Influence_T2","afternoon","Push","Inactive_Social_Learners_Day_1_Social_Influence_T3","late_afternoon","Push","Inactive_Social_Learners_Day_1_Social_Influence_T4","evening","In-App","Inactive_Social_Learners_Day_1_Social_Influence_T5","evening","In-App","Inactive_Social_Learners_Day_1_Social_Influence_T1","night","In-App","Inactive_Social_Learners_Day_1_Social_Influence_T2","night","In-App","Inactive_Social_Learners_Day_1_Social_Influence_T3","night","In-App","Inactive_Social_Learners_Day_1_Social_Influence_T4","night","In-App"
"USR_001092","2","Day 99","Paid_Social_Achiever_Week_4_Creativity_and_Feedback_T1","mid_morning","Push","Paid_Social_Achiever_Week_4_Creativity_and_Feedback_T2","mid_morning","Push","Paid_Social_Achiever_Week_4_Creativity_and_Feedback_T3","afternoon","Push","Paid_Social_Achiever_Week_4_Creativity_and_Feedback_T4","late_afternoon","In-App","Paid_Social_Achiever_Week_4_Creativity_and_Feedback_T5","late_afternoon","In-App","Paid_Social_Achiever_Week_4_Creativity_and_Feedback_T1","evening","In-App","Paid_Social_Achiever_Week_4_Creativity_and_Feedback_T2","night","In-App","Paid_Social_Achiever_Week_4_Creativity_and_Feedback_T3","night","In-App","Paid_Social_Achiever_Week_4_Creativity_and_Feedback_T4","night","In-App"
"USR_001093","4","Day 86","Dormant_Social_Day_1_Unpredictability_T1","early_morning","Push","Dormant_Social_Day_1_Unpredictability_T2","early_morning","Push","Dormant_Social_Day_1_Unpredictability_T3","mid_morning","Push","Dormant_Social_Day_1_Unpredictability_T4","afternoon","In-App","Dormant_Social_Day_1_Unpredictability_T5","afternoon","In-App","Dormant_Social_Day_1_Unpredictability_T1","late_afternoon","In-App","Dormant_Social_Day_1_Unpredictability_T2","evening","In-App","Dormant_Social_Day_1_Unpredictability_T3","evening","In-App","Dormant_Social_Day_1_Unpredictability_T4","night","In-App"
"USR_001094","2","Day 48","Paid_Social_Achiever_Week_4_Creativity_and_Feedback_T1","evening","Push","Paid_Social_Achiever_Week_4_Creativity_and_Feedback_T2","evening","Push","Paid_Social_Achiever_Week_4_Creativity_and_Feedback_T3","night","Push","Paid_Social_Achiever_Week_4_Creativity_and_Feedback_T4","night","In-App","Paid_Social_Achiever_Week_4_Creativity_and_Feedback_T5","night","In-App","Paid_Social_Achiever_Week_4_Creativity_and_Feedback_T1","night","In-App","Paid_Social_Achiever_Week_4_Creativity_and_Feedback_T2","early_morning","In-App","Paid_Social_Achiever_Week_4_Creativity_and_Feedback_T3","early_morning","In-App","Paid_Social_Achiever_Week_4_Creativity_and_Feedback_T4","mid_morning","In-App"
"USR_001095","6","Day 3","Dormant_Scholar_Day_1_Creativity_and_Feedback_T1","late_afternoon","Push","Dormant_Scholar_Day_1_Creativity_and_Feedback_T2","evening","Push","Dormant_Scholar_Day_1_Creativity_and_Feedback_T3","night","Push","Dormant_Scholar_Day_1_Creativity_and_Feedback_T4","night","In-App","Dormant_Scholar_Day_1_Creativity_and_Feedback_T5","night","In-App","Dormant_Scholar_Day_1_Creativity_and_Feedback_T1","night","In-App","Dormant_Scholar_Day_1_Creativity_and_Feedback_T2","night","In-App","Dormant_Scholar_Day_1_Creativity_and_Feedback_T3","early_morning","In-App","Dormant_Scholar_Day_1_Creativity_and_Feedback_T4","mid_morning","In-App"
"USR_001096","2","Day 47","Paid_Social_Achiever_Week_4_Creativity_and_Feedback_T1","late_afternoon","Push","Paid_Social_Achiever_Week_4_Creativity_and_Feedback_T2","late_afternoon","Push","Paid_Social_Achiever_Week_4_Creativity_and_Feedback_T3","evening","Push","Paid_Social_Achiever_Week_4_Creativity_and_Feedback_T4","night","In-App","Paid_Social_Achiever_Week_4_Creativity_and_Feedback_T5","night","In-App","Paid_Social_Achiever_Week_4_Creativity_and_Feedback_T1","night","In-App","Paid_Social_Achiever_Week_4_Creativity_and_Feedback_T2","night","In-App","Paid_Social_Achiever_Week_4_Creativity_and_Feedback_T3","night","In-App","Paid_Social_Achiever_Week_4_Creativity_and_Feedback_T4","early_morning","In-App"
"USR_001097","5","Day 3","Dormant_Achiever_Day_1_Scarcity_and_Impatience_T1","mid_morning","Push","Dormant_Achiever_Day_1_Scarcity_and_Impatience_T2","afternoon","Push","Dormant_Achiever_Day_1_Scarcity_and_Impatience_T3","late_afternoon","Push","Dormant_Achiever_Day_1_Scarcity_and_Impatience_T4","late_afternoon","In-App","Dormant_Achiever_Day_1_Scarcity_and_Impatience_T5","evening","In-App","Dormant_Achiever_Day_1_Scarcity_and_Impatience_T1","night","In-App","Dormant_Achiever_Day_1_Scarcity_and_Impatience_T2","night","In-App","Dormant_Achiever_Day_1_Scarcity_and_Impatience_T3","night","In-App","Dormant_Achiever_Day_1_Scarcity_and_Impatience_T4","night","In-App"
"USR_001098","6","Day 7","Dormant_Scholar_Day_1_Creativity_and_Feedback_T1","early_morning","Push","Dormant_Scholar_Day_1_Creativity_and_Feedback_T2","mid_morning","Push","Dormant_Scholar_Day_1_Creativity_and_Feedback_T3","mid_morning","Push","Dormant_Scholar_Day_1_Creativity_and_Feedback_T4","afternoon","In-App","Dormant_Scholar_Day_1_Creativity_and_Feedback_T5","late_afternoon","In-App","Dormant_Scholar_Day_1_Creativity_and_Feedback_T1","late_afternoon","In-App","Dormant_Scholar_Day_1_Creativity_and_Feedback_T2","evening","In-App","Dormant_Scholar_Day_1_Creativity_and_Feedback_T3","night","In-App","Dormant_Scholar_Day_1_Creativity_and_Feedback_T4","night","In-App"
"USR_001099","0","Day 139","Inactive_Socialite_Day_1_Unpredictability_T1","night","Push","Inactive_Socialite_Day_1_Unpredictability_T2","night","Push","Inactive_Socialite_Day_1_Unpredictability_T3","night","Push","Inactive_Socialite_Day_1_Unpredictability_T4","night","In-App","Inactive_Socialite_Day_1_Unpredictability_T5","early_morning","In-App","Inactive_Socialite_Day_1_Unpredictability_T1","mid_morning","In-App","Inactive_Socialite_Day_1_Unpredictability_T2","mid_morning","In-App","Inactive_Socialite_Day_1_Unpredictability_T3","afternoon","In-App","Inactive_Socialite_Day_1_Unpredictability_T4","late_afternoon","In-App"
"USR_001100","5","Day 0","Dormant_Achiever_Day_1_Scarcity_and_Impatience_T1","afternoon","Push","Dormant_Achiever_Day_1_Scarcity_and_Impatience_T2","late_afternoon","Push","Dormant_Achiever_Day_1_Scarcity_and_Impatience_T3","evening","Push","Dormant_Achiever_Day_1_Scarcity_and_Impatience_T4","evening","In-App","Dormant_Achiever_Day_1_Scarcity_and_Impatience_T5","night","In-App","Dormant_Achiever_Day_1_Scarcity_and_Impatience_T1","night","In-App","Dormant_Achiever_Day_1_Scarcity_and_Impatience_T2","night","In-App","Dormant_Achiever_Day_1_Scarcity_and_Impatience_T3","night","In-App","Dormant_Achiever_Day_1_Scarcity_and_Impatience_T4","early_morning","In-App"
"USR_001101","6","Day 2","Dormant_Scholar_Day_1_Creativity_and_Feedback_T1","mid_morning","Push","Dormant_Scholar_Day_1_Creativity_and_Feedback_T2","afternoon","Push","Dormant_Scholar_Day_1_Creativity_and_Feedback_T3","afternoon","Push","Dormant_Scholar_Day_1_Creativity_and_Feedback_T4","late_afternoon","In-App","Dormant_Scholar_Day_1_Creativity_and_Feedback_T5","evening","In-App","Dormant_Scholar_Day_1_Creativity_and_Feedback_T1","evening","In-App","Dormant_Scholar_Day_1_Creativity_and_Feedback_T2","night","In-App","Dormant_Scholar_Day_1_Creativity_and_Feedback_T3","night","In-App","Dormant_Scholar_Day_1_Creativity_and_Feedback_T4","night","In-App"
"USR_001102","3","Day 5","Inactive_Socialite_Day_1_Scarcity_and_Impatience_T1","early_morning","Push","Inactive_Socialite_Day_1_Scarcity_and_Impatience_T2","early_morning","Push","Inactive_Socialite_Day_1_Scarcity_and_Impatience_T3","mid_morning","Push","Inactive_Socialite_Day_1_Scarcity_and_Impatience_T4","afternoon","In-App","Inactive_Socialite_Day_1_Scarcity_and_Impatience_T5","afternoon","In-App","Inactive_Socialite_Day_1_Scarcity_and_Impatience_T1","late_afternoon","In-App","Inactive_Socialite_Day_1_Scarcity_and_Impatience_T2","evening","In-App","Inactive_Socialite_Day_1_Scarcity_and_Impatience_T3","evening","In-App","Inactive_Socialite_Day_1_Scarcity_and_Impatience_T4","night","In-App"
"USR_001103","5","Day 6","Dormant_Achiever_Day_1_Scarcity_and_Impatience_T1","evening","Push","Dormant_Achiever_Day_1_Scarcity_and_Impatience_T2","evening","Push","Dormant_Achiever_Day_1_Scarcity_and_Impatience_T3","night","Push","Dormant_Achiever_Day_1_Scarcity_and_Impatience_T4","night","In-App","Dormant_Achiever_Day_1_Scarcity_and_Impatience_T5","night","In-App","Dormant_Achiever_Day_1_Scarcity_and_Impatience_T1","night","In-App","Dormant_Achiever_Day_1_Scarcity_and_Impatience_T2","early_morning","In-App","Dormant_Achiever_Day_1_Scarcity_and_Impatience_T3","early_morning","In-App","Dormant_Achiever_Day_1_Scarcity_and_Impatience_T4","mid_morning","In-App"
"USR_001104","4","Day 18","Dormant_Social_Day_1_Unpredictability_T1","late_afternoon","Push","Dormant_Social_Day_1_Unpredictability_T2","late_afternoon","Push","Dormant_Social_Day_1_Unpredictability_T3","evening","Push","Dormant_Social_Day_1_Unpredictability_T4","night","In-App","Dormant_Social_Day_1_Unpredictability_T5","night","In-App","Dormant_Social_Day_1_Unpredictability_T1","night","In-App","Dormant_Social_Day_1_Unpredictability_T2","night","In-App","Dormant_Social_Day_1_Unpredictability_T3","night","In-App","Dormant_Social_Day_1_Unpredictability_T4","early_morning","In-App"
"USR_001105","2","Day 120","Paid_Social_Achiever_Week_4_Creativity_and_Feedback_T1","evening","Push","Paid_Social_Achiever_Week_4_Creativity_and_Feedback_T2","night","Push","Paid_Social_Achiever_Week_4_Creativity_and_Feedback_T3","night","Push","Paid_Social_Achiever_Week_4_Creativity_and_Feedback_T4","night","In-App","Paid_Social_Achiever_Week_4_Creativity_and_Feedback_T5","night","In-App","Paid_Social_Achiever_Week_4_Creativity_and_Feedback_T1","early_morning","In-App","Paid_Social_Achiever_Week_4_Creativity_and_Feedback_T2","early_morning","In-App","Paid_Social_Achiever_Week_4_Creativity_and_Feedback_T3","mid_morning","In-App","Paid_Social_Achiever_Week_4_Creativity_and_Feedback_T4","afternoon","In-App"
"USR_001106","6","Day 6","Dormant_Scholar_Day_1_Creativity_and_Feedback_T1","afternoon","Push","Dormant_Scholar_Day_1_Creativity_and_Feedback_T2","afternoon","Push","Dormant_Scholar_Day_1_Creativity_and_Feedback_T3","late_afternoon","Push","Dormant_Scholar_Day_1_Creativity_and_Feedback_T4","evening","In-App","Dormant_Scholar_Day_1_Creativity_and_Feedback_T5","evening","In-App","Dormant_Scholar_Day_1_Creativity_and_Feedback_T1","night","In-App","Dormant_Scholar_Day_1_Creativity_and_Feedback_T2","night","In-App","Dormant_Scholar_Day_1_Creativity_and_Feedback_T3","night","In-App","Dormant_Scholar_Day_1_Creativity_and_Feedback_T4","night","In-App"
"USR_001107","3","Day 7","Inactive_Socialite_Day_1_Scarcity_and_Impatience_T1","evening","Push","Inactive_Socialite_Day_1_Scarcity_and_Impatience_T2","night","Push","Inactive_Socialite_Day_1_Scarcity_and_Impatience_T3","night","Push","Inactive_Socialite_Day_1_Scarcity_and_Impatience_T4","night","In-App","Inactive_Socialite_Day_1_Scarcity_and_Impatience_T5","night","In-App","Inactive_Socialite_Day_1_Scarcity_and_Impatience_T1","early_morning","In-App","Inactive_Socialite_Day_1_Scarcity_and_Impatience_T2","early_morning","In-App","Inactive_Socialite_Day_1_Scarcity_and_Impatience_T3","mid_morning","In-App","Inactive_Socialite_Day_1_Scarcity_and_Impatience_T4","afternoon","In-App"
"USR_001108","5","Day 0","Dormant_Achiever_Day_1_Scarcity_and_Impatience_T1","afternoon","Push","Dormant_Achiever_Day_1_Scarcity_and_Impatience_T2","late_afternoon","Push","Dormant_Achiever_Day_1_Scarcity_and_Impatience_T3","evening","Push","Dormant_Achiever_Day_1_Scarcity_and_Impatience_T4","evening","In-App","Dormant_Achiever_Day_1_Scarcity_and_Impatience_T5","night","In-App","Dormant_Achiever_Day_1_Scarcity_and_Impatience_T1","night","In-App","Dormant_Achiever_Day_1_Scarcity_and_Impatience_T2","night","In-App","Dormant_Achiever_Day_1_Scarcity_and_Impatience_T3","night","In-App","Dormant_Achiever_Day_1_Scarcity_and_Impatience_T4","early_morning","In-App"
"USR_001109","0","Day 129","Inactive_Socialite_Day_1_Unpredictability_T1","late_afternoon","Push","Inactive_Socialite_Day_1_Unpredictability_T2","late_afternoon","Push","Inactive_Socialite_Day_1_Unpredictability_T3","evening","Push","Inactive_Socialite_Day_1_Unpredictability_T4","night","In-App","Inactive_Socialite_Day_1_Unpredictability_T5","night","In-App","Inactive_Socialite_Day_1_Unpredictability_T1","night","In-App","Inactive_Socialite_Day_1_Unpredictability_T2","night","In-App","Inactive_Socialite_Day_1_Unpredictability_T3","night","In-App","Inactive_Socialite_Day_1_Unpredictability_T4","early_morning","In-App"
"USR_001110","4","Day 81","Dormant_Social_Day_1_Unpredictability_T1","evening","Push","Dormant_Social_Day_1_Unpredictability_T2","night","Push","Dormant_Social_Day_1_Unpredictability_T3","night","Push","Dormant_Social_Day_1_Unpredictability_T4","night","In-App","Dormant_Social_Day_1_Unpredictability_T5","night","In-App","Dormant_Social_Day_1_Unpredictability_T1","early_morning","In-App","Dormant_Social_Day_1_Unpredictability_T2","early_morning","In-App","Dormant_Social_Day_1_Unpredictability_T3","mid_morning","In-App","Dormant_Social_Day_1_Unpredictability_T4","afternoon","In-App"
"USR_001111","0","Day 86","Inactive_Socialite_Day_1_Unpredictability_T1","early_morning","Push","Inactive_Socialite_Day_1_Unpredictability_T2","early_morning","Push","Inactive_Socialite_Day_1_Unpredictability_T3","mid_morning","Push","Inactive_Socialite_Day_1_Unpredictability_T4","afternoon","In-App","Inactive_Socialite_Day_1_Unpredictability_T5","afternoon","In-App","Inactive_Socialite_Day_1_Unpredictability_T1","late_afternoon","In-App","Inactive_Socialite_Day_1_Unpredictability_T2","evening","In-App","Inactive_Socialite_Day_1_Unpredictability_T3","evening","In-App","Inactive_Socialite_Day_1_Unpredictability_T4","night","In-App"
"USR_001112","6","Day 7","Dormant_Scholar_Day_1_Creativity_and_Feedback_T1","late_afternoon","Push","Dormant_Scholar_Day_1_Creativity_and_Feedback_T2","evening","Push","Dormant_Scholar_Day_1_Creativity_and_Feedback_T3","night","Push","Dormant_Scholar_Day_1_Creativity_and_Feedback_T4","night","In-App","Dormant_Scholar_Day_1_Creativity_and_Feedback_T5","night","In-App","Dormant_Scholar_Day_1_Creativity_and_Feedback_T1","night","In-App","Dormant_Scholar_Day_1_Creativity_and_Feedback_T2","night","In-App","Dormant_Scholar_Day_1_Creativity_and_Feedback_T3","early_morning","In-App","Dormant_Scholar_Day_1_Creativity_and_Feedback_T4","mid_morning","In-App"
"USR_001113","0","Day 159","Inactive_Socialite_Day_1_Unpredictability_T1","night","Push","Inactive_Socialite_Day_1_Unpredictability_T2","night","Push","Inactive_Socialite_Day_1_Unpredictability_T3","night","Push","Inactive_Socialite_Day_1_Unpredictability_T4","night","In-App","Inactive_Socialite_Day_1_Unpredictability_T5","early_morning","In-App","Inactive_Socialite_Day_1_Unpredictability_T1","early_morning","In-App","Inactive_Socialite_Day_1_Unpredictability_T2","mid_morning","In-App","Inactive_Socialite_Day_1_Unpredictability_T3","afternoon","In-App","Inactive_Socialite_Day_1_Unpredictability_T4","afternoon","In-App"
"USR_001114","2","Day 44","Paid_Social_Achiever_Week_4_Creativity_and_Feedback_T1","late_afternoon","Push","Paid_Social_Achiever_Week_4_Creativity_and_Feedback_T2","evening","Push","Paid_Social_Achiever_Week_4_Creativity_and_Feedback_T3","evening","Push","Paid_Social_Achiever_Week_4_Creativity_and_Feedback_T4","night","In-App","Paid_Social_Achiever_Week_4_Creativity_and_Feedback_T5","night","In-App","Paid_Social_Achiever_Week_4_Creativity_and_Feedback_T1","night","In-App","Paid_Social_Achiever_Week_4_Creativity_and_Feedback_T2","night","In-App","Paid_Social_Achiever_Week_4_Creativity_and_Feedback_T3","early_morning","In-App","Paid_Social_Achiever_Week_4_Creativity_and_Feedback_T4","early_morning","In-App"
"USR_001115","7","Day 114","Paid_Competitive_Week_4_Ownership_and_Possession_T1","late_afternoon","Push","Paid_Competitive_Week_4_Ownership_and_Possession_T2","evening","Push","Paid_Competitive_Week_4_Ownership_and_Possession_T3","evening","Push","Paid_Competitive_Week_4_Ownership_and_Possession_T4","night","In-App","Paid_Competitive_Week_4_Ownership_and_Possession_T5","night","In-App","Paid_Competitive_Week_4_Ownership_and_Possession_T1","night","In-App","Paid_Competitive_Week_4_Ownership_and_Possession_T2","night","In-App","Paid_Competitive_Week_4_Ownership_and_Possession_T3","early_morning","In-App","Paid_Competitive_Week_4_Ownership_and_Possession_T4","early_morning","In-App"
"USR_001116","1","Day 3","Inactive_Social_Learners_Day_1_Social_Influence_T1","mid_morning","Push","Inactive_Social_Learners_Day_1_Social_Influence_T2","afternoon","Push","Inactive_Social_Learners_Day_1_Social_Influence_T3","afternoon","Push","Inactive_Social_Learners_Day_1_Social_Influence_T4","late_afternoon","In-App","Inactive_Social_Learners_Day_1_Social_Influence_T5","evening","In-App","Inactive_Social_Learners_Day_1_Social_Influence_T1","evening","In-App","Inactive_Social_Learners_Day_1_Social_Influence_T2","night","In-App","Inactive_Social_Learners_Day_1_Social_Influence_T3","night","In-App","Inactive_Social_Learners_Day_1_Social_Influence_T4","night","In-App"
"USR_001117","4","Day 27","Dormant_Social_Day_1_Unpredictability_T1","early_morning","Push","Dormant_Social_Day_1_Unpredictability_T2","early_morning","Push","Dormant_Social_Day_1_Unpredictability_T3","mid_morning","Push","Dormant_Social_Day_1_Unpredictability_T4","afternoon","In-App","Dormant_Social_Day_1_Unpredictability_T5","afternoon","In-App","Dormant_Social_Day_1_Unpredictability_T1","late_afternoon","In-App","Dormant_Social_Day_1_Unpredictability_T2","evening","In-App","Dormant_Social_Day_1_Unpredictability_T3","evening","In-App","Dormant_Social_Day_1_Unpredictability_T4","night","In-App"
"USR_001118","2","Day 24","Paid_Social_Achiever_Week_4_Creativity_and_Feedback_T1","late_afternoon","Push","Paid_Social_Achiever_Week_4_Creativity_and_Feedback_T2","evening","Push","Paid_Social_Achiever_Week_4_Creativity_and_Feedback_T3","night","Push","Paid_Social_Achiever_Week_4_Creativity_and_Feedback_T4","night","In-App","Paid_Social_Achiever_Week_4_Creativity_and_Feedback_T5","night","In-App","Paid_Social_Achiever_Week_4_Creativity_and_Feedback_T1","night","In-App","Paid_Social_Achiever_Week_4_Creativity_and_Feedback_T2","night","In-App","Paid_Social_Achiever_Week_4_Creativity_and_Feedback_T3","early_morning","In-App","Paid_Social_Achiever_Week_4_Creativity_and_Feedback_T4","mid_morning","In-App"
"USR_001119","4","Day 44","Dormant_Social_Day_1_Unpredictability_T1","evening","Push","Dormant_Social_Day_1_Unpredictability_T2","night","Push","Dormant_Social_Day_1_Unpredictability_T3","night","Push","Dormant_Social_Day_1_Unpredictability_T4","night","In-App","Dormant_Social_Day_1_Unpredictability_T5","night","In-App","Dormant_Social_Day_1_Unpredictability_T1","night","In-App","Dormant_Social_Day_1_Unpredictability_T2","early_morning","In-App","Dormant_Social_Day_1_Unpredictability_T3","mid_morning","In-App","Dormant_Social_Day_1_Unpredictability_T4","mid_morning","In-App"
"USR_001120","3","Day 4","Inactive_Socialite_Day_1_Scarcity_and_Impatience_T1","evening","Push","Inactive_Socialite_Day_1_Scarcity_and_Impatience_T2","night","Push","Inactive_Socialite_Day_1_Scarcity_and_Impatience_T3","night","Push","Inactive_Socialite_Day_1_Scarcity_and_Impatience_T4","night","In-App","Inactive_Socialite_Day_1_Scarcity_and_Impatience_T5","night","In-App","Inactive_Socialite_Day_1_Scarcity_and_Impatience_T1","night","In-App","Inactive_Socialite_Day_1_Scarcity_and_Impatience_T2","early_morning","In-App","Inactive_Socialite_Day_1_Scarcity_and_Impatience_T3","mid_morning","In-App","Inactive_Socialite_Day_1_Scarcity_and_Impatience_T4","mid_morning","In-App"
"USR_001121","5","Day 1","Dormant_Achiever_Day_1_Scarcity_and_Impatience_T1","evening","Push","Dormant_Achiever_Day_1_Scarcity_and_Impatience_T2","night","Push","Dormant_Achiever_Day_1_Scarcity_and_Impatience_T3","night","Push","Dormant_Achiever_Day_1_Scarcity_and_Impatience_T4","night","In-App","Dormant_Achiever_Day_1_Scarcity_and_Impatience_T5","night","In-App","Dormant_Achiever_Day_1_Scarcity_and_Impatience_T1","early_morning","In-App","Dormant_Achiever_Day_1_Scarcity_and_Impatience_T2","early_morning","In-App","Dormant_Achiever_Day_1_Scarcity_and_Impatience_T3","mid_morning","In-App","Dormant_Achiever_Day_1_Scarcity_and_Impatience_T4","afternoon","In-App"
"USR_001122","7","Day 38","Paid_Competitive_Week_4_Ownership_and_Possession_T1","night","Push","Paid_Competitive_Week_4_Ownership_and_Possession_T2","early_morning","Push","Paid_Competitive_Week_4_Ownership_and_Possession_T3","mid_morning","Push","Paid_Competitive_Week_4_Ownership_and_Possession_T4","mid_morning","In-App","Paid_Competitive_Week_4_Ownership_and_Possession_T5","afternoon","In-App","Paid_Competitive_Week_4_Ownership_and_Possession_T1","late_afternoon","In-App","Paid_Competitive_Week_4_Ownership_and_Possession_T2","late_afternoon","In-App","Paid_Competitive_Week_4_Ownership_and_Possession_T3","evening","In-App","Paid_Competitive_Week_4_Ownership_and_Possession_T4","night","In-App"
"USR_001123","3","Day 2","Inactive_Socialite_Day_1_Scarcity_and_Impatience_T1","evening","Push","Inactive_Socialite_Day_1_Scarcity_and_Impatience_T2","night","Push","Inactive_Socialite_Day_1_Scarcity_and_Impatience_T3","night","Push","Inactive_Socialite_Day_1_Scarcity_and_Impatience_T4","night","In-App","Inactive_Socialite_Day_1_Scarcity_and_Impatience_T5","night","In-App","Inactive_Socialite_Day_1_Scarcity_and_Impatience_T1","night","In-App","Inactive_Socialite_Day_1_Scarcity_and_Impatience_T2","early_morning","In-App","Inactive_Socialite_Day_1_Scarcity_and_Impatience_T3","mid_morning","In-App","Inactive_Socialite_Day_1_Scarcity_and_Impatience_T4","mid_morning","In-App"
"USR_001124","2","Day 100","Paid_Social_Achiever_Week_4_Creativity_and_Feedback_T1","early_morning","Push","Paid_Social_Achiever_Week_4_Creativity_and_Feedback_T2","mid_morning","Push","Paid_Social_Achiever_Week_4_Creativity_and_Feedback_T3","mid_morning","Push","Paid_Social_Achiever_Week_4_Creativity_and_Feedback_T4","afternoon","In-App","Paid_Social_Achiever_Week_4_Creativity_and_Feedback_T5","late_afternoon","In-App","Paid_Social_Achiever_Week_4_Creativity_and_Feedback_T1","late_afternoon","In-App","Paid_Social_Achiever_Week_4_Creativity_and_Feedback_T2","evening","In-App","Paid_Social_Achiever_Week_4_Creativity_and_Feedback_T3","night","In-App","Paid_Social_Achiever_Week_4_Creativity_and_Feedback_T4","night","In-App"
"USR_001125","2","Day 77","Paid_Social_Achiever_Week_4_Creativity_and_Feedback_T1","late_afternoon","Push","Paid_Social_Achiever_Week_4_Creativity_and_Feedback_T2","evening","Push","Paid_Social_Achiever_Week_4_Creativity_and_Feedback_T3","night","Push","Paid_Social_Achiever_Week_4_Creativity_and_Feedback_T4","night","In-App","Paid_Social_Achiever_Week_4_Creativity_and_Feedback_T5","night","In-App","Paid_Social_Achiever_Week_4_Creativity_and_Feedback_T1","night","In-App","Paid_Social_Achiever_Week_4_Creativity_and_Feedback_T2","night","In-App","Paid_Social_Achiever_Week_4_Creativity_and_Feedback_T3","early_morning","In-App","Paid_Social_Achiever_Week_4_Creativity_and_Feedback_T4","mid_morning","In-App"
"USR_001126","2","Day 39","Paid_Social_Achiever_Week_4_Creativity_and_Feedback_T1","late_afternoon","Push","Paid_Social_Achiever_Week_4_Creativity_and_Feedback_T2","evening","Push","Paid_Social_Achiever_Week_4_Creativity_and_Feedback_T3","night","Push","Paid_Social_Achiever_Week_4_Creativity_and_Feedback_T4","night","In-App","Paid_Social_Achiever_Week_4_Creativity_and_Feedback_T5","night","In-App","Paid_Social_Achiever_Week_4_Creativity_and_Feedback_T1","night","In-App","Paid_Social_Achiever_Week_4_Creativity_and_Feedback_T2","night","In-App","Paid_Social_Achiever_Week_4_Creativity_and_Feedback_T3","early_morning","In-App","Paid_Social_Achiever_Week_4_Creativity_and_Feedback_T4","mid_morning","In-App"
"USR_001127","0","Day 112","Inactive_Socialite_Day_1_Unpredictability_T1","night","Push","Inactive_Socialite_Day_1_Unpredictability_T2","early_morning","Push","Inactive_Socialite_Day_1_Unpredictability_T3","mid_morning","Push","Inactive_Socialite_Day_1_Unpredictability_T4","mid_morning","In-App","Inactive_Socialite_Day_1_Unpredictability_T5","afternoon","In-App","Inactive_Socialite_Day_1_Unpredictability_T1","late_afternoon","In-App","Inactive_Socialite_Day_1_Unpredictability_T2","late_afternoon","In-App","Inactive_Socialite_Day_1_Unpredictability_T3","evening","In-App","Inactive_Socialite_Day_1_Unpredictability_T4","night","In-App"
"USR_001128","2","Day 66","Paid_Social_Achiever_Week_4_Creativity_and_Feedback_T1","night","Push","Paid_Social_Achiever_Week_4_Creativity_and_Feedback_T2","night","Push","Paid_Social_Achiever_Week_4_Creativity_and_Feedback_T3","night","Push","Paid_Social_Achiever_Week_4_Creativity_and_Feedback_T4","night","In-App","Paid_Social_Achiever_Week_4_Creativity_and_Feedback_T5","night","In-App","Paid_Social_Achiever_Week_4_Creativity_and_Feedback_T1","early_morning","In-App","Paid_Social_Achiever_Week_4_Creativity_and_Feedback_T2","mid_morning","In-App","Paid_Social_Achiever_Week_4_Creativity_and_Feedback_T3","mid_morning","In-App","Paid_Social_Achiever_Week_4_Creativity_and_Feedback_T4","afternoon","In-App"
"USR_001129","7","Day 99","Paid_Competitive_Week_4_Ownership_and_Possession_T1","afternoon","Push","Paid_Competitive_Week_4_Ownership_and_Possession_T2","late_afternoon","Push","Paid_Competitive_Week_4_Ownership_and_Possession_T3","late_afternoon","Push","Paid_Competitive_Week_4_Ownership_and_Possession_T4","evening","In-App","Paid_Competitive_Week_4_Ownership_and_Possession_T5","night","In-App","Paid_Competitive_Week_4_Ownership_and_Possession_T1","night","In-App","Paid_Competitive_Week_4_Ownership_and_Possession_T2","night","In-App","Paid_Competitive_Week_4_Ownership_and_Possession_T3","night","In-App","Paid_Competitive_Week_4_Ownership_and_Possession_T4","night","In-App"
"USR_001130","4","Day 55","Dormant_Social_Day_1_Unpredictability_T1","afternoon","Push","Dormant_Social_Day_1_Unpredictability_T2","late_afternoon","Push","Dormant_Social_Day_1_Unpredictability_T3","evening","Push","Dormant_Social_Day_1_Unpredictability_T4","evening","In-App","Dormant_Social_Day_1_Unpredictability_T5","night","In-App","Dormant_Social_Day_1_Unpredictability_T1","night","In-App","Dormant_Social_Day_1_Unpredictability_T2","night","In-App","Dormant_Social_Day_1_Unpredictability_T3","night","In-App","Dormant_Social_Day_1_Unpredictability_T4","early_morning","In-App"
"USR_001131","0","Day 111","Inactive_Socialite_Day_1_Unpredictability_T1","early_morning","Push","Inactive_Socialite_Day_1_Unpredictability_T2","mid_morning","Push","Inactive_Socialite_Day_1_Unpredictability_T3","mid_morning","Push","Inactive_Socialite_Day_1_Unpredictability_T4","afternoon","In-App","Inactive_Socialite_Day_1_Unpredictability_T5","late_afternoon","In-App","Inactive_Socialite_Day_1_Unpredictability_T1","late_afternoon","In-App","Inactive_Socialite_Day_1_Unpredictability_T2","evening","In-App","Inactive_Socialite_Day_1_Unpredictability_T3","night","In-App","Inactive_Socialite_Day_1_Unpredictability_T4","night","In-App"
"USR_001132","6","Day 4","Dormant_Scholar_Day_1_Creativity_and_Feedback_T1","night","Push","Dormant_Scholar_Day_1_Creativity_and_Feedback_T2","night","Push","Dormant_Scholar_Day_1_Creativity_and_Feedback_T3","night","Push","Dormant_Scholar_Day_1_Creativity_and_Feedback_T4","night","In-App","Dormant_Scholar_Day_1_Creativity_and_Feedback_T5","early_morning","In-App","Dormant_Scholar_Day_1_Creativity_and_Feedback_T1","early_morning","In-App","Dormant_Scholar_Day_1_Creativity_and_Feedback_T2","mid_morning","In-App","Dormant_Scholar_Day_1_Creativity_and_Feedback_T3","afternoon","In-App","Dormant_Scholar_Day_1_Creativity_and_Feedback_T4","afternoon","In-App"
"USR_001133","5","Day 0","Dormant_Achiever_Day_1_Scarcity_and_Impatience_T1","evening","Push","Dormant_Achiever_Day_1_Scarcity_and_Impatience_T2","night","Push","Dormant_Achiever_Day_1_Scarcity_and_Impatience_T3","night","Push","Dormant_Achiever_Day_1_Scarcity_and_Impatience_T4","night","In-App","Dormant_Achiever_Day_1_Scarcity_and_Impatience_T5","night","In-App","Dormant_Achiever_Day_1_Scarcity_and_Impatience_T1","early_morning","In-App","Dormant_Achiever_Day_1_Scarcity_and_Impatience_T2","early_morning","In-App","Dormant_Achiever_Day_1_Scarcity_and_Impatience_T3","mid_morning","In-App","Dormant_Achiever_Day_1_Scarcity_and_Impatience_T4","afternoon","In-App"
"USR_001134","1","Day 39","Inactive_Social_Learners_Day_1_Social_Influence_T1","evening","Push","Inactive_Social_Learners_Day_1_Social_Influence_T2","night","Push","Inactive_Social_Learners_Day_1_Social_Influence_T3","night","Push","Inactive_Social_Learners_Day_1_Social_Influence_T4","night","In-App","Inactive_Social_Learners_Day_1_Social_Influence_T5","night","In-App","Inactive_Social_Learners_Day_1_Social_Influence_T1","night","In-App","Inactive_Social_Learners_Day_1_Social_Influence_T2","early_morning","In-App","Inactive_Social_Learners_Day_1_Social_Influence_T3","mid_morning","In-App","Inactive_Social_Learners_Day_1_Social_Influence_T4","mid_morning","In-App"
"USR_001135","5","Day 7","Dormant_Achiever_Day_1_Scarcity_and_Impatience_T1","afternoon","Push","Dormant_Achiever_Day_1_Scarcity_and_Impatience_T2","late_afternoon","Push","Dormant_Achiever_Day_1_Scarcity_and_Impatience_T3","evening","Push","Dormant_Achiever_Day_1_Scarcity_and_Impatience_T4","evening","In-App","Dormant_Achiever_Day_1_Scarcity_and_Impatience_T5","night","In-App","Dormant_Achiever_Day_1_Scarcity_and_Impatience_T1","night","In-App","Dormant_Achiever_Day_1_Scarcity_and_Impatience_T2","night","In-App","Dormant_Achiever_Day_1_Scarcity_and_Impatience_T3","night","In-App","Dormant_Achiever_Day_1_Scarcity_and_Impatience_T4","early_morning","In-App"
"USR_001136","0","Day 166","Inactive_Socialite_Day_1_Unpredictability_T1","afternoon","Push","Inactive_Socialite_Day_1_Unpredictability_T2","afternoon","Push","Inactive_Socialite_Day_1_Unpredictability_T3","late_afternoon","Push","Inactive_Socialite_Day_1_Unpredictability_T4","evening","In-App","Inactive_Socialite_Day_1_Unpredictability_T5","evening","In-App","Inactive_Socialite_Day_1_Unpredictability_T1","night","In-App","Inactive_Socialite_Day_1_Unpredictability_T2","night","In-App","Inactive_Socialite_Day_1_Unpredictability_T3","night","In-App","Inactive_Socialite_Day_1_Unpredictability_T4","night","In-App"
"USR_001137","7","Day 81","Paid_Competitive_Week_4_Ownership_and_Possession_T1","evening","Push","Paid_Competitive_Week_4_Ownership_and_Possession_T2","night","Push","Paid_Competitive_Week_4_Ownership_and_Possession_T3","night","Push","Paid_Competitive_Week_4_Ownership_and_Possession_T4","night","In-App","Paid_Competitive_Week_4_Ownership_and_Possession_T5","night","In-App","Paid_Competitive_Week_4_Ownership_and_Possession_T1","early_morning","In-App","Paid_Competitive_Week_4_Ownership_and_Possession_T2","early_morning","In-App","Paid_Competitive_Week_4_Ownership_and_Possession_T3","mid_morning","In-App","Paid_Competitive_Week_4_Ownership_and_Possession_T4","afternoon","In-App"
"USR_001138","5","Day 5","Dormant_Achiever_Day_1_Scarcity_and_Impatience_T1","evening","Push","Dormant_Achiever_Day_1_Scarcity_and_Impatience_T2","evening","Push","Dormant_Achiever_Day_1_Scarcity_and_Impatience_T3","night","Push","Dormant_Achiever_Day_1_Scarcity_and_Impatience_T4","night","In-App","Dormant_Achiever_Day_1_Scarcity_and_Impatience_T5","night","In-App","Dormant_Achiever_Day_1_Scarcity_and_Impatience_T1","night","In-App","Dormant_Achiever_Day_1_Scarcity_and_Impatience_T2","early_morning","In-App","Dormant_Achiever_Day_1_Scarcity_and_Impatience_T3","early_morning","In-App","Dormant_Achiever_Day_1_Scarcity_and_Impatience_T4","mid_morning","In-App"
"USR_001139","2","Day 83","Paid_Social_Achiever_Week_4_Creativity_and_Feedback_T1","early_morning","Push","Paid_Social_Achiever_Week_4_Creativity_and_Feedback_T2","mid_morning","Push","Paid_Social_Achiever_Week_4_Creativity_and_Feedback_T3","afternoon","Push","Paid_Social_Achiever_Week_4_Creativity_and_Feedback_T4","afternoon","In-App","Paid_Social_Achiever_Week_4_Creativity_and_Feedback_T5","late_afternoon","In-App","Paid_Social_Achiever_Week_4_Creativity_and_Feedback_T1","evening","In-App","Paid_Social_Achiever_Week_4_Creativity_and_Feedback_T2","evening","In-App","Paid_Social_Achiever_Week_4_Creativity_and_Feedback_T3","night","In-App","Paid_Social_Achiever_Week_4_Creativity_and_Feedback_T4","night","In-App"
"USR_001140","2","Day 85","Paid_Social_Achiever_Week_4_Creativity_and_Feedback_T1","evening","Push","Paid_Social_Achiever_Week_4_Creativity_and_Feedback_T2","evening","Push","Paid_Social_Achiever_Week_4_Creativity_and_Feedback_T3","night","Push","Paid_Social_Achiever_Week_4_Creativity_and_Feedback_T4","night","In-App","Paid_Social_Achiever_Week_4_Creativity_and_Feedback_T5","night","In-App","Paid_Social_Achiever_Week_4_Creativity_and_Feedback_T1","night","In-App","Paid_Social_Achiever_Week_4_Creativity_and_Feedback_T2","early_morning","In-App","Paid_Social_Achiever_Week_4_Creativity_and_Feedback_T3","early_morning","In-App","Paid_Social_Achiever_Week_4_Creativity_and_Feedback_T4","mid_morning","In-App"
"USR_001141","4","Day 93","Dormant_Social_Day_1_Unpredictability_T1","late_afternoon","Push","Dormant_Social_Day_1_Unpredictability_T2","late_afternoon","Push","Dormant_Social_Day_1_Unpredictability_T3","evening","Push","Dormant_Social_Day_1_Unpredictability_T4","night","In-App","Dormant_Social_Day_1_Unpredictability_T5","night","In-App","Dormant_Social_Day_1_Unpredictability_T1","night","In-App","Dormant_Social_Day_1_Unpredictability_T2","night","In-App","Dormant_Social_Day_1_Unpredictability_T3","night","In-App","Dormant_Social_Day_1_Unpredictability_T4","early_morning","In-App"
"USR_001142","0","Day 163","Inactive_Socialite_Day_1_Unpredictability_T1","evening","Push","Inactive_Socialite_Day_1_Unpredictability_T2","evening","Push","Inactive_Socialite_Day_1_Unpredictability_T3","night","Push","Inactive_Socialite_Day_1_Unpredictability_T4","night","In-App","Inactive_Socialite_Day_1_Unpredictability_T5","night","In-App","Inactive_Socialite_Day_1_Unpredictability_T1","night","In-App","Inactive_Socialite_Day_1_Unpredictability_T2","early_morning","In-App","Inactive_Socialite_Day_1_Unpredictability_T3","early_morning","In-App","Inactive_Socialite_Day_1_Unpredictability_T4","mid_morning","In-App"
"USR_001143","4","Day 31","Dormant_Social_Day_1_Unpredictability_T1","night","Push","Dormant_Social_Day_1_Unpredictability_T2","night","Push","Dormant_Social_Day_1_Unpredictability_T3","night","Push","Dormant_Social_Day_1_Unpredictability_T4","night","In-App","Dormant_Social_Day_1_Unpredictability_T5","early_morning","In-App","Dormant_Social_Day_1_Unpredictability_T1","early_morning","In-App","Dormant_Social_Day_1_Unpredictability_T2","mid_morning","In-App","Dormant_Social_Day_1_Unpredictability_T3","afternoon","In-App","Dormant_Social_Day_1_Unpredictability_T4","afternoon","In-App"
"USR_001144","5","Day 3","Dormant_Achiever_Day_1_Scarcity_and_Impatience_T1","mid_morning","Push","Dormant_Achiever_Day_1_Scarcity_and_Impatience_T2","afternoon","Push","Dormant_Achiever_Day_1_Scarcity_and_Impatience_T3","afternoon","Push","Dormant_Achiever_Day_1_Scarcity_and_Impatience_T4","late_afternoon","In-App","Dormant_Achiever_Day_1_Scarcity_and_Impatience_T5","evening","In-App","Dormant_Achiever_Day_1_Scarcity_and_Impatience_T1","evening","In-App","Dormant_Achiever_Day_1_Scarcity_and_Impatience_T2","night","In-App","Dormant_Achiever_Day_1_Scarcity_and_Impatience_T3","night","In-App","Dormant_Achiever_Day_1_Scarcity_and_Impatience_T4","night","In-App"
"USR_001145","3","Day 5","Inactive_Socialite_Day_1_Scarcity_and_Impatience_T1","evening","Push","Inactive_Socialite_Day_1_Scarcity_and_Impatience_T2","night","Push","Inactive_Socialite_Day_1_Scarcity_and_Impatience_T3","night","Push","Inactive_Socialite_Day_1_Scarcity_and_Impatience_T4","night","In-App","Inactive_Socialite_Day_1_Scarcity_and_Impatience_T5","night","In-App","Inactive_Socialite_Day_1_Scarcity_and_Impatience_T1","night","In-App","Inactive_Socialite_Day_1_Scarcity_and_Impatience_T2","early_morning","In-App","Inactive_Socialite_Day_1_Scarcity_and_Impatience_T3","mid_morning","In-App","Inactive_Socialite_Day_1_Scarcity_and_Impatience_T4","mid_morning","In-App"
"USR_001146","4","Day 60","Dormant_Social_Day_1_Unpredictability_T1","late_afternoon","Push","Dormant_Social_Day_1_Unpredictability_T2","late_afternoon","Push","Dormant_Social_Day_1_Unpredictability_T3","evening","Push","Dormant_Social_Day_1_Unpredictability_T4","night","In-App","Dormant_Social_Day_1_Unpredictability_T5","night","In-App","Dormant_Social_Day_1_Unpredictability_T1","night","In-App","Dormant_Social_Day_1_Unpredictability_T2","night","In-App","Dormant_Social_Day_1_Unpredictability_T3","night","In-App","Dormant_Social_Day_1_Unpredictability_T4","early_morning","In-App"
"USR_001147","4","Day 30","Dormant_Social_Day_1_Unpredictability_T1","night","Push","Dormant_Social_Day_1_Unpredictability_T2","night","Push","Dormant_Social_Day_1_Unpredictability_T3","night","Push","Dormant_Social_Day_1_Unpredictability_T4","night","In-App","Dormant_Social_Day_1_Unpredictability_T5","early_morning","In-App","Dormant_Social_Day_1_Unpredictability_T1","early_morning","In-App","Dormant_Social_Day_1_Unpredictability_T2","mid_morning","In-App","Dormant_Social_Day_1_Unpredictability_T3","afternoon","In-App","Dormant_Social_Day_1_Unpredictability_T4","afternoon","In-App"
"USR_001148","5","Day 3","Dormant_Achiever_Day_1_Scarcity_and_Impatience_T1","late_afternoon","Push","Dormant_Achiever_Day_1_Scarcity_and_Impatience_T2","evening","Push","Dormant_Achiever_Day_1_Scarcity_and_Impatience_T3","evening","Push","Dormant_Achiever_Day_1_Scarcity_and_Impatience_T4","night","In-App","Dormant_Achiever_Day_1_Scarcity_and_Impatience_T5","night","In-App","Dormant_Achiever_Day_1_Scarcity_and_Impatience_T1","night","In-App","Dormant_Achiever_Day_1_Scarcity_and_Impatience_T2","night","In-App","Dormant_Achiever_Day_1_Scarcity_and_Impatience_T3","early_morning","In-App","Dormant_Achiever_Day_1_Scarcity_and_Impatience_T4","early_morning","In-App"
"USR_001149","2","Day 107","Paid_Social_Achiever_Week_4_Creativity_and_Feedback_T1","evening","Push","Paid_Social_Achiever_Week_4_Creativity_and_Feedback_T2","night","Push","Paid_Social_Achiever_Week_4_Creativity_and_Feedback_T3","night","Push","Paid_Social_Achiever_Week_4_Creativity_and_Feedback_T4","night","In-App","Paid_Social_Achiever_Week_4_Creativity_and_Feedback_T5","night","In-App","Paid_Social_Achiever_Week_4_Creativity_and_Feedback_T1","early_morning","In-App","Paid_Social_Achiever_Week_4_Creativity_and_Feedback_T2","early_morning","In-App","Paid_Social_Achiever_Week_4_Creativity_and_Feedback_T3","mid_morning","In-App","Paid_Social_Achiever_Week_4_Creativity_and_Feedback_T4","afternoon","In-App"
"USR_001150","3","Day 1","Inactive_Socialite_Day_1_Scarcity_and_Impatience_T1","evening","Push","Inactive_Socialite_Day_1_Scarcity_and_Impatience_T2","night","Push","Inactive_Socialite_Day_1_Scarcity_and_Impatience_T3","night","Push","Inactive_Socialite_Day_1_Scarcity_and_Impatience_T4","night","In-App","Inactive_Socialite_Day_1_Scarcity_and_Impatience_T5","night","In-App","Inactive_Socialite_Day_1_Scarcity_and_Impatience_T1","night","In-App","Inactive_Socialite_Day_1_Scarcity_and_Impatience_T2","early_morning","In-App","Inactive_Socialite_Day_1_Scarcity_and_Impatience_T3","mid_morning","In-App","Inactive_Socialite_Day_1_Scarcity_and_Impatience_T4","mid_morning","In-App"
"USR_001151","2","Day 20","Paid_Social_Achiever_Week_4_Creativity_and_Feedback_T1","evening","Push","Paid_Social_Achiever_Week_4_Creativity_and_Feedback_T2","night","Push","Paid_Social_Achiever_Week_4_Creativity_and_Feedback_T3","night","Push","Paid_Social_Achiever_Week_4_Creativity_and_Feedback_T4","night","In-App","Paid_Social_Achiever_Week_4_Creativity_and_Feedback_T5","night","In-App","Paid_Social_Achiever_Week_4_Creativity_and_Feedback_T1","early_morning","In-App","Paid_Social_Achiever_Week_4_Creativity_and_Feedback_T2","early_morning","In-App","Paid_Social_Achiever_Week_4_Creativity_and_Feedback_T3","mid_morning","In-App","Paid_Social_Achiever_Week_4_Creativity_and_Feedback_T4","afternoon","In-App"
"USR_001152","6","Day 7","Dormant_Scholar_Day_1_Creativity_and_Feedback_T1","late_afternoon","Push","Dormant_Scholar_Day_1_Creativity_and_Feedback_T2","evening","Push","Dormant_Scholar_Day_1_Creativity_and_Feedback_T3","evening","Push","Dormant_Scholar_Day_1_Creativity_and_Feedback_T4","night","In-App","Dormant_Scholar_Day_1_Creativity_and_Feedback_T5","night","In-App","Dormant_Scholar_Day_1_Creativity_and_Feedback_T1","night","In-App","Dormant_Scholar_Day_1_Creativity_and_Feedback_T2","night","In-App","Dormant_Scholar_Day_1_Creativity_and_Feedback_T3","early_morning","In-App","Dormant_Scholar_Day_1_Creativity_and_Feedback_T4","early_morning","In-App"
"USR_001153","5","Day 6","Dormant_Achiever_Day_1_Scarcity_and_Impatience_T1","early_morning","Push","Dormant_Achiever_Day_1_Scarcity_and_Impatience_T2","early_morning","Push","Dormant_Achiever_Day_1_Scarcity_and_Impatience_T3","mid_morning","Push","Dormant_Achiever_Day_1_Scarcity_and_Impatience_T4","afternoon","In-App","Dormant_Achiever_Day_1_Scarcity_and_Impatience_T5","afternoon","In-App","Dormant_Achiever_Day_1_Scarcity_and_Impatience_T1","late_afternoon","In-App","Dormant_Achiever_Day_1_Scarcity_and_Impatience_T2","evening","In-App","Dormant_Achiever_Day_1_Scarcity_and_Impatience_T3","evening","In-App","Dormant_Achiever_Day_1_Scarcity_and_Impatience_T4","night","In-App"
"USR_001154","5","Day 3","Dormant_Achiever_Day_1_Scarcity_and_Impatience_T1","mid_morning","Push","Dormant_Achiever_Day_1_Scarcity_and_Impatience_T2","afternoon","Push","Dormant_Achiever_Day_1_Scarcity_and_Impatience_T3","afternoon","Push","Dormant_Achiever_Day_1_Scarcity_and_Impatience_T4","late_afternoon","In-App","Dormant_Achiever_Day_1_Scarcity_and_Impatience_T5","evening","In-App","Dormant_Achiever_Day_1_Scarcity_and_Impatience_T1","evening","In-App","Dormant_Achiever_Day_1_Scarcity_and_Impatience_T2","night","In-App","Dormant_Achiever_Day_1_Scarcity_and_Impatience_T3","night","In-App","Dormant_Achiever_Day_1_Scarcity_and_Impatience_T4","night","In-App"
"USR_001155","1","Day 97","Inactive_Social_Learners_Day_1_Social_Influence_T1","evening","Push","Inactive_Social_Learners_Day_1_Social_Influence_T2","evening","Push","Inactive_Social_Learners_Day_1_Social_Influence_T3","night","Push","Inactive_Social_Learners_Day_1_Social_Influence_T4","night","In-App","Inactive_Social_Learners_Day_1_Social_Influence_T5","night","In-App","Inactive_Social_Learners_Day_1_Social_Influence_T1","night","In-App","Inactive_Social_Learners_Day_1_Social_Influence_T2","early_morning","In-App","Inactive_Social_Learners_Day_1_Social_Influence_T3","early_morning","In-App","Inactive_Social_Learners_Day_1_Social_Influence_T4","mid_morning","In-App"
"USR_001156","6","Day 1","Dormant_Scholar_Day_1_Creativity_and_Feedback_T1","evening","Push","Dormant_Scholar_Day_1_Creativity_and_Feedback_T2","night","Push","Dormant_Scholar_Day_1_Creativity_and_Feedback_T3","night","Push","Dormant_Scholar_Day_1_Creativity_and_Feedback_T4","night","In-App","Dormant_Scholar_Day_1_Creativity_and_Feedback_T5","night","In-App","Dormant_Scholar_Day_1_Creativity_and_Feedback_T1","early_morning","In-App","Dormant_Scholar_Day_1_Creativity_and_Feedback_T2","early_morning","In-App","Dormant_Scholar_Day_1_Creativity_and_Feedback_T3","mid_morning","In-App","Dormant_Scholar_Day_1_Creativity_and_Feedback_T4","afternoon","In-App"
"USR_001157","4","Day 46","Dormant_Social_Day_1_Unpredictability_T1","late_afternoon","Push","Dormant_Social_Day_1_Unpredictability_T2","evening","Push","Dormant_Social_Day_1_Unpredictability_T3","night","Push","Dormant_Social_Day_1_Unpredictability_T4","night","In-App","Dormant_Social_Day_1_Unpredictability_T5","night","In-App","Dormant_Social_Day_1_Unpredictability_T1","night","In-App","Dormant_Social_Day_1_Unpredictability_T2","night","In-App","Dormant_Social_Day_1_Unpredictability_T3","early_morning","In-App","Dormant_Social_Day_1_Unpredictability_T4","mid_morning","In-App"
"USR_001158","4","Day 87","Dormant_Social_Day_1_Unpredictability_T1","afternoon","Push","Dormant_Social_Day_1_Unpredictability_T2","afternoon","Push","Dormant_Social_Day_1_Unpredictability_T3","late_afternoon","Push","Dormant_Social_Day_1_Unpredictability_T4","evening","In-App","Dormant_Social_Day_1_Unpredictability_T5","evening","In-App","Dormant_Social_Day_1_Unpredictability_T1","night","In-App","Dormant_Social_Day_1_Unpredictability_T2","night","In-App","Dormant_Social_Day_1_Unpredictability_T3","night","In-App","Dormant_Social_Day_1_Unpredictability_T4","night","In-App"
"USR_001159","4","Day 20","Dormant_Social_Day_1_Unpredictability_T1","evening","Push","Dormant_Social_Day_1_Unpredictability_T2","night","Push","Dormant_Social_Day_1_Unpredictability_T3","night","Push","Dormant_Social_Day_1_Unpredictability_T4","night","In-App","Dormant_Social_Day_1_Unpredictability_T5","night","In-App","Dormant_Social_Day_1_Unpredictability_T1","early_morning","In-App","Dormant_Social_Day_1_Unpredictability_T2","early_morning","In-App","Dormant_Social_Day_1_Unpredictability_T3","mid_morning","In-App","Dormant_Social_Day_1_Unpredictability_T4","afternoon","In-App"
"USR_001160","2","Day 86","Paid_Social_Achiever_Week_4_Creativity_and_Feedback_T1","evening","Push","Paid_Social_Achiever_Week_4_Creativity_and_Feedback_T2","evening","Push","Paid_Social_Achiever_Week_4_Creativity_and_Feedback_T3","night","Push","Paid_Social_Achiever_Week_4_Creativity_and_Feedback_T4","night","In-App","Paid_Social_Achiever_Week_4_Creativity_and_Feedback_T5","night","In-App","Paid_Social_Achiever_Week_4_Creativity_and_Feedback_T1","night","In-App","Paid_Social_Achiever_Week_4_Creativity_and_Feedback_T2","early_morning","In-App","Paid_Social_Achiever_Week_4_Creativity_and_Feedback_T3","early_morning","In-App","Paid_Social_Achiever_Week_4_Creativity_and_Feedback_T4","mid_morning","In-App"
"USR_001161","2","Day 29","Paid_Social_Achiever_Week_4_Creativity_and_Feedback_T1","early_morning","Push","Paid_Social_Achiever_Week_4_Creativity_and_Feedback_T2","mid_morning","Push","Paid_Social_Achiever_Week_4_Creativity_and_Feedback_T3","afternoon","Push","Paid_Social_Achiever_Week_4_Creativity_and_Feedback_T4","afternoon","In-App","Paid_Social_Achiever_Week_4_Creativity_and_Feedback_T5","late_afternoon","In-App","Paid_Social_Achiever_Week_4_Creativity_and_Feedback_T1","evening","In-App","Paid_Social_Achiever_Week_4_Creativity_and_Feedback_T2","evening","In-App","Paid_Social_Achiever_Week_4_Creativity_and_Feedback_T3","night","In-App","Paid_Social_Achiever_Week_4_Creativity_and_Feedback_T4","night","In-App"
"USR_001162","2","Day 73","Paid_Social_Achiever_Week_4_Creativity_and_Feedback_T1","night","Push","Paid_Social_Achiever_Week_4_Creativity_and_Feedback_T2","night","Push","Paid_Social_Achiever_Week_4_Creativity_and_Feedback_T3","night","Push","Paid_Social_Achiever_Week_4_Creativity_and_Feedback_T4","night","In-App","Paid_Social_Achiever_Week_4_Creativity_and_Feedback_T5","early_morning","In-App","Paid_Social_Achiever_Week_4_Creativity_and_Feedback_T1","early_morning","In-App","Paid_Social_Achiever_Week_4_Creativity_and_Feedback_T2","mid_morning","In-App","Paid_Social_Achiever_Week_4_Creativity_and_Feedback_T3","afternoon","In-App","Paid_Social_Achiever_Week_4_Creativity_and_Feedback_T4","afternoon","In-App"
"USR_001163","5","Day 6","Dormant_Achiever_Day_1_Scarcity_and_Impatience_T1","late_afternoon","Push","Dormant_Achiever_Day_1_Scarcity_and_Impatience_T2","late_afternoon","Push","Dormant_Achiever_Day_1_Scarcity_and_Impatience_T3","evening","Push","Dormant_Achiever_Day_1_Scarcity_and_Impatience_T4","night","In-App","Dormant_Achiever_Day_1_Scarcity_and_Impatience_T5","night","In-App","Dormant_Achiever_Day_1_Scarcity_and_Impatience_T1","night","In-App","Dormant_Achiever_Day_1_Scarcity_and_Impatience_T2","night","In-App","Dormant_Achiever_Day_1_Scarcity_and_Impatience_T3","night","In-App","Dormant_Achiever_Day_1_Scarcity_and_Impatience_T4","early_morning","In-App"
"USR_001164","4","Day 15","Dormant_Social_Day_1_Unpredictability_T1","late_afternoon","Push","Dormant_Social_Day_1_Unpredictability_T2","evening","Push","Dormant_Social_Day_1_Unpredictability_T3","night","Push","Dormant_Social_Day_1_Unpredictability_T4","night","In-App","Dormant_Social_Day_1_Unpredictability_T5","night","In-App","Dormant_Social_Day_1_Unpredictability_T1","night","In-App","Dormant_Social_Day_1_Unpredictability_T2","night","In-App","Dormant_Social_Day_1_Unpredictability_T3","early_morning","In-App","Dormant_Social_Day_1_Unpredictability_T4","mid_morning","In-App"
"USR_001165","2","Day 19","Paid_Social_Achiever_Week_4_Creativity_and_Feedback_T1","afternoon","Push","Paid_Social_Achiever_Week_4_Creativity_and_Feedback_T2","late_afternoon","Push","Paid_Social_Achiever_Week_4_Creativity_and_Feedback_T3","late_afternoon","Push","Paid_Social_Achiever_Week_4_Creativity_and_Feedback_T4","evening","In-App","Paid_Social_Achiever_Week_4_Creativity_and_Feedback_T5","night","In-App","Paid_Social_Achiever_Week_4_Creativity_and_Feedback_T1","night","In-App","Paid_Social_Achiever_Week_4_Creativity_and_Feedback_T2","night","In-App","Paid_Social_Achiever_Week_4_Creativity_and_Feedback_T3","night","In-App","Paid_Social_Achiever_Week_4_Creativity_and_Feedback_T4","night","In-App"
"USR_001166","0","Day 152","Inactive_Socialite_Day_1_Unpredictability_T1","evening","Push","Inactive_Socialite_Day_1_Unpredictability_T2","night","Push","Inactive_Socialite_Day_1_Unpredictability_T3","night","Push","Inactive_Socialite_Day_1_Unpredictability_T4","night","In-App","Inactive_Socialite_Day_1_Unpredictability_T5","night","In-App","Inactive_Socialite_Day_1_Unpredictability_T1","night","In-App","Inactive_Socialite_Day_1_Unpredictability_T2","early_morning","In-App","Inactive_Socialite_Day_1_Unpredictability_T3","mid_morning","In-App","Inactive_Socialite_Day_1_Unpredictability_T4","mid_morning","In-App"
"USR_001167","2","Day 39","Paid_Social_Achiever_Week_4_Creativity_and_Feedback_T1","early_morning","Push","Paid_Social_Achiever_Week_4_Creativity_and_Feedback_T2","mid_morning","Push","Paid_Social_Achiever_Week_4_Creativity_and_Feedback_T3","afternoon","Push","Paid_Social_Achiever_Week_4_Creativity_and_Feedback_T4","afternoon","In-App","Paid_Social_Achiever_Week_4_Creativity_and_Feedback_T5","late_afternoon","In-App","Paid_Social_Achiever_Week_4_Creativity_and_Feedback_T1","evening","In-App","Paid_Social_Achiever_Week_4_Creativity_and_Feedback_T2","evening","In-App","Paid_Social_Achiever_Week_4_Creativity_and_Feedback_T3","night","In-App","Paid_Social_Achiever_Week_4_Creativity_and_Feedback_T4","night","In-App"
"USR_001168","1","Day 6","Inactive_Social_Learners_Day_1_Social_Influence_T1","mid_morning","Push","Inactive_Social_Learners_Day_1_Social_Influence_T2","mid_morning","Push","Inactive_Social_Learners_Day_1_Social_Influence_T3","afternoon","Push","Inactive_Social_Learners_Day_1_Social_Influence_T4","late_afternoon","In-App","Inactive_Social_Learners_Day_1_Social_Influence_T5","late_afternoon","In-App","Inactive_Social_Learners_Day_1_Social_Influence_T1","evening","In-App","Inactive_Social_Learners_Day_1_Social_Influence_T2","night","In-App","Inactive_Social_Learners_Day_1_Social_Influence_T3","night","In-App","Inactive_Social_Learners_Day_1_Social_Influence_T4","night","In-App"
"USR_001169","5","Day 5","Dormant_Achiever_Day_1_Scarcity_and_Impatience_T1","late_afternoon","Push","Dormant_Achiever_Day_1_Scarcity_and_Impatience_T2","evening","Push","Dormant_Achiever_Day_1_Scarcity_and_Impatience_T3","night","Push","Dormant_Achiever_Day_1_Scarcity_and_Impatience_T4","night","In-App","Dormant_Achiever_Day_1_Scarcity_and_Impatience_T5","night","In-App","Dormant_Achiever_Day_1_Scarcity_and_Impatience_T1","night","In-App","Dormant_Achiever_Day_1_Scarcity_and_Impatience_T2","night","In-App","Dormant_Achiever_Day_1_Scarcity_and_Impatience_T3","early_morning","In-App","Dormant_Achiever_Day_1_Scarcity_and_Impatience_T4","mid_morning","In-App"
"USR_001170","4","Day 48","Dormant_Social_Day_1_Unpredictability_T1","mid_morning","Push","Dormant_Social_Day_1_Unpredictability_T2","afternoon","Push","Dormant_Social_Day_1_Unpredictability_T3","late_afternoon","Push","Dormant_Social_Day_1_Unpredictability_T4","late_afternoon","In-App","Dormant_Social_Day_1_Unpredictability_T5","evening","In-App","Dormant_Social_Day_1_Unpredictability_T1","night","In-App","Dormant_Social_Day_1_Unpredictability_T2","night","In-App","Dormant_Social_Day_1_Unpredictability_T3","night","In-App","Dormant_Social_Day_1_Unpredictability_T4","night","In-App"
"USR_001171","7","Day 10","Paid_Competitive_Week_2_Ownership_and_Possession_T1","evening","Push","Paid_Competitive_Week_2_Ownership_and_Possession_T2","night","Push","Paid_Competitive_Week_2_Ownership_and_Possession_T3","night","Push","Paid_Competitive_Week_2_Ownership_and_Possession_T4","night","In-App","Paid_Competitive_Week_2_Ownership_and_Possession_T5","night","In-App","Paid_Competitive_Week_2_Ownership_and_Possession_T1","night","In-App","Paid_Competitive_Week_2_Ownership_and_Possession_T2","early_morning","In-App","Paid_Competitive_Week_2_Ownership_and_Possession_T3","mid_morning","In-App","Paid_Competitive_Week_2_Ownership_and_Possession_T4","mid_morning","In-App"
"USR_001172","0","Day 134","Inactive_Socialite_Day_1_Unpredictability_T1","late_afternoon","Push","Inactive_Socialite_Day_1_Unpredictability_T2","evening","Push","Inactive_Socialite_Day_1_Unpredictability_T3","evening","Push","Inactive_Socialite_Day_1_Unpredictability_T4","night","In-App","Inactive_Socialite_Day_1_Unpredictability_T5","night","In-App","Inactive_Socialite_Day_1_Unpredictability_T1","night","In-App","Inactive_Socialite_Day_1_Unpredictability_T2","night","In-App","Inactive_Socialite_Day_1_Unpredictability_T3","early_morning","In-App","Inactive_Socialite_Day_1_Unpredictability_T4","early_morning","In-App"
"USR_001173","4","Day 52","Dormant_Social_Day_1_Unpredictability_T1","afternoon","Push","Dormant_Social_Day_1_Unpredictability_T2","afternoon","Push","Dormant_Social_Day_1_Unpredictability_T3","late_afternoon","Push","Dormant_Social_Day_1_Unpredictability_T4","evening","In-App","Dormant_Social_Day_1_Unpredictability_T5","evening","In-App","Dormant_Social_Day_1_Unpredictability_T1","night","In-App","Dormant_Social_Day_1_Unpredictability_T2","night","In-App","Dormant_Social_Day_1_Unpredictability_T3","night","In-App","Dormant_Social_Day_1_Unpredictability_T4","night","In-App"
"USR_001174","2","Day 69","Paid_Social_Achiever_Week_4_Creativity_and_Feedback_T1","evening","Push","Paid_Social_Achiever_Week_4_Creativity_and_Feedback_T2","night","Push","Paid_Social_Achiever_Week_4_Creativity_and_Feedback_T3","night","Push","Paid_Social_Achiever_Week_4_Creativity_and_Feedback_T4","night","In-App","Paid_Social_Achiever_Week_4_Creativity_and_Feedback_T5","night","In-App","Paid_Social_Achiever_Week_4_Creativity_and_Feedback_T1","night","In-App","Paid_Social_Achiever_Week_4_Creativity_and_Feedback_T2","early_morning","In-App","Paid_Social_Achiever_Week_4_Creativity_and_Feedback_T3","mid_morning","In-App","Paid_Social_Achiever_Week_4_Creativity_and_Feedback_T4","mid_morning","In-App"
"USR_001175","2","Day 18","Paid_Social_Achiever_Week_4_Creativity_and_Feedback_T1","late_afternoon","Push","Paid_Social_Achiever_Week_4_Creativity_and_Feedback_T2","late_afternoon","Push","Paid_Social_Achiever_Week_4_Creativity_and_Feedback_T3","evening","Push","Paid_Social_Achiever_Week_4_Creativity_and_Feedback_T4","night","In-App","Paid_Social_Achiever_Week_4_Creativity_and_Feedback_T5","night","In-App","Paid_Social_Achiever_Week_4_Creativity_and_Feedback_T1","night","In-App","Paid_Social_Achiever_Week_4_Creativity_and_Feedback_T2","night","In-App","Paid_Social_Achiever_Week_4_Creativity_and_Feedback_T3","night","In-App","Paid_Social_Achiever_Week_4_Creativity_and_Feedback_T4","early_morning","In-App"
"USR_001176","2","Day 39","Paid_Social_Achiever_Week_4_Creativity_and_Feedback_T1","evening","Push","Paid_Social_Achiever_Week_4_Creativity_and_Feedback_T2","evening","Push","Paid_Social_Achiever_Week_4_Creativity_and_Feedback_T3","night","Push","Paid_Social_Achiever_Week_4_Creativity_and_Feedback_T4","night","In-App","Paid_Social_Achiever_Week_4_Creativity_and_Feedback_T5","night","In-App","Paid_Social_Achiever_Week_4_Creativity_and_Feedback_T1","night","In-App","Paid_Social_Achiever_Week_4_Creativity_and_Feedback_T2","early_morning","In-App","Paid_Social_Achiever_Week_4_Creativity_and_Feedback_T3","early_morning","In-App","Paid_Social_Achiever_Week_4_Creativity_and_Feedback_T4","mid_morning","In-App"
"USR_001177","2","Day 14","Paid_Social_Achiever_Week_2_Creativity_and_Feedback_T1","mid_morning","Push","Paid_Social_Achiever_Week_2_Creativity_and_Feedback_T2","mid_morning","Push","Paid_Social_Achiever_Week_2_Creativity_and_Feedback_T3","afternoon","Push","Paid_Social_Achiever_Week_2_Creativity_and_Feedback_T4","late_afternoon","In-App","Paid_Social_Achiever_Week_2_Creativity_and_Feedback_T5","late_afternoon","In-App","Paid_Social_Achiever_Week_2_Creativity_and_Feedback_T1","evening","In-App","Paid_Social_Achiever_Week_2_Creativity_and_Feedback_T2","night","In-App","Paid_Social_Achiever_Week_2_Creativity_and_Feedback_T3","night","In-App","Paid_Social_Achiever_Week_2_Creativity_and_Feedback_T4","night","In-App"
"USR_001178","2","Day 95","Paid_Social_Achiever_Week_4_Creativity_and_Feedback_T1","late_afternoon","Push","Paid_Social_Achiever_Week_4_Creativity_and_Feedback_T2","late_afternoon","Push","Paid_Social_Achiever_Week_4_Creativity_and_Feedback_T3","evening","Push","Paid_Social_Achiever_Week_4_Creativity_and_Feedback_T4","night","In-App","Paid_Social_Achiever_Week_4_Creativity_and_Feedback_T5","night","In-App","Paid_Social_Achiever_Week_4_Creativity_and_Feedback_T1","night","In-App","Paid_Social_Achiever_Week_4_Creativity_and_Feedback_T2","night","In-App","Paid_Social_Achiever_Week_4_Creativity_and_Feedback_T3","night","In-App","Paid_Social_Achiever_Week_4_Creativity_and_Feedback_T4","early_morning","In-App"
"USR_001179","1","Day 15","Inactive_Social_Learners_Day_1_Social_Influence_T1","night","Push","Inactive_Social_Learners_Day_1_Social_Influence_T2","night","Push","Inactive_Social_Learners_Day_1_Social_Influence_T3","night","Push","Inactive_Social_Learners_Day_1_Social_Influence_T4","night","In-App","Inactive_Social_Learners_Day_1_Social_Influence_T5","early_morning","In-App","Inactive_Social_Learners_Day_1_Social_Influence_T1","mid_morning","In-App","Inactive_Social_Learners_Day_1_Social_Influence_T2","mid_morning","In-App","Inactive_Social_Learners_Day_1_Social_Influence_T3","afternoon","In-App","Inactive_Social_Learners_Day_1_Social_Influence_T4","late_afternoon","In-App"
"USR_001180","4","Day 49","Dormant_Social_Day_1_Unpredictability_T1","early_morning","Push","Dormant_Social_Day_1_Unpredictability_T2","mid_morning","Push","Dormant_Social_Day_1_Unpredictability_T3","mid_morning","Push","Dormant_Social_Day_1_Unpredictability_T4","afternoon","In-App","Dormant_Social_Day_1_Unpredictability_T5","late_afternoon","In-App","Dormant_Social_Day_1_Unpredictability_T1","late_afternoon","In-App","Dormant_Social_Day_1_Unpredictability_T2","evening","In-App","Dormant_Social_Day_1_Unpredictability_T3","night","In-App","Dormant_Social_Day_1_Unpredictability_T4","night","In-App"
"USR_001181","4","Day 76","Dormant_Social_Day_1_Unpredictability_T1","late_afternoon","Push","Dormant_Social_Day_1_Unpredictability_T2","late_afternoon","Push","Dormant_Social_Day_1_Unpredictability_T3","evening","Push","Dormant_Social_Day_1_Unpredictability_T4","night","In-App","Dormant_Social_Day_1_Unpredictability_T5","night","In-App","Dormant_Social_Day_1_Unpredictability_T1","night","In-App","Dormant_Social_Day_1_Unpredictability_T2","night","In-App","Dormant_Social_Day_1_Unpredictability_T3","night","In-App","Dormant_Social_Day_1_Unpredictability_T4","early_morning","In-App"
"USR_001182","5","Day 5","Dormant_Achiever_Day_1_Scarcity_and_Impatience_T1","late_afternoon","Push","Dormant_Achiever_Day_1_Scarcity_and_Impatience_T2","evening","Push","Dormant_Achiever_Day_1_Scarcity_and_Impatience_T3","evening","Push","Dormant_Achiever_Day_1_Scarcity_and_Impatience_T4","night","In-App","Dormant_Achiever_Day_1_Scarcity_and_Impatience_T5","night","In-App","Dormant_Achiever_Day_1_Scarcity_and_Impatience_T1","night","In-App","Dormant_Achiever_Day_1_Scarcity_and_Impatience_T2","night","In-App","Dormant_Achiever_Day_1_Scarcity_and_Impatience_T3","early_morning","In-App","Dormant_Achiever_Day_1_Scarcity_and_Impatience_T4","early_morning","In-App"
"USR_001183","1","Day 0","Inactive_Social_Learners_Day_1_Social_Influence_T1","evening","Push","Inactive_Social_Learners_Day_1_Social_Influence_T2","night","Push","Inactive_Social_Learners_Day_1_Social_Influence_T3","night","Push","Inactive_Social_Learners_Day_1_Social_Influence_T4","night","In-App","Inactive_Social_Learners_Day_1_Social_Influence_T5","night","In-App","Inactive_Social_Learners_Day_1_Social_Influence_T1","night","In-App","Inactive_Social_Learners_Day_1_Social_Influence_T2","early_morning","In-App","Inactive_Social_Learners_Day_1_Social_Influence_T3","mid_morning","In-App","Inactive_Social_Learners_Day_1_Social_Influence_T4","mid_morning","In-App"
"USR_001184","0","Day 110","Inactive_Socialite_Day_1_Unpredictability_T1","night","Push","Inactive_Socialite_Day_1_Unpredictability_T2","night","Push","Inactive_Socialite_Day_1_Unpredictability_T3","night","Push","Inactive_Socialite_Day_1_Unpredictability_T4","night","In-App","Inactive_Socialite_Day_1_Unpredictability_T5","early_morning","In-App","Inactive_Socialite_Day_1_Unpredictability_T1","early_morning","In-App","Inactive_Socialite_Day_1_Unpredictability_T2","mid_morning","In-App","Inactive_Socialite_Day_1_Unpredictability_T3","afternoon","In-App","Inactive_Socialite_Day_1_Unpredictability_T4","afternoon","In-App"
"USR_001185","2","Day 15","Paid_Social_Achiever_Week_4_Creativity_and_Feedback_T1","late_afternoon","Push","Paid_Social_Achiever_Week_4_Creativity_and_Feedback_T2","evening","Push","Paid_Social_Achiever_Week_4_Creativity_and_Feedback_T3","evening","Push","Paid_Social_Achiever_Week_4_Creativity_and_Feedback_T4","night","In-App","Paid_Social_Achiever_Week_4_Creativity_and_Feedback_T5","night","In-App","Paid_Social_Achiever_Week_4_Creativity_and_Feedback_T1","night","In-App","Paid_Social_Achiever_Week_4_Creativity_and_Feedback_T2","night","In-App","Paid_Social_Achiever_Week_4_Creativity_and_Feedback_T3","early_morning","In-App","Paid_Social_Achiever_Week_4_Creativity_and_Feedback_T4","early_morning","In-App"
"USR_001186","6","Day 7","Dormant_Scholar_Day_1_Creativity_and_Feedback_T1","evening","Push","Dormant_Scholar_Day_1_Creativity_and_Feedback_T2","night","Push","Dormant_Scholar_Day_1_Creativity_and_Feedback_T3","night","Push","Dormant_Scholar_Day_1_Creativity_and_Feedback_T4","night","In-App","Dormant_Scholar_Day_1_Creativity_and_Feedback_T5","night","In-App","Dormant_Scholar_Day_1_Creativity_and_Feedback_T1","early_morning","In-App","Dormant_Scholar_Day_1_Creativity_and_Feedback_T2","early_morning","In-App","Dormant_Scholar_Day_1_Creativity_and_Feedback_T3","mid_morning","In-App","Dormant_Scholar_Day_1_Creativity_and_Feedback_T4","afternoon","In-App"
"USR_001187","1","Day 0","Inactive_Social_Learners_Day_1_Social_Influence_T1","evening","Push","Inactive_Social_Learners_Day_1_Social_Influence_T2","night","Push","Inactive_Social_Learners_Day_1_Social_Influence_T3","night","Push","Inactive_Social_Learners_Day_1_Social_Influence_T4","night","In-App","Inactive_Social_Learners_Day_1_Social_Influence_T5","night","In-App","Inactive_Social_Learners_Day_1_Social_Influence_T1","night","In-App","Inactive_Social_Learners_Day_1_Social_Influence_T2","early_morning","In-App","Inactive_Social_Learners_Day_1_Social_Influence_T3","mid_morning","In-App","Inactive_Social_Learners_Day_1_Social_Influence_T4","mid_morning","In-App"
"USR_001188","6","Day 2","Dormant_Scholar_Day_1_Creativity_and_Feedback_T1","late_afternoon","Push","Dormant_Scholar_Day_1_Creativity_and_Feedback_T2","evening","Push","Dormant_Scholar_Day_1_Creativity_and_Feedback_T3","evening","Push","Dormant_Scholar_Day_1_Creativity_and_Feedback_T4","night","In-App","Dormant_Scholar_Day_1_Creativity_and_Feedback_T5","night","In-App","Dormant_Scholar_Day_1_Creativity_and_Feedback_T1","night","In-App","Dormant_Scholar_Day_1_Creativity_and_Feedback_T2","night","In-App","Dormant_Scholar_Day_1_Creativity_and_Feedback_T3","early_morning","In-App","Dormant_Scholar_Day_1_Creativity_and_Feedback_T4","early_morning","In-App"
"USR_001189","4","Day 38","Dormant_Social_Day_1_Unpredictability_T1","early_morning","Push","Dormant_Social_Day_1_Unpredictability_T2","mid_morning","Push","Dormant_Social_Day_1_Unpredictability_T3","mid_morning","Push","Dormant_Social_Day_1_Unpredictability_T4","afternoon","In-App","Dormant_Social_Day_1_Unpredictability_T5","late_afternoon","In-App","Dormant_Social_Day_1_Unpredictability_T1","late_afternoon","In-App","Dormant_Social_Day_1_Unpredictability_T2","evening","In-App","Dormant_Social_Day_1_Unpredictability_T3","night","In-App","Dormant_Social_Day_1_Unpredictability_T4","night","In-App"
"USR_001190","5","Day 7","Dormant_Achiever_Day_1_Scarcity_and_Impatience_T1","early_morning","Push","Dormant_Achiever_Day_1_Scarcity_and_Impatience_T2","mid_morning","Push","Dormant_Achiever_Day_1_Scarcity_and_Impatience_T3","mid_morning","Push","Dormant_Achiever_Day_1_Scarcity_and_Impatience_T4","afternoon","In-App","Dormant_Achiever_Day_1_Scarcity_and_Impatience_T5","late_afternoon","In-App","Dormant_Achiever_Day_1_Scarcity_and_Impatience_T1","late_afternoon","In-App","Dormant_Achiever_Day_1_Scarcity_and_Impatience_T2","evening","In-App","Dormant_Achiever_Day_1_Scarcity_and_Impatience_T3","night","In-App","Dormant_Achiever_Day_1_Scarcity_and_Impatience_T4","night","In-App"
"USR_001191","0","Day 72","Inactive_Socialite_Day_1_Unpredictability_T1","evening","Push","Inactive_Socialite_Day_1_Unpredictability_T2","evening","Push","Inactive_Socialite_Day_1_Unpredictability_T3","night","Push","Inactive_Socialite_Day_1_Unpredictability_T4","night","In-App","Inactive_Socialite_Day_1_Unpredictability_T5","night","In-App","Inactive_Socialite_Day_1_Unpredictability_T1","night","In-App","Inactive_Socialite_Day_1_Unpredictability_T2","early_morning","In-App","Inactive_Socialite_Day_1_Unpredictability_T3","early_morning","In-App","Inactive_Socialite_Day_1_Unpredictability_T4","mid_morning","In-App"
"USR_001192","7","Day 108","Paid_Competitive_Week_4_Ownership_and_Possession_T1","evening","Push","Paid_Competitive_Week_4_Ownership_and_Possession_T2","evening","Push","Paid_Competitive_Week_4_Ownership_and_Possession_T3","night","Push","Paid_Competitive_Week_4_Ownership_and_Possession_T4","night","In-App","Paid_Competitive_Week_4_Ownership_and_Possession_T5","night","In-App","Paid_Competitive_Week_4_Ownership_and_Possession_T1","night","In-App","Paid_Competitive_Week_4_Ownership_and_Possession_T2","early_morning","In-App","Paid_Competitive_Week_4_Ownership_and_Possession_T3","early_morning","In-App","Paid_Competitive_Week_4_Ownership_and_Possession_T4","mid_morning","In-App"
"USR_001193","2","Day 120","Paid_Social_Achiever_Week_4_Creativity_and_Feedback_T1","night","Push","Paid_Social_Achiever_Week_4_Creativity_and_Feedback_T2","night","Push","Paid_Social_Achiever_Week_4_Creativity_and_Feedback_T3","night","Push","Paid_Social_Achiever_Week_4_Creativity_and_Feedback_T4","night","In-App","Paid_Social_Achiever_Week_4_Creativity_and_Feedback_T5","early_morning","In-App","Paid_Social_Achiever_Week_4_Creativity_and_Feedback_T1","early_morning","In-App","Paid_Social_Achiever_Week_4_Creativity_and_Feedback_T2","mid_morning","In-App","Paid_Social_Achiever_Week_4_Creativity_and_Feedback_T3","afternoon","In-App","Paid_Social_Achiever_Week_4_Creativity_and_Feedback_T4","afternoon","In-App"
"USR_001194","4","Day 36","Dormant_Social_Day_1_Unpredictability_T1","evening","Push","Dormant_Social_Day_1_Unpredictability_T2","evening","Push","Dormant_Social_Day_1_Unpredictability_T3","night","Push","Dormant_Social_Day_1_Unpredictability_T4","night","In-App","Dormant_Social_Day_1_Unpredictability_T5","night","In-App","Dormant_Social_Day_1_Unpredictability_T1","night","In-App","Dormant_Social_Day_1_Unpredictability_T2","early_morning","In-App","Dormant_Social_Day_1_Unpredictability_T3","early_morning","In-App","Dormant_Social_Day_1_Unpredictability_T4","mid_morning","In-App"
"USR_001195","3","Day 1","Inactive_Socialite_Day_1_Scarcity_and_Impatience_T1","early_morning","Push","Inactive_Socialite_Day_1_Scarcity_and_Impatience_T2","mid_morning","Push","Inactive_Socialite_Day_1_Scarcity_and_Impatience_T3","afternoon","Push","Inactive_Socialite_Day_1_Scarcity_and_Impatience_T4","afternoon","In-App","Inactive_Socialite_Day_1_Scarcity_and_Impatience_T5","late_afternoon","In-App","Inactive_Socialite_Day_1_Scarcity_and_Impatience_T1","evening","In-App","Inactive_Socialite_Day_1_Scarcity_and_Impatience_T2","evening","In-App","Inactive_Socialite_Day_1_Scarcity_and_Impatience_T3","night","In-App","Inactive_Socialite_Day_1_Scarcity_and_Impatience_T4","night","In-App"
"USR_001196","2","Day 57","Paid_Social_Achiever_Week_4_Creativity_and_Feedback_T1","evening","Push","Paid_Social_Achiever_Week_4_Creativity_and_Feedback_T2","night","Push","Paid_Social_Achiever_Week_4_Creativity_and_Feedback_T3","night","Push","Paid_Social_Achiever_Week_4_Creativity_and_Feedback_T4","night","In-App","Paid_Social_Achiever_Week_4_Creativity_and_Feedback_T5","night","In-App","Paid_Social_Achiever_Week_4_Creativity_and_Feedback_T1","early_morning","In-App","Paid_Social_Achiever_Week_4_Creativity_and_Feedback_T2","early_morning","In-App","Paid_Social_Achiever_Week_4_Creativity_and_Feedback_T3","mid_morning","In-App","Paid_Social_Achiever_Week_4_Creativity_and_Feedback_T4","afternoon","In-App"
"USR_001197","7","Day 43","Paid_Competitive_Week_4_Ownership_and_Possession_T1","evening","Push","Paid_Competitive_Week_4_Ownership_and_Possession_T2","night","Push","Paid_Competitive_Week_4_Ownership_and_Possession_T3","night","Push","Paid_Competitive_Week_4_Ownership_and_Possession_T4","night","In-App","Paid_Competitive_Week_4_Ownership_and_Possession_T5","night","In-App","Paid_Competitive_Week_4_Ownership_and_Possession_T1","night","In-App","Paid_Competitive_Week_4_Ownership_and_Possession_T2","early_morning","In-App","Paid_Competitive_Week_4_Ownership_and_Possession_T3","mid_morning","In-App","Paid_Competitive_Week_4_Ownership_and_Possession_T4","mid_morning","In-App"
"USR_001198","6","Day 3","Dormant_Scholar_Day_1_Creativity_and_Feedback_T1","late_afternoon","Push","Dormant_Scholar_Day_1_Creativity_and_Feedback_T2","evening","Push","Dormant_Scholar_Day_1_Creativity_and_Feedback_T3","night","Push","Dormant_Scholar_Day_1_Creativity_and_Feedback_T4","night","In-App","Dormant_Scholar_Day_1_Creativity_and_Feedback_T5","night","In-App","Dormant_Scholar_Day_1_Creativity_and_Feedback_T1","night","In-App","Dormant_Scholar_Day_1_Creativity_and_Feedback_T2","night","In-App","Dormant_Scholar_Day_1_Creativity_and_Feedback_T3","early_morning","In-App","Dormant_Scholar_Day_1_Creativity_and_Feedback_T4","mid_morning","In-App"
"USR_001199","4","Day 40","Dormant_Social_Day_1_Unpredictability_T1","afternoon","Push","Dormant_Social_Day_1_Unpredictability_T2","afternoon","Push","Dormant_Social_Day_1_Unpredictability_T3","late_afternoon","Push","Dormant_Social_Day_1_Unpredictability_T4","evening","In-App","Dormant_Social_Day_1_Unpredictability_T5","evening","In-App","Dormant_Social_Day_1_Unpredictability_T1","night","In-App","Dormant_Social_Day_1_Unpredictability_T2","night","In-App","Dormant_Social_Day_1_Unpredictability_T3","night","In-App","Dormant_Social_Day_1_Unpredictability_T4","night","In-App"
"USR_001200","5","Day 1","Dormant_Achiever_Day_1_Scarcity_and_Impatience_T1","evening","Push","Dormant_Achiever_Day_1_Scarcity_and_Impatience_T2","night","Push","Dormant_Achiever_Day_1_Scarcity_and_Impatience_T3","night","Push","Dormant_Achiever_Day_1_Scarcity_and_Impatience_T4","night","In-App","Dormant_Achiever_Day_1_Scarcity_and_Impatience_T5","night","In-App","Dormant_Achiever_Day_1_Scarcity_and_Impatience_T1","early_morning","In-App","Dormant_Achiever_Day_1_Scarcity_and_Impatience_T2","early_morning","In-App","Dormant_Achiever_Day_1_Scarcity_and_Impatience_T3","mid_morning","In-App","Dormant_Achiever_Day_1_Scarcity_and_Impatience_T4","afternoon","In-App"
"USR_001201","6","Day 18","Dormant_Scholar_Day_1_Creativity_and_Feedback_T1","afternoon","Push","Dormant_Scholar_Day_1_Creativity_and_Feedback_T2","afternoon","Push","Dormant_Scholar_Day_1_Creativity_and_Feedback_T3","late_afternoon","Push","Dormant_Scholar_Day_1_Creativity_and_Feedback_T4","evening","In-App","Dormant_Scholar_Day_1_Creativity_and_Feedback_T5","evening","In-App","Dormant_Scholar_Day_1_Creativity_and_Feedback_T1","night","In-App","Dormant_Scholar_Day_1_Creativity_and_Feedback_T2","night","In-App","Dormant_Scholar_Day_1_Creativity_and_Feedback_T3","night","In-App","Dormant_Scholar_Day_1_Creativity_and_Feedback_T4","night","In-App"
"USR_001202","2","Day 43","Paid_Social_Achiever_Week_4_Creativity_and_Feedback_T1","late_afternoon","Push","Paid_Social_Achiever_Week_4_Creativity_and_Feedback_T2","evening","Push","Paid_Social_Achiever_Week_4_Creativity_and_Feedback_T3","evening","Push","Paid_Social_Achiever_Week_4_Creativity_and_Feedback_T4","night","In-App","Paid_Social_Achiever_Week_4_Creativity_and_Feedback_T5","night","In-App","Paid_Social_Achiever_Week_4_Creativity_and_Feedback_T1","night","In-App","Paid_Social_Achiever_Week_4_Creativity_and_Feedback_T2","night","In-App","Paid_Social_Achiever_Week_4_Creativity_and_Feedback_T3","early_morning","In-App","Paid_Social_Achiever_Week_4_Creativity_and_Feedback_T4","early_morning","In-App"
"USR_001203","5","Day 7","Dormant_Achiever_Day_1_Scarcity_and_Impatience_T1","late_afternoon","Push","Dormant_Achiever_Day_1_Scarcity_and_Impatience_T2","evening","Push","Dormant_Achiever_Day_1_Scarcity_and_Impatience_T3","night","Push","Dormant_Achiever_Day_1_Scarcity_and_Impatience_T4","night","In-App","Dormant_Achiever_Day_1_Scarcity_and_Impatience_T5","night","In-App","Dormant_Achiever_Day_1_Scarcity_and_Impatience_T1","night","In-App","Dormant_Achiever_Day_1_Scarcity_and_Impatience_T2","night","In-App","Dormant_Achiever_Day_1_Scarcity_and_Impatience_T3","early_morning","In-App","Dormant_Achiever_Day_1_Scarcity_and_Impatience_T4","mid_morning","In-App"
"USR_001204","6","Day 6","Dormant_Scholar_Day_1_Creativity_and_Feedback_T1","mid_morning","Push","Dormant_Scholar_Day_1_Creativity_and_Feedback_T2","mid_morning","Push","Dormant_Scholar_Day_1_Creativity_and_Feedback_T3","afternoon","Push","Dormant_Scholar_Day_1_Creativity_and_Feedback_T4","late_afternoon","In-App","Dormant_Scholar_Day_1_Creativity_and_Feedback_T5","late_afternoon","In-App","Dormant_Scholar_Day_1_Creativity_and_Feedback_T1","evening","In-App","Dormant_Scholar_Day_1_Creativity_and_Feedback_T2","night","In-App","Dormant_Scholar_Day_1_Creativity_and_Feedback_T3","night","In-App","Dormant_Scholar_Day_1_Creativity_and_Feedback_T4","night","In-App"
"USR_001205","4","Day 102","Dormant_Social_Day_1_Unpredictability_T1","late_afternoon","Push","Dormant_Social_Day_1_Unpredictability_T2","evening","Push","Dormant_Social_Day_1_Unpredictability_T3","evening","Push","Dormant_Social_Day_1_Unpredictability_T4","night","In-App","Dormant_Social_Day_1_Unpredictability_T5","night","In-App","Dormant_Social_Day_1_Unpredictability_T1","night","In-App","Dormant_Social_Day_1_Unpredictability_T2","night","In-App","Dormant_Social_Day_1_Unpredictability_T3","early_morning","In-App","Dormant_Social_Day_1_Unpredictability_T4","early_morning","In-App"
"USR_001206","5","Day 6","Dormant_Achiever_Day_1_Scarcity_and_Impatience_T1","afternoon","Push","Dormant_Achiever_Day_1_Scarcity_and_Impatience_T2","afternoon","Push","Dormant_Achiever_Day_1_Scarcity_and_Impatience_T3","late_afternoon","Push","Dormant_Achiever_Day_1_Scarcity_and_Impatience_T4","evening","In-App","Dormant_Achiever_Day_1_Scarcity_and_Impatience_T5","evening","In-App","Dormant_Achiever_Day_1_Scarcity_and_Impatience_T1","night","In-App","Dormant_Achiever_Day_1_Scarcity_and_Impatience_T2","night","In-App","Dormant_Achiever_Day_1_Scarcity_and_Impatience_T3","night","In-App","Dormant_Achiever_Day_1_Scarcity_and_Impatience_T4","night","In-App"
"USR_001207","2","Day 74","Paid_Social_Achiever_Week_4_Creativity_and_Feedback_T1","afternoon","Push","Paid_Social_Achiever_Week_4_Creativity_and_Feedback_T2","late_afternoon","Push","Paid_Social_Achiever_Week_4_Creativity_and_Feedback_T3","evening","Push","Paid_Social_Achiever_Week_4_Creativity_and_Feedback_T4","evening","In-App","Paid_Social_Achiever_Week_4_Creativity_and_Feedback_T5","night","In-App","Paid_Social_Achiever_Week_4_Creativity_and_Feedback_T1","night","In-App","Paid_Social_Achiever_Week_4_Creativity_and_Feedback_T2","night","In-App","Paid_Social_Achiever_Week_4_Creativity_and_Feedback_T3","night","In-App","Paid_Social_Achiever_Week_4_Creativity_and_Feedback_T4","early_morning","In-App"
"USR_001208","2","Day 56","Paid_Social_Achiever_Week_4_Creativity_and_Feedback_T1","mid_morning","Push","Paid_Social_Achiever_Week_4_Creativity_and_Feedback_T2","afternoon","Push","Paid_Social_Achiever_Week_4_Creativity_and_Feedback_T3","late_afternoon","Push","Paid_Social_Achiever_Week_4_Creativity_and_Feedback_T4","late_afternoon","In-App","Paid_Social_Achiever_Week_4_Creativity_and_Feedback_T5","evening","In-App","Paid_Social_Achiever_Week_4_Creativity_and_Feedback_T1","night","In-App","Paid_Social_Achiever_Week_4_Creativity_and_Feedback_T2","night","In-App","Paid_Social_Achiever_Week_4_Creativity_and_Feedback_T3","night","In-App","Paid_Social_Achiever_Week_4_Creativity_and_Feedback_T4","night","In-App"
"USR_001209","5","Day 0","Dormant_Achiever_Day_1_Scarcity_and_Impatience_T1","afternoon","Push","Dormant_Achiever_Day_1_Scarcity_and_Impatience_T2","afternoon","Push","Dormant_Achiever_Day_1_Scarcity_and_Impatience_T3","late_afternoon","Push","Dormant_Achiever_Day_1_Scarcity_and_Impatience_T4","evening","In-App","Dormant_Achiever_Day_1_Scarcity_and_Impatience_T5","evening","In-App","Dormant_Achiever_Day_1_Scarcity_and_Impatience_T1","night","In-App","Dormant_Achiever_Day_1_Scarcity_and_Impatience_T2","night","In-App","Dormant_Achiever_Day_1_Scarcity_and_Impatience_T3","night","In-App","Dormant_Achiever_Day_1_Scarcity_and_Impatience_T4","night","In-App"
"USR_001210","2","Day 93","Paid_Social_Achiever_Week_4_Creativity_and_Feedback_T1","evening","Push","Paid_Social_Achiever_Week_4_Creativity_and_Feedback_T2","evening","Push","Paid_Social_Achiever_Week_4_Creativity_and_Feedback_T3","night","Push","Paid_Social_Achiever_Week_4_Creativity_and_Feedback_T4","night","In-App","Paid_Social_Achiever_Week_4_Creativity_and_Feedback_T5","night","In-App","Paid_Social_Achiever_Week_4_Creativity_and_Feedback_T1","night","In-App","Paid_Social_Achiever_Week_4_Creativity_and_Feedback_T2","early_morning","In-App","Paid_Social_Achiever_Week_4_Creativity_and_Feedback_T3","early_morning","In-App","Paid_Social_Achiever_Week_4_Creativity_and_Feedback_T4","mid_morning","In-App"
"USR_001211","4","Day 32","Dormant_Social_Day_1_Unpredictability_T1","night","Push","Dormant_Social_Day_1_Unpredictability_T2","night","Push","Dormant_Social_Day_1_Unpredictability_T3","night","Push","Dormant_Social_Day_1_Unpredictability_T4","night","In-App","Dormant_Social_Day_1_Unpredictability_T5","night","In-App","Dormant_Social_Day_1_Unpredictability_T1","early_morning","In-App","Dormant_Social_Day_1_Unpredictability_T2","mid_morning","In-App","Dormant_Social_Day_1_Unpredictability_T3","mid_morning","In-App","Dormant_Social_Day_1_Unpredictability_T4","afternoon","In-App"
"USR_001212","5","Day 5","Dormant_Achiever_Day_1_Scarcity_and_Impatience_T1","evening","Push","Dormant_Achiever_Day_1_Scarcity_and_Impatience_T2","night","Push","Dormant_Achiever_Day_1_Scarcity_and_Impatience_T3","night","Push","Dormant_Achiever_Day_1_Scarcity_and_Impatience_T4","night","In-App","Dormant_Achiever_Day_1_Scarcity_and_Impatience_T5","night","In-App","Dormant_Achiever_Day_1_Scarcity_and_Impatience_T1","night","In-App","Dormant_Achiever_Day_1_Scarcity_and_Impatience_T2","early_morning","In-App","Dormant_Achiever_Day_1_Scarcity_and_Impatience_T3","mid_morning","In-App","Dormant_Achiever_Day_1_Scarcity_and_Impatience_T4","mid_morning","In-App"
"USR_001213","2","Day 101","Paid_Social_Achiever_Week_4_Creativity_and_Feedback_T1","afternoon","Push","Paid_Social_Achiever_Week_4_Creativity_and_Feedback_T2","late_afternoon","Push","Paid_Social_Achiever_Week_4_Creativity_and_Feedback_T3","late_afternoon","Push","Paid_Social_Achiever_Week_4_Creativity_and_Feedback_T4","evening","In-App","Paid_Social_Achiever_Week_4_Creativity_and_Feedback_T5","night","In-App","Paid_Social_Achiever_Week_4_Creativity_and_Feedback_T1","night","In-App","Paid_Social_Achiever_Week_4_Creativity_and_Feedback_T2","night","In-App","Paid_Social_Achiever_Week_4_Creativity_and_Feedback_T3","night","In-App","Paid_Social_Achiever_Week_4_Creativity_and_Feedback_T4","night","In-App"
"USR_001214","4","Day 55","Dormant_Social_Day_1_Unpredictability_T1","late_afternoon","Push","Dormant_Social_Day_1_Unpredictability_T2","evening","Push","Dormant_Social_Day_1_Unpredictability_T3","evening","Push","Dormant_Social_Day_1_Unpredictability_T4","night","In-App","Dormant_Social_Day_1_Unpredictability_T5","night","In-App","Dormant_Social_Day_1_Unpredictability_T1","night","In-App","Dormant_Social_Day_1_Unpredictability_T2","night","In-App","Dormant_Social_Day_1_Unpredictability_T3","early_morning","In-App","Dormant_Social_Day_1_Unpredictability_T4","early_morning","In-App"
"USR_001215","0","Day 137","Inactive_Socialite_Day_1_Unpredictability_T1","night","Push","Inactive_Socialite_Day_1_Unpredictability_T2","night","Push","Inactive_Socialite_Day_1_Unpredictability_T3","night","Push","Inactive_Socialite_Day_1_Unpredictability_T4","night","In-App","Inactive_Socialite_Day_1_Unpredictability_T5","night","In-App","Inactive_Socialite_Day_1_Unpredictability_T1","early_morning","In-App","Inactive_Socialite_Day_1_Unpredictability_T2","mid_morning","In-App","Inactive_Socialite_Day_1_Unpredictability_T3","mid_morning","In-App","Inactive_Socialite_Day_1_Unpredictability_T4","afternoon","In-App"
"USR_001216","0","Day 177","Inactive_Socialite_Day_1_Unpredictability_T1","early_morning","Push","Inactive_Socialite_Day_1_Unpredictability_T2","mid_morning","Push","Inactive_Socialite_Day_1_Unpredictability_T3","afternoon","Push","Inactive_Socialite_Day_1_Unpredictability_T4","afternoon","In-App","Inactive_Socialite_Day_1_Unpredictability_T5","late_afternoon","In-App","Inactive_Socialite_Day_1_Unpredictability_T1","evening","In-App","Inactive_Socialite_Day_1_Unpredictability_T2","evening","In-App","Inactive_Socialite_Day_1_Unpredictability_T3","night","In-App","Inactive_Socialite_Day_1_Unpredictability_T4","night","In-App"
"USR_001217","4","Day 70","Dormant_Social_Day_1_Unpredictability_T1","early_morning","Push","Dormant_Social_Day_1_Unpredictability_T2","early_morning","Push","Dormant_Social_Day_1_Unpredictability_T3","mid_morning","Push","Dormant_Social_Day_1_Unpredictability_T4","afternoon","In-App","Dormant_Social_Day_1_Unpredictability_T5","afternoon","In-App","Dormant_Social_Day_1_Unpredictability_T1","late_afternoon","In-App","Dormant_Social_Day_1_Unpredictability_T2","evening","In-App","Dormant_Social_Day_1_Unpredictability_T3","evening","In-App","Dormant_Social_Day_1_Unpredictability_T4","night","In-App"
"USR_001218","4","Day 78","Dormant_Social_Day_1_Unpredictability_T1","late_afternoon","Push","Dormant_Social_Day_1_Unpredictability_T2","late_afternoon","Push","Dormant_Social_Day_1_Unpredictability_T3","evening","Push","Dormant_Social_Day_1_Unpredictability_T4","night","In-App","Dormant_Social_Day_1_Unpredictability_T5","night","In-App","Dormant_Social_Day_1_Unpredictability_T1","night","In-App","Dormant_Social_Day_1_Unpredictability_T2","night","In-App","Dormant_Social_Day_1_Unpredictability_T3","night","In-App","Dormant_Social_Day_1_Unpredictability_T4","early_morning","In-App"
"USR_001219","7","Day 24","Paid_Competitive_Week_4_Ownership_and_Possession_T1","late_afternoon","Push","Paid_Competitive_Week_4_Ownership_and_Possession_T2","evening","Push","Paid_Competitive_Week_4_Ownership_and_Possession_T3","night","Push","Paid_Competitive_Week_4_Ownership_and_Possession_T4","night","In-App","Paid_Competitive_Week_4_Ownership_and_Possession_T5","night","In-App","Paid_Competitive_Week_4_Ownership_and_Possession_T1","night","In-App","Paid_Competitive_Week_4_Ownership_and_Possession_T2","night","In-App","Paid_Competitive_Week_4_Ownership_and_Possession_T3","early_morning","In-App","Paid_Competitive_Week_4_Ownership_and_Possession_T4","mid_morning","In-App"
"USR_001220","4","Day 48","Dormant_Social_Day_1_Unpredictability_T1","early_morning","Push","Dormant_Social_Day_1_Unpredictability_T2","early_morning","Push","Dormant_Social_Day_1_Unpredictability_T3","mid_morning","Push","Dormant_Social_Day_1_Unpredictability_T4","afternoon","In-App","Dormant_Social_Day_1_Unpredictability_T5","afternoon","In-App","Dormant_Social_Day_1_Unpredictability_T1","late_afternoon","In-App","Dormant_Social_Day_1_Unpredictability_T2","evening","In-App","Dormant_Social_Day_1_Unpredictability_T3","evening","In-App","Dormant_Social_Day_1_Unpredictability_T4","night","In-App"
"USR_001221","4","Day 70","Dormant_Social_Day_1_Unpredictability_T1","evening","Push","Dormant_Social_Day_1_Unpredictability_T2","night","Push","Dormant_Social_Day_1_Unpredictability_T3","night","Push","Dormant_Social_Day_1_Unpredictability_T4","night","In-App","Dormant_Social_Day_1_Unpredictability_T5","night","In-App","Dormant_Social_Day_1_Unpredictability_T1","night","In-App","Dormant_Social_Day_1_Unpredictability_T2","early_morning","In-App","Dormant_Social_Day_1_Unpredictability_T3","mid_morning","In-App","Dormant_Social_Day_1_Unpredictability_T4","mid_morning","In-App"
"USR_001222","5","Day 3","Dormant_Achiever_Day_1_Scarcity_and_Impatience_T1","afternoon","Push","Dormant_Achiever_Day_1_Scarcity_and_Impatience_T2","late_afternoon","Push","Dormant_Achiever_Day_1_Scarcity_and_Impatience_T3","late_afternoon","Push","Dormant_Achiever_Day_1_Scarcity_and_Impatience_T4","evening","In-App","Dormant_Achiever_Day_1_Scarcity_and_Impatience_T5","night","In-App","Dormant_Achiever_Day_1_Scarcity_and_Impatience_T1","night","In-App","Dormant_Achiever_Day_1_Scarcity_and_Impatience_T2","night","In-App","Dormant_Achiever_Day_1_Scarcity_and_Impatience_T3","night","In-App","Dormant_Achiever_Day_1_Scarcity_and_Impatience_T4","night","In-App"
"USR_001223","4","Day 83","Dormant_Social_Day_1_Unpredictability_T1","evening","Push","Dormant_Social_Day_1_Unpredictability_T2","night","Push","Dormant_Social_Day_1_Unpredictability_T3","night","Push","Dormant_Social_Day_1_Unpredictability_T4","night","In-App","Dormant_Social_Day_1_Unpredictability_T5","night","In-App","Dormant_Social_Day_1_Unpredictability_T1","night","In-App","Dormant_Social_Day_1_Unpredictability_T2","early_morning","In-App","Dormant_Social_Day_1_Unpredictability_T3","mid_morning","In-App","Dormant_Social_Day_1_Unpredictability_T4","mid_morning","In-App"
"USR_001224","4","Day 15","Dormant_Social_Day_1_Unpredictability_T1","night","Push","Dormant_Social_Day_1_Unpredictability_T2","night","Push","Dormant_Social_Day_1_Unpredictability_T3","night","Push","Dormant_Social_Day_1_Unpredictability_T4","night","In-App","Dormant_Social_Day_1_Unpredictability_T5","night","In-App","Dormant_Social_Day_1_Unpredictability_T1","early_morning","In-App","Dormant_Social_Day_1_Unpredictability_T2","mid_morning","In-App","Dormant_Social_Day_1_Unpredictability_T3","mid_morning","In-App","Dormant_Social_Day_1_Unpredictability_T4","afternoon","In-App"
"USR_001225","3","Day 1","Inactive_Socialite_Day_1_Scarcity_and_Impatience_T1","evening","Push","Inactive_Socialite_Day_1_Scarcity_and_Impatience_T2","night","Push","Inactive_Socialite_Day_1_Scarcity_and_Impatience_T3","night","Push","Inactive_Socialite_Day_1_Scarcity_and_Impatience_T4","night","In-App","Inactive_Socialite_Day_1_Scarcity_and_Impatience_T5","night","In-App","Inactive_Socialite_Day_1_Scarcity_and_Impatience_T1","early_morning","In-App","Inactive_Socialite_Day_1_Scarcity_and_Impatience_T2","early_morning","In-App","Inactive_Socialite_Day_1_Scarcity_and_Impatience_T3","mid_morning","In-App","Inactive_Socialite_Day_1_Scarcity_and_Impatience_T4","afternoon","In-App"
"USR_001226","3","Day 0","Inactive_Socialite_Day_1_Scarcity_and_Impatience_T1","evening","Push","Inactive_Socialite_Day_1_Scarcity_and_Impatience_T2","evening","Push","Inactive_Socialite_Day_1_Scarcity_and_Impatience_T3","night","Push","Inactive_Socialite_Day_1_Scarcity_and_Impatience_T4","night","In-App","Inactive_Socialite_Day_1_Scarcity_and_Impatience_T5","night","In-App","Inactive_Socialite_Day_1_Scarcity_and_Impatience_T1","night","In-App","Inactive_Socialite_Day_1_Scarcity_and_Impatience_T2","early_morning","In-App","Inactive_Socialite_Day_1_Scarcity_and_Impatience_T3","early_morning","In-App","Inactive_Socialite_Day_1_Scarcity_and_Impatience_T4","mid_morning","In-App"
"USR_001227","0","Day 174","Inactive_Socialite_Day_1_Unpredictability_T1","late_afternoon","Push","Inactive_Socialite_Day_1_Unpredictability_T2","evening","Push","Inactive_Socialite_Day_1_Unpredictability_T3","evening","Push","Inactive_Socialite_Day_1_Unpredictability_T4","night","In-App","Inactive_Socialite_Day_1_Unpredictability_T5","night","In-App","Inactive_Socialite_Day_1_Unpredictability_T1","night","In-App","Inactive_Socialite_Day_1_Unpredictability_T2","night","In-App","Inactive_Socialite_Day_1_Unpredictability_T3","early_morning","In-App","Inactive_Socialite_Day_1_Unpredictability_T4","early_morning","In-App"
"USR_001228","4","Day 89","Dormant_Social_Day_1_Unpredictability_T1","evening","Push","Dormant_Social_Day_1_Unpredictability_T2","evening","Push","Dormant_Social_Day_1_Unpredictability_T3","night","Push","Dormant_Social_Day_1_Unpredictability_T4","night","In-App","Dormant_Social_Day_1_Unpredictability_T5","night","In-App","Dormant_Social_Day_1_Unpredictability_T1","night","In-App","Dormant_Social_Day_1_Unpredictability_T2","early_morning","In-App","Dormant_Social_Day_1_Unpredictability_T3","early_morning","In-App","Dormant_Social_Day_1_Unpredictability_T4","mid_morning","In-App"
"USR_001229","2","Day 98","Paid_Social_Achiever_Week_4_Creativity_and_Feedback_T1","night","Push","Paid_Social_Achiever_Week_4_Creativity_and_Feedback_T2","night","Push","Paid_Social_Achiever_Week_4_Creativity_and_Feedback_T3","night","Push","Paid_Social_Achiever_Week_4_Creativity_and_Feedback_T4","night","In-App","Paid_Social_Achiever_Week_4_Creativity_and_Feedback_T5","early_morning","In-App","Paid_Social_Achiever_Week_4_Creativity_and_Feedback_T1","mid_morning","In-App","Paid_Social_Achiever_Week_4_Creativity_and_Feedback_T2","mid_morning","In-App","Paid_Social_Achiever_Week_4_Creativity_and_Feedback_T3","afternoon","In-App","Paid_Social_Achiever_Week_4_Creativity_and_Feedback_T4","late_afternoon","In-App"
"USR_001230","0","Day 178","Inactive_Socialite_Day_1_Unpredictability_T1","night","Push","Inactive_Socialite_Day_1_Unpredictability_T2","night","Push","Inactive_Socialite_Day_1_Unpredictability_T3","night","Push","Inactive_Socialite_Day_1_Unpredictability_T4","night","In-App","Inactive_Socialite_Day_1_Unpredictability_T5","early_morning","In-App","Inactive_Socialite_Day_1_Unpredictability_T1","mid_morning","In-App","Inactive_Socialite_Day_1_Unpredictability_T2","mid_morning","In-App","Inactive_Socialite_Day_1_Unpredictability_T3","afternoon","In-App","Inactive_Socialite_Day_1_Unpredictability_T4","late_afternoon","In-App"
"USR_001231","7","Day 36","Paid_Competitive_Week_4_Ownership_and_Possession_T1","mid_morning","Push","Paid_Competitive_Week_4_Ownership_and_Possession_T2","afternoon","Push","Paid_Competitive_Week_4_Ownership_and_Possession_T3","late_afternoon","Push","Paid_Competitive_Week_4_Ownership_and_Possession_T4","late_afternoon","In-App","Paid_Competitive_Week_4_Ownership_and_Possession_T5","evening","In-App","Paid_Competitive_Week_4_Ownership_and_Possession_T1","night","In-App","Paid_Competitive_Week_4_Ownership_and_Possession_T2","night","In-App","Paid_Competitive_Week_4_Ownership_and_Possession_T3","night","In-App","Paid_Competitive_Week_4_Ownership_and_Possession_T4","night","In-App"
"USR_001232","3","Day 6","Inactive_Socialite_Day_1_Scarcity_and_Impatience_T1","evening","Push","Inactive_Socialite_Day_1_Scarcity_and_Impatience_T2","night","Push","Inactive_Socialite_Day_1_Scarcity_and_Impatience_T3","night","Push","Inactive_Socialite_Day_1_Scarcity_and_Impatience_T4","night","In-App","Inactive_Socialite_Day_1_Scarcity_and_Impatience_T5","night","In-App","Inactive_Socialite_Day_1_Scarcity_and_Impatience_T1","early_morning","In-App","Inactive_Socialite_Day_1_Scarcity_and_Impatience_T2","early_morning","In-App","Inactive_Socialite_Day_1_Scarcity_and_Impatience_T3","mid_morning","In-App","Inactive_Socialite_Day_1_Scarcity_and_Impatience_T4","afternoon","In-App"
"USR_001233","7","Day 107","Paid_Competitive_Week_4_Ownership_and_Possession_T1","evening","Push","Paid_Competitive_Week_4_Ownership_and_Possession_T2","evening","Push","Paid_Competitive_Week_4_Ownership_and_Possession_T3","night","Push","Paid_Competitive_Week_4_Ownership_and_Possession_T4","night","In-App","Paid_Competitive_Week_4_Ownership_and_Possession_T5","night","In-App","Paid_Competitive_Week_4_Ownership_and_Possession_T1","night","In-App","Paid_Competitive_Week_4_Ownership_and_Possession_T2","early_morning","In-App","Paid_Competitive_Week_4_Ownership_and_Possession_T3","early_morning","In-App","Paid_Competitive_Week_4_Ownership_and_Possession_T4","mid_morning","In-App"
"USR_001234","7","Day 36","Paid_Competitive_Week_4_Ownership_and_Possession_T1","early_morning","Push","Paid_Competitive_Week_4_Ownership_and_Possession_T2","mid_morning","Push","Paid_Competitive_Week_4_Ownership_and_Possession_T3","mid_morning","Push","Paid_Competitive_Week_4_Ownership_and_Possession_T4","afternoon","In-App","Paid_Competitive_Week_4_Ownership_and_Possession_T5","late_afternoon","In-App","Paid_Competitive_Week_4_Ownership_and_Possession_T1","late_afternoon","In-App","Paid_Competitive_Week_4_Ownership_and_Possession_T2","evening","In-App","Paid_Competitive_Week_4_Ownership_and_Possession_T3","night","In-App","Paid_Competitive_Week_4_Ownership_and_Possession_T4","night","In-App"
"USR_001235","2","Day 24","Paid_Social_Achiever_Week_4_Creativity_and_Feedback_T1","evening","Push","Paid_Social_Achiever_Week_4_Creativity_and_Feedback_T2","night","Push","Paid_Social_Achiever_Week_4_Creativity_and_Feedback_T3","night","Push","Paid_Social_Achiever_Week_4_Creativity_and_Feedback_T4","night","In-App","Paid_Social_Achiever_Week_4_Creativity_and_Feedback_T5","night","In-App","Paid_Social_Achiever_Week_4_Creativity_and_Feedback_T1","night","In-App","Paid_Social_Achiever_Week_4_Creativity_and_Feedback_T2","early_morning","In-App","Paid_Social_Achiever_Week_4_Creativity_and_Feedback_T3","mid_morning","In-App","Paid_Social_Achiever_Week_4_Creativity_and_Feedback_T4","mid_morning","In-App"
"USR_001236","4","Day 47","Dormant_Social_Day_1_Unpredictability_T1","late_afternoon","Push","Dormant_Social_Day_1_Unpredictability_T2","late_afternoon","Push","Dormant_Social_Day_1_Unpredictability_T3","evening","Push","Dormant_Social_Day_1_Unpredictability_T4","night","In-App","Dormant_Social_Day_1_Unpredictability_T5","night","In-App","Dormant_Social_Day_1_Unpredictability_T1","night","In-App","Dormant_Social_Day_1_Unpredictability_T2","night","In-App","Dormant_Social_Day_1_Unpredictability_T3","night","In-App","Dormant_Social_Day_1_Unpredictability_T4","early_morning","In-App"
"USR_001237","2","Day 9","Paid_Social_Achiever_Week_2_Creativity_and_Feedback_T1","afternoon","Push","Paid_Social_Achiever_Week_2_Creativity_and_Feedback_T2","afternoon","Push","Paid_Social_Achiever_Week_2_Creativity_and_Feedback_T3","late_afternoon","Push","Paid_Social_Achiever_Week_2_Creativity_and_Feedback_T4","evening","In-App","Paid_Social_Achiever_Week_2_Creativity_and_Feedback_T5","evening","In-App","Paid_Social_Achiever_Week_2_Creativity_and_Feedback_T1","night","In-App","Paid_Social_Achiever_Week_2_Creativity_and_Feedback_T2","night","In-App","Paid_Social_Achiever_Week_2_Creativity_and_Feedback_T3","night","In-App","Paid_Social_Achiever_Week_2_Creativity_and_Feedback_T4","night","In-App"
"USR_001238","0","Day 169","Inactive_Socialite_Day_1_Unpredictability_T1","early_morning","Push","Inactive_Socialite_Day_1_Unpredictability_T2","mid_morning","Push","Inactive_Socialite_Day_1_Unpredictability_T3","mid_morning","Push","Inactive_Socialite_Day_1_Unpredictability_T4","afternoon","In-App","Inactive_Socialite_Day_1_Unpredictability_T5","late_afternoon","In-App","Inactive_Socialite_Day_1_Unpredictability_T1","late_afternoon","In-App","Inactive_Socialite_Day_1_Unpredictability_T2","evening","In-App","Inactive_Socialite_Day_1_Unpredictability_T3","night","In-App","Inactive_Socialite_Day_1_Unpredictability_T4","night","In-App"
"USR_001239","2","Day 9","Paid_Social_Achiever_Week_2_Creativity_and_Feedback_T1","night","Push","Paid_Social_Achiever_Week_2_Creativity_and_Feedback_T2","early_morning","Push","Paid_Social_Achiever_Week_2_Creativity_and_Feedback_T3","mid_morning","Push","Paid_Social_Achiever_Week_2_Creativity_and_Feedback_T4","mid_morning","In-App","Paid_Social_Achiever_Week_2_Creativity_and_Feedback_T5","afternoon","In-App","Paid_Social_Achiever_Week_2_Creativity_and_Feedback_T1","late_afternoon","In-App","Paid_Social_Achiever_Week_2_Creativity_and_Feedback_T2","late_afternoon","In-App","Paid_Social_Achiever_Week_2_Creativity_and_Feedback_T3","evening","In-App","Paid_Social_Achiever_Week_2_Creativity_and_Feedback_T4","night","In-App"
"USR_001240","3","Day 3","Inactive_Socialite_Day_1_Scarcity_and_Impatience_T1","late_afternoon","Push","Inactive_Socialite_Day_1_Scarcity_and_Impatience_T2","evening","Push","Inactive_Socialite_Day_1_Scarcity_and_Impatience_T3","night","Push","Inactive_Socialite_Day_1_Scarcity_and_Impatience_T4","night","In-App","Inactive_Socialite_Day_1_Scarcity_and_Impatience_T5","night","In-App","Inactive_Socialite_Day_1_Scarcity_and_Impatience_T1","night","In-App","Inactive_Socialite_Day_1_Scarcity_and_Impatience_T2","night","In-App","Inactive_Socialite_Day_1_Scarcity_and_Impatience_T3","early_morning","In-App","Inactive_Socialite_Day_1_Scarcity_and_Impatience_T4","mid_morning","In-App"
"USR_001241","4","Day 87","Dormant_Social_Day_1_Unpredictability_T1","mid_morning","Push","Dormant_Social_Day_1_Unpredictability_T2","mid_morning","Push","Dormant_Social_Day_1_Unpredictability_T3","afternoon","Push","Dormant_Social_Day_1_Unpredictability_T4","late_afternoon","In-App","Dormant_Social_Day_1_Unpredictability_T5","late_afternoon","In-App","Dormant_Social_Day_1_Unpredictability_T1","evening","In-App","Dormant_Social_Day_1_Unpredictability_T2","night","In-App","Dormant_Social_Day_1_Unpredictability_T3","night","In-App","Dormant_Social_Day_1_Unpredictability_T4","night","In-App"
"USR_001242","2","Day 80","Paid_Social_Achiever_Week_4_Creativity_and_Feedback_T1","early_morning","Push","Paid_Social_Achiever_Week_4_Creativity_and_Feedback_T2","mid_morning","Push","Paid_Social_Achiever_Week_4_Creativity_and_Feedback_T3","mid_morning","Push","Paid_Social_Achiever_Week_4_Creativity_and_Feedback_T4","afternoon","In-App","Paid_Social_Achiever_Week_4_Creativity_and_Feedback_T5","late_afternoon","In-App","Paid_Social_Achiever_Week_4_Creativity_and_Feedback_T1","late_afternoon","In-App","Paid_Social_Achiever_Week_4_Creativity_and_Feedback_T2","evening","In-App","Paid_Social_Achiever_Week_4_Creativity_and_Feedback_T3","night","In-App","Paid_Social_Achiever_Week_4_Creativity_and_Feedback_T4","night","In-App"
"USR_001243","2","Day 117","Paid_Social_Achiever_Week_4_Creativity_and_Feedback_T1","evening","Push","Paid_Social_Achiever_Week_4_Creativity_and_Feedback_T2","evening","Push","Paid_Social_Achiever_Week_4_Creativity_and_Feedback_T3","night","Push","Paid_Social_Achiever_Week_4_Creativity_and_Feedback_T4","night","In-App","Paid_Social_Achiever_Week_4_Creativity_and_Feedback_T5","night","In-App","Paid_Social_Achiever_Week_4_Creativity_and_Feedback_T1","night","In-App","Paid_Social_Achiever_Week_4_Creativity_and_Feedback_T2","early_morning","In-App","Paid_Social_Achiever_Week_4_Creativity_and_Feedback_T3","early_morning","In-App","Paid_Social_Achiever_Week_4_Creativity_and_Feedback_T4","mid_morning","In-App"
"USR_001244","0","Day 152","Inactive_Socialite_Day_1_Unpredictability_T1","early_morning","Push","Inactive_Socialite_Day_1_Unpredictability_T2","mid_morning","Push","Inactive_Socialite_Day_1_Unpredictability_T3","mid_morning","Push","Inactive_Socialite_Day_1_Unpredictability_T4","afternoon","In-App","Inactive_Socialite_Day_1_Unpredictability_T5","late_afternoon","In-App","Inactive_Socialite_Day_1_Unpredictability_T1","late_afternoon","In-App","Inactive_Socialite_Day_1_Unpredictability_T2","evening","In-App","Inactive_Socialite_Day_1_Unpredictability_T3","night","In-App","Inactive_Socialite_Day_1_Unpredictability_T4","night","In-App"
"USR_001245","3","Day 4","Inactive_Socialite_Day_1_Scarcity_and_Impatience_T1","night","Push","Inactive_Socialite_Day_1_Scarcity_and_Impatience_T2","night","Push","Inactive_Socialite_Day_1_Scarcity_and_Impatience_T3","night","Push","Inactive_Socialite_Day_1_Scarcity_and_Impatience_T4","night","In-App","Inactive_Socialite_Day_1_Scarcity_and_Impatience_T5","early_morning","In-App","Inactive_Socialite_Day_1_Scarcity_and_Impatience_T1","mid_morning","In-App","Inactive_Socialite_Day_1_Scarcity_and_Impatience_T2","mid_morning","In-App","Inactive_Socialite_Day_1_Scarcity_and_Impatience_T3","afternoon","In-App","Inactive_Socialite_Day_1_Scarcity_and_Impatience_T4","late_afternoon","In-App"
"USR_001246","4","Day 33","Dormant_Social_Day_1_Unpredictability_T1","early_morning","Push","Dormant_Social_Day_1_Unpredictability_T2","mid_morning","Push","Dormant_Social_Day_1_Unpredictability_T3","afternoon","Push","Dormant_Social_Day_1_Unpredictability_T4","afternoon","In-App","Dormant_Social_Day_1_Unpredictability_T5","late_afternoon","In-App","Dormant_Social_Day_1_Unpredictability_T1","evening","In-App","Dormant_Social_Day_1_Unpredictability_T2","evening","In-App","Dormant_Social_Day_1_Unpredictability_T3","night","In-App","Dormant_Social_Day_1_Unpredictability_T4","night","In-App"
"USR_001247","4","Day 45","Dormant_Social_Day_1_Unpredictability_T1","late_afternoon","Push","Dormant_Social_Day_1_Unpredictability_T2","evening","Push","Dormant_Social_Day_1_Unpredictability_T3","night","Push","Dormant_Social_Day_1_Unpredictability_T4","night","In-App","Dormant_Social_Day_1_Unpredictability_T5","night","In-App","Dormant_Social_Day_1_Unpredictability_T1","night","In-App","Dormant_Social_Day_1_Unpredictability_T2","night","In-App","Dormant_Social_Day_1_Unpredictability_T3","early_morning","In-App","Dormant_Social_Day_1_Unpredictability_T4","mid_morning","In-App"
"USR_001248","4","Day 89","Dormant_Social_Day_1_Unpredictability_T1","evening","Push","Dormant_Social_Day_1_Unpredictability_T2","evening","Push","Dormant_Social_Day_1_Unpredictability_T3","night","Push","Dormant_Social_Day_1_Unpredictability_T4","night","In-App","Dormant_Social_Day_1_Unpredictability_T5","night","In-App","Dormant_Social_Day_1_Unpredictability_T1","night","In-App","Dormant_Social_Day_1_Unpredictability_T2","early_morning","In-App","Dormant_Social_Day_1_Unpredictability_T3","early_morning","In-App","Dormant_Social_Day_1_Unpredictability_T4","mid_morning","In-App"
"USR_001249","6","Day 1","Dormant_Scholar_Day_1_Creativity_and_Feedback_T1","early_morning","Push","Dormant_Scholar_Day_1_Creativity_and_Feedback_T2","mid_morning","Push","Dormant_Scholar_Day_1_Creativity_and_Feedback_T3","afternoon","Push","Dormant_Scholar_Day_1_Creativity_and_Feedback_T4","afternoon","In-App","Dormant_Scholar_Day_1_Creativity_and_Feedback_T5","late_afternoon","In-App","Dormant_Scholar_Day_1_Creativity_and_Feedback_T1","evening","In-App","Dormant_Scholar_Day_1_Creativity_and_Feedback_T2","evening","In-App","Dormant_Scholar_Day_1_Creativity_and_Feedback_T3","night","In-App","Dormant_Scholar_Day_1_Creativity_and_Feedback_T4","night","In-App"
"USR_001250","3","Day 4","Inactive_Socialite_Day_1_Scarcity_and_Impatience_T1","mid_morning","Push","Inactive_Socialite_Day_1_Scarcity_and_Impatience_T2","afternoon","Push","Inactive_Socialite_Day_1_Scarcity_and_Impatience_T3","late_afternoon","Push","Inactive_Socialite_Day_1_Scarcity_and_Impatience_T4","late_afternoon","In-App","Inactive_Socialite_Day_1_Scarcity_and_Impatience_T5","evening","In-App","Inactive_Socialite_Day_1_Scarcity_and_Impatience_T1","night","In-App","Inactive_Socialite_Day_1_Scarcity_and_Impatience_T2","night","In-App","Inactive_Socialite_Day_1_Scarcity_and_Impatience_T3","night","In-App","Inactive_Socialite_Day_1_Scarcity_and_Impatience_T4","night","In-App"
"USR_001251","7","Day 61","Paid_Competitive_Week_4_Ownership_and_Possession_T1","evening","Push","Paid_Competitive_Week_4_Ownership_and_Possession_T2","night","Push","Paid_Competitive_Week_4_Ownership_and_Possession_T3","night","Push","Paid_Competitive_Week_4_Ownership_and_Possession_T4","night","In-App","Paid_Competitive_Week_4_Ownership_and_Possession_T5","night","In-App","Paid_Competitive_Week_4_Ownership_and_Possession_T1","early_morning","In-App","Paid_Competitive_Week_4_Ownership_and_Possession_T2","early_morning","In-App","Paid_Competitive_Week_4_Ownership_and_Possession_T3","mid_morning","In-App","Paid_Competitive_Week_4_Ownership_and_Possession_T4","afternoon","In-App"
"USR_001252","2","Day 105","Paid_Social_Achiever_Week_4_Creativity_and_Feedback_T1","night","Push","Paid_Social_Achiever_Week_4_Creativity_and_Feedback_T2","night","Push","Paid_Social_Achiever_Week_4_Creativity_and_Feedback_T3","night","Push","Paid_Social_Achiever_Week_4_Creativity_and_Feedback_T4","night","In-App","Paid_Social_Achiever_Week_4_Creativity_and_Feedback_T5","night","In-App","Paid_Social_Achiever_Week_4_Creativity_and_Feedback_T1","early_morning","In-App","Paid_Social_Achiever_Week_4_Creativity_and_Feedback_T2","mid_morning","In-App","Paid_Social_Achiever_Week_4_Creativity_and_Feedback_T3","mid_morning","In-App","Paid_Social_Achiever_Week_4_Creativity_and_Feedback_T4","afternoon","In-App"
"USR_001253","3","Day 7","Inactive_Socialite_Day_1_Scarcity_and_Impatience_T1","mid_morning","Push","Inactive_Socialite_Day_1_Scarcity_and_Impatience_T2","afternoon","Push","Inactive_Socialite_Day_1_Scarcity_and_Impatience_T3","late_afternoon","Push","Inactive_Socialite_Day_1_Scarcity_and_Impatience_T4","late_afternoon","In-App","Inactive_Socialite_Day_1_Scarcity_and_Impatience_T5","evening","In-App","Inactive_Socialite_Day_1_Scarcity_and_Impatience_T1","night","In-App","Inactive_Socialite_Day_1_Scarcity_and_Impatience_T2","night","In-App","Inactive_Socialite_Day_1_Scarcity_and_Impatience_T3","night","In-App","Inactive_Socialite_Day_1_Scarcity_and_Impatience_T4","night","In-App"
"USR_001254","5","Day 5","Dormant_Achiever_Day_1_Scarcity_and_Impatience_T1","afternoon","Push","Dormant_Achiever_Day_1_Scarcity_and_Impatience_T2","late_afternoon","Push","Dormant_Achiever_Day_1_Scarcity_and_Impatience_T3","evening","Push","Dormant_Achiever_Day_1_Scarcity_and_Impatience_T4","evening","In-App","Dormant_Achiever_Day_1_Scarcity_and_Impatience_T5","night","In-App","Dormant_Achiever_Day_1_Scarcity_and_Impatience_T1","night","In-App","Dormant_Achiever_Day_1_Scarcity_and_Impatience_T2","night","In-App","Dormant_Achiever_Day_1_Scarcity_and_Impatience_T3","night","In-App","Dormant_Achiever_Day_1_Scarcity_and_Impatience_T4","early_morning","In-App"
"USR_001255","2","Day 26","Paid_Social_Achiever_Week_4_Creativity_and_Feedback_T1","mid_morning","Push","Paid_Social_Achiever_Week_4_Creativity_and_Feedback_T2","afternoon","Push","Paid_Social_Achiever_Week_4_Creativity_and_Feedback_T3","afternoon","Push","Paid_Social_Achiever_Week_4_Creativity_and_Feedback_T4","late_afternoon","In-App","Paid_Social_Achiever_Week_4_Creativity_and_Feedback_T5","evening","In-App","Paid_Social_Achiever_Week_4_Creativity_and_Feedback_T1","evening","In-App","Paid_Social_Achiever_Week_4_Creativity_and_Feedback_T2","night","In-App","Paid_Social_Achiever_Week_4_Creativity_and_Feedback_T3","night","In-App","Paid_Social_Achiever_Week_4_Creativity_and_Feedback_T4","night","In-App"
"USR_001256","0","Day 147","Inactive_Socialite_Day_1_Unpredictability_T1","early_morning","Push","Inactive_Socialite_Day_1_Unpredictability_T2","mid_morning","Push","Inactive_Socialite_Day_1_Unpredictability_T3","mid_morning","Push","Inactive_Socialite_Day_1_Unpredictability_T4","afternoon","In-App","Inactive_Socialite_Day_1_Unpredictability_T5","late_afternoon","In-App","Inactive_Socialite_Day_1_Unpredictability_T1","late_afternoon","In-App","Inactive_Socialite_Day_1_Unpredictability_T2","evening","In-App","Inactive_Socialite_Day_1_Unpredictability_T3","night","In-App","Inactive_Socialite_Day_1_Unpredictability_T4","night","In-App"
"USR_001257","5","Day 7","Dormant_Achiever_Day_1_Scarcity_and_Impatience_T1","evening","Push","Dormant_Achiever_Day_1_Scarcity_and_Impatience_T2","night","Push","Dormant_Achiever_Day_1_Scarcity_and_Impatience_T3","night","Push","Dormant_Achiever_Day_1_Scarcity_and_Impatience_T4","night","In-App","Dormant_Achiever_Day_1_Scarcity_and_Impatience_T5","night","In-App","Dormant_Achiever_Day_1_Scarcity_and_Impatience_T1","night","In-App","Dormant_Achiever_Day_1_Scarcity_and_Impatience_T2","early_morning","In-App","Dormant_Achiever_Day_1_Scarcity_and_Impatience_T3","mid_morning","In-App","Dormant_Achiever_Day_1_Scarcity_and_Impatience_T4","mid_morning","In-App"
"USR_001258","4","Day 98","Dormant_Social_Day_1_Unpredictability_T1","late_afternoon","Push","Dormant_Social_Day_1_Unpredictability_T2","evening","Push","Dormant_Social_Day_1_Unpredictability_T3","night","Push","Dormant_Social_Day_1_Unpredictability_T4","night","In-App","Dormant_Social_Day_1_Unpredictability_T5","night","In-App","Dormant_Social_Day_1_Unpredictability_T1","night","In-App","Dormant_Social_Day_1_Unpredictability_T2","night","In-App","Dormant_Social_Day_1_Unpredictability_T3","early_morning","In-App","Dormant_Social_Day_1_Unpredictability_T4","mid_morning","In-App"
"USR_001259","2","Day 72","Paid_Social_Achiever_Week_4_Creativity_and_Feedback_T1","night","Push","Paid_Social_Achiever_Week_4_Creativity_and_Feedback_T2","early_morning","Push","Paid_Social_Achiever_Week_4_Creativity_and_Feedback_T3","mid_morning","Push","Paid_Social_Achiever_Week_4_Creativity_and_Feedback_T4","mid_morning","In-App","Paid_Social_Achiever_Week_4_Creativity_and_Feedback_T5","afternoon","In-App","Paid_Social_Achiever_Week_4_Creativity_and_Feedback_T1","late_afternoon","In-App","Paid_Social_Achiever_Week_4_Creativity_and_Feedback_T2","late_afternoon","In-App","Paid_Social_Achiever_Week_4_Creativity_and_Feedback_T3","evening","In-App","Paid_Social_Achiever_Week_4_Creativity_and_Feedback_T4","night","In-App"
"USR_001260","6","Day 4","Dormant_Scholar_Day_1_Creativity_and_Feedback_T1","afternoon","Push","Dormant_Scholar_Day_1_Creativity_and_Feedback_T2","afternoon","Push","Dormant_Scholar_Day_1_Creativity_and_Feedback_T3","late_afternoon","Push","Dormant_Scholar_Day_1_Creativity_and_Feedback_T4","evening","In-App","Dormant_Scholar_Day_1_Creativity_and_Feedback_T5","evening","In-App","Dormant_Scholar_Day_1_Creativity_and_Feedback_T1","night","In-App","Dormant_Scholar_Day_1_Creativity_and_Feedback_T2","night","In-App","Dormant_Scholar_Day_1_Creativity_and_Feedback_T3","night","In-App","Dormant_Scholar_Day_1_Creativity_and_Feedback_T4","night","In-App"
"USR_001261","3","Day 7","Inactive_Socialite_Day_1_Scarcity_and_Impatience_T1","early_morning","Push","Inactive_Socialite_Day_1_Scarcity_and_Impatience_T2","early_morning","Push","Inactive_Socialite_Day_1_Scarcity_and_Impatience_T3","mid_morning","Push","Inactive_Socialite_Day_1_Scarcity_and_Impatience_T4","afternoon","In-App","Inactive_Socialite_Day_1_Scarcity_and_Impatience_T5","afternoon","In-App","Inactive_Socialite_Day_1_Scarcity_and_Impatience_T1","late_afternoon","In-App","Inactive_Socialite_Day_1_Scarcity_and_Impatience_T2","evening","In-App","Inactive_Socialite_Day_1_Scarcity_and_Impatience_T3","evening","In-App","Inactive_Socialite_Day_1_Scarcity_and_Impatience_T4","night","In-App"
"USR_001262","4","Day 88","Dormant_Social_Day_1_Unpredictability_T1","early_morning","Push","Dormant_Social_Day_1_Unpredictability_T2","mid_morning","Push","Dormant_Social_Day_1_Unpredictability_T3","mid_morning","Push","Dormant_Social_Day_1_Unpredictability_T4","afternoon","In-App","Dormant_Social_Day_1_Unpredictability_T5","late_afternoon","In-App","Dormant_Social_Day_1_Unpredictability_T1","late_afternoon","In-App","Dormant_Social_Day_1_Unpredictability_T2","evening","In-App","Dormant_Social_Day_1_Unpredictability_T3","night","In-App","Dormant_Social_Day_1_Unpredictability_T4","night","In-App"
"USR_001263","7","Day 36","Paid_Competitive_Week_4_Ownership_and_Possession_T1","evening","Push","Paid_Competitive_Week_4_Ownership_and_Possession_T2","night","Push","Paid_Competitive_Week_4_Ownership_and_Possession_T3","night","Push","Paid_Competitive_Week_4_Ownership_and_Possession_T4","night","In-App","Paid_Competitive_Week_4_Ownership_and_Possession_T5","night","In-App","Paid_Competitive_Week_4_Ownership_and_Possession_T1","night","In-App","Paid_Competitive_Week_4_Ownership_and_Possession_T2","early_morning","In-App","Paid_Competitive_Week_4_Ownership_and_Possession_T3","mid_morning","In-App","Paid_Competitive_Week_4_Ownership_and_Possession_T4","mid_morning","In-App"
"USR_001264","4","Day 71","Dormant_Social_Day_1_Unpredictability_T1","night","Push","Dormant_Social_Day_1_Unpredictability_T2","night","Push","Dormant_Social_Day_1_Unpredictability_T3","night","Push","Dormant_Social_Day_1_Unpredictability_T4","night","In-App","Dormant_Social_Day_1_Unpredictability_T5","early_morning","In-App","Dormant_Social_Day_1_Unpredictability_T1","early_morning","In-App","Dormant_Social_Day_1_Unpredictability_T2","mid_morning","In-App","Dormant_Social_Day_1_Unpredictability_T3","afternoon","In-App","Dormant_Social_Day_1_Unpredictability_T4","afternoon","In-App"
"USR_001265","0","Day 157","Inactive_Socialite_Day_1_Unpredictability_T1","evening","Push","Inactive_Socialite_Day_1_Unpredictability_T2","night","Push","Inactive_Socialite_Day_1_Unpredictability_T3","night","Push","Inactive_Socialite_Day_1_Unpredictability_T4","night","In-App","Inactive_Socialite_Day_1_Unpredictability_T5","night","In-App","Inactive_Socialite_Day_1_Unpredictability_T1","night","In-App","Inactive_Socialite_Day_1_Unpredictability_T2","early_morning","In-App","Inactive_Socialite_Day_1_Unpredictability_T3","mid_morning","In-App","Inactive_Socialite_Day_1_Unpredictability_T4","mid_morning","In-App"
"USR_001266","0","Day 145","Inactive_Socialite_Day_1_Unpredictability_T1","mid_morning","Push","Inactive_Socialite_Day_1_Unpredictability_T2","afternoon","Push","Inactive_Socialite_Day_1_Unpredictability_T3","afternoon","Push","Inactive_Socialite_Day_1_Unpredictability_T4","late_afternoon","In-App","Inactive_Socialite_Day_1_Unpredictability_T5","evening","In-App","Inactive_Socialite_Day_1_Unpredictability_T1","evening","In-App","Inactive_Socialite_Day_1_Unpredictability_T2","night","In-App","Inactive_Socialite_Day_1_Unpredictability_T3","night","In-App","Inactive_Socialite_Day_1_Unpredictability_T4","night","In-App"
"USR_001267","2","Day 64","Paid_Social_Achiever_Week_4_Creativity_and_Feedback_T1","early_morning","Push","Paid_Social_Achiever_Week_4_Creativity_and_Feedback_T2","early_morning","Push","Paid_Social_Achiever_Week_4_Creativity_and_Feedback_T3","mid_morning","Push","Paid_Social_Achiever_Week_4_Creativity_and_Feedback_T4","afternoon","In-App","Paid_Social_Achiever_Week_4_Creativity_and_Feedback_T5","afternoon","In-App","Paid_Social_Achiever_Week_4_Creativity_and_Feedback_T1","late_afternoon","In-App","Paid_Social_Achiever_Week_4_Creativity_and_Feedback_T2","evening","In-App","Paid_Social_Achiever_Week_4_Creativity_and_Feedback_T3","evening","In-App","Paid_Social_Achiever_Week_4_Creativity_and_Feedback_T4","night","In-App"
"USR_001268","3","Day 3","Inactive_Socialite_Day_1_Scarcity_and_Impatience_T1","night","Push","Inactive_Socialite_Day_1_Scarcity_and_Impatience_T2","night","Push","Inactive_Socialite_Day_1_Scarcity_and_Impatience_T3","night","Push","Inactive_Socialite_Day_1_Scarcity_and_Impatience_T4","night","In-App","Inactive_Socialite_Day_1_Scarcity_and_Impatience_T5","night","In-App","Inactive_Socialite_Day_1_Scarcity_and_Impatience_T1","early_morning","In-App","Inactive_Socialite_Day_1_Scarcity_and_Impatience_T2","mid_morning","In-App","Inactive_Socialite_Day_1_Scarcity_and_Impatience_T3","mid_morning","In-App","Inactive_Socialite_Day_1_Scarcity_and_Impatience_T4","afternoon","In-App"
"USR_001269","4","Day 38","Dormant_Social_Day_1_Unpredictability_T1","evening","Push","Dormant_Social_Day_1_Unpredictability_T2","night","Push","Dormant_Social_Day_1_Unpredictability_T3","night","Push","Dormant_Social_Day_1_Unpredictability_T4","night","In-App","Dormant_Social_Day_1_Unpredictability_T5","night","In-App","Dormant_Social_Day_1_Unpredictability_T1","night","In-App","Dormant_Social_Day_1_Unpredictability_T2","early_morning","In-App","Dormant_Social_Day_1_Unpredictability_T3","mid_morning","In-App","Dormant_Social_Day_1_Unpredictability_T4","mid_morning","In-App"
"USR_001270","7","Day 39","Paid_Competitive_Week_4_Ownership_and_Possession_T1","mid_morning","Push","Paid_Competitive_Week_4_Ownership_and_Possession_T2","afternoon","Push","Paid_Competitive_Week_4_Ownership_and_Possession_T3","afternoon","Push","Paid_Competitive_Week_4_Ownership_and_Possession_T4","late_afternoon","In-App","Paid_Competitive_Week_4_Ownership_and_Possession_T5","evening","In-App","Paid_Competitive_Week_4_Ownership_and_Possession_T1","evening","In-App","Paid_Competitive_Week_4_Ownership_and_Possession_T2","night","In-App","Paid_Competitive_Week_4_Ownership_and_Possession_T3","night","In-App","Paid_Competitive_Week_4_Ownership_and_Possession_T4","night","In-App"
"USR_001271","4","Day 74","Dormant_Social_Day_1_Unpredictability_T1","late_afternoon","Push","Dormant_Social_Day_1_Unpredictability_T2","late_afternoon","Push","Dormant_Social_Day_1_Unpredictability_T3","evening","Push","Dormant_Social_Day_1_Unpredictability_T4","night","In-App","Dormant_Social_Day_1_Unpredictability_T5","night","In-App","Dormant_Social_Day_1_Unpredictability_T1","night","In-App","Dormant_Social_Day_1_Unpredictability_T2","night","In-App","Dormant_Social_Day_1_Unpredictability_T3","night","In-App","Dormant_Social_Day_1_Unpredictability_T4","early_morning","In-App"
"USR_001272","6","Day 6","Dormant_Scholar_Day_1_Creativity_and_Feedback_T1","early_morning","Push","Dormant_Scholar_Day_1_Creativity_and_Feedback_T2","mid_morning","Push","Dormant_Scholar_Day_1_Creativity_and_Feedback_T3","afternoon","Push","Dormant_Scholar_Day_1_Creativity_and_Feedback_T4","afternoon","In-App","Dormant_Scholar_Day_1_Creativity_and_Feedback_T5","late_afternoon","In-App","Dormant_Scholar_Day_1_Creativity_and_Feedback_T1","evening","In-App","Dormant_Scholar_Day_1_Creativity_and_Feedback_T2","evening","In-App","Dormant_Scholar_Day_1_Creativity_and_Feedback_T3","night","In-App","Dormant_Scholar_Day_1_Creativity_and_Feedback_T4","night","In-App"
"USR_001273","4","Day 33","Dormant_Social_Day_1_Unpredictability_T1","night","Push","Dormant_Social_Day_1_Unpredictability_T2","night","Push","Dormant_Social_Day_1_Unpredictability_T3","night","Push","Dormant_Social_Day_1_Unpredictability_T4","night","In-App","Dormant_Social_Day_1_Unpredictability_T5","early_morning","In-App","Dormant_Social_Day_1_Unpredictability_T1","mid_morning","In-App","Dormant_Social_Day_1_Unpredictability_T2","mid_morning","In-App","Dormant_Social_Day_1_Unpredictability_T3","afternoon","In-App","Dormant_Social_Day_1_Unpredictability_T4","late_afternoon","In-App"
"USR_001274","4","Day 77","Dormant_Social_Day_1_Unpredictability_T1","late_afternoon","Push","Dormant_Social_Day_1_Unpredictability_T2","evening","Push","Dormant_Social_Day_1_Unpredictability_T3","evening","Push","Dormant_Social_Day_1_Unpredictability_T4","night","In-App","Dormant_Social_Day_1_Unpredictability_T5","night","In-App","Dormant_Social_Day_1_Unpredictability_T1","night","In-App","Dormant_Social_Day_1_Unpredictability_T2","night","In-App","Dormant_Social_Day_1_Unpredictability_T3","early_morning","In-App","Dormant_Social_Day_1_Unpredictability_T4","early_morning","In-App"
"USR_001275","3","Day 3","Inactive_Socialite_Day_1_Scarcity_and_Impatience_T1","evening","Push","Inactive_Socialite_Day_1_Scarcity_and_Impatience_T2","night","Push","Inactive_Socialite_Day_1_Scarcity_and_Impatience_T3","night","Push","Inactive_Socialite_Day_1_Scarcity_and_Impatience_T4","night","In-App","Inactive_Socialite_Day_1_Scarcity_and_Impatience_T5","night","In-App","Inactive_Socialite_Day_1_Scarcity_and_Impatience_T1","night","In-App","Inactive_Socialite_Day_1_Scarcity_and_Impatience_T2","early_morning","In-App","Inactive_Socialite_Day_1_Scarcity_and_Impatience_T3","mid_morning","In-App","Inactive_Socialite_Day_1_Scarcity_and_Impatience_T4","mid_morning","In-App"
"USR_001276","6","Day 2","Dormant_Scholar_Day_1_Creativity_and_Feedback_T1","mid_morning","Push","Dormant_Scholar_Day_1_Creativity_and_Feedback_T2","mid_morning","Push","Dormant_Scholar_Day_1_Creativity_and_Feedback_T3","afternoon","Push","Dormant_Scholar_Day_1_Creativity_and_Feedback_T4","late_afternoon","In-App","Dormant_Scholar_Day_1_Creativity_and_Feedback_T5","late_afternoon","In-App","Dormant_Scholar_Day_1_Creativity_and_Feedback_T1","evening","In-App","Dormant_Scholar_Day_1_Creativity_and_Feedback_T2","night","In-App","Dormant_Scholar_Day_1_Creativity_and_Feedback_T3","night","In-App","Dormant_Scholar_Day_1_Creativity_and_Feedback_T4","night","In-App"
"USR_001277","4","Day 20","Dormant_Social_Day_1_Unpredictability_T1","evening","Push","Dormant_Social_Day_1_Unpredictability_T2","night","Push","Dormant_Social_Day_1_Unpredictability_T3","night","Push","Dormant_Social_Day_1_Unpredictability_T4","night","In-App","Dormant_Social_Day_1_Unpredictability_T5","night","In-App","Dormant_Social_Day_1_Unpredictability_T1","early_morning","In-App","Dormant_Social_Day_1_Unpredictability_T2","early_morning","In-App","Dormant_Social_Day_1_Unpredictability_T3","mid_morning","In-App","Dormant_Social_Day_1_Unpredictability_T4","afternoon","In-App"
"USR_001278","7","Day 113","Paid_Competitive_Week_4_Ownership_and_Possession_T1","mid_morning","Push","Paid_Competitive_Week_4_Ownership_and_Possession_T2","afternoon","Push","Paid_Competitive_Week_4_Ownership_and_Possession_T3","afternoon","Push","Paid_Competitive_Week_4_Ownership_and_Possession_T4","late_afternoon","In-App","Paid_Competitive_Week_4_Ownership_and_Possession_T5","evening","In-App","Paid_Competitive_Week_4_Ownership_and_Possession_T1","evening","In-App","Paid_Competitive_Week_4_Ownership_and_Possession_T2","night","In-App","Paid_Competitive_Week_4_Ownership_and_Possession_T3","night","In-App","Paid_Competitive_Week_4_Ownership_and_Possession_T4","night","In-App"
"USR_001279","0","Day 160","Inactive_Socialite_Day_1_Unpredictability_T1","night","Push","Inactive_Socialite_Day_1_Unpredictability_T2","night","Push","Inactive_Socialite_Day_1_Unpredictability_T3","night","Push","Inactive_Socialite_Day_1_Unpredictability_T4","night","In-App","Inactive_Socialite_Day_1_Unpredictability_T5","night","In-App","Inactive_Socialite_Day_1_Unpredictability_T1","early_morning","In-App","Inactive_Socialite_Day_1_Unpredictability_T2","mid_morning","In-App","Inactive_Socialite_Day_1_Unpredictability_T3","mid_morning","In-App","Inactive_Socialite_Day_1_Unpredictability_T4","afternoon","In-App"
"USR_001280","7","Day 30","Paid_Competitive_Week_4_Ownership_and_Possession_T1","night","Push","Paid_Competitive_Week_4_Ownership_and_Possession_T2","night","Push","Paid_Competitive_Week_4_Ownership_and_Possession_T3","night","Push","Paid_Competitive_Week_4_Ownership_and_Possession_T4","night","In-App","Paid_Competitive_Week_4_Ownership_and_Possession_T5","early_morning","In-App","Paid_Competitive_Week_4_Ownership_and_Possession_T1","mid_morning","In-App","Paid_Competitive_Week_4_Ownership_and_Possession_T2","mid_morning","In-App","Paid_Competitive_Week_4_Ownership_and_Possession_T3","afternoon","In-App","Paid_Competitive_Week_4_Ownership_and_Possession_T4","late_afternoon","In-App"
"USR_001281","3","Day 6","Inactive_Socialite_Day_1_Scarcity_and_Impatience_T1","night","Push","Inactive_Socialite_Day_1_Scarcity_and_Impatience_T2","early_morning","Push","Inactive_Socialite_Day_1_Scarcity_and_Impatience_T3","mid_morning","Push","Inactive_Socialite_Day_1_Scarcity_and_Impatience_T4","mid_morning","In-App","Inactive_Socialite_Day_1_Scarcity_and_Impatience_T5","afternoon","In-App","Inactive_Socialite_Day_1_Scarcity_and_Impatience_T1","late_afternoon","In-App","Inactive_Socialite_Day_1_Scarcity_and_Impatience_T2","late_afternoon","In-App","Inactive_Socialite_Day_1_Scarcity_and_Impatience_T3","evening","In-App","Inactive_Socialite_Day_1_Scarcity_and_Impatience_T4","night","In-App"
"USR_001282","1","Day 1","Inactive_Social_Learners_Day_1_Social_Influence_T1","afternoon","Push","Inactive_Social_Learners_Day_1_Social_Influence_T2","late_afternoon","Push","Inactive_Social_Learners_Day_1_Social_Influence_T3","late_afternoon","Push","Inactive_Social_Learners_Day_1_Social_Influence_T4","evening","In-App","Inactive_Social_Learners_Day_1_Social_Influence_T5","night","In-App","Inactive_Social_Learners_Day_1_Social_Influence_T1","night","In-App","Inactive_Social_Learners_Day_1_Social_Influence_T2","night","In-App","Inactive_Social_Learners_Day_1_Social_Influence_T3","night","In-App","Inactive_Social_Learners_Day_1_Social_Influence_T4","night","In-App"
"USR_001283","4","Day 86","Dormant_Social_Day_1_Unpredictability_T1","late_afternoon","Push","Dormant_Social_Day_1_Unpredictability_T2","evening","Push","Dormant_Social_Day_1_Unpredictability_T3","evening","Push","Dormant_Social_Day_1_Unpredictability_T4","night","In-App","Dormant_Social_Day_1_Unpredictability_T5","night","In-App","Dormant_Social_Day_1_Unpredictability_T1","night","In-App","Dormant_Social_Day_1_Unpredictability_T2","night","In-App","Dormant_Social_Day_1_Unpredictability_T3","early_morning","In-App","Dormant_Social_Day_1_Unpredictability_T4","early_morning","In-App"
"USR_001284","4","Day 63","Dormant_Social_Day_1_Unpredictability_T1","evening","Push","Dormant_Social_Day_1_Unpredictability_T2","night","Push","Dormant_Social_Day_1_Unpredictability_T3","night","Push","Dormant_Social_Day_1_Unpredictability_T4","night","In-App","Dormant_Social_Day_1_Unpredictability_T5","night","In-App","Dormant_Social_Day_1_Unpredictability_T1","night","In-App","Dormant_Social_Day_1_Unpredictability_T2","early_morning","In-App","Dormant_Social_Day_1_Unpredictability_T3","mid_morning","In-App","Dormant_Social_Day_1_Unpredictability_T4","mid_morning","In-App"
"USR_001285","4","Day 53","Dormant_Social_Day_1_Unpredictability_T1","late_afternoon","Push","Dormant_Social_Day_1_Unpredictability_T2","late_afternoon","Push","Dormant_Social_Day_1_Unpredictability_T3","evening","Push","Dormant_Social_Day_1_Unpredictability_T4","night","In-App","Dormant_Social_Day_1_Unpredictability_T5","night","In-App","Dormant_Social_Day_1_Unpredictability_T1","night","In-App","Dormant_Social_Day_1_Unpredictability_T2","night","In-App","Dormant_Social_Day_1_Unpredictability_T3","night","In-App","Dormant_Social_Day_1_Unpredictability_T4","early_morning","In-App"
"USR_001286","3","Day 1","Inactive_Socialite_Day_1_Scarcity_and_Impatience_T1","evening","Push","Inactive_Socialite_Day_1_Scarcity_and_Impatience_T2","night","Push","Inactive_Socialite_Day_1_Scarcity_and_Impatience_T3","night","Push","Inactive_Socialite_Day_1_Scarcity_and_Impatience_T4","night","In-App","Inactive_Socialite_Day_1_Scarcity_and_Impatience_T5","night","In-App","Inactive_Socialite_Day_1_Scarcity_and_Impatience_T1","early_morning","In-App","Inactive_Socialite_Day_1_Scarcity_and_Impatience_T2","early_morning","In-App","Inactive_Socialite_Day_1_Scarcity_and_Impatience_T3","mid_morning","In-App","Inactive_Socialite_Day_1_Scarcity_and_Impatience_T4","afternoon","In-App"
"USR_001287","7","Day 61","Paid_Competitive_Week_4_Ownership_and_Possession_T1","late_afternoon","Push","Paid_Competitive_Week_4_Ownership_and_Possession_T2","evening","Push","Paid_Competitive_Week_4_Ownership_and_Possession_T3","evening","Push","Paid_Competitive_Week_4_Ownership_and_Possession_T4","night","In-App","Paid_Competitive_Week_4_Ownership_and_Possession_T5","night","In-App","Paid_Competitive_Week_4_Ownership_and_Possession_T1","night","In-App","Paid_Competitive_Week_4_Ownership_and_Possession_T2","night","In-App","Paid_Competitive_Week_4_Ownership_and_Possession_T3","early_morning","In-App","Paid_Competitive_Week_4_Ownership_and_Possession_T4","early_morning","In-App"
"USR_001288","2","Day 62","Paid_Social_Achiever_Week_4_Creativity_and_Feedback_T1","evening","Push","Paid_Social_Achiever_Week_4_Creativity_and_Feedback_T2","evening","Push","Paid_Social_Achiever_Week_4_Creativity_and_Feedback_T3","night","Push","Paid_Social_Achiever_Week_4_Creativity_and_Feedback_T4","night","In-App","Paid_Social_Achiever_Week_4_Creativity_and_Feedback_T5","night","In-App","Paid_Social_Achiever_Week_4_Creativity_and_Feedback_T1","night","In-App","Paid_Social_Achiever_Week_4_Creativity_and_Feedback_T2","early_morning","In-App","Paid_Social_Achiever_Week_4_Creativity_and_Feedback_T3","early_morning","In-App","Paid_Social_Achiever_Week_4_Creativity_and_Feedback_T4","mid_morning","In-App"
"USR_001289","2","Day 64","Paid_Social_Achiever_Week_4_Creativity_and_Feedback_T1","early_morning","Push","Paid_Social_Achiever_Week_4_Creativity_and_Feedback_T2","mid_morning","Push","Paid_Social_Achiever_Week_4_Creativity_and_Feedback_T3","mid_morning","Push","Paid_Social_Achiever_Week_4_Creativity_and_Feedback_T4","afternoon","In-App","Paid_Social_Achiever_Week_4_Creativity_and_Feedback_T5","late_afternoon","In-App","Paid_Social_Achiever_Week_4_Creativity_and_Feedback_T1","late_afternoon","In-App","Paid_Social_Achiever_Week_4_Creativity_and_Feedback_T2","evening","In-App","Paid_Social_Achiever_Week_4_Creativity_and_Feedback_T3","night","In-App","Paid_Social_Achiever_Week_4_Creativity_and_Feedback_T4","night","In-App"
"USR_001290","1","Day 2","Inactive_Social_Learners_Day_1_Social_Influence_T1","evening","Push","Inactive_Social_Learners_Day_1_Social_Influence_T2","night","Push","Inactive_Social_Learners_Day_1_Social_Influence_T3","night","Push","Inactive_Social_Learners_Day_1_Social_Influence_T4","night","In-App","Inactive_Social_Learners_Day_1_Social_Influence_T5","night","In-App","Inactive_Social_Learners_Day_1_Social_Influence_T1","night","In-App","Inactive_Social_Learners_Day_1_Social_Influence_T2","early_morning","In-App","Inactive_Social_Learners_Day_1_Social_Influence_T3","mid_morning","In-App","Inactive_Social_Learners_Day_1_Social_Influence_T4","mid_morning","In-App"
"USR_001291","4","Day 102","Dormant_Social_Day_1_Unpredictability_T1","evening","Push","Dormant_Social_Day_1_Unpredictability_T2","night","Push","Dormant_Social_Day_1_Unpredictability_T3","night","Push","Dormant_Social_Day_1_Unpredictability_T4","night","In-App","Dormant_Social_Day_1_Unpredictability_T5","night","In-App","Dormant_Social_Day_1_Unpredictability_T1","night","In-App","Dormant_Social_Day_1_Unpredictability_T2","early_morning","In-App","Dormant_Social_Day_1_Unpredictability_T3","mid_morning","In-App","Dormant_Social_Day_1_Unpredictability_T4","mid_morning","In-App"
"USR_001292","4","Day 61","Dormant_Social_Day_1_Unpredictability_T1","early_morning","Push","Dormant_Social_Day_1_Unpredictability_T2","mid_morning","Push","Dormant_Social_Day_1_Unpredictability_T3","afternoon","Push","Dormant_Social_Day_1_Unpredictability_T4","afternoon","In-App","Dormant_Social_Day_1_Unpredictability_T5","late_afternoon","In-App","Dormant_Social_Day_1_Unpredictability_T1","evening","In-App","Dormant_Social_Day_1_Unpredictability_T2","evening","In-App","Dormant_Social_Day_1_Unpredictability_T3","night","In-App","Dormant_Social_Day_1_Unpredictability_T4","night","In-App"
"USR_001293","2","Day 10","Paid_Social_Achiever_Week_2_Creativity_and_Feedback_T1","evening","Push","Paid_Social_Achiever_Week_2_Creativity_and_Feedback_T2","evening","Push","Paid_Social_Achiever_Week_2_Creativity_and_Feedback_T3","night","Push","Paid_Social_Achiever_Week_2_Creativity_and_Feedback_T4","night","In-App","Paid_Social_Achiever_Week_2_Creativity_and_Feedback_T5","night","In-App","Paid_Social_Achiever_Week_2_Creativity_and_Feedback_T1","night","In-App","Paid_Social_Achiever_Week_2_Creativity_and_Feedback_T2","early_morning","In-App","Paid_Social_Achiever_Week_2_Creativity_and_Feedback_T3","early_morning","In-App","Paid_Social_Achiever_Week_2_Creativity_and_Feedback_T4","mid_morning","In-App"
"USR_001294","4","Day 80","Dormant_Social_Day_1_Unpredictability_T1","late_afternoon","Push","Dormant_Social_Day_1_Unpredictability_T2","late_afternoon","Push","Dormant_Social_Day_1_Unpredictability_T3","evening","Push","Dormant_Social_Day_1_Unpredictability_T4","night","In-App","Dormant_Social_Day_1_Unpredictability_T5","night","In-App","Dormant_Social_Day_1_Unpredictability_T1","night","In-App","Dormant_Social_Day_1_Unpredictability_T2","night","In-App","Dormant_Social_Day_1_Unpredictability_T3","night","In-App","Dormant_Social_Day_1_Unpredictability_T4","early_morning","In-App"
"USR_001295","5","Day 5","Dormant_Achiever_Day_1_Scarcity_and_Impatience_T1","evening","Push","Dormant_Achiever_Day_1_Scarcity_and_Impatience_T2","night","Push","Dormant_Achiever_Day_1_Scarcity_and_Impatience_T3","night","Push","Dormant_Achiever_Day_1_Scarcity_and_Impatience_T4","night","In-App","Dormant_Achiever_Day_1_Scarcity_and_Impatience_T5","night","In-App","Dormant_Achiever_Day_1_Scarcity_and_Impatience_T1","early_morning","In-App","Dormant_Achiever_Day_1_Scarcity_and_Impatience_T2","early_morning","In-App","Dormant_Achiever_Day_1_Scarcity_and_Impatience_T3","mid_morning","In-App","Dormant_Achiever_Day_1_Scarcity_and_Impatience_T4","afternoon","In-App"
"USR_001296","1","Day 6","Inactive_Social_Learners_Day_1_Social_Influence_T1","night","Push","Inactive_Social_Learners_Day_1_Social_Influence_T2","night","Push","Inactive_Social_Learners_Day_1_Social_Influence_T3","night","Push","Inactive_Social_Learners_Day_1_Social_Influence_T4","night","In-App","Inactive_Social_Learners_Day_1_Social_Influence_T5","early_morning","In-App","Inactive_Social_Learners_Day_1_Social_Influence_T1","early_morning","In-App","Inactive_Social_Learners_Day_1_Social_Influence_T2","mid_morning","In-App","Inactive_Social_Learners_Day_1_Social_Influence_T3","afternoon","In-App","Inactive_Social_Learners_Day_1_Social_Influence_T4","afternoon","In-App"
"USR_001297","3","Day 7","Inactive_Socialite_Day_1_Scarcity_and_Impatience_T1","evening","Push","Inactive_Socialite_Day_1_Scarcity_and_Impatience_T2","night","Push","Inactive_Socialite_Day_1_Scarcity_and_Impatience_T3","night","Push","Inactive_Socialite_Day_1_Scarcity_and_Impatience_T4","night","In-App","Inactive_Socialite_Day_1_Scarcity_and_Impatience_T5","night","In-App","Inactive_Socialite_Day_1_Scarcity_and_Impatience_T1","early_morning","In-App","Inactive_Socialite_Day_1_Scarcity_and_Impatience_T2","early_morning","In-App","Inactive_Socialite_Day_1_Scarcity_and_Impatience_T3","mid_morning","In-App","Inactive_Socialite_Day_1_Scarcity_and_Impatience_T4","afternoon","In-App"
"USR_001298","2","Day 81","Paid_Social_Achiever_Week_4_Creativity_and_Feedback_T1","late_afternoon","Push","Paid_Social_Achiever_Week_4_Creativity_and_Feedback_T2","late_afternoon","Push","Paid_Social_Achiever_Week_4_Creativity_and_Feedback_T3","evening","Push","Paid_Social_Achiever_Week_4_Creativity_and_Feedback_T4","night","In-App","Paid_Social_Achiever_Week_4_Creativity_and_Feedback_T5","night","In-App","Paid_Social_Achiever_Week_4_Creativity_and_Feedback_T1","night","In-App","Paid_Social_Achiever_Week_4_Creativity_and_Feedback_T2","night","In-App","Paid_Social_Achiever_Week_4_Creativity_and_Feedback_T3","night","In-App","Paid_Social_Achiever_Week_4_Creativity_and_Feedback_T4","early_morning","In-App"
"USR_001299","2","Day 31","Paid_Social_Achiever_Week_4_Creativity_and_Feedback_T1","late_afternoon","Push","Paid_Social_Achiever_Week_4_Creativity_and_Feedback_T2","evening","Push","Paid_Social_Achiever_Week_4_Creativity_and_Feedback_T3","evening","Push","Paid_Social_Achiever_Week_4_Creativity_and_Feedback_T4","night","In-App","Paid_Social_Achiever_Week_4_Creativity_and_Feedback_T5","night","In-App","Paid_Social_Achiever_Week_4_Creativity_and_Feedback_T1","night","In-App","Paid_Social_Achiever_Week_4_Creativity_and_Feedback_T2","night","In-App","Paid_Social_Achiever_Week_4_Creativity_and_Feedback_T3","early_morning","In-App","Paid_Social_Achiever_Week_4_Creativity_and_Feedback_T4","early_morning","In-App"
"USR_001300","5","Day 6","Dormant_Achiever_Day_1_Scarcity_and_Impatience_T1","night","Push","Dormant_Achiever_Day_1_Scarcity_and_Impatience_T2","night","Push","Dormant_Achiever_Day_1_Scarcity_and_Impatience_T3","night","Push","Dormant_Achiever_Day_1_Scarcity_and_Impatience_T4","night","In-App","Dormant_Achiever_Day_1_Scarcity_and_Impatience_T5","night","In-App","Dormant_Achiever_Day_1_Scarcity_and_Impatience_T1","early_morning","In-App","Dormant_Achiever_Day_1_Scarcity_and_Impatience_T2","mid_morning","In-App","Dormant_Achiever_Day_1_Scarcity_and_Impatience_T3","mid_morning","In-App","Dormant_Achiever_Day_1_Scarcity_and_Impatience_T4","afternoon","In-App"
"USR_001301","5","Day 4","Dormant_Achiever_Day_1_Scarcity_and_Impatience_T1","late_afternoon","Push","Dormant_Achiever_Day_1_Scarcity_and_Impatience_T2","late_afternoon","Push","Dormant_Achiever_Day_1_Scarcity_and_Impatience_T3","evening","Push","Dormant_Achiever_Day_1_Scarcity_and_Impatience_T4","night","In-App","Dormant_Achiever_Day_1_Scarcity_and_Impatience_T5","night","In-App","Dormant_Achiever_Day_1_Scarcity_and_Impatience_T1","night","In-App","Dormant_Achiever_Day_1_Scarcity_and_Impatience_T2","night","In-App","Dormant_Achiever_Day_1_Scarcity_and_Impatience_T3","night","In-App","Dormant_Achiever_Day_1_Scarcity_and_Impatience_T4","early_morning","In-App"
"USR_001302","3","Day 5","Inactive_Socialite_Day_1_Scarcity_and_Impatience_T1","afternoon","Push","Inactive_Socialite_Day_1_Scarcity_and_Impatience_T2","late_afternoon","Push","Inactive_Socialite_Day_1_Scarcity_and_Impatience_T3","evening","Push","Inactive_Socialite_Day_1_Scarcity_and_Impatience_T4","evening","In-App","Inactive_Socialite_Day_1_Scarcity_and_Impatience_T5","night","In-App","Inactive_Socialite_Day_1_Scarcity_and_Impatience_T1","night","In-App","Inactive_Socialite_Day_1_Scarcity_and_Impatience_T2","night","In-App","Inactive_Socialite_Day_1_Scarcity_and_Impatience_T3","night","In-App","Inactive_Socialite_Day_1_Scarcity_and_Impatience_T4","early_morning","In-App"
"USR_001303","1","Day 2","Inactive_Social_Learners_Day_1_Social_Influence_T1","late_afternoon","Push","Inactive_Social_Learners_Day_1_Social_Influence_T2","late_afternoon","Push","Inactive_Social_Learners_Day_1_Social_Influence_T3","evening","Push","Inactive_Social_Learners_Day_1_Social_Influence_T4","night","In-App","Inactive_Social_Learners_Day_1_Social_Influence_T5","night","In-App","Inactive_Social_Learners_Day_1_Social_Influence_T1","night","In-App","Inactive_Social_Learners_Day_1_Social_Influence_T2","night","In-App","Inactive_Social_Learners_Day_1_Social_Influence_T3","night","In-App","Inactive_Social_Learners_Day_1_Social_Influence_T4","early_morning","In-App"
"USR_001304","3","Day 3","Inactive_Socialite_Day_1_Scarcity_and_Impatience_T1","night","Push","Inactive_Socialite_Day_1_Scarcity_and_Impatience_T2","night","Push","Inactive_Socialite_Day_1_Scarcity_and_Impatience_T3","night","Push","Inactive_Socialite_Day_1_Scarcity_and_Impatience_T4","night","In-App","Inactive_Socialite_Day_1_Scarcity_and_Impatience_T5","early_morning","In-App","Inactive_Socialite_Day_1_Scarcity_and_Impatience_T1","mid_morning","In-App","Inactive_Socialite_Day_1_Scarcity_and_Impatience_T2","mid_morning","In-App","Inactive_Socialite_Day_1_Scarcity_and_Impatience_T3","afternoon","In-App","Inactive_Socialite_Day_1_Scarcity_and_Impatience_T4","late_afternoon","In-App"
"USR_001305","1","Day 5","Inactive_Social_Learners_Day_1_Social_Influence_T1","night","Push","Inactive_Social_Learners_Day_1_Social_Influence_T2","night","Push","Inactive_Social_Learners_Day_1_Social_Influence_T3","night","Push","Inactive_Social_Learners_Day_1_Social_Influence_T4","night","In-App","Inactive_Social_Learners_Day_1_Social_Influence_T5","night","In-App","Inactive_Social_Learners_Day_1_Social_Influence_T1","early_morning","In-App","Inactive_Social_Learners_Day_1_Social_Influence_T2","mid_morning","In-App","Inactive_Social_Learners_Day_1_Social_Influence_T3","mid_morning","In-App","Inactive_Social_Learners_Day_1_Social_Influence_T4","afternoon","In-App"
"USR_001306","0","Day 37","Inactive_Socialite_Day_1_Unpredictability_T1","night","Push","Inactive_Socialite_Day_1_Unpredictability_T2","night","Push","Inactive_Socialite_Day_1_Unpredictability_T3","night","Push","Inactive_Socialite_Day_1_Unpredictability_T4","night","In-App","Inactive_Socialite_Day_1_Unpredictability_T5","night","In-App","Inactive_Socialite_Day_1_Unpredictability_T1","early_morning","In-App","Inactive_Socialite_Day_1_Unpredictability_T2","mid_morning","In-App","Inactive_Socialite_Day_1_Unpredictability_T3","mid_morning","In-App","Inactive_Socialite_Day_1_Unpredictability_T4","afternoon","In-App"
"USR_001307","0","Day 146","Inactive_Socialite_Day_1_Unpredictability_T1","evening","Push","Inactive_Socialite_Day_1_Unpredictability_T2","night","Push","Inactive_Socialite_Day_1_Unpredictability_T3","night","Push","Inactive_Socialite_Day_1_Unpredictability_T4","night","In-App","Inactive_Socialite_Day_1_Unpredictability_T5","night","In-App","Inactive_Socialite_Day_1_Unpredictability_T1","night","In-App","Inactive_Socialite_Day_1_Unpredictability_T2","early_morning","In-App","Inactive_Socialite_Day_1_Unpredictability_T3","mid_morning","In-App","Inactive_Socialite_Day_1_Unpredictability_T4","mid_morning","In-App"
"USR_001308","4","Day 56","Dormant_Social_Day_1_Unpredictability_T1","evening","Push","Dormant_Social_Day_1_Unpredictability_T2","night","Push","Dormant_Social_Day_1_Unpredictability_T3","night","Push","Dormant_Social_Day_1_Unpredictability_T4","night","In-App","Dormant_Social_Day_1_Unpredictability_T5","night","In-App","Dormant_Social_Day_1_Unpredictability_T1","early_morning","In-App","Dormant_Social_Day_1_Unpredictability_T2","early_morning","In-App","Dormant_Social_Day_1_Unpredictability_T3","mid_morning","In-App","Dormant_Social_Day_1_Unpredictability_T4","afternoon","In-App"
"USR_001309","4","Day 83","Dormant_Social_Day_1_Unpredictability_T1","night","Push","Dormant_Social_Day_1_Unpredictability_T2","night","Push","Dormant_Social_Day_1_Unpredictability_T3","night","Push","Dormant_Social_Day_1_Unpredictability_T4","night","In-App","Dormant_Social_Day_1_Unpredictability_T5","early_morning","In-App","Dormant_Social_Day_1_Unpredictability_T1","mid_morning","In-App","Dormant_Social_Day_1_Unpredictability_T2","mid_morning","In-App","Dormant_Social_Day_1_Unpredictability_T3","afternoon","In-App","Dormant_Social_Day_1_Unpredictability_T4","late_afternoon","In-App"
"USR_001310","7","Day 96","Paid_Competitive_Week_4_Ownership_and_Possession_T1","early_morning","Push","Paid_Competitive_Week_4_Ownership_and_Possession_T2","mid_morning","Push","Paid_Competitive_Week_4_Ownership_and_Possession_T3","afternoon","Push","Paid_Competitive_Week_4_Ownership_and_Possession_T4","afternoon","In-App","Paid_Competitive_Week_4_Ownership_and_Possession_T5","late_afternoon","In-App","Paid_Competitive_Week_4_Ownership_and_Possession_T1","evening","In-App","Paid_Competitive_Week_4_Ownership_and_Possession_T2","evening","In-App","Paid_Competitive_Week_4_Ownership_and_Possession_T3","night","In-App","Paid_Competitive_Week_4_Ownership_and_Possession_T4","night","In-App"
"USR_001311","3","Day 20","Inactive_Socialite_Day_1_Scarcity_and_Impatience_T1","evening","Push","Inactive_Socialite_Day_1_Scarcity_and_Impatience_T2","night","Push","Inactive_Socialite_Day_1_Scarcity_and_Impatience_T3","night","Push","Inactive_Socialite_Day_1_Scarcity_and_Impatience_T4","night","In-App","Inactive_Socialite_Day_1_Scarcity_and_Impatience_T5","night","In-App","Inactive_Socialite_Day_1_Scarcity_and_Impatience_T1","early_morning","In-App","Inactive_Socialite_Day_1_Scarcity_and_Impatience_T2","early_morning","In-App","Inactive_Socialite_Day_1_Scarcity_and_Impatience_T3","mid_morning","In-App","Inactive_Socialite_Day_1_Scarcity_and_Impatience_T4","afternoon","In-App"
"USR_001312","2","Day 45","Paid_Social_Achiever_Week_4_Creativity_and_Feedback_T1","late_afternoon","Push","Paid_Social_Achiever_Week_4_Creativity_and_Feedback_T2","late_afternoon","Push","Paid_Social_Achiever_Week_4_Creativity_and_Feedback_T3","evening","Push","Paid_Social_Achiever_Week_4_Creativity_and_Feedback_T4","night","In-App","Paid_Social_Achiever_Week_4_Creativity_and_Feedback_T5","night","In-App","Paid_Social_Achiever_Week_4_Creativity_and_Feedback_T1","night","In-App","Paid_Social_Achiever_Week_4_Creativity_and_Feedback_T2","night","In-App","Paid_Social_Achiever_Week_4_Creativity_and_Feedback_T3","night","In-App","Paid_Social_Achiever_Week_4_Creativity_and_Feedback_T4","early_morning","In-App"
"USR_001313","2","Day 71","Paid_Social_Achiever_Week_4_Creativity_and_Feedback_T1","afternoon","Push","Paid_Social_Achiever_Week_4_Creativity_and_Feedback_T2","late_afternoon","Push","Paid_Social_Achiever_Week_4_Creativity_and_Feedback_T3","late_afternoon","Push","Paid_Social_Achiever_Week_4_Creativity_and_Feedback_T4","evening","In-App","Paid_Social_Achiever_Week_4_Creativity_and_Feedback_T5","night","In-App","Paid_Social_Achiever_Week_4_Creativity_and_Feedback_T1","night","In-App","Paid_Social_Achiever_Week_4_Creativity_and_Feedback_T2","night","In-App","Paid_Social_Achiever_Week_4_Creativity_and_Feedback_T3","night","In-App","Paid_Social_Achiever_Week_4_Creativity_and_Feedback_T4","night","In-App"
"USR_001314","0","Day 127","Inactive_Socialite_Day_1_Unpredictability_T1","afternoon","Push","Inactive_Socialite_Day_1_Unpredictability_T2","afternoon","Push","Inactive_Socialite_Day_1_Unpredictability_T3","late_afternoon","Push","Inactive_Socialite_Day_1_Unpredictability_T4","evening","In-App","Inactive_Socialite_Day_1_Unpredictability_T5","evening","In-App","Inactive_Socialite_Day_1_Unpredictability_T1","night","In-App","Inactive_Socialite_Day_1_Unpredictability_T2","night","In-App","Inactive_Socialite_Day_1_Unpredictability_T3","night","In-App","Inactive_Socialite_Day_1_Unpredictability_T4","night","In-App"
"USR_001315","5","Day 5","Dormant_Achiever_Day_1_Scarcity_and_Impatience_T1","late_afternoon","Push","Dormant_Achiever_Day_1_Scarcity_and_Impatience_T2","evening","Push","Dormant_Achiever_Day_1_Scarcity_and_Impatience_T3","night","Push","Dormant_Achiever_Day_1_Scarcity_and_Impatience_T4","night","In-App","Dormant_Achiever_Day_1_Scarcity_and_Impatience_T5","night","In-App","Dormant_Achiever_Day_1_Scarcity_and_Impatience_T1","night","In-App","Dormant_Achiever_Day_1_Scarcity_and_Impatience_T2","night","In-App","Dormant_Achiever_Day_1_Scarcity_and_Impatience_T3","early_morning","In-App","Dormant_Achiever_Day_1_Scarcity_and_Impatience_T4","mid_morning","In-App"
"USR_001316","3","Day 2","Inactive_Socialite_Day_1_Scarcity_and_Impatience_T1","mid_morning","Push","Inactive_Socialite_Day_1_Scarcity_and_Impatience_T2","mid_morning","Push","Inactive_Socialite_Day_1_Scarcity_and_Impatience_T3","afternoon","Push","Inactive_Socialite_Day_1_Scarcity_and_Impatience_T4","late_afternoon","In-App","Inactive_Socialite_Day_1_Scarcity_and_Impatience_T5","late_afternoon","In-App","Inactive_Socialite_Day_1_Scarcity_and_Impatience_T1","evening","In-App","Inactive_Socialite_Day_1_Scarcity_and_Impatience_T2","night","In-App","Inactive_Socialite_Day_1_Scarcity_and_Impatience_T3","night","In-App","Inactive_Socialite_Day_1_Scarcity_and_Impatience_T4","night","In-App"
"USR_001317","6","Day 2","Dormant_Scholar_Day_1_Creativity_and_Feedback_T1","late_afternoon","Push","Dormant_Scholar_Day_1_Creativity_and_Feedback_T2","evening","Push","Dormant_Scholar_Day_1_Creativity_and_Feedback_T3","night","Push","Dormant_Scholar_Day_1_Creativity_and_Feedback_T4","night","In-App","Dormant_Scholar_Day_1_Creativity_and_Feedback_T5","night","In-App","Dormant_Scholar_Day_1_Creativity_and_Feedback_T1","night","In-App","Dormant_Scholar_Day_1_Creativity_and_Feedback_T2","night","In-App","Dormant_Scholar_Day_1_Creativity_and_Feedback_T3","early_morning","In-App","Dormant_Scholar_Day_1_Creativity_and_Feedback_T4","mid_morning","In-App"
"USR_001318","3","Day 6","Inactive_Socialite_Day_1_Scarcity_and_Impatience_T1","evening","Push","Inactive_Socialite_Day_1_Scarcity_and_Impatience_T2","evening","Push","Inactive_Socialite_Day_1_Scarcity_and_Impatience_T3","night","Push","Inactive_Socialite_Day_1_Scarcity_and_Impatience_T4","night","In-App","Inactive_Socialite_Day_1_Scarcity_and_Impatience_T5","night","In-App","Inactive_Socialite_Day_1_Scarcity_and_Impatience_T1","night","In-App","Inactive_Socialite_Day_1_Scarcity_and_Impatience_T2","early_morning","In-App","Inactive_Socialite_Day_1_Scarcity_and_Impatience_T3","early_morning","In-App","Inactive_Socialite_Day_1_Scarcity_and_Impatience_T4","mid_morning","In-App"
"USR_001319","2","Day 45","Paid_Social_Achiever_Week_4_Creativity_and_Feedback_T1","evening","Push","Paid_Social_Achiever_Week_4_Creativity_and_Feedback_T2","night","Push","Paid_Social_Achiever_Week_4_Creativity_and_Feedback_T3","night","Push","Paid_Social_Achiever_Week_4_Creativity_and_Feedback_T4","night","In-App","Paid_Social_Achiever_Week_4_Creativity_and_Feedback_T5","night","In-App","Paid_Social_Achiever_Week_4_Creativity_and_Feedback_T1","early_morning","In-App","Paid_Social_Achiever_Week_4_Creativity_and_Feedback_T2","early_morning","In-App","Paid_Social_Achiever_Week_4_Creativity_and_Feedback_T3","mid_morning","In-App","Paid_Social_Achiever_Week_4_Creativity_and_Feedback_T4","afternoon","In-App"
"USR_001320","3","Day 0","Inactive_Socialite_Day_1_Scarcity_and_Impatience_T1","afternoon","Push","Inactive_Socialite_Day_1_Scarcity_and_Impatience_T2","late_afternoon","Push","Inactive_Socialite_Day_1_Scarcity_and_Impatience_T3","evening","Push","Inactive_Socialite_Day_1_Scarcity_and_Impatience_T4","evening","In-App","Inactive_Socialite_Day_1_Scarcity_and_Impatience_T5","night","In-App","Inactive_Socialite_Day_1_Scarcity_and_Impatience_T1","night","In-App","Inactive_Socialite_Day_1_Scarcity_and_Impatience_T2","night","In-App","Inactive_Socialite_Day_1_Scarcity_and_Impatience_T3","night","In-App","Inactive_Socialite_Day_1_Scarcity_and_Impatience_T4","early_morning","In-App"
"USR_001321","4","Day 58","Dormant_Social_Day_1_Unpredictability_T1","early_morning","Push","Dormant_Social_Day_1_Unpredictability_T2","early_morning","Push","Dormant_Social_Day_1_Unpredictability_T3","mid_morning","Push","Dormant_Social_Day_1_Unpredictability_T4","afternoon","In-App","Dormant_Social_Day_1_Unpredictability_T5","afternoon","In-App","Dormant_Social_Day_1_Unpredictability_T1","late_afternoon","In-App","Dormant_Social_Day_1_Unpredictability_T2","evening","In-App","Dormant_Social_Day_1_Unpredictability_T3","evening","In-App","Dormant_Social_Day_1_Unpredictability_T4","night","In-App"
"USR_001322","2","Day 57","Paid_Social_Achiever_Week_4_Creativity_and_Feedback_T1","night","Push","Paid_Social_Achiever_Week_4_Creativity_and_Feedback_T2","night","Push","Paid_Social_Achiever_Week_4_Creativity_and_Feedback_T3","night","Push","Paid_Social_Achiever_Week_4_Creativity_and_Feedback_T4","night","In-App","Paid_Social_Achiever_Week_4_Creativity_and_Feedback_T5","early_morning","In-App","Paid_Social_Achiever_Week_4_Creativity_and_Feedback_T1","mid_morning","In-App","Paid_Social_Achiever_Week_4_Creativity_and_Feedback_T2","mid_morning","In-App","Paid_Social_Achiever_Week_4_Creativity_and_Feedback_T3","afternoon","In-App","Paid_Social_Achiever_Week_4_Creativity_and_Feedback_T4","late_afternoon","In-App"
"USR_001323","7","Day 74","Paid_Competitive_Week_4_Ownership_and_Possession_T1","evening","Push","Paid_Competitive_Week_4_Ownership_and_Possession_T2","night","Push","Paid_Competitive_Week_4_Ownership_and_Possession_T3","night","Push","Paid_Competitive_Week_4_Ownership_and_Possession_T4","night","In-App","Paid_Competitive_Week_4_Ownership_and_Possession_T5","night","In-App","Paid_Competitive_Week_4_Ownership_and_Possession_T1","night","In-App","Paid_Competitive_Week_4_Ownership_and_Possession_T2","early_morning","In-App","Paid_Competitive_Week_4_Ownership_and_Possession_T3","mid_morning","In-App","Paid_Competitive_Week_4_Ownership_and_Possession_T4","mid_morning","In-App"
"USR_001324","3","Day 6","Inactive_Socialite_Day_1_Scarcity_and_Impatience_T1","late_afternoon","Push","Inactive_Socialite_Day_1_Scarcity_and_Impatience_T2","late_afternoon","Push","Inactive_Socialite_Day_1_Scarcity_and_Impatience_T3","evening","Push","Inactive_Socialite_Day_1_Scarcity_and_Impatience_T4","night","In-App","Inactive_Socialite_Day_1_Scarcity_and_Impatience_T5","night","In-App","Inactive_Socialite_Day_1_Scarcity_and_Impatience_T1","night","In-App","Inactive_Socialite_Day_1_Scarcity_and_Impatience_T2","night","In-App","Inactive_Socialite_Day_1_Scarcity_and_Impatience_T3","night","In-App","Inactive_Socialite_Day_1_Scarcity_and_Impatience_T4","early_morning","In-App"
"USR_001325","5","Day 1","Dormant_Achiever_Day_1_Scarcity_and_Impatience_T1","afternoon","Push","Dormant_Achiever_Day_1_Scarcity_and_Impatience_T2","afternoon","Push","Dormant_Achiever_Day_1_Scarcity_and_Impatience_T3","late_afternoon","Push","Dormant_Achiever_Day_1_Scarcity_and_Impatience_T4","evening","In-App","Dormant_Achiever_Day_1_Scarcity_and_Impatience_T5","evening","In-App","Dormant_Achiever_Day_1_Scarcity_and_Impatience_T1","night","In-App","Dormant_Achiever_Day_1_Scarcity_and_Impatience_T2","night","In-App","Dormant_Achiever_Day_1_Scarcity_and_Impatience_T3","night","In-App","Dormant_Achiever_Day_1_Scarcity_and_Impatience_T4","night","In-App"
"USR_001326","0","Day 170","Inactive_Socialite_Day_1_Unpredictability_T1","early_morning","Push","Inactive_Socialite_Day_1_Unpredictability_T2","mid_morning","Push","Inactive_Socialite_Day_1_Unpredictability_T3","mid_morning","Push","Inactive_Socialite_Day_1_Unpredictability_T4","afternoon","In-App","Inactive_Socialite_Day_1_Unpredictability_T5","late_afternoon","In-App","Inactive_Socialite_Day_1_Unpredictability_T1","late_afternoon","In-App","Inactive_Socialite_Day_1_Unpredictability_T2","evening","In-App","Inactive_Socialite_Day_1_Unpredictability_T3","night","In-App","Inactive_Socialite_Day_1_Unpredictability_T4","night","In-App"
"USR_001327","0","Day 131","Inactive_Socialite_Day_1_Unpredictability_T1","night","Push","Inactive_Socialite_Day_1_Unpredictability_T2","night","Push","Inactive_Socialite_Day_1_Unpredictability_T3","night","Push","Inactive_Socialite_Day_1_Unpredictability_T4","night","In-App","Inactive_Socialite_Day_1_Unpredictability_T5","night","In-App","Inactive_Socialite_Day_1_Unpredictability_T1","early_morning","In-App","Inactive_Socialite_Day_1_Unpredictability_T2","mid_morning","In-App","Inactive_Socialite_Day_1_Unpredictability_T3","mid_morning","In-App","Inactive_Socialite_Day_1_Unpredictability_T4","afternoon","In-App"
"USR_001328","4","Day 67","Dormant_Social_Day_1_Unpredictability_T1","evening","Push","Dormant_Social_Day_1_Unpredictability_T2","evening","Push","Dormant_Social_Day_1_Unpredictability_T3","night","Push","Dormant_Social_Day_1_Unpredictability_T4","night","In-App","Dormant_Social_Day_1_Unpredictability_T5","night","In-App","Dormant_Social_Day_1_Unpredictability_T1","night","In-App","Dormant_Social_Day_1_Unpredictability_T2","early_morning","In-App","Dormant_Social_Day_1_Unpredictability_T3","early_morning","In-App","Dormant_Social_Day_1_Unpredictability_T4","mid_morning","In-App"
"USR_001329","4","Day 75","Dormant_Social_Day_1_Unpredictability_T1","evening","Push","Dormant_Social_Day_1_Unpredictability_T2","night","Push","Dormant_Social_Day_1_Unpredictability_T3","night","Push","Dormant_Social_Day_1_Unpredictability_T4","night","In-App","Dormant_Social_Day_1_Unpredictability_T5","night","In-App","Dormant_Social_Day_1_Unpredictability_T1","night","In-App","Dormant_Social_Day_1_Unpredictability_T2","early_morning","In-App","Dormant_Social_Day_1_Unpredictability_T3","mid_morning","In-App","Dormant_Social_Day_1_Unpredictability_T4","mid_morning","In-App"
"USR_001330","7","Day 89","Paid_Competitive_Week_4_Ownership_and_Possession_T1","early_morning","Push","Paid_Competitive_Week_4_Ownership_and_Possession_T2","mid_morning","Push","Paid_Competitive_Week_4_Ownership_and_Possession_T3","afternoon","Push","Paid_Competitive_Week_4_Ownership_and_Possession_T4","afternoon","In-App","Paid_Competitive_Week_4_Ownership_and_Possession_T5","late_afternoon","In-App","Paid_Competitive_Week_4_Ownership_and_Possession_T1","evening","In-App","Paid_Competitive_Week_4_Ownership_and_Possession_T2","evening","In-App","Paid_Competitive_Week_4_Ownership_and_Possession_T3","night","In-App","Paid_Competitive_Week_4_Ownership_and_Possession_T4","night","In-App"
"USR_001331","5","Day 2","Dormant_Achiever_Day_1_Scarcity_and_Impatience_T1","late_afternoon","Push","Dormant_Achiever_Day_1_Scarcity_and_Impatience_T2","evening","Push","Dormant_Achiever_Day_1_Scarcity_and_Impatience_T3","night","Push","Dormant_Achiever_Day_1_Scarcity_and_Impatience_T4","night","In-App","Dormant_Achiever_Day_1_Scarcity_and_Impatience_T5","night","In-App","Dormant_Achiever_Day_1_Scarcity_and_Impatience_T1","night","In-App","Dormant_Achiever_Day_1_Scarcity_and_Impatience_T2","night","In-App","Dormant_Achiever_Day_1_Scarcity_and_Impatience_T3","early_morning","In-App","Dormant_Achiever_Day_1_Scarcity_and_Impatience_T4","mid_morning","In-App"
"USR_001332","4","Day 35","Dormant_Social_Day_1_Unpredictability_T1","night","Push","Dormant_Social_Day_1_Unpredictability_T2","night","Push","Dormant_Social_Day_1_Unpredictability_T3","night","Push","Dormant_Social_Day_1_Unpredictability_T4","night","In-App","Dormant_Social_Day_1_Unpredictability_T5","early_morning","In-App","Dormant_Social_Day_1_Unpredictability_T1","early_morning","In-App","Dormant_Social_Day_1_Unpredictability_T2","mid_morning","In-App","Dormant_Social_Day_1_Unpredictability_T3","afternoon","In-App","Dormant_Social_Day_1_Unpredictability_T4","afternoon","In-App"
"USR_001333","4","Day 48","Dormant_Social_Day_1_Unpredictability_T1","evening","Push","Dormant_Social_Day_1_Unpredictability_T2","evening","Push","Dormant_Social_Day_1_Unpredictability_T3","night","Push","Dormant_Social_Day_1_Unpredictability_T4","night","In-App","Dormant_Social_Day_1_Unpredictability_T5","night","In-App","Dormant_Social_Day_1_Unpredictability_T1","night","In-App","Dormant_Social_Day_1_Unpredictability_T2","early_morning","In-App","Dormant_Social_Day_1_Unpredictability_T3","early_morning","In-App","Dormant_Social_Day_1_Unpredictability_T4","mid_morning","In-App"
"USR_001334","2","Day 77","Paid_Social_Achiever_Week_4_Creativity_and_Feedback_T1","late_afternoon","Push","Paid_Social_Achiever_Week_4_Creativity_and_Feedback_T2","evening","Push","Paid_Social_Achiever_Week_4_Creativity_and_Feedback_T3","night","Push","Paid_Social_Achiever_Week_4_Creativity_and_Feedback_T4","night","In-App","Paid_Social_Achiever_Week_4_Creativity_and_Feedback_T5","night","In-App","Paid_Social_Achiever_Week_4_Creativity_and_Feedback_T1","night","In-App","Paid_Social_Achiever_Week_4_Creativity_and_Feedback_T2","night","In-App","Paid_Social_Achiever_Week_4_Creativity_and_Feedback_T3","early_morning","In-App","Paid_Social_Achiever_Week_4_Creativity_and_Feedback_T4","mid_morning","In-App"
"USR_001335","2","Day 81","Paid_Social_Achiever_Week_4_Creativity_and_Feedback_T1","late_afternoon","Push","Paid_Social_Achiever_Week_4_Creativity_and_Feedback_T2","evening","Push","Paid_Social_Achiever_Week_4_Creativity_and_Feedback_T3","night","Push","Paid_Social_Achiever_Week_4_Creativity_and_Feedback_T4","night","In-App","Paid_Social_Achiever_Week_4_Creativity_and_Feedback_T5","night","In-App","Paid_Social_Achiever_Week_4_Creativity_and_Feedback_T1","night","In-App","Paid_Social_Achiever_Week_4_Creativity_and_Feedback_T2","night","In-App","Paid_Social_Achiever_Week_4_Creativity_and_Feedback_T3","early_morning","In-App","Paid_Social_Achiever_Week_4_Creativity_and_Feedback_T4","mid_morning","In-App"
"USR_001336","2","Day 46","Paid_Social_Achiever_Week_4_Creativity_and_Feedback_T1","evening","Push","Paid_Social_Achiever_Week_4_Creativity_and_Feedback_T2","evening","Push","Paid_Social_Achiever_Week_4_Creativity_and_Feedback_T3","night","Push","Paid_Social_Achiever_Week_4_Creativity_and_Feedback_T4","night","In-App","Paid_Social_Achiever_Week_4_Creativity_and_Feedback_T5","night","In-App","Paid_Social_Achiever_Week_4_Creativity_and_Feedback_T1","night","In-App","Paid_Social_Achiever_Week_4_Creativity_and_Feedback_T2","early_morning","In-App","Paid_Social_Achiever_Week_4_Creativity_and_Feedback_T3","early_morning","In-App","Paid_Social_Achiever_Week_4_Creativity_and_Feedback_T4","mid_morning","In-App"
"USR_001337","4","Day 35","Dormant_Social_Day_1_Unpredictability_T1","evening","Push","Dormant_Social_Day_1_Unpredictability_T2","evening","Push","Dormant_Social_Day_1_Unpredictability_T3","night","Push","Dormant_Social_Day_1_Unpredictability_T4","night","In-App","Dormant_Social_Day_1_Unpredictability_T5","night","In-App","Dormant_Social_Day_1_Unpredictability_T1","night","In-App","Dormant_Social_Day_1_Unpredictability_T2","early_morning","In-App","Dormant_Social_Day_1_Unpredictability_T3","early_morning","In-App","Dormant_Social_Day_1_Unpredictability_T4","mid_morning","In-App"
"USR_001338","3","Day 4","Inactive_Socialite_Day_1_Scarcity_and_Impatience_T1","afternoon","Push","Inactive_Socialite_Day_1_Scarcity_and_Impatience_T2","late_afternoon","Push","Inactive_Socialite_Day_1_Scarcity_and_Impatience_T3","late_afternoon","Push","Inactive_Socialite_Day_1_Scarcity_and_Impatience_T4","evening","In-App","Inactive_Socialite_Day_1_Scarcity_and_Impatience_T5","night","In-App","Inactive_Socialite_Day_1_Scarcity_and_Impatience_T1","night","In-App","Inactive_Socialite_Day_1_Scarcity_and_Impatience_T2","night","In-App","Inactive_Socialite_Day_1_Scarcity_and_Impatience_T3","night","In-App","Inactive_Socialite_Day_1_Scarcity_and_Impatience_T4","night","In-App"
"USR_001339","4","Day 17","Dormant_Social_Day_1_Unpredictability_T1","late_afternoon","Push","Dormant_Social_Day_1_Unpredictability_T2","evening","Push","Dormant_Social_Day_1_Unpredictability_T3","evening","Push","Dormant_Social_Day_1_Unpredictability_T4","night","In-App","Dormant_Social_Day_1_Unpredictability_T5","night","In-App","Dormant_Social_Day_1_Unpredictability_T1","night","In-App","Dormant_Social_Day_1_Unpredictability_T2","night","In-App","Dormant_Social_Day_1_Unpredictability_T3","early_morning","In-App","Dormant_Social_Day_1_Unpredictability_T4","early_morning","In-App"
"USR_001340","3","Day 6","Inactive_Socialite_Day_1_Scarcity_and_Impatience_T1","late_afternoon","Push","Inactive_Socialite_Day_1_Scarcity_and_Impatience_T2","evening","Push","Inactive_Socialite_Day_1_Scarcity_and_Impatience_T3","night","Push","Inactive_Socialite_Day_1_Scarcity_and_Impatience_T4","night","In-App","Inactive_Socialite_Day_1_Scarcity_and_Impatience_T5","night","In-App","Inactive_Socialite_Day_1_Scarcity_and_Impatience_T1","night","In-App","Inactive_Socialite_Day_1_Scarcity_and_Impatience_T2","night","In-App","Inactive_Socialite_Day_1_Scarcity_and_Impatience_T3","early_morning","In-App","Inactive_Socialite_Day_1_Scarcity_and_Impatience_T4","mid_morning","In-App"
"USR_001341","5","Day 3","Dormant_Achiever_Day_1_Scarcity_and_Impatience_T1","evening","Push","Dormant_Achiever_Day_1_Scarcity_and_Impatience_T2","evening","Push","Dormant_Achiever_Day_1_Scarcity_and_Impatience_T3","night","Push","Dormant_Achiever_Day_1_Scarcity_and_Impatience_T4","night","In-App","Dormant_Achiever_Day_1_Scarcity_and_Impatience_T5","night","In-App","Dormant_Achiever_Day_1_Scarcity_and_Impatience_T1","night","In-App","Dormant_Achiever_Day_1_Scarcity_and_Impatience_T2","early_morning","In-App","Dormant_Achiever_Day_1_Scarcity_and_Impatience_T3","early_morning","In-App","Dormant_Achiever_Day_1_Scarcity_and_Impatience_T4","mid_morning","In-App"
"USR_001342","2","Day 9","Paid_Social_Achiever_Week_2_Creativity_and_Feedback_T1","evening","Push","Paid_Social_Achiever_Week_2_Creativity_and_Feedback_T2","night","Push","Paid_Social_Achiever_Week_2_Creativity_and_Feedback_T3","night","Push","Paid_Social_Achiever_Week_2_Creativity_and_Feedback_T4","night","In-App","Paid_Social_Achiever_Week_2_Creativity_and_Feedback_T5","night","In-App","Paid_Social_Achiever_Week_2_Creativity_and_Feedback_T1","night","In-App","Paid_Social_Achiever_Week_2_Creativity_and_Feedback_T2","early_morning","In-App","Paid_Social_Achiever_Week_2_Creativity_and_Feedback_T3","mid_morning","In-App","Paid_Social_Achiever_Week_2_Creativity_and_Feedback_T4","mid_morning","In-App"
"USR_001343","2","Day 90","Paid_Social_Achiever_Week_4_Creativity_and_Feedback_T1","evening","Push","Paid_Social_Achiever_Week_4_Creativity_and_Feedback_T2","evening","Push","Paid_Social_Achiever_Week_4_Creativity_and_Feedback_T3","night","Push","Paid_Social_Achiever_Week_4_Creativity_and_Feedback_T4","night","In-App","Paid_Social_Achiever_Week_4_Creativity_and_Feedback_T5","night","In-App","Paid_Social_Achiever_Week_4_Creativity_and_Feedback_T1","night","In-App","Paid_Social_Achiever_Week_4_Creativity_and_Feedback_T2","early_morning","In-App","Paid_Social_Achiever_Week_4_Creativity_and_Feedback_T3","early_morning","In-App","Paid_Social_Achiever_Week_4_Creativity_and_Feedback_T4","mid_morning","In-App"
"USR_001344","7","Day 100","Paid_Competitive_Week_4_Ownership_and_Possession_T1","evening","Push","Paid_Competitive_Week_4_Ownership_and_Possession_T2","night","Push","Paid_Competitive_Week_4_Ownership_and_Possession_T3","night","Push","Paid_Competitive_Week_4_Ownership_and_Possession_T4","night","In-App","Paid_Competitive_Week_4_Ownership_and_Possession_T5","night","In-App","Paid_Competitive_Week_4_Ownership_and_Possession_T1","early_morning","In-App","Paid_Competitive_Week_4_Ownership_and_Possession_T2","early_morning","In-App","Paid_Competitive_Week_4_Ownership_and_Possession_T3","mid_morning","In-App","Paid_Competitive_Week_4_Ownership_and_Possession_T4","afternoon","In-App"
"USR_001345","5","Day 4","Dormant_Achiever_Day_1_Scarcity_and_Impatience_T1","night","Push","Dormant_Achiever_Day_1_Scarcity_and_Impatience_T2","night","Push","Dormant_Achiever_Day_1_Scarcity_and_Impatience_T3","night","Push","Dormant_Achiever_Day_1_Scarcity_and_Impatience_T4","night","In-App","Dormant_Achiever_Day_1_Scarcity_and_Impatience_T5","early_morning","In-App","Dormant_Achiever_Day_1_Scarcity_and_Impatience_T1","mid_morning","In-App","Dormant_Achiever_Day_1_Scarcity_and_Impatience_T2","mid_morning","In-App","Dormant_Achiever_Day_1_Scarcity_and_Impatience_T3","afternoon","In-App","Dormant_Achiever_Day_1_Scarcity_and_Impatience_T4","late_afternoon","In-App"
"USR_001346","3","Day 2","Inactive_Socialite_Day_1_Scarcity_and_Impatience_T1","early_morning","Push","Inactive_Socialite_Day_1_Scarcity_and_Impatience_T2","mid_morning","Push","Inactive_Socialite_Day_1_Scarcity_and_Impatience_T3","mid_morning","Push","Inactive_Socialite_Day_1_Scarcity_and_Impatience_T4","afternoon","In-App","Inactive_Socialite_Day_1_Scarcity_and_Impatience_T5","late_afternoon","In-App","Inactive_Socialite_Day_1_Scarcity_and_Impatience_T1","late_afternoon","In-App","Inactive_Socialite_Day_1_Scarcity_and_Impatience_T2","evening","In-App","Inactive_Socialite_Day_1_Scarcity_and_Impatience_T3","night","In-App","Inactive_Socialite_Day_1_Scarcity_and_Impatience_T4","night","In-App"
"USR_001347","5","Day 4","Dormant_Achiever_Day_1_Scarcity_and_Impatience_T1","late_afternoon","Push","Dormant_Achiever_Day_1_Scarcity_and_Impatience_T2","evening","Push","Dormant_Achiever_Day_1_Scarcity_and_Impatience_T3","evening","Push","Dormant_Achiever_Day_1_Scarcity_and_Impatience_T4","night","In-App","Dormant_Achiever_Day_1_Scarcity_and_Impatience_T5","night","In-App","Dormant_Achiever_Day_1_Scarcity_and_Impatience_T1","night","In-App","Dormant_Achiever_Day_1_Scarcity_and_Impatience_T2","night","In-App","Dormant_Achiever_Day_1_Scarcity_and_Impatience_T3","early_morning","In-App","Dormant_Achiever_Day_1_Scarcity_and_Impatience_T4","early_morning","In-App"
"USR_001348","7","Day 112","Paid_Competitive_Week_4_Ownership_and_Possession_T1","late_afternoon","Push","Paid_Competitive_Week_4_Ownership_and_Possession_T2","late_afternoon","Push","Paid_Competitive_Week_4_Ownership_and_Possession_T3","evening","Push","Paid_Competitive_Week_4_Ownership_and_Possession_T4","night","In-App","Paid_Competitive_Week_4_Ownership_and_Possession_T5","night","In-App","Paid_Competitive_Week_4_Ownership_and_Possession_T1","night","In-App","Paid_Competitive_Week_4_Ownership_and_Possession_T2","night","In-App","Paid_Competitive_Week_4_Ownership_and_Possession_T3","night","In-App","Paid_Competitive_Week_4_Ownership_and_Possession_T4","early_morning","In-App"
"USR_001349","4","Day 53","Dormant_Social_Day_1_Unpredictability_T1","late_afternoon","Push","Dormant_Social_Day_1_Unpredictability_T2","evening","Push","Dormant_Social_Day_1_Unpredictability_T3","evening","Push","Dormant_Social_Day_1_Unpredictability_T4","night","In-App","Dormant_Social_Day_1_Unpredictability_T5","night","In-App","Dormant_Social_Day_1_Unpredictability_T1","night","In-App","Dormant_Social_Day_1_Unpredictability_T2","night","In-App","Dormant_Social_Day_1_Unpredictability_T3","early_morning","In-App","Dormant_Social_Day_1_Unpredictability_T4","early_morning","In-App"
"USR_001350","6","Day 5","Dormant_Scholar_Day_1_Creativity_and_Feedback_T1","evening","Push","Dormant_Scholar_Day_1_Creativity_and_Feedback_T2","night","Push","Dormant_Scholar_Day_1_Creativity_and_Feedback_T3","night","Push","Dormant_Scholar_Day_1_Creativity_and_Feedback_T4","night","In-App","Dormant_Scholar_Day_1_Creativity_and_Feedback_T5","night","In-App","Dormant_Scholar_Day_1_Creativity_and_Feedback_T1","early_morning","In-App","Dormant_Scholar_Day_1_Creativity_and_Feedback_T2","early_morning","In-App","Dormant_Scholar_Day_1_Creativity_and_Feedback_T3","mid_morning","In-App","Dormant_Scholar_Day_1_Creativity_and_Feedback_T4","afternoon","In-App"
"USR_001351","6","Day 7","Dormant_Scholar_Day_1_Creativity_and_Feedback_T1","late_afternoon","Push","Dormant_Scholar_Day_1_Creativity_and_Feedback_T2","evening","Push","Dormant_Scholar_Day_1_Creativity_and_Feedback_T3","evening","Push","Dormant_Scholar_Day_1_Creativity_and_Feedback_T4","night","In-App","Dormant_Scholar_Day_1_Creativity_and_Feedback_T5","night","In-App","Dormant_Scholar_Day_1_Creativity_and_Feedback_T1","night","In-App","Dormant_Scholar_Day_1_Creativity_and_Feedback_T2","night","In-App","Dormant_Scholar_Day_1_Creativity_and_Feedback_T3","early_morning","In-App","Dormant_Scholar_Day_1_Creativity_and_Feedback_T4","early_morning","In-App"
"USR_001352","2","Day 54","Paid_Social_Achiever_Week_4_Creativity_and_Feedback_T1","afternoon","Push","Paid_Social_Achiever_Week_4_Creativity_and_Feedback_T2","afternoon","Push","Paid_Social_Achiever_Week_4_Creativity_and_Feedback_T3","late_afternoon","Push","Paid_Social_Achiever_Week_4_Creativity_and_Feedback_T4","evening","In-App","Paid_Social_Achiever_Week_4_Creativity_and_Feedback_T5","evening","In-App","Paid_Social_Achiever_Week_4_Creativity_and_Feedback_T1","night","In-App","Paid_Social_Achiever_Week_4_Creativity_and_Feedback_T2","night","In-App","Paid_Social_Achiever_Week_4_Creativity_and_Feedback_T3","night","In-App","Paid_Social_Achiever_Week_4_Creativity_and_Feedback_T4","night","In-App"
"USR_001353","2","Day 81","Paid_Social_Achiever_Week_4_Creativity_and_Feedback_T1","mid_morning","Push","Paid_Social_Achiever_Week_4_Creativity_and_Feedback_T2","mid_morning","Push","Paid_Social_Achiever_Week_4_Creativity_and_Feedback_T3","afternoon","Push","Paid_Social_Achiever_Week_4_Creativity_and_Feedback_T4","late_afternoon","In-App","Paid_Social_Achiever_Week_4_Creativity_and_Feedback_T5","late_afternoon","In-App","Paid_Social_Achiever_Week_4_Creativity_and_Feedback_T1","evening","In-App","Paid_Social_Achiever_Week_4_Creativity_and_Feedback_T2","night","In-App","Paid_Social_Achiever_Week_4_Creativity_and_Feedback_T3","night","In-App","Paid_Social_Achiever_Week_4_Creativity_and_Feedback_T4","night","In-App"
"USR_001354","5","Day 3","Dormant_Achiever_Day_1_Scarcity_and_Impatience_T1","evening","Push","Dormant_Achiever_Day_1_Scarcity_and_Impatience_T2","night","Push","Dormant_Achiever_Day_1_Scarcity_and_Impatience_T3","night","Push","Dormant_Achiever_Day_1_Scarcity_and_Impatience_T4","night","In-App","Dormant_Achiever_Day_1_Scarcity_and_Impatience_T5","night","In-App","Dormant_Achiever_Day_1_Scarcity_and_Impatience_T1","night","In-App","Dormant_Achiever_Day_1_Scarcity_and_Impatience_T2","early_morning","In-App","Dormant_Achiever_Day_1_Scarcity_and_Impatience_T3","mid_morning","In-App","Dormant_Achiever_Day_1_Scarcity_and_Impatience_T4","mid_morning","In-App"
"USR_001355","3","Day 7","Inactive_Socialite_Day_1_Scarcity_and_Impatience_T1","late_afternoon","Push","Inactive_Socialite_Day_1_Scarcity_and_Impatience_T2","evening","Push","Inactive_Socialite_Day_1_Scarcity_and_Impatience_T3","night","Push","Inactive_Socialite_Day_1_Scarcity_and_Impatience_T4","night","In-App","Inactive_Socialite_Day_1_Scarcity_and_Impatience_T5","night","In-App","Inactive_Socialite_Day_1_Scarcity_and_Impatience_T1","night","In-App","Inactive_Socialite_Day_1_Scarcity_and_Impatience_T2","night","In-App","Inactive_Socialite_Day_1_Scarcity_and_Impatience_T3","early_morning","In-App","Inactive_Socialite_Day_1_Scarcity_and_Impatience_T4","mid_morning","In-App"
"USR_001356","3","Day 0","Inactive_Socialite_Day_1_Scarcity_and_Impatience_T1","evening","Push","Inactive_Socialite_Day_1_Scarcity_and_Impatience_T2","evening","Push","Inactive_Socialite_Day_1_Scarcity_and_Impatience_T3","night","Push","Inactive_Socialite_Day_1_Scarcity_and_Impatience_T4","night","In-App","Inactive_Socialite_Day_1_Scarcity_and_Impatience_T5","night","In-App","Inactive_Socialite_Day_1_Scarcity_and_Impatience_T1","night","In-App","Inactive_Socialite_Day_1_Scarcity_and_Impatience_T2","early_morning","In-App","Inactive_Socialite_Day_1_Scarcity_and_Impatience_T3","early_morning","In-App","Inactive_Socialite_Day_1_Scarcity_and_Impatience_T4","mid_morning","In-App"
"USR_001357","0","Day 131","Inactive_Socialite_Day_1_Unpredictability_T1","evening","Push","Inactive_Socialite_Day_1_Unpredictability_T2","evening","Push","Inactive_Socialite_Day_1_Unpredictability_T3","night","Push","Inactive_Socialite_Day_1_Unpredictability_T4","night","In-App","Inactive_Socialite_Day_1_Unpredictability_T5","night","In-App","Inactive_Socialite_Day_1_Unpredictability_T1","night","In-App","Inactive_Socialite_Day_1_Unpredictability_T2","early_morning","In-App","Inactive_Socialite_Day_1_Unpredictability_T3","early_morning","In-App","Inactive_Socialite_Day_1_Unpredictability_T4","mid_morning","In-App"
"USR_001358","5","Day 0","Dormant_Achiever_Day_1_Scarcity_and_Impatience_T1","early_morning","Push","Dormant_Achiever_Day_1_Scarcity_and_Impatience_T2","mid_morning","Push","Dormant_Achiever_Day_1_Scarcity_and_Impatience_T3","afternoon","Push","Dormant_Achiever_Day_1_Scarcity_and_Impatience_T4","afternoon","In-App","Dormant_Achiever_Day_1_Scarcity_and_Impatience_T5","late_afternoon","In-App","Dormant_Achiever_Day_1_Scarcity_and_Impatience_T1","evening","In-App","Dormant_Achiever_Day_1_Scarcity_and_Impatience_T2","evening","In-App","Dormant_Achiever_Day_1_Scarcity_and_Impatience_T3","night","In-App","Dormant_Achiever_Day_1_Scarcity_and_Impatience_T4","night","In-App"
"USR_001359","5","Day 6","Dormant_Achiever_Day_1_Scarcity_and_Impatience_T1","late_afternoon","Push","Dormant_Achiever_Day_1_Scarcity_and_Impatience_T2","evening","Push","Dormant_Achiever_Day_1_Scarcity_and_Impatience_T3","evening","Push","Dormant_Achiever_Day_1_Scarcity_and_Impatience_T4","night","In-App","Dormant_Achiever_Day_1_Scarcity_and_Impatience_T5","night","In-App","Dormant_Achiever_Day_1_Scarcity_and_Impatience_T1","night","In-App","Dormant_Achiever_Day_1_Scarcity_and_Impatience_T2","night","In-App","Dormant_Achiever_Day_1_Scarcity_and_Impatience_T3","early_morning","In-App","Dormant_Achiever_Day_1_Scarcity_and_Impatience_T4","early_morning","In-App"
"USR_001360","2","Day 29","Paid_Social_Achiever_Week_4_Creativity_and_Feedback_T1","late_afternoon","Push","Paid_Social_Achiever_Week_4_Creativity_and_Feedback_T2","evening","Push","Paid_Social_Achiever_Week_4_Creativity_and_Feedback_T3","night","Push","Paid_Social_Achiever_Week_4_Creativity_and_Feedback_T4","night","In-App","Paid_Social_Achiever_Week_4_Creativity_and_Feedback_T5","night","In-App","Paid_Social_Achiever_Week_4_Creativity_and_Feedback_T1","night","In-App","Paid_Social_Achiever_Week_4_Creativity_and_Feedback_T2","night","In-App","Paid_Social_Achiever_Week_4_Creativity_and_Feedback_T3","early_morning","In-App","Paid_Social_Achiever_Week_4_Creativity_and_Feedback_T4","mid_morning","In-App"
"USR_001361","5","Day 7","Dormant_Achiever_Day_1_Scarcity_and_Impatience_T1","evening","Push","Dormant_Achiever_Day_1_Scarcity_and_Impatience_T2","night","Push","Dormant_Achiever_Day_1_Scarcity_and_Impatience_T3","night","Push","Dormant_Achiever_Day_1_Scarcity_and_Impatience_T4","night","In-App","Dormant_Achiever_Day_1_Scarcity_and_Impatience_T5","night","In-App","Dormant_Achiever_Day_1_Scarcity_and_Impatience_T1","night","In-App","Dormant_Achiever_Day_1_Scarcity_and_Impatience_T2","early_morning","In-App","Dormant_Achiever_Day_1_Scarcity_and_Impatience_T3","mid_morning","In-App","Dormant_Achiever_Day_1_Scarcity_and_Impatience_T4","mid_morning","In-App"
"USR_001362","4","Day 88","Dormant_Social_Day_1_Unpredictability_T1","late_afternoon","Push","Dormant_Social_Day_1_Unpredictability_T2","late_afternoon","Push","Dormant_Social_Day_1_Unpredictability_T3","evening","Push","Dormant_Social_Day_1_Unpredictability_T4","night","In-App","Dormant_Social_Day_1_Unpredictability_T5","night","In-App","Dormant_Social_Day_1_Unpredictability_T1","night","In-App","Dormant_Social_Day_1_Unpredictability_T2","night","In-App","Dormant_Social_Day_1_Unpredictability_T3","night","In-App","Dormant_Social_Day_1_Unpredictability_T4","early_morning","In-App"
"USR_001363","1","Day 18","Inactive_Social_Learners_Day_1_Social_Influence_T1","evening","Push","Inactive_Social_Learners_Day_1_Social_Influence_T2","night","Push","Inactive_Social_Learners_Day_1_Social_Influence_T3","night","Push","Inactive_Social_Learners_Day_1_Social_Influence_T4","night","In-App","Inactive_Social_Learners_Day_1_Social_Influence_T5","night","In-App","Inactive_Social_Learners_Day_1_Social_Influence_T1","night","In-App","Inactive_Social_Learners_Day_1_Social_Influence_T2","early_morning","In-App","Inactive_Social_Learners_Day_1_Social_Influence_T3","mid_morning","In-App","Inactive_Social_Learners_Day_1_Social_Influence_T4","mid_morning","In-App"
"USR_001364","5","Day 0","Dormant_Achiever_Day_1_Scarcity_and_Impatience_T1","late_afternoon","Push","Dormant_Achiever_Day_1_Scarcity_and_Impatience_T2","evening","Push","Dormant_Achiever_Day_1_Scarcity_and_Impatience_T3","night","Push","Dormant_Achiever_Day_1_Scarcity_and_Impatience_T4","night","In-App","Dormant_Achiever_Day_1_Scarcity_and_Impatience_T5","night","In-App","Dormant_Achiever_Day_1_Scarcity_and_Impatience_T1","night","In-App","Dormant_Achiever_Day_1_Scarcity_and_Impatience_T2","night","In-App","Dormant_Achiever_Day_1_Scarcity_and_Impatience_T3","early_morning","In-App","Dormant_Achiever_Day_1_Scarcity_and_Impatience_T4","mid_morning","In-App"
"USR_001365","7","Day 79","Paid_Competitive_Week_4_Ownership_and_Possession_T1","late_afternoon","Push","Paid_Competitive_Week_4_Ownership_and_Possession_T2","evening","Push","Paid_Competitive_Week_4_Ownership_and_Possession_T3","evening","Push","Paid_Competitive_Week_4_Ownership_and_Possession_T4","night","In-App","Paid_Competitive_Week_4_Ownership_and_Possession_T5","night","In-App","Paid_Competitive_Week_4_Ownership_and_Possession_T1","night","In-App","Paid_Competitive_Week_4_Ownership_and_Possession_T2","night","In-App","Paid_Competitive_Week_4_Ownership_and_Possession_T3","early_morning","In-App","Paid_Competitive_Week_4_Ownership_and_Possession_T4","early_morning","In-App"
"USR_001366","4","Day 54","Dormant_Social_Day_1_Unpredictability_T1","early_morning","Push","Dormant_Social_Day_1_Unpredictability_T2","mid_morning","Push","Dormant_Social_Day_1_Unpredictability_T3","afternoon","Push","Dormant_Social_Day_1_Unpredictability_T4","afternoon","In-App","Dormant_Social_Day_1_Unpredictability_T5","late_afternoon","In-App","Dormant_Social_Day_1_Unpredictability_T1","evening","In-App","Dormant_Social_Day_1_Unpredictability_T2","evening","In-App","Dormant_Social_Day_1_Unpredictability_T3","night","In-App","Dormant_Social_Day_1_Unpredictability_T4","night","In-App"
"USR_001367","1","Day 2","Inactive_Social_Learners_Day_1_Social_Influence_T1","evening","Push","Inactive_Social_Learners_Day_1_Social_Influence_T2","night","Push","Inactive_Social_Learners_Day_1_Social_Influence_T3","night","Push","Inactive_Social_Learners_Day_1_Social_Influence_T4","night","In-App","Inactive_Social_Learners_Day_1_Social_Influence_T5","night","In-App","Inactive_Social_Learners_Day_1_Social_Influence_T1","early_morning","In-App","Inactive_Social_Learners_Day_1_Social_Influence_T2","early_morning","In-App","Inactive_Social_Learners_Day_1_Social_Influence_T3","mid_morning","In-App","Inactive_Social_Learners_Day_1_Social_Influence_T4","afternoon","In-App"
"USR_001368","4","Day 64","Dormant_Social_Day_1_Unpredictability_T1","evening","Push","Dormant_Social_Day_1_Unpredictability_T2","evening","Push","Dormant_Social_Day_1_Unpredictability_T3","night","Push","Dormant_Social_Day_1_Unpredictability_T4","night","In-App","Dormant_Social_Day_1_Unpredictability_T5","night","In-App","Dormant_Social_Day_1_Unpredictability_T1","night","In-App","Dormant_Social_Day_1_Unpredictability_T2","early_morning","In-App","Dormant_Social_Day_1_Unpredictability_T3","early_morning","In-App","Dormant_Social_Day_1_Unpredictability_T4","mid_morning","In-App"
"USR_001369","6","Day 5","Dormant_Scholar_Day_1_Creativity_and_Feedback_T1","evening","Push","Dormant_Scholar_Day_1_Creativity_and_Feedback_T2","evening","Push","Dormant_Scholar_Day_1_Creativity_and_Feedback_T3","night","Push","Dormant_Scholar_Day_1_Creativity_and_Feedback_T4","night","In-App","Dormant_Scholar_Day_1_Creativity_and_Feedback_T5","night","In-App","Dormant_Scholar_Day_1_Creativity_and_Feedback_T1","night","In-App","Dormant_Scholar_Day_1_Creativity_and_Feedback_T2","early_morning","In-App","Dormant_Scholar_Day_1_Creativity_and_Feedback_T3","early_morning","In-App","Dormant_Scholar_Day_1_Creativity_and_Feedback_T4","mid_morning","In-App"
"USR_001370","5","Day 3","Dormant_Achiever_Day_1_Scarcity_and_Impatience_T1","evening","Push","Dormant_Achiever_Day_1_Scarcity_and_Impatience_T2","night","Push","Dormant_Achiever_Day_1_Scarcity_and_Impatience_T3","night","Push","Dormant_Achiever_Day_1_Scarcity_and_Impatience_T4","night","In-App","Dormant_Achiever_Day_1_Scarcity_and_Impatience_T5","night","In-App","Dormant_Achiever_Day_1_Scarcity_and_Impatience_T1","night","In-App","Dormant_Achiever_Day_1_Scarcity_and_Impatience_T2","early_morning","In-App","Dormant_Achiever_Day_1_Scarcity_and_Impatience_T3","mid_morning","In-App","Dormant_Achiever_Day_1_Scarcity_and_Impatience_T4","mid_morning","In-App"
"USR_001371","1","Day 0","Inactive_Social_Learners_Day_1_Social_Influence_T1","late_afternoon","Push","Inactive_Social_Learners_Day_1_Social_Influence_T2","evening","Push","Inactive_Social_Learners_Day_1_Social_Influence_T3","night","Push","Inactive_Social_Learners_Day_1_Social_Influence_T4","night","In-App","Inactive_Social_Learners_Day_1_Social_Influence_T5","night","In-App","Inactive_Social_Learners_Day_1_Social_Influence_T1","night","In-App","Inactive_Social_Learners_Day_1_Social_Influence_T2","night","In-App","Inactive_Social_Learners_Day_1_Social_Influence_T3","early_morning","In-App","Inactive_Social_Learners_Day_1_Social_Influence_T4","mid_morning","In-App"
"USR_001372","7","Day 45","Paid_Competitive_Week_4_Ownership_and_Possession_T1","night","Push","Paid_Competitive_Week_4_Ownership_and_Possession_T2","night","Push","Paid_Competitive_Week_4_Ownership_and_Possession_T3","night","Push","Paid_Competitive_Week_4_Ownership_and_Possession_T4","night","In-App","Paid_Competitive_Week_4_Ownership_and_Possession_T5","early_morning","In-App","Paid_Competitive_Week_4_Ownership_and_Possession_T1","early_morning","In-App","Paid_Competitive_Week_4_Ownership_and_Possession_T2","mid_morning","In-App","Paid_Competitive_Week_4_Ownership_and_Possession_T3","afternoon","In-App","Paid_Competitive_Week_4_Ownership_and_Possession_T4","afternoon","In-App"
"USR_001373","2","Day 112","Paid_Social_Achiever_Week_4_Creativity_and_Feedback_T1","evening","Push","Paid_Social_Achiever_Week_4_Creativity_and_Feedback_T2","night","Push","Paid_Social_Achiever_Week_4_Creativity_and_Feedback_T3","night","Push","Paid_Social_Achiever_Week_4_Creativity_and_Feedback_T4","night","In-App","Paid_Social_Achiever_Week_4_Creativity_and_Feedback_T5","night","In-App","Paid_Social_Achiever_Week_4_Creativity_and_Feedback_T1","night","In-App","Paid_Social_Achiever_Week_4_Creativity_and_Feedback_T2","early_morning","In-App","Paid_Social_Achiever_Week_4_Creativity_and_Feedback_T3","mid_morning","In-App","Paid_Social_Achiever_Week_4_Creativity_and_Feedback_T4","mid_morning","In-App"
"USR_001374","1","Day 6","Inactive_Social_Learners_Day_1_Social_Influence_T1","night","Push","Inactive_Social_Learners_Day_1_Social_Influence_T2","night","Push","Inactive_Social_Learners_Day_1_Social_Influence_T3","night","Push","Inactive_Social_Learners_Day_1_Social_Influence_T4","night","In-App","Inactive_Social_Learners_Day_1_Social_Influence_T5","night","In-App","Inactive_Social_Learners_Day_1_Social_Influence_T1","early_morning","In-App","Inactive_Social_Learners_Day_1_Social_Influence_T2","mid_morning","In-App","Inactive_Social_Learners_Day_1_Social_Influence_T3","mid_morning","In-App","Inactive_Social_Learners_Day_1_Social_Influence_T4","afternoon","In-App"
"USR_001375","0","Day 177","Inactive_Socialite_Day_1_Unpredictability_T1","night","Push","Inactive_Socialite_Day_1_Unpredictability_T2","night","Push","Inactive_Socialite_Day_1_Unpredictability_T3","night","Push","Inactive_Socialite_Day_1_Unpredictability_T4","night","In-App","Inactive_Socialite_Day_1_Unpredictability_T5","night","In-App","Inactive_Socialite_Day_1_Unpredictability_T1","early_morning","In-App","Inactive_Socialite_Day_1_Unpredictability_T2","mid_morning","In-App","Inactive_Socialite_Day_1_Unpredictability_T3","mid_morning","In-App","Inactive_Socialite_Day_1_Unpredictability_T4","afternoon","In-App"
"USR_001376","3","Day 4","Inactive_Socialite_Day_1_Scarcity_and_Impatience_T1","mid_morning","Push","Inactive_Socialite_Day_1_Scarcity_and_Impatience_T2","afternoon","Push","Inactive_Socialite_Day_1_Scarcity_and_Impatience_T3","afternoon","Push","Inactive_Socialite_Day_1_Scarcity_and_Impatience_T4","late_afternoon","In-App","Inactive_Socialite_Day_1_Scarcity_and_Impatience_T5","evening","In-App","Inactive_Socialite_Day_1_Scarcity_and_Impatience_T1","evening","In-App","Inactive_Socialite_Day_1_Scarcity_and_Impatience_T2","night","In-App","Inactive_Socialite_Day_1_Scarcity_and_Impatience_T3","night","In-App","Inactive_Socialite_Day_1_Scarcity_and_Impatience_T4","night","In-App"
"USR_001377","1","Day 70","Inactive_Social_Learners_Day_1_Social_Influence_T1","early_morning","Push","Inactive_Social_Learners_Day_1_Social_Influence_T2","early_morning","Push","Inactive_Social_Learners_Day_1_Social_Influence_T3","mid_morning","Push","Inactive_Social_Learners_Day_1_Social_Influence_T4","afternoon","In-App","Inactive_Social_Learners_Day_1_Social_Influence_T5","afternoon","In-App","Inactive_Social_Learners_Day_1_Social_Influence_T1","late_afternoon","In-App","Inactive_Social_Learners_Day_1_Social_Influence_T2","evening","In-App","Inactive_Social_Learners_Day_1_Social_Influence_T3","evening","In-App","Inactive_Social_Learners_Day_1_Social_Influence_T4","night","In-App"
"USR_001378","0","Day 108","Inactive_Socialite_Day_1_Unpredictability_T1","late_afternoon","Push","Inactive_Socialite_Day_1_Unpredictability_T2","evening","Push","Inactive_Socialite_Day_1_Unpredictability_T3","night","Push","Inactive_Socialite_Day_1_Unpredictability_T4","night","In-App","Inactive_Socialite_Day_1_Unpredictability_T5","night","In-App","Inactive_Socialite_Day_1_Unpredictability_T1","night","In-App","Inactive_Socialite_Day_1_Unpredictability_T2","night","In-App","Inactive_Socialite_Day_1_Unpredictability_T3","early_morning","In-App","Inactive_Socialite_Day_1_Unpredictability_T4","mid_morning","In-App"
"USR_001379","5","Day 7","Dormant_Achiever_Day_1_Scarcity_and_Impatience_T1","night","Push","Dormant_Achiever_Day_1_Scarcity_and_Impatience_T2","night","Push","Dormant_Achiever_Day_1_Scarcity_and_Impatience_T3","night","Push","Dormant_Achiever_Day_1_Scarcity_and_Impatience_T4","night","In-App","Dormant_Achiever_Day_1_Scarcity_and_Impatience_T5","early_morning","In-App","Dormant_Achiever_Day_1_Scarcity_and_Impatience_T1","mid_morning","In-App","Dormant_Achiever_Day_1_Scarcity_and_Impatience_T2","mid_morning","In-App","Dormant_Achiever_Day_1_Scarcity_and_Impatience_T3","afternoon","In-App","Dormant_Achiever_Day_1_Scarcity_and_Impatience_T4","late_afternoon","In-App"
"USR_001380","4","Day 30","Dormant_Social_Day_1_Unpredictability_T1","late_afternoon","Push","Dormant_Social_Day_1_Unpredictability_T2","evening","Push","Dormant_Social_Day_1_Unpredictability_T3","night","Push","Dormant_Social_Day_1_Unpredictability_T4","night","In-App","Dormant_Social_Day_1_Unpredictability_T5","night","In-App","Dormant_Social_Day_1_Unpredictability_T1","night","In-App","Dormant_Social_Day_1_Unpredictability_T2","night","In-App","Dormant_Social_Day_1_Unpredictability_T3","early_morning","In-App","Dormant_Social_Day_1_Unpredictability_T4","mid_morning","In-App"
"USR_001381","7","Day 67","Paid_Competitive_Week_4_Ownership_and_Possession_T1","evening","Push","Paid_Competitive_Week_4_Ownership_and_Possession_T2","night","Push","Paid_Competitive_Week_4_Ownership_and_Possession_T3","night","Push","Paid_Competitive_Week_4_Ownership_and_Possession_T4","night","In-App","Paid_Competitive_Week_4_Ownership_and_Possession_T5","night","In-App","Paid_Competitive_Week_4_Ownership_and_Possession_T1","night","In-App","Paid_Competitive_Week_4_Ownership_and_Possession_T2","early_morning","In-App","Paid_Competitive_Week_4_Ownership_and_Possession_T3","mid_morning","In-App","Paid_Competitive_Week_4_Ownership_and_Possession_T4","mid_morning","In-App"
"USR_001382","3","Day 1","Inactive_Socialite_Day_1_Scarcity_and_Impatience_T1","afternoon","Push","Inactive_Socialite_Day_1_Scarcity_and_Impatience_T2","afternoon","Push","Inactive_Socialite_Day_1_Scarcity_and_Impatience_T3","late_afternoon","Push","Inactive_Socialite_Day_1_Scarcity_and_Impatience_T4","evening","In-App","Inactive_Socialite_Day_1_Scarcity_and_Impatience_T5","evening","In-App","Inactive_Socialite_Day_1_Scarcity_and_Impatience_T1","night","In-App","Inactive_Socialite_Day_1_Scarcity_and_Impatience_T2","night","In-App","Inactive_Socialite_Day_1_Scarcity_and_Impatience_T3","night","In-App","Inactive_Socialite_Day_1_Scarcity_and_Impatience_T4","night","In-App"
"USR_001383","0","Day 129","Inactive_Socialite_Day_1_Unpredictability_T1","afternoon","Push","Inactive_Socialite_Day_1_Unpredictability_T2","afternoon","Push","Inactive_Socialite_Day_1_Unpredictability_T3","late_afternoon","Push","Inactive_Socialite_Day_1_Unpredictability_T4","evening","In-App","Inactive_Socialite_Day_1_Unpredictability_T5","evening","In-App","Inactive_Socialite_Day_1_Unpredictability_T1","night","In-App","Inactive_Socialite_Day_1_Unpredictability_T2","night","In-App","Inactive_Socialite_Day_1_Unpredictability_T3","night","In-App","Inactive_Socialite_Day_1_Unpredictability_T4","night","In-App"
"USR_001384","1","Day 3","Inactive_Social_Learners_Day_1_Social_Influence_T1","early_morning","Push","Inactive_Social_Learners_Day_1_Social_Influence_T2","early_morning","Push","Inactive_Social_Learners_Day_1_Social_Influence_T3","mid_morning","Push","Inactive_Social_Learners_Day_1_Social_Influence_T4","afternoon","In-App","Inactive_Social_Learners_Day_1_Social_Influence_T5","afternoon","In-App","Inactive_Social_Learners_Day_1_Social_Influence_T1","late_afternoon","In-App","Inactive_Social_Learners_Day_1_Social_Influence_T2","evening","In-App","Inactive_Social_Learners_Day_1_Social_Influence_T3","evening","In-App","Inactive_Social_Learners_Day_1_Social_Influence_T4","night","In-App"
"USR_001385","2","Day 96","Paid_Social_Achiever_Week_4_Creativity_and_Feedback_T1","late_afternoon","Push","Paid_Social_Achiever_Week_4_Creativity_and_Feedback_T2","evening","Push","Paid_Social_Achiever_Week_4_Creativity_and_Feedback_T3","night","Push","Paid_Social_Achiever_Week_4_Creativity_and_Feedback_T4","night","In-App","Paid_Social_Achiever_Week_4_Creativity_and_Feedback_T5","night","In-App","Paid_Social_Achiever_Week_4_Creativity_and_Feedback_T1","night","In-App","Paid_Social_Achiever_Week_4_Creativity_and_Feedback_T2","night","In-App","Paid_Social_Achiever_Week_4_Creativity_and_Feedback_T3","early_morning","In-App","Paid_Social_Achiever_Week_4_Creativity_and_Feedback_T4","mid_morning","In-App"
"USR_001386","2","Day 82","Paid_Social_Achiever_Week_4_Creativity_and_Feedback_T1","night","Push","Paid_Social_Achiever_Week_4_Creativity_and_Feedback_T2","night","Push","Paid_Social_Achiever_Week_4_Creativity_and_Feedback_T3","night","Push","Paid_Social_Achiever_Week_4_Creativity_and_Feedback_T4","night","In-App","Paid_Social_Achiever_Week_4_Creativity_and_Feedback_T5","early_morning","In-App","Paid_Social_Achiever_Week_4_Creativity_and_Feedback_T1","mid_morning","In-App","Paid_Social_Achiever_Week_4_Creativity_and_Feedback_T2","mid_morning","In-App","Paid_Social_Achiever_Week_4_Creativity_and_Feedback_T3","afternoon","In-App","Paid_Social_Achiever_Week_4_Creativity_and_Feedback_T4","late_afternoon","In-App"
"USR_001387","4","Day 78","Dormant_Social_Day_1_Unpredictability_T1","mid_morning","Push","Dormant_Social_Day_1_Unpredictability_T2","afternoon","Push","Dormant_Social_Day_1_Unpredictability_T3","afternoon","Push","Dormant_Social_Day_1_Unpredictability_T4","late_afternoon","In-App","Dormant_Social_Day_1_Unpredictability_T5","evening","In-App","Dormant_Social_Day_1_Unpredictability_T1","evening","In-App","Dormant_Social_Day_1_Unpredictability_T2","night","In-App","Dormant_Social_Day_1_Unpredictability_T3","night","In-App","Dormant_Social_Day_1_Unpredictability_T4","night","In-App"
"USR_001388","0","Day 36","Inactive_Socialite_Day_1_Unpredictability_T1","late_afternoon","Push","Inactive_Socialite_Day_1_Unpredictability_T2","evening","Push","Inactive_Socialite_Day_1_Unpredictability_T3","evening","Push","Inactive_Socialite_Day_1_Unpredictability_T4","night","In-App","Inactive_Socialite_Day_1_Unpredictability_T5","night","In-App","Inactive_Socialite_Day_1_Unpredictability_T1","night","In-App","Inactive_Socialite_Day_1_Unpredictability_T2","night","In-App","Inactive_Socialite_Day_1_Unpredictability_T3","early_morning","In-App","Inactive_Socialite_Day_1_Unpredictability_T4","early_morning","In-App"
"USR_001389","4","Day 31","Dormant_Social_Day_1_Unpredictability_T1","late_afternoon","Push","Dormant_Social_Day_1_Unpredictability_T2","evening","Push","Dormant_Social_Day_1_Unpredictability_T3","night","Push","Dormant_Social_Day_1_Unpredictability_T4","night","In-App","Dormant_Social_Day_1_Unpredictability_T5","night","In-App","Dormant_Social_Day_1_Unpredictability_T1","night","In-App","Dormant_Social_Day_1_Unpredictability_T2","night","In-App","Dormant_Social_Day_1_Unpredictability_T3","early_morning","In-App","Dormant_Social_Day_1_Unpredictability_T4","mid_morning","In-App"
"USR_001390","6","Day 0","Dormant_Scholar_Day_1_Creativity_and_Feedback_T1","evening","Push","Dormant_Scholar_Day_1_Creativity_and_Feedback_T2","night","Push","Dormant_Scholar_Day_1_Creativity_and_Feedback_T3","night","Push","Dormant_Scholar_Day_1_Creativity_and_Feedback_T4","night","In-App","Dormant_Scholar_Day_1_Creativity_and_Feedback_T5","night","In-App","Dormant_Scholar_Day_1_Creativity_and_Feedback_T1","early_morning","In-App","Dormant_Scholar_Day_1_Creativity_and_Feedback_T2","early_morning","In-App","Dormant_Scholar_Day_1_Creativity_and_Feedback_T3","mid_morning","In-App","Dormant_Scholar_Day_1_Creativity_and_Feedback_T4","afternoon","In-App"
"USR_001391","5","Day 7","Dormant_Achiever_Day_1_Scarcity_and_Impatience_T1","early_morning","Push","Dormant_Achiever_Day_1_Scarcity_and_Impatience_T2","mid_morning","Push","Dormant_Achiever_Day_1_Scarcity_and_Impatience_T3","mid_morning","Push","Dormant_Achiever_Day_1_Scarcity_and_Impatience_T4","afternoon","In-App","Dormant_Achiever_Day_1_Scarcity_and_Impatience_T5","late_afternoon","In-App","Dormant_Achiever_Day_1_Scarcity_and_Impatience_T1","late_afternoon","In-App","Dormant_Achiever_Day_1_Scarcity_and_Impatience_T2","evening","In-App","Dormant_Achiever_Day_1_Scarcity_and_Impatience_T3","night","In-App","Dormant_Achiever_Day_1_Scarcity_and_Impatience_T4","night","In-App"
"USR_001392","5","Day 0","Dormant_Achiever_Day_1_Scarcity_and_Impatience_T1","afternoon","Push","Dormant_Achiever_Day_1_Scarcity_and_Impatience_T2","late_afternoon","Push","Dormant_Achiever_Day_1_Scarcity_and_Impatience_T3","evening","Push","Dormant_Achiever_Day_1_Scarcity_and_Impatience_T4","evening","In-App","Dormant_Achiever_Day_1_Scarcity_and_Impatience_T5","night","In-App","Dormant_Achiever_Day_1_Scarcity_and_Impatience_T1","night","In-App","Dormant_Achiever_Day_1_Scarcity_and_Impatience_T2","night","In-App","Dormant_Achiever_Day_1_Scarcity_and_Impatience_T3","night","In-App","Dormant_Achiever_Day_1_Scarcity_and_Impatience_T4","early_morning","In-App"
"USR_001393","7","Day 76","Paid_Competitive_Week_4_Ownership_and_Possession_T1","night","Push","Paid_Competitive_Week_4_Ownership_and_Possession_T2","night","Push","Paid_Competitive_Week_4_Ownership_and_Possession_T3","night","Push","Paid_Competitive_Week_4_Ownership_and_Possession_T4","night","In-App","Paid_Competitive_Week_4_Ownership_and_Possession_T5","night","In-App","Paid_Competitive_Week_4_Ownership_and_Possession_T1","early_morning","In-App","Paid_Competitive_Week_4_Ownership_and_Possession_T2","mid_morning","In-App","Paid_Competitive_Week_4_Ownership_and_Possession_T3","mid_morning","In-App","Paid_Competitive_Week_4_Ownership_and_Possession_T4","afternoon","In-App"
"USR_001394","7","Day 73","Paid_Competitive_Week_4_Ownership_and_Possession_T1","late_afternoon","Push","Paid_Competitive_Week_4_Ownership_and_Possession_T2","evening","Push","Paid_Competitive_Week_4_Ownership_and_Possession_T3","evening","Push","Paid_Competitive_Week_4_Ownership_and_Possession_T4","night","In-App","Paid_Competitive_Week_4_Ownership_and_Possession_T5","night","In-App","Paid_Competitive_Week_4_Ownership_and_Possession_T1","night","In-App","Paid_Competitive_Week_4_Ownership_and_Possession_T2","night","In-App","Paid_Competitive_Week_4_Ownership_and_Possession_T3","early_morning","In-App","Paid_Competitive_Week_4_Ownership_and_Possession_T4","early_morning","In-App"
"USR_001395","0","Day 174","Inactive_Socialite_Day_1_Unpredictability_T1","late_afternoon","Push","Inactive_Socialite_Day_1_Unpredictability_T2","late_afternoon","Push","Inactive_Socialite_Day_1_Unpredictability_T3","evening","Push","Inactive_Socialite_Day_1_Unpredictability_T4","night","In-App","Inactive_Socialite_Day_1_Unpredictability_T5","night","In-App","Inactive_Socialite_Day_1_Unpredictability_T1","night","In-App","Inactive_Socialite_Day_1_Unpredictability_T2","night","In-App","Inactive_Socialite_Day_1_Unpredictability_T3","night","In-App","Inactive_Socialite_Day_1_Unpredictability_T4","early_morning","In-App"
"USR_001396","7","Day 33","Paid_Competitive_Week_4_Ownership_and_Possession_T1","early_morning","Push","Paid_Competitive_Week_4_Ownership_and_Possession_T2","mid_morning","Push","Paid_Competitive_Week_4_Ownership_and_Possession_T3","afternoon","Push","Paid_Competitive_Week_4_Ownership_and_Possession_T4","afternoon","In-App","Paid_Competitive_Week_4_Ownership_and_Possession_T5","late_afternoon","In-App","Paid_Competitive_Week_4_Ownership_and_Possession_T1","evening","In-App","Paid_Competitive_Week_4_Ownership_and_Possession_T2","evening","In-App","Paid_Competitive_Week_4_Ownership_and_Possession_T3","night","In-App","Paid_Competitive_Week_4_Ownership_and_Possession_T4","night","In-App"
"USR_001397","2","Day 75","Paid_Social_Achiever_Week_4_Creativity_and_Feedback_T1","night","Push","Paid_Social_Achiever_Week_4_Creativity_and_Feedback_T2","night","Push","Paid_Social_Achiever_Week_4_Creativity_and_Feedback_T3","night","Push","Paid_Social_Achiever_Week_4_Creativity_and_Feedback_T4","night","In-App","Paid_Social_Achiever_Week_4_Creativity_and_Feedback_T5","night","In-App","Paid_Social_Achiever_Week_4_Creativity_and_Feedback_T1","early_morning","In-App","Paid_Social_Achiever_Week_4_Creativity_and_Feedback_T2","mid_morning","In-App","Paid_Social_Achiever_Week_4_Creativity_and_Feedback_T3","mid_morning","In-App","Paid_Social_Achiever_Week_4_Creativity_and_Feedback_T4","afternoon","In-App"
"USR_001398","1","Day 105","Inactive_Social_Learners_Day_1_Social_Influence_T1","late_afternoon","Push","Inactive_Social_Learners_Day_1_Social_Influence_T2","evening","Push","Inactive_Social_Learners_Day_1_Social_Influence_T3","night","Push","Inactive_Social_Learners_Day_1_Social_Influence_T4","night","In-App","Inactive_Social_Learners_Day_1_Social_Influence_T5","night","In-App","Inactive_Social_Learners_Day_1_Social_Influence_T1","night","In-App","Inactive_Social_Learners_Day_1_Social_Influence_T2","night","In-App","Inactive_Social_Learners_Day_1_Social_Influence_T3","early_morning","In-App","Inactive_Social_Learners_Day_1_Social_Influence_T4","mid_morning","In-App"
"USR_001399","5","Day 1","Dormant_Achiever_Day_1_Scarcity_and_Impatience_T1","evening","Push","Dormant_Achiever_Day_1_Scarcity_and_Impatience_T2","night","Push","Dormant_Achiever_Day_1_Scarcity_and_Impatience_T3","night","Push","Dormant_Achiever_Day_1_Scarcity_and_Impatience_T4","night","In-App","Dormant_Achiever_Day_1_Scarcity_and_Impatience_T5","night","In-App","Dormant_Achiever_Day_1_Scarcity_and_Impatience_T1","night","In-App","Dormant_Achiever_Day_1_Scarcity_and_Impatience_T2","early_morning","In-App","Dormant_Achiever_Day_1_Scarcity_and_Impatience_T3","mid_morning","In-App","Dormant_Achiever_Day_1_Scarcity_and_Impatience_T4","mid_morning","In-App"
"USR_001400","3","Day 7","Inactive_Socialite_Day_1_Scarcity_and_Impatience_T1","night","Push","Inactive_Socialite_Day_1_Scarcity_and_Impatience_T2","night","Push","Inactive_Socialite_Day_1_Scarcity_and_Impatience_T3","night","Push","Inactive_Socialite_Day_1_Scarcity_and_Impatience_T4","night","In-App","Inactive_Socialite_Day_1_Scarcity_and_Impatience_T5","early_morning","In-App","Inactive_Socialite_Day_1_Scarcity_and_Impatience_T1","early_morning","In-App","Inactive_Socialite_Day_1_Scarcity_and_Impatience_T2","mid_morning","In-App","Inactive_Socialite_Day_1_Scarcity_and_Impatience_T3","afternoon","In-App","Inactive_Socialite_Day_1_Scarcity_and_Impatience_T4","afternoon","In-App"
"USR_001401","2","Day 13","Paid_Social_Achiever_Week_2_Creativity_and_Feedback_T1","early_morning","Push","Paid_Social_Achiever_Week_2_Creativity_and_Feedback_T2","early_morning","Push","Paid_Social_Achiever_Week_2_Creativity_and_Feedback_T3","mid_morning","Push","Paid_Social_Achiever_Week_2_Creativity_and_Feedback_T4","afternoon","In-App","Paid_Social_Achiever_Week_2_Creativity_and_Feedback_T5","afternoon","In-App","Paid_Social_Achiever_Week_2_Creativity_and_Feedback_T1","late_afternoon","In-App","Paid_Social_Achiever_Week_2_Creativity_and_Feedback_T2","evening","In-App","Paid_Social_Achiever_Week_2_Creativity_and_Feedback_T3","evening","In-App","Paid_Social_Achiever_Week_2_Creativity_and_Feedback_T4","night","In-App"
"USR_001402","1","Day 5","Inactive_Social_Learners_Day_1_Social_Influence_T1","night","Push","Inactive_Social_Learners_Day_1_Social_Influence_T2","night","Push","Inactive_Social_Learners_Day_1_Social_Influence_T3","night","Push","Inactive_Social_Learners_Day_1_Social_Influence_T4","night","In-App","Inactive_Social_Learners_Day_1_Social_Influence_T5","night","In-App","Inactive_Social_Learners_Day_1_Social_Influence_T1","early_morning","In-App","Inactive_Social_Learners_Day_1_Social_Influence_T2","mid_morning","In-App","Inactive_Social_Learners_Day_1_Social_Influence_T3","mid_morning","In-App","Inactive_Social_Learners_Day_1_Social_Influence_T4","afternoon","In-App"
"USR_001403","5","Day 0","Dormant_Achiever_Day_1_Scarcity_and_Impatience_T1","evening","Push","Dormant_Achiever_Day_1_Scarcity_and_Impatience_T2","night","Push","Dormant_Achiever_Day_1_Scarcity_and_Impatience_T3","night","Push","Dormant_Achiever_Day_1_Scarcity_and_Impatience_T4","night","In-App","Dormant_Achiever_Day_1_Scarcity_and_Impatience_T5","night","In-App","Dormant_Achiever_Day_1_Scarcity_and_Impatience_T1","night","In-App","Dormant_Achiever_Day_1_Scarcity_and_Impatience_T2","early_morning","In-App","Dormant_Achiever_Day_1_Scarcity_and_Impatience_T3","mid_morning","In-App","Dormant_Achiever_Day_1_Scarcity_and_Impatience_T4","mid_morning","In-App"
"USR_001404","2","Day 63","Paid_Social_Achiever_Week_4_Creativity_and_Feedback_T1","early_morning","Push","Paid_Social_Achiever_Week_4_Creativity_and_Feedback_T2","mid_morning","Push","Paid_Social_Achiever_Week_4_Creativity_and_Feedback_T3","afternoon","Push","Paid_Social_Achiever_Week_4_Creativity_and_Feedback_T4","afternoon","In-App","Paid_Social_Achiever_Week_4_Creativity_and_Feedback_T5","late_afternoon","In-App","Paid_Social_Achiever_Week_4_Creativity_and_Feedback_T1","evening","In-App","Paid_Social_Achiever_Week_4_Creativity_and_Feedback_T2","evening","In-App","Paid_Social_Achiever_Week_4_Creativity_and_Feedback_T3","night","In-App","Paid_Social_Achiever_Week_4_Creativity_and_Feedback_T4","night","In-App"
"USR_001405","3","Day 7","Inactive_Socialite_Day_1_Scarcity_and_Impatience_T1","evening","Push","Inactive_Socialite_Day_1_Scarcity_and_Impatience_T2","evening","Push","Inactive_Socialite_Day_1_Scarcity_and_Impatience_T3","night","Push","Inactive_Socialite_Day_1_Scarcity_and_Impatience_T4","night","In-App","Inactive_Socialite_Day_1_Scarcity_and_Impatience_T5","night","In-App","Inactive_Socialite_Day_1_Scarcity_and_Impatience_T1","night","In-App","Inactive_Socialite_Day_1_Scarcity_and_Impatience_T2","early_morning","In-App","Inactive_Socialite_Day_1_Scarcity_and_Impatience_T3","early_morning","In-App","Inactive_Socialite_Day_1_Scarcity_and_Impatience_T4","mid_morning","In-App"
"USR_001406","0","Day 121","Inactive_Socialite_Day_1_Unpredictability_T1","mid_morning","Push","Inactive_Socialite_Day_1_Unpredictability_T2","mid_morning","Push","Inactive_Socialite_Day_1_Unpredictability_T3","afternoon","Push","Inactive_Socialite_Day_1_Unpredictability_T4","late_afternoon","In-App","Inactive_Socialite_Day_1_Unpredictability_T5","late_afternoon","In-App","Inactive_Socialite_Day_1_Unpredictability_T1","evening","In-App","Inactive_Socialite_Day_1_Unpredictability_T2","night","In-App","Inactive_Socialite_Day_1_Unpredictability_T3","night","In-App","Inactive_Socialite_Day_1_Unpredictability_T4","night","In-App"
"USR_001407","4","Day 56","Dormant_Social_Day_1_Unpredictability_T1","late_afternoon","Push","Dormant_Social_Day_1_Unpredictability_T2","evening","Push","Dormant_Social_Day_1_Unpredictability_T3","night","Push","Dormant_Social_Day_1_Unpredictability_T4","night","In-App","Dormant_Social_Day_1_Unpredictability_T5","night","In-App","Dormant_Social_Day_1_Unpredictability_T1","night","In-App","Dormant_Social_Day_1_Unpredictability_T2","night","In-App","Dormant_Social_Day_1_Unpredictability_T3","early_morning","In-App","Dormant_Social_Day_1_Unpredictability_T4","mid_morning","In-App"
"USR_001408","1","Day 2","Inactive_Social_Learners_Day_1_Social_Influence_T1","mid_morning","Push","Inactive_Social_Learners_Day_1_Social_Influence_T2","afternoon","Push","Inactive_Social_Learners_Day_1_Social_Influence_T3","late_afternoon","Push","Inactive_Social_Learners_Day_1_Social_Influence_T4","late_afternoon","In-App","Inactive_Social_Learners_Day_1_Social_Influence_T5","evening","In-App","Inactive_Social_Learners_Day_1_Social_Influence_T1","night","In-App","Inactive_Social_Learners_Day_1_Social_Influence_T2","night","In-App","Inactive_Social_Learners_Day_1_Social_Influence_T3","night","In-App","Inactive_Social_Learners_Day_1_Social_Influence_T4","night","In-App"
"USR_001409","5","Day 6","Dormant_Achiever_Day_1_Scarcity_and_Impatience_T1","evening","Push","Dormant_Achiever_Day_1_Scarcity_and_Impatience_T2","evening","Push","Dormant_Achiever_Day_1_Scarcity_and_Impatience_T3","night","Push","Dormant_Achiever_Day_1_Scarcity_and_Impatience_T4","night","In-App","Dormant_Achiever_Day_1_Scarcity_and_Impatience_T5","night","In-App","Dormant_Achiever_Day_1_Scarcity_and_Impatience_T1","night","In-App","Dormant_Achiever_Day_1_Scarcity_and_Impatience_T2","early_morning","In-App","Dormant_Achiever_Day_1_Scarcity_and_Impatience_T3","early_morning","In-App","Dormant_Achiever_Day_1_Scarcity_and_Impatience_T4","mid_morning","In-App"
"USR_001410","1","Day 4","Inactive_Social_Learners_Day_1_Social_Influence_T1","night","Push","Inactive_Social_Learners_Day_1_Social_Influence_T2","night","Push","Inactive_Social_Learners_Day_1_Social_Influence_T3","night","Push","Inactive_Social_Learners_Day_1_Social_Influence_T4","night","In-App","Inactive_Social_Learners_Day_1_Social_Influence_T5","early_morning","In-App","Inactive_Social_Learners_Day_1_Social_Influence_T1","early_morning","In-App","Inactive_Social_Learners_Day_1_Social_Influence_T2","mid_morning","In-App","Inactive_Social_Learners_Day_1_Social_Influence_T3","afternoon","In-App","Inactive_Social_Learners_Day_1_Social_Influence_T4","afternoon","In-App"
"USR_001411","1","Day 19","Inactive_Social_Learners_Day_1_Social_Influence_T1","mid_morning","Push","Inactive_Social_Learners_Day_1_Social_Influence_T2","afternoon","Push","Inactive_Social_Learners_Day_1_Social_Influence_T3","late_afternoon","Push","Inactive_Social_Learners_Day_1_Social_Influence_T4","late_afternoon","In-App","Inactive_Social_Learners_Day_1_Social_Influence_T5","evening","In-App","Inactive_Social_Learners_Day_1_Social_Influence_T1","night","In-App","Inactive_Social_Learners_Day_1_Social_Influence_T2","night","In-App","Inactive_Social_Learners_Day_1_Social_Influence_T3","night","In-App","Inactive_Social_Learners_Day_1_Social_Influence_T4","night","In-App"
"USR_001412","7","Day 60","Paid_Competitive_Week_4_Ownership_and_Possession_T1","mid_morning","Push","Paid_Competitive_Week_4_Ownership_and_Possession_T2","mid_morning","Push","Paid_Competitive_Week_4_Ownership_and_Possession_T3","afternoon","Push","Paid_Competitive_Week_4_Ownership_and_Possession_T4","late_afternoon","In-App","Paid_Competitive_Week_4_Ownership_and_Possession_T5","late_afternoon","In-App","Paid_Competitive_Week_4_Ownership_and_Possession_T1","evening","In-App","Paid_Competitive_Week_4_Ownership_and_Possession_T2","night","In-App","Paid_Competitive_Week_4_Ownership_and_Possession_T3","night","In-App","Paid_Competitive_Week_4_Ownership_and_Possession_T4","night","In-App"
"USR_001413","2","Day 52","Paid_Social_Achiever_Week_4_Creativity_and_Feedback_T1","evening","Push","Paid_Social_Achiever_Week_4_Creativity_and_Feedback_T2","night","Push","Paid_Social_Achiever_Week_4_Creativity_and_Feedback_T3","night","Push","Paid_Social_Achiever_Week_4_Creativity_and_Feedback_T4","night","In-App","Paid_Social_Achiever_Week_4_Creativity_and_Feedback_T5","night","In-App","Paid_Social_Achiever_Week_4_Creativity_and_Feedback_T1","early_morning","In-App","Paid_Social_Achiever_Week_4_Creativity_and_Feedback_T2","early_morning","In-App","Paid_Social_Achiever_Week_4_Creativity_and_Feedback_T3","mid_morning","In-App","Paid_Social_Achiever_Week_4_Creativity_and_Feedback_T4","afternoon","In-App"
"USR_001414","2","Day 87","Paid_Social_Achiever_Week_4_Creativity_and_Feedback_T1","afternoon","Push","Paid_Social_Achiever_Week_4_Creativity_and_Feedback_T2","late_afternoon","Push","Paid_Social_Achiever_Week_4_Creativity_and_Feedback_T3","late_afternoon","Push","Paid_Social_Achiever_Week_4_Creativity_and_Feedback_T4","evening","In-App","Paid_Social_Achiever_Week_4_Creativity_and_Feedback_T5","night","In-App","Paid_Social_Achiever_Week_4_Creativity_and_Feedback_T1","night","In-App","Paid_Social_Achiever_Week_4_Creativity_and_Feedback_T2","night","In-App","Paid_Social_Achiever_Week_4_Creativity_and_Feedback_T3","night","In-App","Paid_Social_Achiever_Week_4_Creativity_and_Feedback_T4","night","In-App"
"USR_001415","2","Day 24","Paid_Social_Achiever_Week_4_Creativity_and_Feedback_T1","mid_morning","Push","Paid_Social_Achiever_Week_4_Creativity_and_Feedback_T2","mid_morning","Push","Paid_Social_Achiever_Week_4_Creativity_and_Feedback_T3","afternoon","Push","Paid_Social_Achiever_Week_4_Creativity_and_Feedback_T4","late_afternoon","In-App","Paid_Social_Achiever_Week_4_Creativity_and_Feedback_T5","late_afternoon","In-App","Paid_Social_Achiever_Week_4_Creativity_and_Feedback_T1","evening","In-App","Paid_Social_Achiever_Week_4_Creativity_and_Feedback_T2","night","In-App","Paid_Social_Achiever_Week_4_Creativity_and_Feedback_T3","night","In-App","Paid_Social_Achiever_Week_4_Creativity_and_Feedback_T4","night","In-App"
"USR_001416","3","Day 4","Inactive_Socialite_Day_1_Scarcity_and_Impatience_T1","late_afternoon","Push","Inactive_Socialite_Day_1_Scarcity_and_Impatience_T2","evening","Push","Inactive_Socialite_Day_1_Scarcity_and_Impatience_T3","night","Push","Inactive_Socialite_Day_1_Scarcity_and_Impatience_T4","night","In-App","Inactive_Socialite_Day_1_Scarcity_and_Impatience_T5","night","In-App","Inactive_Socialite_Day_1_Scarcity_and_Impatience_T1","night","In-App","Inactive_Socialite_Day_1_Scarcity_and_Impatience_T2","night","In-App","Inactive_Socialite_Day_1_Scarcity_and_Impatience_T3","early_morning","In-App","Inactive_Socialite_Day_1_Scarcity_and_Impatience_T4","mid_morning","In-App"
"USR_001417","0","Day 156","Inactive_Socialite_Day_1_Unpredictability_T1","mid_morning","Push","Inactive_Socialite_Day_1_Unpredictability_T2","mid_morning","Push","Inactive_Socialite_Day_1_Unpredictability_T3","afternoon","Push","Inactive_Socialite_Day_1_Unpredictability_T4","late_afternoon","In-App","Inactive_Socialite_Day_1_Unpredictability_T5","late_afternoon","In-App","Inactive_Socialite_Day_1_Unpredictability_T1","evening","In-App","Inactive_Socialite_Day_1_Unpredictability_T2","night","In-App","Inactive_Socialite_Day_1_Unpredictability_T3","night","In-App","Inactive_Socialite_Day_1_Unpredictability_T4","night","In-App"
"USR_001418","4","Day 75","Dormant_Social_Day_1_Unpredictability_T1","evening","Push","Dormant_Social_Day_1_Unpredictability_T2","night","Push","Dormant_Social_Day_1_Unpredictability_T3","night","Push","Dormant_Social_Day_1_Unpredictability_T4","night","In-App","Dormant_Social_Day_1_Unpredictability_T5","night","In-App","Dormant_Social_Day_1_Unpredictability_T1","early_morning","In-App","Dormant_Social_Day_1_Unpredictability_T2","early_morning","In-App","Dormant_Social_Day_1_Unpredictability_T3","mid_morning","In-App","Dormant_Social_Day_1_Unpredictability_T4","afternoon","In-App"
"USR_001419","0","Day 71","Inactive_Socialite_Day_1_Unpredictability_T1","night","Push","Inactive_Socialite_Day_1_Unpredictability_T2","early_morning","Push","Inactive_Socialite_Day_1_Unpredictability_T3","mid_morning","Push","Inactive_Socialite_Day_1_Unpredictability_T4","mid_morning","In-App","Inactive_Socialite_Day_1_Unpredictability_T5","afternoon","In-App","Inactive_Socialite_Day_1_Unpredictability_T1","late_afternoon","In-App","Inactive_Socialite_Day_1_Unpredictability_T2","late_afternoon","In-App","Inactive_Socialite_Day_1_Unpredictability_T3","evening","In-App","Inactive_Socialite_Day_1_Unpredictability_T4","night","In-App"
"USR_001420","5","Day 0","Dormant_Achiever_Day_1_Scarcity_and_Impatience_T1","early_morning","Push","Dormant_Achiever_Day_1_Scarcity_and_Impatience_T2","mid_morning","Push","Dormant_Achiever_Day_1_Scarcity_and_Impatience_T3","mid_morning","Push","Dormant_Achiever_Day_1_Scarcity_and_Impatience_T4","afternoon","In-App","Dormant_Achiever_Day_1_Scarcity_and_Impatience_T5","late_afternoon","In-App","Dormant_Achiever_Day_1_Scarcity_and_Impatience_T1","late_afternoon","In-App","Dormant_Achiever_Day_1_Scarcity_and_Impatience_T2","evening","In-App","Dormant_Achiever_Day_1_Scarcity_and_Impatience_T3","night","In-App","Dormant_Achiever_Day_1_Scarcity_and_Impatience_T4","night","In-App"
"USR_001421","5","Day 0","Dormant_Achiever_Day_1_Scarcity_and_Impatience_T1","mid_morning","Push","Dormant_Achiever_Day_1_Scarcity_and_Impatience_T2","afternoon","Push","Dormant_Achiever_Day_1_Scarcity_and_Impatience_T3","afternoon","Push","Dormant_Achiever_Day_1_Scarcity_and_Impatience_T4","late_afternoon","In-App","Dormant_Achiever_Day_1_Scarcity_and_Impatience_T5","evening","In-App","Dormant_Achiever_Day_1_Scarcity_and_Impatience_T1","evening","In-App","Dormant_Achiever_Day_1_Scarcity_and_Impatience_T2","night","In-App","Dormant_Achiever_Day_1_Scarcity_and_Impatience_T3","night","In-App","Dormant_Achiever_Day_1_Scarcity_and_Impatience_T4","night","In-App"
"USR_001422","0","Day 172","Inactive_Socialite_Day_1_Unpredictability_T1","night","Push","Inactive_Socialite_Day_1_Unpredictability_T2","night","Push","Inactive_Socialite_Day_1_Unpredictability_T3","night","Push","Inactive_Socialite_Day_1_Unpredictability_T4","night","In-App","Inactive_Socialite_Day_1_Unpredictability_T5","early_morning","In-App","Inactive_Socialite_Day_1_Unpredictability_T1","early_morning","In-App","Inactive_Socialite_Day_1_Unpredictability_T2","mid_morning","In-App","Inactive_Socialite_Day_1_Unpredictability_T3","afternoon","In-App","Inactive_Socialite_Day_1_Unpredictability_T4","afternoon","In-App"
"USR_001423","4","Day 47","Dormant_Social_Day_1_Unpredictability_T1","night","Push","Dormant_Social_Day_1_Unpredictability_T2","early_morning","Push","Dormant_Social_Day_1_Unpredictability_T3","mid_morning","Push","Dormant_Social_Day_1_Unpredictability_T4","mid_morning","In-App","Dormant_Social_Day_1_Unpredictability_T5","afternoon","In-App","Dormant_Social_Day_1_Unpredictability_T1","late_afternoon","In-App","Dormant_Social_Day_1_Unpredictability_T2","late_afternoon","In-App","Dormant_Social_Day_1_Unpredictability_T3","evening","In-App","Dormant_Social_Day_1_Unpredictability_T4","night","In-App"
"USR_001424","4","Day 35","Dormant_Social_Day_1_Unpredictability_T1","early_morning","Push","Dormant_Social_Day_1_Unpredictability_T2","mid_morning","Push","Dormant_Social_Day_1_Unpredictability_T3","afternoon","Push","Dormant_Social_Day_1_Unpredictability_T4","afternoon","In-App","Dormant_Social_Day_1_Unpredictability_T5","late_afternoon","In-App","Dormant_Social_Day_1_Unpredictability_T1","evening","In-App","Dormant_Social_Day_1_Unpredictability_T2","evening","In-App","Dormant_Social_Day_1_Unpredictability_T3","night","In-App","Dormant_Social_Day_1_Unpredictability_T4","night","In-App"
"USR_001425","2","Day 22","Paid_Social_Achiever_Week_4_Creativity_and_Feedback_T1","afternoon","Push","Paid_Social_Achiever_Week_4_Creativity_and_Feedback_T2","late_afternoon","Push","Paid_Social_Achiever_Week_4_Creativity_and_Feedback_T3","late_afternoon","Push","Paid_Social_Achiever_Week_4_Creativity_and_Feedback_T4","evening","In-App","Paid_Social_Achiever_Week_4_Creativity_and_Feedback_T5","night","In-App","Paid_Social_Achiever_Week_4_Creativity_and_Feedback_T1","night","In-App","Paid_Social_Achiever_Week_4_Creativity_and_Feedback_T2","night","In-App","Paid_Social_Achiever_Week_4_Creativity_and_Feedback_T3","night","In-App","Paid_Social_Achiever_Week_4_Creativity_and_Feedback_T4","night","In-App"
"USR_001426","7","Day 70","Paid_Competitive_Week_4_Ownership_and_Possession_T1","evening","Push","Paid_Competitive_Week_4_Ownership_and_Possession_T2","evening","Push","Paid_Competitive_Week_4_Ownership_and_Possession_T3","night","Push","Paid_Competitive_Week_4_Ownership_and_Possession_T4","night","In-App","Paid_Competitive_Week_4_Ownership_and_Possession_T5","night","In-App","Paid_Competitive_Week_4_Ownership_and_Possession_T1","night","In-App","Paid_Competitive_Week_4_Ownership_and_Possession_T2","early_morning","In-App","Paid_Competitive_Week_4_Ownership_and_Possession_T3","early_morning","In-App","Paid_Competitive_Week_4_Ownership_and_Possession_T4","mid_morning","In-App"
"USR_001427","6","Day 29","Dormant_Scholar_Day_1_Creativity_and_Feedback_T1","early_morning","Push","Dormant_Scholar_Day_1_Creativity_and_Feedback_T2","mid_morning","Push","Dormant_Scholar_Day_1_Creativity_and_Feedback_T3","mid_morning","Push","Dormant_Scholar_Day_1_Creativity_and_Feedback_T4","afternoon","In-App","Dormant_Scholar_Day_1_Creativity_and_Feedback_T5","late_afternoon","In-App","Dormant_Scholar_Day_1_Creativity_and_Feedback_T1","late_afternoon","In-App","Dormant_Scholar_Day_1_Creativity_and_Feedback_T2","evening","In-App","Dormant_Scholar_Day_1_Creativity_and_Feedback_T3","night","In-App","Dormant_Scholar_Day_1_Creativity_and_Feedback_T4","night","In-App"
"USR_001428","6","Day 6","Dormant_Scholar_Day_1_Creativity_and_Feedback_T1","early_morning","Push","Dormant_Scholar_Day_1_Creativity_and_Feedback_T2","mid_morning","Push","Dormant_Scholar_Day_1_Creativity_and_Feedback_T3","afternoon","Push","Dormant_Scholar_Day_1_Creativity_and_Feedback_T4","afternoon","In-App","Dormant_Scholar_Day_1_Creativity_and_Feedback_T5","late_afternoon","In-App","Dormant_Scholar_Day_1_Creativity_and_Feedback_T1","evening","In-App","Dormant_Scholar_Day_1_Creativity_and_Feedback_T2","evening","In-App","Dormant_Scholar_Day_1_Creativity_and_Feedback_T3","night","In-App","Dormant_Scholar_Day_1_Creativity_and_Feedback_T4","night","In-App"
"USR_001429","1","Day 5","Inactive_Social_Learners_Day_1_Social_Influence_T1","mid_morning","Push","Inactive_Social_Learners_Day_1_Social_Influence_T2","mid_morning","Push","Inactive_Social_Learners_Day_1_Social_Influence_T3","afternoon","Push","Inactive_Social_Learners_Day_1_Social_Influence_T4","late_afternoon","In-App","Inactive_Social_Learners_Day_1_Social_Influence_T5","late_afternoon","In-App","Inactive_Social_Learners_Day_1_Social_Influence_T1","evening","In-App","Inactive_Social_Learners_Day_1_Social_Influence_T2","night","In-App","Inactive_Social_Learners_Day_1_Social_Influence_T3","night","In-App","Inactive_Social_Learners_Day_1_Social_Influence_T4","night","In-App"
"USR_001430","6","Day 5","Dormant_Scholar_Day_1_Creativity_and_Feedback_T1","early_morning","Push","Dormant_Scholar_Day_1_Creativity_and_Feedback_T2","mid_morning","Push","Dormant_Scholar_Day_1_Creativity_and_Feedback_T3","mid_morning","Push","Dormant_Scholar_Day_1_Creativity_and_Feedback_T4","afternoon","In-App","Dormant_Scholar_Day_1_Creativity_and_Feedback_T5","late_afternoon","In-App","Dormant_Scholar_Day_1_Creativity_and_Feedback_T1","late_afternoon","In-App","Dormant_Scholar_Day_1_Creativity_and_Feedback_T2","evening","In-App","Dormant_Scholar_Day_1_Creativity_and_Feedback_T3","night","In-App","Dormant_Scholar_Day_1_Creativity_and_Feedback_T4","night","In-App"
"USR_001431","1","Day 44","Inactive_Social_Learners_Day_1_Social_Influence_T1","evening","Push","Inactive_Social_Learners_Day_1_Social_Influence_T2","evening","Push","Inactive_Social_Learners_Day_1_Social_Influence_T3","night","Push","Inactive_Social_Learners_Day_1_Social_Influence_T4","night","In-App","Inactive_Social_Learners_Day_1_Social_Influence_T5","night","In-App","Inactive_Social_Learners_Day_1_Social_Influence_T1","night","In-App","Inactive_Social_Learners_Day_1_Social_Influence_T2","early_morning","In-App","Inactive_Social_Learners_Day_1_Social_Influence_T3","early_morning","In-App","Inactive_Social_Learners_Day_1_Social_Influence_T4","mid_morning","In-App"
"USR_001432","4","Day 23","Dormant_Social_Day_1_Unpredictability_T1","night","Push","Dormant_Social_Day_1_Unpredictability_T2","night","Push","Dormant_Social_Day_1_Unpredictability_T3","night","Push","Dormant_Social_Day_1_Unpredictability_T4","night","In-App","Dormant_Social_Day_1_Unpredictability_T5","night","In-App","Dormant_Social_Day_1_Unpredictability_T1","early_morning","In-App","Dormant_Social_Day_1_Unpredictability_T2","mid_morning","In-App","Dormant_Social_Day_1_Unpredictability_T3","mid_morning","In-App","Dormant_Social_Day_1_Unpredictability_T4","afternoon","In-App"
"USR_001433","4","Day 25","Dormant_Social_Day_1_Unpredictability_T1","afternoon","Push","Dormant_Social_Day_1_Unpredictability_T2","late_afternoon","Push","Dormant_Social_Day_1_Unpredictability_T3","late_afternoon","Push","Dormant_Social_Day_1_Unpredictability_T4","evening","In-App","Dormant_Social_Day_1_Unpredictability_T5","night","In-App","Dormant_Social_Day_1_Unpredictability_T1","night","In-App","Dormant_Social_Day_1_Unpredictability_T2","night","In-App","Dormant_Social_Day_1_Unpredictability_T3","night","In-App","Dormant_Social_Day_1_Unpredictability_T4","night","In-App"
"USR_001434","0","Day 150","Inactive_Socialite_Day_1_Unpredictability_T1","afternoon","Push","Inactive_Socialite_Day_1_Unpredictability_T2","late_afternoon","Push","Inactive_Socialite_Day_1_Unpredictability_T3","evening","Push","Inactive_Socialite_Day_1_Unpredictability_T4","evening","In-App","Inactive_Socialite_Day_1_Unpredictability_T5","night","In-App","Inactive_Socialite_Day_1_Unpredictability_T1","night","In-App","Inactive_Socialite_Day_1_Unpredictability_T2","night","In-App","Inactive_Socialite_Day_1_Unpredictability_T3","night","In-App","Inactive_Socialite_Day_1_Unpredictability_T4","early_morning","In-App"
"USR_001435","3","Day 7","Inactive_Socialite_Day_1_Scarcity_and_Impatience_T1","late_afternoon","Push","Inactive_Socialite_Day_1_Scarcity_and_Impatience_T2","evening","Push","Inactive_Socialite_Day_1_Scarcity_and_Impatience_T3","night","Push","Inactive_Socialite_Day_1_Scarcity_and_Impatience_T4","night","In-App","Inactive_Socialite_Day_1_Scarcity_and_Impatience_T5","night","In-App","Inactive_Socialite_Day_1_Scarcity_and_Impatience_T1","night","In-App","Inactive_Socialite_Day_1_Scarcity_and_Impatience_T2","night","In-App","Inactive_Socialite_Day_1_Scarcity_and_Impatience_T3","early_morning","In-App","Inactive_Socialite_Day_1_Scarcity_and_Impatience_T4","mid_morning","In-App"
"USR_001436","5","Day 5","Dormant_Achiever_Day_1_Scarcity_and_Impatience_T1","afternoon","Push","Dormant_Achiever_Day_1_Scarcity_and_Impatience_T2","late_afternoon","Push","Dormant_Achiever_Day_1_Scarcity_and_Impatience_T3","evening","Push","Dormant_Achiever_Day_1_Scarcity_and_Impatience_T4","evening","In-App","Dormant_Achiever_Day_1_Scarcity_and_Impatience_T5","night","In-App","Dormant_Achiever_Day_1_Scarcity_and_Impatience_T1","night","In-App","Dormant_Achiever_Day_1_Scarcity_and_Impatience_T2","night","In-App","Dormant_Achiever_Day_1_Scarcity_and_Impatience_T3","night","In-App","Dormant_Achiever_Day_1_Scarcity_and_Impatience_T4","early_morning","In-App"
"USR_001437","1","Day 7","Inactive_Social_Learners_Day_1_Social_Influence_T1","night","Push","Inactive_Social_Learners_Day_1_Social_Influence_T2","night","Push","Inactive_Social_Learners_Day_1_Social_Influence_T3","night","Push","Inactive_Social_Learners_Day_1_Social_Influence_T4","night","In-App","Inactive_Social_Learners_Day_1_Social_Influence_T5","early_morning","In-App","Inactive_Social_Learners_Day_1_Social_Influence_T1","mid_morning","In-App","Inactive_Social_Learners_Day_1_Social_Influence_T2","mid_morning","In-App","Inactive_Social_Learners_Day_1_Social_Influence_T3","afternoon","In-App","Inactive_Social_Learners_Day_1_Social_Influence_T4","late_afternoon","In-App"
"USR_001438","4","Day 52","Dormant_Social_Day_1_Unpredictability_T1","night","Push","Dormant_Social_Day_1_Unpredictability_T2","night","Push","Dormant_Social_Day_1_Unpredictability_T3","night","Push","Dormant_Social_Day_1_Unpredictability_T4","night","In-App","Dormant_Social_Day_1_Unpredictability_T5","night","In-App","Dormant_Social_Day_1_Unpredictability_T1","early_morning","In-App","Dormant_Social_Day_1_Unpredictability_T2","mid_morning","In-App","Dormant_Social_Day_1_Unpredictability_T3","mid_morning","In-App","Dormant_Social_Day_1_Unpredictability_T4","afternoon","In-App"
"USR_001439","2","Day 79","Paid_Social_Achiever_Week_4_Creativity_and_Feedback_T1","late_afternoon","Push","Paid_Social_Achiever_Week_4_Creativity_and_Feedback_T2","evening","Push","Paid_Social_Achiever_Week_4_Creativity_and_Feedback_T3","night","Push","Paid_Social_Achiever_Week_4_Creativity_and_Feedback_T4","night","In-App","Paid_Social_Achiever_Week_4_Creativity_and_Feedback_T5","night","In-App","Paid_Social_Achiever_Week_4_Creativity_and_Feedback_T1","night","In-App","Paid_Social_Achiever_Week_4_Creativity_and_Feedback_T2","night","In-App","Paid_Social_Achiever_Week_4_Creativity_and_Feedback_T3","early_morning","In-App","Paid_Social_Achiever_Week_4_Creativity_and_Feedback_T4","mid_morning","In-App"
"USR_001440","4","Day 40","Dormant_Social_Day_1_Unpredictability_T1","late_afternoon","Push","Dormant_Social_Day_1_Unpredictability_T2","evening","Push","Dormant_Social_Day_1_Unpredictability_T3","night","Push","Dormant_Social_Day_1_Unpredictability_T4","night","In-App","Dormant_Social_Day_1_Unpredictability_T5","night","In-App","Dormant_Social_Day_1_Unpredictability_T1","night","In-App","Dormant_Social_Day_1_Unpredictability_T2","night","In-App","Dormant_Social_Day_1_Unpredictability_T3","early_morning","In-App","Dormant_Social_Day_1_Unpredictability_T4","mid_morning","In-App"
"USR_001441","2","Day 11","Paid_Social_Achiever_Week_2_Creativity_and_Feedback_T1","afternoon","Push","Paid_Social_Achiever_Week_2_Creativity_and_Feedback_T2","late_afternoon","Push","Paid_Social_Achiever_Week_2_Creativity_and_Feedback_T3","late_afternoon","Push","Paid_Social_Achiever_Week_2_Creativity_and_Feedback_T4","evening","In-App","Paid_Social_Achiever_Week_2_Creativity_and_Feedback_T5","night","In-App","Paid_Social_Achiever_Week_2_Creativity_and_Feedback_T1","night","In-App","Paid_Social_Achiever_Week_2_Creativity_and_Feedback_T2","night","In-App","Paid_Social_Achiever_Week_2_Creativity_and_Feedback_T3","night","In-App","Paid_Social_Achiever_Week_2_Creativity_and_Feedback_T4","night","In-App"
"USR_001442","6","Day 2","Dormant_Scholar_Day_1_Creativity_and_Feedback_T1","early_morning","Push","Dormant_Scholar_Day_1_Creativity_and_Feedback_T2","mid_morning","Push","Dormant_Scholar_Day_1_Creativity_and_Feedback_T3","afternoon","Push","Dormant_Scholar_Day_1_Creativity_and_Feedback_T4","afternoon","In-App","Dormant_Scholar_Day_1_Creativity_and_Feedback_T5","late_afternoon","In-App","Dormant_Scholar_Day_1_Creativity_and_Feedback_T1","evening","In-App","Dormant_Scholar_Day_1_Creativity_and_Feedback_T2","evening","In-App","Dormant_Scholar_Day_1_Creativity_and_Feedback_T3","night","In-App","Dormant_Scholar_Day_1_Creativity_and_Feedback_T4","night","In-App"
"USR_001443","4","Day 44","Dormant_Social_Day_1_Unpredictability_T1","early_morning","Push","Dormant_Social_Day_1_Unpredictability_T2","mid_morning","Push","Dormant_Social_Day_1_Unpredictability_T3","mid_morning","Push","Dormant_Social_Day_1_Unpredictability_T4","afternoon","In-App","Dormant_Social_Day_1_Unpredictability_T5","late_afternoon","In-App","Dormant_Social_Day_1_Unpredictability_T1","late_afternoon","In-App","Dormant_Social_Day_1_Unpredictability_T2","evening","In-App","Dormant_Social_Day_1_Unpredictability_T3","night","In-App","Dormant_Social_Day_1_Unpredictability_T4","night","In-App"
"USR_001444","3","Day 2","Inactive_Socialite_Day_1_Scarcity_and_Impatience_T1","early_morning","Push","Inactive_Socialite_Day_1_Scarcity_and_Impatience_T2","mid_morning","Push","Inactive_Socialite_Day_1_Scarcity_and_Impatience_T3","mid_morning","Push","Inactive_Socialite_Day_1_Scarcity_and_Impatience_T4","afternoon","In-App","Inactive_Socialite_Day_1_Scarcity_and_Impatience_T5","late_afternoon","In-App","Inactive_Socialite_Day_1_Scarcity_and_Impatience_T1","late_afternoon","In-App","Inactive_Socialite_Day_1_Scarcity_and_Impatience_T2","evening","In-App","Inactive_Socialite_Day_1_Scarcity_and_Impatience_T3","night","In-App","Inactive_Socialite_Day_1_Scarcity_and_Impatience_T4","night","In-App"
"USR_001445","1","Day 5","Inactive_Social_Learners_Day_1_Social_Influence_T1","early_morning","Push","Inactive_Social_Learners_Day_1_Social_Influence_T2","mid_morning","Push","Inactive_Social_Learners_Day_1_Social_Influence_T3","mid_morning","Push","Inactive_Social_Learners_Day_1_Social_Influence_T4","afternoon","In-App","Inactive_Social_Learners_Day_1_Social_Influence_T5","late_afternoon","In-App","Inactive_Social_Learners_Day_1_Social_Influence_T1","late_afternoon","In-App","Inactive_Social_Learners_Day_1_Social_Influence_T2","evening","In-App","Inactive_Social_Learners_Day_1_Social_Influence_T3","night","In-App","Inactive_Social_Learners_Day_1_Social_Influence_T4","night","In-App"
"USR_001446","3","Day 3","Inactive_Socialite_Day_1_Scarcity_and_Impatience_T1","afternoon","Push","Inactive_Socialite_Day_1_Scarcity_and_Impatience_T2","late_afternoon","Push","Inactive_Socialite_Day_1_Scarcity_and_Impatience_T3","evening","Push","Inactive_Socialite_Day_1_Scarcity_and_Impatience_T4","evening","In-App","Inactive_Socialite_Day_1_Scarcity_and_Impatience_T5","night","In-App","Inactive_Socialite_Day_1_Scarcity_and_Impatience_T1","night","In-App","Inactive_Socialite_Day_1_Scarcity_and_Impatience_T2","night","In-App","Inactive_Socialite_Day_1_Scarcity_and_Impatience_T3","night","In-App","Inactive_Socialite_Day_1_Scarcity_and_Impatience_T4","early_morning","In-App"
"USR_001447","0","Day 170","Inactive_Socialite_Day_1_Unpredictability_T1","mid_morning","Push","Inactive_Socialite_Day_1_Unpredictability_T2","mid_morning","Push","Inactive_Socialite_Day_1_Unpredictability_T3","afternoon","Push","Inactive_Socialite_Day_1_Unpredictability_T4","late_afternoon","In-App","Inactive_Socialite_Day_1_Unpredictability_T5","late_afternoon","In-App","Inactive_Socialite_Day_1_Unpredictability_T1","evening","In-App","Inactive_Socialite_Day_1_Unpredictability_T2","night","In-App","Inactive_Socialite_Day_1_Unpredictability_T3","night","In-App","Inactive_Socialite_Day_1_Unpredictability_T4","night","In-App"
"USR_001448","7","Day 35","Paid_Competitive_Week_4_Ownership_and_Possession_T1","evening","Push","Paid_Competitive_Week_4_Ownership_and_Possession_T2","night","Push","Paid_Competitive_Week_4_Ownership_and_Possession_T3","night","Push","Paid_Competitive_Week_4_Ownership_and_Possession_T4","night","In-App","Paid_Competitive_Week_4_Ownership_and_Possession_T5","night","In-App","Paid_Competitive_Week_4_Ownership_and_Possession_T1","early_morning","In-App","Paid_Competitive_Week_4_Ownership_and_Possession_T2","early_morning","In-App","Paid_Competitive_Week_4_Ownership_and_Possession_T3","mid_morning","In-App","Paid_Competitive_Week_4_Ownership_and_Possession_T4","afternoon","In-App"
"USR_001449","1","Day 4","Inactive_Social_Learners_Day_1_Social_Influence_T1","night","Push","Inactive_Social_Learners_Day_1_Social_Influence_T2","night","Push","Inactive_Social_Learners_Day_1_Social_Influence_T3","night","Push","Inactive_Social_Learners_Day_1_Social_Influence_T4","night","In-App","Inactive_Social_Learners_Day_1_Social_Influence_T5","night","In-App","Inactive_Social_Learners_Day_1_Social_Influence_T1","early_morning","In-App","Inactive_Social_Learners_Day_1_Social_Influence_T2","mid_morning","In-App","Inactive_Social_Learners_Day_1_Social_Influence_T3","mid_morning","In-App","Inactive_Social_Learners_Day_1_Social_Influence_T4","afternoon","In-App"
"USR_001450","1","Day 58","Inactive_Social_Learners_Day_1_Social_Influence_T1","early_morning","Push","Inactive_Social_Learners_Day_1_Social_Influence_T2","mid_morning","Push","Inactive_Social_Learners_Day_1_Social_Influence_T3","afternoon","Push","Inactive_Social_Learners_Day_1_Social_Influence_T4","afternoon","In-App","Inactive_Social_Learners_Day_1_Social_Influence_T5","late_afternoon","In-App","Inactive_Social_Learners_Day_1_Social_Influence_T1","evening","In-App","Inactive_Social_Learners_Day_1_Social_Influence_T2","evening","In-App","Inactive_Social_Learners_Day_1_Social_Influence_T3","night","In-App","Inactive_Social_Learners_Day_1_Social_Influence_T4","night","In-App"
"USR_001451","3","Day 7","Inactive_Socialite_Day_1_Scarcity_and_Impatience_T1","afternoon","Push","Inactive_Socialite_Day_1_Scarcity_and_Impatience_T2","afternoon","Push","Inactive_Socialite_Day_1_Scarcity_and_Impatience_T3","late_afternoon","Push","Inactive_Socialite_Day_1_Scarcity_and_Impatience_T4","evening","In-App","Inactive_Socialite_Day_1_Scarcity_and_Impatience_T5","evening","In-App","Inactive_Socialite_Day_1_Scarcity_and_Impatience_T1","night","In-App","Inactive_Socialite_Day_1_Scarcity_and_Impatience_T2","night","In-App","Inactive_Socialite_Day_1_Scarcity_and_Impatience_T3","night","In-App","Inactive_Socialite_Day_1_Scarcity_and_Impatience_T4","night","In-App"
"USR_001452","3","Day 7","Inactive_Socialite_Day_1_Scarcity_and_Impatience_T1","late_afternoon","Push","Inactive_Socialite_Day_1_Scarcity_and_Impatience_T2","evening","Push","Inactive_Socialite_Day_1_Scarcity_and_Impatience_T3","evening","Push","Inactive_Socialite_Day_1_Scarcity_and_Impatience_T4","night","In-App","Inactive_Socialite_Day_1_Scarcity_and_Impatience_T5","night","In-App","Inactive_Socialite_Day_1_Scarcity_and_Impatience_T1","night","In-App","Inactive_Socialite_Day_1_Scarcity_and_Impatience_T2","night","In-App","Inactive_Socialite_Day_1_Scarcity_and_Impatience_T3","early_morning","In-App","Inactive_Socialite_Day_1_Scarcity_and_Impatience_T4","early_morning","In-App"
"USR_001453","2","Day 72","Paid_Social_Achiever_Week_4_Creativity_and_Feedback_T1","night","Push","Paid_Social_Achiever_Week_4_Creativity_and_Feedback_T2","night","Push","Paid_Social_Achiever_Week_4_Creativity_and_Feedback_T3","night","Push","Paid_Social_Achiever_Week_4_Creativity_and_Feedback_T4","night","In-App","Paid_Social_Achiever_Week_4_Creativity_and_Feedback_T5","early_morning","In-App","Paid_Social_Achiever_Week_4_Creativity_and_Feedback_T1","early_morning","In-App","Paid_Social_Achiever_Week_4_Creativity_and_Feedback_T2","mid_morning","In-App","Paid_Social_Achiever_Week_4_Creativity_and_Feedback_T3","afternoon","In-App","Paid_Social_Achiever_Week_4_Creativity_and_Feedback_T4","afternoon","In-App"
"USR_001454","7","Day 13","Paid_Competitive_Week_2_Ownership_and_Possession_T1","night","Push","Paid_Competitive_Week_2_Ownership_and_Possession_T2","early_morning","Push","Paid_Competitive_Week_2_Ownership_and_Possession_T3","mid_morning","Push","Paid_Competitive_Week_2_Ownership_and_Possession_T4","mid_morning","In-App","Paid_Competitive_Week_2_Ownership_and_Possession_T5","afternoon","In-App","Paid_Competitive_Week_2_Ownership_and_Possession_T1","late_afternoon","In-App","Paid_Competitive_Week_2_Ownership_and_Possession_T2","late_afternoon","In-App","Paid_Competitive_Week_2_Ownership_and_Possession_T3","evening","In-App","Paid_Competitive_Week_2_Ownership_and_Possession_T4","night","In-App"
"USR_001455","1","Day 3","Inactive_Social_Learners_Day_1_Social_Influence_T1","late_afternoon","Push","Inactive_Social_Learners_Day_1_Social_Influence_T2","evening","Push","Inactive_Social_Learners_Day_1_Social_Influence_T3","night","Push","Inactive_Social_Learners_Day_1_Social_Influence_T4","night","In-App","Inactive_Social_Learners_Day_1_Social_Influence_T5","night","In-App","Inactive_Social_Learners_Day_1_Social_Influence_T1","night","In-App","Inactive_Social_Learners_Day_1_Social_Influence_T2","night","In-App","Inactive_Social_Learners_Day_1_Social_Influence_T3","early_morning","In-App","Inactive_Social_Learners_Day_1_Social_Influence_T4","mid_morning","In-App"
"USR_001456","5","Day 5","Dormant_Achiever_Day_1_Scarcity_and_Impatience_T1","evening","Push","Dormant_Achiever_Day_1_Scarcity_and_Impatience_T2","evening","Push","Dormant_Achiever_Day_1_Scarcity_and_Impatience_T3","night","Push","Dormant_Achiever_Day_1_Scarcity_and_Impatience_T4","night","In-App","Dormant_Achiever_Day_1_Scarcity_and_Impatience_T5","night","In-App","Dormant_Achiever_Day_1_Scarcity_and_Impatience_T1","night","In-App","Dormant_Achiever_Day_1_Scarcity_and_Impatience_T2","early_morning","In-App","Dormant_Achiever_Day_1_Scarcity_and_Impatience_T3","early_morning","In-App","Dormant_Achiever_Day_1_Scarcity_and_Impatience_T4","mid_morning","In-App"
"USR_001457","2","Day 120","Paid_Social_Achiever_Week_4_Creativity_and_Feedback_T1","mid_morning","Push","Paid_Social_Achiever_Week_4_Creativity_and_Feedback_T2","afternoon","Push","Paid_Social_Achiever_Week_4_Creativity_and_Feedback_T3","late_afternoon","Push","Paid_Social_Achiever_Week_4_Creativity_and_Feedback_T4","late_afternoon","In-App","Paid_Social_Achiever_Week_4_Creativity_and_Feedback_T5","evening","In-App","Paid_Social_Achiever_Week_4_Creativity_and_Feedback_T1","night","In-App","Paid_Social_Achiever_Week_4_Creativity_and_Feedback_T2","night","In-App","Paid_Social_Achiever_Week_4_Creativity_and_Feedback_T3","night","In-App","Paid_Social_Achiever_Week_4_Creativity_and_Feedback_T4","night","In-App"
"USR_001458","3","Day 4","Inactive_Socialite_Day_1_Scarcity_and_Impatience_T1","afternoon","Push","Inactive_Socialite_Day_1_Scarcity_and_Impatience_T2","late_afternoon","Push","Inactive_Socialite_Day_1_Scarcity_and_Impatience_T3","evening","Push","Inactive_Socialite_Day_1_Scarcity_and_Impatience_T4","evening","In-App","Inactive_Socialite_Day_1_Scarcity_and_Impatience_T5","night","In-App","Inactive_Socialite_Day_1_Scarcity_and_Impatience_T1","night","In-App","Inactive_Socialite_Day_1_Scarcity_and_Impatience_T2","night","In-App","Inactive_Socialite_Day_1_Scarcity_and_Impatience_T3","night","In-App","Inactive_Socialite_Day_1_Scarcity_and_Impatience_T4","early_morning","In-App"
"USR_001459","1","Day 3","Inactive_Social_Learners_Day_1_Social_Influence_T1","night","Push","Inactive_Social_Learners_Day_1_Social_Influence_T2","night","Push","Inactive_Social_Learners_Day_1_Social_Influence_T3","night","Push","Inactive_Social_Learners_Day_1_Social_Influence_T4","night","In-App","Inactive_Social_Learners_Day_1_Social_Influence_T5","night","In-App","Inactive_Social_Learners_Day_1_Social_Influence_T1","early_morning","In-App","Inactive_Social_Learners_Day_1_Social_Influence_T2","mid_morning","In-App","Inactive_Social_Learners_Day_1_Social_Influence_T3","mid_morning","In-App","Inactive_Social_Learners_Day_1_Social_Influence_T4","afternoon","In-App"
"USR_001460","2","Day 109","Paid_Social_Achiever_Week_4_Creativity_and_Feedback_T1","afternoon","Push","Paid_Social_Achiever_Week_4_Creativity_and_Feedback_T2","late_afternoon","Push","Paid_Social_Achiever_Week_4_Creativity_and_Feedback_T3","late_afternoon","Push","Paid_Social_Achiever_Week_4_Creativity_and_Feedback_T4","evening","In-App","Paid_Social_Achiever_Week_4_Creativity_and_Feedback_T5","night","In-App","Paid_Social_Achiever_Week_4_Creativity_and_Feedback_T1","night","In-App","Paid_Social_Achiever_Week_4_Creativity_and_Feedback_T2","night","In-App","Paid_Social_Achiever_Week_4_Creativity_and_Feedback_T3","night","In-App","Paid_Social_Achiever_Week_4_Creativity_and_Feedback_T4","night","In-App"
"USR_001461","3","Day 6","Inactive_Socialite_Day_1_Scarcity_and_Impatience_T1","evening","Push","Inactive_Socialite_Day_1_Scarcity_and_Impatience_T2","night","Push","Inactive_Socialite_Day_1_Scarcity_and_Impatience_T3","night","Push","Inactive_Socialite_Day_1_Scarcity_and_Impatience_T4","night","In-App","Inactive_Socialite_Day_1_Scarcity_and_Impatience_T5","night","In-App","Inactive_Socialite_Day_1_Scarcity_and_Impatience_T1","night","In-App","Inactive_Socialite_Day_1_Scarcity_and_Impatience_T2","early_morning","In-App","Inactive_Socialite_Day_1_Scarcity_and_Impatience_T3","mid_morning","In-App","Inactive_Socialite_Day_1_Scarcity_and_Impatience_T4","mid_morning","In-App"
"USR_001462","1","Day 42","Inactive_Social_Learners_Day_1_Social_Influence_T1","afternoon","Push","Inactive_Social_Learners_Day_1_Social_Influence_T2","late_afternoon","Push","Inactive_Social_Learners_Day_1_Social_Influence_T3","late_afternoon","Push","Inactive_Social_Learners_Day_1_Social_Influence_T4","evening","In-App","Inactive_Social_Learners_Day_1_Social_Influence_T5","night","In-App","Inactive_Social_Learners_Day_1_Social_Influence_T1","night","In-App","Inactive_Social_Learners_Day_1_Social_Influence_T2","night","In-App","Inactive_Social_Learners_Day_1_Social_Influence_T3","night","In-App","Inactive_Social_Learners_Day_1_Social_Influence_T4","night","In-App"
"USR_001463","5","Day 1","Dormant_Achiever_Day_1_Scarcity_and_Impatience_T1","early_morning","Push","Dormant_Achiever_Day_1_Scarcity_and_Impatience_T2","mid_morning","Push","Dormant_Achiever_Day_1_Scarcity_and_Impatience_T3","afternoon","Push","Dormant_Achiever_Day_1_Scarcity_and_Impatience_T4","afternoon","In-App","Dormant_Achiever_Day_1_Scarcity_and_Impatience_T5","late_afternoon","In-App","Dormant_Achiever_Day_1_Scarcity_and_Impatience_T1","evening","In-App","Dormant_Achiever_Day_1_Scarcity_and_Impatience_T2","evening","In-App","Dormant_Achiever_Day_1_Scarcity_and_Impatience_T3","night","In-App","Dormant_Achiever_Day_1_Scarcity_and_Impatience_T4","night","In-App"
"USR_001464","2","Day 27","Paid_Social_Achiever_Week_4_Creativity_and_Feedback_T1","late_afternoon","Push","Paid_Social_Achiever_Week_4_Creativity_and_Feedback_T2","evening","Push","Paid_Social_Achiever_Week_4_Creativity_and_Feedback_T3","night","Push","Paid_Social_Achiever_Week_4_Creativity_and_Feedback_T4","night","In-App","Paid_Social_Achiever_Week_4_Creativity_and_Feedback_T5","night","In-App","Paid_Social_Achiever_Week_4_Creativity_and_Feedback_T1","night","In-App","Paid_Social_Achiever_Week_4_Creativity_and_Feedback_T2","night","In-App","Paid_Social_Achiever_Week_4_Creativity_and_Feedback_T3","early_morning","In-App","Paid_Social_Achiever_Week_4_Creativity_and_Feedback_T4","mid_morning","In-App"
"USR_001465","5","Day 6","Dormant_Achiever_Day_1_Scarcity_and_Impatience_T1","night","Push","Dormant_Achiever_Day_1_Scarcity_and_Impatience_T2","night","Push","Dormant_Achiever_Day_1_Scarcity_and_Impatience_T3","night","Push","Dormant_Achiever_Day_1_Scarcity_and_Impatience_T4","night","In-App","Dormant_Achiever_Day_1_Scarcity_and_Impatience_T5","early_morning","In-App","Dormant_Achiever_Day_1_Scarcity_and_Impatience_T1","mid_morning","In-App","Dormant_Achiever_Day_1_Scarcity_and_Impatience_T2","mid_morning","In-App","Dormant_Achiever_Day_1_Scarcity_and_Impatience_T3","afternoon","In-App","Dormant_Achiever_Day_1_Scarcity_and_Impatience_T4","late_afternoon","In-App"
"USR_001466","2","Day 51","Paid_Social_Achiever_Week_4_Creativity_and_Feedback_T1","evening","Push","Paid_Social_Achiever_Week_4_Creativity_and_Feedback_T2","night","Push","Paid_Social_Achiever_Week_4_Creativity_and_Feedback_T3","night","Push","Paid_Social_Achiever_Week_4_Creativity_and_Feedback_T4","night","In-App","Paid_Social_Achiever_Week_4_Creativity_and_Feedback_T5","night","In-App","Paid_Social_Achiever_Week_4_Creativity_and_Feedback_T1","night","In-App","Paid_Social_Achiever_Week_4_Creativity_and_Feedback_T2","early_morning","In-App","Paid_Social_Achiever_Week_4_Creativity_and_Feedback_T3","mid_morning","In-App","Paid_Social_Achiever_Week_4_Creativity_and_Feedback_T4","mid_morning","In-App"
"USR_001467","3","Day 7","Inactive_Socialite_Day_1_Scarcity_and_Impatience_T1","early_morning","Push","Inactive_Socialite_Day_1_Scarcity_and_Impatience_T2","mid_morning","Push","Inactive_Socialite_Day_1_Scarcity_and_Impatience_T3","mid_morning","Push","Inactive_Socialite_Day_1_Scarcity_and_Impatience_T4","afternoon","In-App","Inactive_Socialite_Day_1_Scarcity_and_Impatience_T5","late_afternoon","In-App","Inactive_Socialite_Day_1_Scarcity_and_Impatience_T1","late_afternoon","In-App","Inactive_Socialite_Day_1_Scarcity_and_Impatience_T2","evening","In-App","Inactive_Socialite_Day_1_Scarcity_and_Impatience_T3","night","In-App","Inactive_Socialite_Day_1_Scarcity_and_Impatience_T4","night","In-App"
"USR_001468","4","Day 61","Dormant_Social_Day_1_Unpredictability_T1","late_afternoon","Push","Dormant_Social_Day_1_Unpredictability_T2","evening","Push","Dormant_Social_Day_1_Unpredictability_T3","night","Push","Dormant_Social_Day_1_Unpredictability_T4","night","In-App","Dormant_Social_Day_1_Unpredictability_T5","night","In-App","Dormant_Social_Day_1_Unpredictability_T1","night","In-App","Dormant_Social_Day_1_Unpredictability_T2","night","In-App","Dormant_Social_Day_1_Unpredictability_T3","early_morning","In-App","Dormant_Social_Day_1_Unpredictability_T4","mid_morning","In-App"
"USR_001469","0","Day 106","Inactive_Socialite_Day_1_Unpredictability_T1","night","Push","Inactive_Socialite_Day_1_Unpredictability_T2","night","Push","Inactive_Socialite_Day_1_Unpredictability_T3","night","Push","Inactive_Socialite_Day_1_Unpredictability_T4","night","In-App","Inactive_Socialite_Day_1_Unpredictability_T5","early_morning","In-App","Inactive_Socialite_Day_1_Unpredictability_T1","early_morning","In-App","Inactive_Socialite_Day_1_Unpredictability_T2","mid_morning","In-App","Inactive_Socialite_Day_1_Unpredictability_T3","afternoon","In-App","Inactive_Socialite_Day_1_Unpredictability_T4","afternoon","In-App"
"USR_001470","4","Day 36","Dormant_Social_Day_1_Unpredictability_T1","afternoon","Push","Dormant_Social_Day_1_Unpredictability_T2","afternoon","Push","Dormant_Social_Day_1_Unpredictability_T3","late_afternoon","Push","Dormant_Social_Day_1_Unpredictability_T4","evening","In-App","Dormant_Social_Day_1_Unpredictability_T5","evening","In-App","Dormant_Social_Day_1_Unpredictability_T1","night","In-App","Dormant_Social_Day_1_Unpredictability_T2","night","In-App","Dormant_Social_Day_1_Unpredictability_T3","night","In-App","Dormant_Social_Day_1_Unpredictability_T4","night","In-App"
"USR_001471","4","Day 20","Dormant_Social_Day_1_Unpredictability_T1","early_morning","Push","Dormant_Social_Day_1_Unpredictability_T2","mid_morning","Push","Dormant_Social_Day_1_Unpredictability_T3","afternoon","Push","Dormant_Social_Day_1_Unpredictability_T4","afternoon","In-App","Dormant_Social_Day_1_Unpredictability_T5","late_afternoon","In-App","Dormant_Social_Day_1_Unpredictability_T1","evening","In-App","Dormant_Social_Day_1_Unpredictability_T2","evening","In-App","Dormant_Social_Day_1_Unpredictability_T3","night","In-App","Dormant_Social_Day_1_Unpredictability_T4","night","In-App"
"USR_001472","0","Day 81","Inactive_Socialite_Day_1_Unpredictability_T1","evening","Push","Inactive_Socialite_Day_1_Unpredictability_T2","night","Push","Inactive_Socialite_Day_1_Unpredictability_T3","night","Push","Inactive_Socialite_Day_1_Unpredictability_T4","night","In-App","Inactive_Socialite_Day_1_Unpredictability_T5","night","In-App","Inactive_Socialite_Day_1_Unpredictability_T1","early_morning","In-App","Inactive_Socialite_Day_1_Unpredictability_T2","early_morning","In-App","Inactive_Socialite_Day_1_Unpredictability_T3","mid_morning","In-App","Inactive_Socialite_Day_1_Unpredictability_T4","afternoon","In-App"
"USR_001473","4","Day 76","Dormant_Social_Day_1_Unpredictability_T1","mid_morning","Push","Dormant_Social_Day_1_Unpredictability_T2","afternoon","Push","Dormant_Social_Day_1_Unpredictability_T3","late_afternoon","Push","Dormant_Social_Day_1_Unpredictability_T4","late_afternoon","In-App","Dormant_Social_Day_1_Unpredictability_T5","evening","In-App","Dormant_Social_Day_1_Unpredictability_T1","night","In-App","Dormant_Social_Day_1_Unpredictability_T2","night","In-App","Dormant_Social_Day_1_Unpredictability_T3","night","In-App","Dormant_Social_Day_1_Unpredictability_T4","night","In-App"
"USR_001474","2","Day 53","Paid_Social_Achiever_Week_4_Creativity_and_Feedback_T1","evening","Push","Paid_Social_Achiever_Week_4_Creativity_and_Feedback_T2","night","Push","Paid_Social_Achiever_Week_4_Creativity_and_Feedback_T3","night","Push","Paid_Social_Achiever_Week_4_Creativity_and_Feedback_T4","night","In-App","Paid_Social_Achiever_Week_4_Creativity_and_Feedback_T5","night","In-App","Paid_Social_Achiever_Week_4_Creativity_and_Feedback_T1","early_morning","In-App","Paid_Social_Achiever_Week_4_Creativity_and_Feedback_T2","early_morning","In-App","Paid_Social_Achiever_Week_4_Creativity_and_Feedback_T3","mid_morning","In-App","Paid_Social_Achiever_Week_4_Creativity_and_Feedback_T4","afternoon","In-App"
"USR_001475","4","Day 28","Dormant_Social_Day_1_Unpredictability_T1","early_morning","Push","Dormant_Social_Day_1_Unpredictability_T2","mid_morning","Push","Dormant_Social_Day_1_Unpredictability_T3","mid_morning","Push","Dormant_Social_Day_1_Unpredictability_T4","afternoon","In-App","Dormant_Social_Day_1_Unpredictability_T5","late_afternoon","In-App","Dormant_Social_Day_1_Unpredictability_T1","late_afternoon","In-App","Dormant_Social_Day_1_Unpredictability_T2","evening","In-App","Dormant_Social_Day_1_Unpredictability_T3","night","In-App","Dormant_Social_Day_1_Unpredictability_T4","night","In-App"
"USR_001476","5","Day 3","Dormant_Achiever_Day_1_Scarcity_and_Impatience_T1","evening","Push","Dormant_Achiever_Day_1_Scarcity_and_Impatience_T2","evening","Push","Dormant_Achiever_Day_1_Scarcity_and_Impatience_T3","night","Push","Dormant_Achiever_Day_1_Scarcity_and_Impatience_T4","night","In-App","Dormant_Achiever_Day_1_Scarcity_and_Impatience_T5","night","In-App","Dormant_Achiever_Day_1_Scarcity_and_Impatience_T1","night","In-App","Dormant_Achiever_Day_1_Scarcity_and_Impatience_T2","early_morning","In-App","Dormant_Achiever_Day_1_Scarcity_and_Impatience_T3","early_morning","In-App","Dormant_Achiever_Day_1_Scarcity_and_Impatience_T4","mid_morning","In-App"
"USR_001477","4","Day 41","Dormant_Social_Day_1_Unpredictability_T1","early_morning","Push","Dormant_Social_Day_1_Unpredictability_T2","early_morning","Push","Dormant_Social_Day_1_Unpredictability_T3","mid_morning","Push","Dormant_Social_Day_1_Unpredictability_T4","afternoon","In-App","Dormant_Social_Day_1_Unpredictability_T5","afternoon","In-App","Dormant_Social_Day_1_Unpredictability_T1","late_afternoon","In-App","Dormant_Social_Day_1_Unpredictability_T2","evening","In-App","Dormant_Social_Day_1_Unpredictability_T3","evening","In-App","Dormant_Social_Day_1_Unpredictability_T4","night","In-App"
"USR_001478","2","Day 97","Paid_Social_Achiever_Week_4_Creativity_and_Feedback_T1","late_afternoon","Push","Paid_Social_Achiever_Week_4_Creativity_and_Feedback_T2","evening","Push","Paid_Social_Achiever_Week_4_Creativity_and_Feedback_T3","evening","Push","Paid_Social_Achiever_Week_4_Creativity_and_Feedback_T4","night","In-App","Paid_Social_Achiever_Week_4_Creativity_and_Feedback_T5","night","In-App","Paid_Social_Achiever_Week_4_Creativity_and_Feedback_T1","night","In-App","Paid_Social_Achiever_Week_4_Creativity_and_Feedback_T2","night","In-App","Paid_Social_Achiever_Week_4_Creativity_and_Feedback_T3","early_morning","In-App","Paid_Social_Achiever_Week_4_Creativity_and_Feedback_T4","early_morning","In-App"
"USR_001479","0","Day 129","Inactive_Socialite_Day_1_Unpredictability_T1","evening","Push","Inactive_Socialite_Day_1_Unpredictability_T2","evening","Push","Inactive_Socialite_Day_1_Unpredictability_T3","night","Push","Inactive_Socialite_Day_1_Unpredictability_T4","night","In-App","Inactive_Socialite_Day_1_Unpredictability_T5","night","In-App","Inactive_Socialite_Day_1_Unpredictability_T1","night","In-App","Inactive_Socialite_Day_1_Unpredictability_T2","early_morning","In-App","Inactive_Socialite_Day_1_Unpredictability_T3","early_morning","In-App","Inactive_Socialite_Day_1_Unpredictability_T4","mid_morning","In-App"
"USR_001480","5","Day 7","Dormant_Achiever_Day_1_Scarcity_and_Impatience_T1","afternoon","Push","Dormant_Achiever_Day_1_Scarcity_and_Impatience_T2","late_afternoon","Push","Dormant_Achiever_Day_1_Scarcity_and_Impatience_T3","evening","Push","Dormant_Achiever_Day_1_Scarcity_and_Impatience_T4","evening","In-App","Dormant_Achiever_Day_1_Scarcity_and_Impatience_T5","night","In-App","Dormant_Achiever_Day_1_Scarcity_and_Impatience_T1","night","In-App","Dormant_Achiever_Day_1_Scarcity_and_Impatience_T2","night","In-App","Dormant_Achiever_Day_1_Scarcity_and_Impatience_T3","night","In-App","Dormant_Achiever_Day_1_Scarcity_and_Impatience_T4","early_morning","In-App"
"USR_001481","2","Day 42","Paid_Social_Achiever_Week_4_Creativity_and_Feedback_T1","evening","Push","Paid_Social_Achiever_Week_4_Creativity_and_Feedback_T2","night","Push","Paid_Social_Achiever_Week_4_Creativity_and_Feedback_T3","night","Push","Paid_Social_Achiever_Week_4_Creativity_and_Feedback_T4","night","In-App","Paid_Social_Achiever_Week_4_Creativity_and_Feedback_T5","night","In-App","Paid_Social_Achiever_Week_4_Creativity_and_Feedback_T1","night","In-App","Paid_Social_Achiever_Week_4_Creativity_and_Feedback_T2","early_morning","In-App","Paid_Social_Achiever_Week_4_Creativity_and_Feedback_T3","mid_morning","In-App","Paid_Social_Achiever_Week_4_Creativity_and_Feedback_T4","mid_morning","In-App"
"USR_001482","0","Day 135","Inactive_Socialite_Day_1_Unpredictability_T1","late_afternoon","Push","Inactive_Socialite_Day_1_Unpredictability_T2","evening","Push","Inactive_Socialite_Day_1_Unpredictability_T3","night","Push","Inactive_Socialite_Day_1_Unpredictability_T4","night","In-App","Inactive_Socialite_Day_1_Unpredictability_T5","night","In-App","Inactive_Socialite_Day_1_Unpredictability_T1","night","In-App","Inactive_Socialite_Day_1_Unpredictability_T2","night","In-App","Inactive_Socialite_Day_1_Unpredictability_T3","early_morning","In-App","Inactive_Socialite_Day_1_Unpredictability_T4","mid_morning","In-App"
"USR_001483","0","Day 119","Inactive_Socialite_Day_1_Unpredictability_T1","late_afternoon","Push","Inactive_Socialite_Day_1_Unpredictability_T2","late_afternoon","Push","Inactive_Socialite_Day_1_Unpredictability_T3","evening","Push","Inactive_Socialite_Day_1_Unpredictability_T4","night","In-App","Inactive_Socialite_Day_1_Unpredictability_T5","night","In-App","Inactive_Socialite_Day_1_Unpredictability_T1","night","In-App","Inactive_Socialite_Day_1_Unpredictability_T2","night","In-App","Inactive_Socialite_Day_1_Unpredictability_T3","night","In-App","Inactive_Socialite_Day_1_Unpredictability_T4","early_morning","In-App"
"USR_001484","3","Day 1","Inactive_Socialite_Day_1_Scarcity_and_Impatience_T1","evening","Push","Inactive_Socialite_Day_1_Scarcity_and_Impatience_T2","evening","Push","Inactive_Socialite_Day_1_Scarcity_and_Impatience_T3","night","Push","Inactive_Socialite_Day_1_Scarcity_and_Impatience_T4","night","In-App","Inactive_Socialite_Day_1_Scarcity_and_Impatience_T5","night","In-App","Inactive_Socialite_Day_1_Scarcity_and_Impatience_T1","night","In-App","Inactive_Socialite_Day_1_Scarcity_and_Impatience_T2","early_morning","In-App","Inactive_Socialite_Day_1_Scarcity_and_Impatience_T3","early_morning","In-App","Inactive_Socialite_Day_1_Scarcity_and_Impatience_T4","mid_morning","In-App"
"USR_001485","1","Day 7","Inactive_Social_Learners_Day_1_Social_Influence_T1","early_morning","Push","Inactive_Social_Learners_Day_1_Social_Influence_T2","early_morning","Push","Inactive_Social_Learners_Day_1_Social_Influence_T3","mid_morning","Push","Inactive_Social_Learners_Day_1_Social_Influence_T4","afternoon","In-App","Inactive_Social_Learners_Day_1_Social_Influence_T5","afternoon","In-App","Inactive_Social_Learners_Day_1_Social_Influence_T1","late_afternoon","In-App","Inactive_Social_Learners_Day_1_Social_Influence_T2","evening","In-App","Inactive_Social_Learners_Day_1_Social_Influence_T3","evening","In-App","Inactive_Social_Learners_Day_1_Social_Influence_T4","night","In-App"
"USR_001486","0","Day 160","Inactive_Socialite_Day_1_Unpredictability_T1","evening","Push","Inactive_Socialite_Day_1_Unpredictability_T2","night","Push","Inactive_Socialite_Day_1_Unpredictability_T3","night","Push","Inactive_Socialite_Day_1_Unpredictability_T4","night","In-App","Inactive_Socialite_Day_1_Unpredictability_T5","night","In-App","Inactive_Socialite_Day_1_Unpredictability_T1","night","In-App","Inactive_Socialite_Day_1_Unpredictability_T2","early_morning","In-App","Inactive_Socialite_Day_1_Unpredictability_T3","mid_morning","In-App","Inactive_Socialite_Day_1_Unpredictability_T4","mid_morning","In-App"
"USR_001487","4","Day 66","Dormant_Social_Day_1_Unpredictability_T1","evening","Push","Dormant_Social_Day_1_Unpredictability_T2","evening","Push","Dormant_Social_Day_1_Unpredictability_T3","night","Push","Dormant_Social_Day_1_Unpredictability_T4","night","In-App","Dormant_Social_Day_1_Unpredictability_T5","night","In-App","Dormant_Social_Day_1_Unpredictability_T1","night","In-App","Dormant_Social_Day_1_Unpredictability_T2","early_morning","In-App","Dormant_Social_Day_1_Unpredictability_T3","early_morning","In-App","Dormant_Social_Day_1_Unpredictability_T4","mid_morning","In-App"
"USR_001488","3","Day 0","Inactive_Socialite_Day_1_Scarcity_and_Impatience_T1","late_afternoon","Push","Inactive_Socialite_Day_1_Scarcity_and_Impatience_T2","evening","Push","Inactive_Socialite_Day_1_Scarcity_and_Impatience_T3","evening","Push","Inactive_Socialite_Day_1_Scarcity_and_Impatience_T4","night","In-App","Inactive_Socialite_Day_1_Scarcity_and_Impatience_T5","night","In-App","Inactive_Socialite_Day_1_Scarcity_and_Impatience_T1","night","In-App","Inactive_Socialite_Day_1_Scarcity_and_Impatience_T2","night","In-App","Inactive_Socialite_Day_1_Scarcity_and_Impatience_T3","early_morning","In-App","Inactive_Socialite_Day_1_Scarcity_and_Impatience_T4","early_morning","In-App"
"USR_001489","4","Day 55","Dormant_Social_Day_1_Unpredictability_T1","late_afternoon","Push","Dormant_Social_Day_1_Unpredictability_T2","late_afternoon","Push","Dormant_Social_Day_1_Unpredictability_T3","evening","Push","Dormant_Social_Day_1_Unpredictability_T4","night","In-App","Dormant_Social_Day_1_Unpredictability_T5","night","In-App","Dormant_Social_Day_1_Unpredictability_T1","night","In-App","Dormant_Social_Day_1_Unpredictability_T2","night","In-App","Dormant_Social_Day_1_Unpredictability_T3","night","In-App","Dormant_Social_Day_1_Unpredictability_T4","early_morning","In-App"
"USR_001490","0","Day 132","Inactive_Socialite_Day_1_Unpredictability_T1","early_morning","Push","Inactive_Socialite_Day_1_Unpredictability_T2","mid_morning","Push","Inactive_Socialite_Day_1_Unpredictability_T3","mid_morning","Push","Inactive_Socialite_Day_1_Unpredictability_T4","afternoon","In-App","Inactive_Socialite_Day_1_Unpredictability_T5","late_afternoon","In-App","Inactive_Socialite_Day_1_Unpredictability_T1","late_afternoon","In-App","Inactive_Socialite_Day_1_Unpredictability_T2","evening","In-App","Inactive_Socialite_Day_1_Unpredictability_T3","night","In-App","Inactive_Socialite_Day_1_Unpredictability_T4","night","In-App"
"USR_001491","4","Day 88","Dormant_Social_Day_1_Unpredictability_T1","afternoon","Push","Dormant_Social_Day_1_Unpredictability_T2","late_afternoon","Push","Dormant_Social_Day_1_Unpredictability_T3","late_afternoon","Push","Dormant_Social_Day_1_Unpredictability_T4","evening","In-App","Dormant_Social_Day_1_Unpredictability_T5","night","In-App","Dormant_Social_Day_1_Unpredictability_T1","night","In-App","Dormant_Social_Day_1_Unpredictability_T2","night","In-App","Dormant_Social_Day_1_Unpredictability_T3","night","In-App","Dormant_Social_Day_1_Unpredictability_T4","night","In-App"
"USR_001492","7","Day 34","Paid_Competitive_Week_4_Ownership_and_Possession_T1","late_afternoon","Push","Paid_Competitive_Week_4_Ownership_and_Possession_T2","evening","Push","Paid_Competitive_Week_4_Ownership_and_Possession_T3","evening","Push","Paid_Competitive_Week_4_Ownership_and_Possession_T4","night","In-App","Paid_Competitive_Week_4_Ownership_and_Possession_T5","night","In-App","Paid_Competitive_Week_4_Ownership_and_Possession_T1","night","In-App","Paid_Competitive_Week_4_Ownership_and_Possession_T2","night","In-App","Paid_Competitive_Week_4_Ownership_and_Possession_T3","early_morning","In-App","Paid_Competitive_Week_4_Ownership_and_Possession_T4","early_morning","In-App"
"USR_001493","6","Day 3","Dormant_Scholar_Day_1_Creativity_and_Feedback_T1","mid_morning","Push","Dormant_Scholar_Day_1_Creativity_and_Feedback_T2","mid_morning","Push","Dormant_Scholar_Day_1_Creativity_and_Feedback_T3","afternoon","Push","Dormant_Scholar_Day_1_Creativity_and_Feedback_T4","late_afternoon","In-App","Dormant_Scholar_Day_1_Creativity_and_Feedback_T5","late_afternoon","In-App","Dormant_Scholar_Day_1_Creativity_and_Feedback_T1","evening","In-App","Dormant_Scholar_Day_1_Creativity_and_Feedback_T2","night","In-App","Dormant_Scholar_Day_1_Creativity_and_Feedback_T3","night","In-App","Dormant_Scholar_Day_1_Creativity_and_Feedback_T4","night","In-App"
"USR_001494","1","Day 56","Inactive_Social_Learners_Day_1_Social_Influence_T1","late_afternoon","Push","Inactive_Social_Learners_Day_1_Social_Influence_T2","evening","Push","Inactive_Social_Learners_Day_1_Social_Influence_T3","night","Push","Inactive_Social_Learners_Day_1_Social_Influence_T4","night","In-App","Inactive_Social_Learners_Day_1_Social_Influence_T5","night","In-App","Inactive_Social_Learners_Day_1_Social_Influence_T1","night","In-App","Inactive_Social_Learners_Day_1_Social_Influence_T2","night","In-App","Inactive_Social_Learners_Day_1_Social_Influence_T3","early_morning","In-App","Inactive_Social_Learners_Day_1_Social_Influence_T4","mid_morning","In-App"
"USR_001495","2","Day 92","Paid_Social_Achiever_Week_4_Creativity_and_Feedback_T1","evening","Push","Paid_Social_Achiever_Week_4_Creativity_and_Feedback_T2","night","Push","Paid_Social_Achiever_Week_4_Creativity_and_Feedback_T3","night","Push","Paid_Social_Achiever_Week_4_Creativity_and_Feedback_T4","night","In-App","Paid_Social_Achiever_Week_4_Creativity_and_Feedback_T5","night","In-App","Paid_Social_Achiever_Week_4_Creativity_and_Feedback_T1","night","In-App","Paid_Social_Achiever_Week_4_Creativity_and_Feedback_T2","early_morning","In-App","Paid_Social_Achiever_Week_4_Creativity_and_Feedback_T3","mid_morning","In-App","Paid_Social_Achiever_Week_4_Creativity_and_Feedback_T4","mid_morning","In-App"
"USR_001496","4","Day 48","Dormant_Social_Day_1_Unpredictability_T1","mid_morning","Push","Dormant_Social_Day_1_Unpredictability_T2","afternoon","Push","Dormant_Social_Day_1_Unpredictability_T3","afternoon","Push","Dormant_Social_Day_1_Unpredictability_T4","late_afternoon","In-App","Dormant_Social_Day_1_Unpredictability_T5","evening","In-App","Dormant_Social_Day_1_Unpredictability_T1","evening","In-App","Dormant_Social_Day_1_Unpredictability_T2","night","In-App","Dormant_Social_Day_1_Unpredictability_T3","night","In-App","Dormant_Social_Day_1_Unpredictability_T4","night","In-App"
"USR_001497","4","Day 32","Dormant_Social_Day_1_Unpredictability_T1","early_morning","Push","Dormant_Social_Day_1_Unpredictability_T2","mid_morning","Push","Dormant_Social_Day_1_Unpredictability_T3","mid_morning","Push","Dormant_Social_Day_1_Unpredictability_T4","afternoon","In-App","Dormant_Social_Day_1_Unpredictability_T5","late_afternoon","In-App","Dormant_Social_Day_1_Unpredictability_T1","late_afternoon","In-App","Dormant_Social_Day_1_Unpredictability_T2","evening","In-App","Dormant_Social_Day_1_Unpredictability_T3","night","In-App","Dormant_Social_Day_1_Unpredictability_T4","night","In-App"
"USR_001498","7","Day 14","Paid_Competitive_Week_2_Ownership_and_Possession_T1","afternoon","Push","Paid_Competitive_Week_2_Ownership_and_Possession_T2","late_afternoon","Push","Paid_Competitive_Week_2_Ownership_and_Possession_T3","late_afternoon","Push","Paid_Competitive_Week_2_Ownership_and_Possession_T4","evening","In-App","Paid_Competitive_Week_2_Ownership_and_Possession_T5","night","In-App","Paid_Competitive_Week_2_Ownership_and_Possession_T1","night","In-App","Paid_Competitive_Week_2_Ownership_and_Possession_T2","night","In-App","Paid_Competitive_Week_2_Ownership_and_Possession_T3","night","In-App","Paid_Competitive_Week_2_Ownership_and_Possession_T4","night","In-App"
"USR_001499","7","Day 114","Paid_Competitive_Week_4_Ownership_and_Possession_T1","evening","Push","Paid_Competitive_Week_4_Ownership_and_Possession_T2","evening","Push","Paid_Competitive_Week_4_Ownership_and_Possession_T3","night","Push","Paid_Competitive_Week_4_Ownership_and_Possession_T4","night","In-App","Paid_Competitive_Week_4_Ownership_and_Possession_T5","night","In-App","Paid_Competitive_Week_4_Ownership_and_Possession_T1","night","In-App","Paid_Competitive_Week_4_Ownership_and_Possession_T2","early_morning","In-App","Paid_Competitive_Week_4_Ownership_and_Possession_T3","early_morning","In-App","Paid_Competitive_Week_4_Ownership_and_Possession_T4","mid_morning","In-App"
"USR_001500","7","Day 8","Paid_Competitive_Week_2_Ownership_and_Possession_T1","evening","Push","Paid_Competitive_Week_2_Ownership_and_Possession_T2","evening","Push","Paid_Competitive_Week_2_Ownership_and_Possession_T3","night","Push","Paid_Competitive_Week_2_Ownership_and_Possession_T4","night","In-App","Paid_Competitive_Week_2_Ownership_and_Possession_T5","night","In-App","Paid_Competitive_Week_2_Ownership_and_Possession_T1","night","In-App","Paid_Competitive_Week_2_Ownership_and_Possession_T2","early_morning","In-App","Paid_Competitive_Week_2_Ownership_and_Possession_T3","early_morning","In-App","Paid_Competitive_Week_2_Ownership_and_Possession_T4","mid_morning","In-App"
